questionId,skillKey,conceptId,factId,familyId,reassessmentGroup,difficulty,cognitiveLevel,questionType,prompt,optionA,optionB,optionC,optionD,correctOption,correctAnswerText,explanation,provenance,sourceQuestionId
GB_OS_001,OPERATING_SYSTEMS,OS_C01_PURPOSE,OS_F01_OS_MANAGES_RESOURCES,OS_FAM01_RESPONSIBILITY_IDENTIFICATION,OS_RG_RESPONSIBILITIES,D1,REMEMBER,mcq_single,Two programs are running at the same time. Which of these is the operating system's job?,Checking the spelling of text typed into one of them,Deciding which of them uses the processor next,Working out the answer to a calculation one of them performs,Deciding which of them matters more to the person's work,B,Deciding which of them uses the processor next,"Sharing the processor between programs is the operating system's decision. Spell-checking belongs to the application, the arithmetic is carried out by the processor itself, and how much a program matters to someone is a judgement the operating system has no basis for.",AUTHORED,
GB_OS_002,OPERATING_SYSTEMS,OS_C01_PURPOSE,OS_F01_OS_MANAGES_RESOURCES,OS_FAM01_RESPONSIBILITY_IDENTIFICATION,OS_RG_RESPONSIBILITIES,D1,REMEMBER,mcq_single,A program is closed. Which of these does the operating system do?,Deletes the files the program created,Removes the program from the machine,Saves whatever the person had not yet saved,Reclaims the memory the program was using,D,Reclaims the memory the program was using,"Memory handed to a program is taken back when it ends, so another program can use it. Closing a program does not delete its files, uninstall it, or save work on the person's behalf — each of those is a separate action somebody has to ask for.",AUTHORED,
GB_OS_003,OPERATING_SYSTEMS,OS_C01_PURPOSE,OS_F01_OS_MANAGES_RESOURCES,OS_FAM01_RESPONSIBILITY_IDENTIFICATION,OS_RG_RESPONSIBILITIES,D1,REMEMBER,mcq_single,A program asks to save a file. Which part decides where on the storage device the data is actually placed?,The operating system,The program that asked to save it,"The person, through the name they gave the file","The storage device itself, with no software involved",A,The operating system,"The program says what to save and under what name; where those bytes physically land is the operating system's decision, because it is the part that keeps track of what the device already holds. The name the person chose is a label, not a location.",AUTHORED,
GB_OS_004,OPERATING_SYSTEMS,OS_C01_PURPOSE,OS_F01_OS_MANAGES_RESOURCES,OS_FAM14_OS_RECOGNITION,OS_RG_RESPONSIBILITIES,D1,REMEMBER,mcq_single,Which of these is an operating system?,Firefox,Microsoft Word,Linux,File Explorer,C,Linux,"Linux manages the machine and everything else runs on top of it. A browser and a word processor are plainly applications; a file manager is the harder case, because it arrives with the system and looks like part of it, but it is an application that asks the operating system to do the work.",AUTHORED,
GB_OS_005,OPERATING_SYSTEMS,OS_C01_PURPOSE,OS_F01_OS_MANAGES_RESOURCES,OS_FAM14_OS_RECOGNITION,OS_RG_RESPONSIBILITIES,D1,REMEMBER,mcq_single,Three of these are operating systems. Which one is not?,Android,File Explorer,Windows,macOS,B,File Explorer,"File Explorer is a program for browsing files; the operating system underneath it is what actually reads the disk. Android, Windows and macOS each manage a machine's resources for every other program on it.",AUTHORED,
GB_OS_006,OPERATING_SYSTEMS,OS_C01_PURPOSE,OS_F01_OS_MANAGES_RESOURCES,OS_FAM14_OS_RECOGNITION,OS_RG_RESPONSIBILITIES,D1,REMEMBER,mcq_single,A phone runs Android and a laptop runs Windows. What kind of software are both of these?,Applications the owner chose to install,Web browsers,Device drivers,Operating systems,D,Operating systems,"Both manage their machine's processor, memory, storage and devices on behalf of everything else running there, which is what makes something an operating system. A driver is a much smaller piece of software that handles one device, under the operating system.",AUTHORED,
GB_OS_007,OPERATING_SYSTEMS,OS_C01_PURPOSE,OS_F01_OS_MANAGES_RESOURCES,OS_FAM14_OS_RECOGNITION,OS_RG_RESPONSIBILITIES,D2,REMEMBER,mcq_single,"A machine already has Windows installed. Linux is then installed alongside it, and the person chooses between the two each time the machine starts. Which statement is correct?","Both are operating systems, and only one manages the machine at a time",Linux becomes an application running inside Windows,The machine now has two file managers but still one operating system,Windows must be removed before Linux can manage the machine,A,"Both are operating systems, and only one manages the machine at a time","An operating system takes charge of the whole machine, so two of them cannot be in charge at once — but both can be installed, with the choice made at startup. Neither is running inside the other, and neither has to be removed for the other to work.",AUTHORED,
GB_OS_008,OPERATING_SYSTEMS,OS_C02_PROCESSES,OS_F03_PROCESS_IS_RUNNING_PROGRAM,OS_FAM15_PROCESS_TERM_RECOGNITION,OS_RG_PROCESS_MODEL,D1,REMEMBER,mcq_single,"A text editor is installed on a machine, but nobody has opened it. What is the correct term for the editor as it sits on the disk?",A process,A driver,A program,A directory,C,A program,"On disk it is a program: a stored set of instructions, doing nothing. It only becomes a process once it is loaded and running.",AUTHORED,
GB_OS_009,OPERATING_SYSTEMS,OS_C02_PROCESSES,OS_F03_PROCESS_IS_RUNNING_PROGRAM,OS_FAM15_PROCESS_TERM_RECOGNITION,OS_RG_PROCESS_MODEL,D1,REMEMBER,mcq_single,Someone opens that text editor and it appears on screen. What is the correct term for the copy now running in memory?,A program,A process,A file,An operating system,B,A process,"The running copy is a process — the program in execution, with memory of its own. The program is still on the disk, unchanged, and could be started again as a second process.",AUTHORED,
GB_OS_010,OPERATING_SYSTEMS,OS_C02_PROCESSES,OS_F03_PROCESS_IS_RUNNING_PROGRAM,OS_FAM15_PROCESS_TERM_RECOGNITION,OS_RG_PROCESS_MODEL,D2,REMEMBER,mcq_single,"Which statement uses the terms ""program"" and ""process"" correctly?",A process is stored on disk; a program is that process running in memory,A program and a process are two names for the same thing,A process is a program that has finished running,A program is stored on disk; a process is that program running in memory,D,A program is stored on disk; a process is that program running in memory,"The distinction is between the stored instructions and a running copy of them. Swapping the terms, treating them as synonyms, or attaching ""process"" to something that has ended all lose the one difference the words exist to mark.",AUTHORED,
GB_OS_011,OPERATING_SYSTEMS,OS_C05_FILESYSTEM,OS_F07_FILESYSTEM_ORGANISES,OS_FAM16_FILE_VS_DIRECTORY,OS_RG_FILESYSTEM,D1,UNDERSTAND,mcq_single,What does a directory actually contain?,Entries naming the files and directories inside it,"The data of every file inside it, joined together","Only files, never other directories",A copy of each file inside it,A,Entries naming the files and directories inside it,"A directory holds names and references, not the data itself — which is why moving a file between directories does not touch its contents. Directories can also contain other directories, which is what makes the structure a tree.",AUTHORED,
GB_OS_012,OPERATING_SYSTEMS,OS_C05_FILESYSTEM,OS_F07_FILESYSTEM_ORGANISES,OS_FAM16_FILE_VS_DIRECTORY,OS_RG_FILESYSTEM,D1,UNDERSTAND,mcq_single,Which of these reliably tells you that something is a file rather than a directory?,Its name ends with a dot and an extension,Its name is longer than a directory's would be,Nothing in the name does; the system records which it is,It appears lower down in a listing,C,Nothing in the name does; the system records which it is,"An extension is part of a name and nothing more — a directory may be named with one and a file may have none. Which of the two something is, is recorded by the system, not inferred from how the name looks.",AUTHORED,
GB_OS_013,OPERATING_SYSTEMS,OS_C09_STARTUP,OS_F11_OS_LOADS_BEFORE_APPS,OS_FAM11_STARTUP_DEPENDENCY,OS_RG_STARTUP,D2,APPLY,mcq_single,A machine is switched on and someone immediately tries to open a spreadsheet application. Why can it not start yet?,"The application loads the operating system, and that takes time",The operating system it depends on is not running yet,The application's own files have not been read from the disk yet,The processor has not finished its first calculation,B,The operating system it depends on is not running yet,"An application needs the operating system for everything it does — memory, files, the screen — so it cannot run before the operating system does. The dependency runs one way: the operating system does not wait for the application, and the application does not load it.",AUTHORED,
GB_OS_014,OPERATING_SYSTEMS,OS_C11_INTERFACES,OS_F13_CLI_GUI_SAME_SERVICES,OS_FAM13_INTERFACE_EQUIVALENCE,OS_RG_INTERFACES,D2,UNDERSTAND,mcq_single,"A file can be renamed by typing a command, or by clicking it and typing a new name. What is happening in the two cases?","The typed command changes the file directly, while the click asks the operating system to",Each interface keeps its own separate record of the files,The typed command does something the graphical interface is unable to do,"The same operating system service is asked to do the same thing, in two different ways",D,"The same operating system service is asked to do the same thing, in two different ways","Both are ways of asking the operating system to rename a file, and it is the operating system that does it either way. What differs is how the request is expressed, not what happens underneath or who carries it out.",AUTHORED,
GB_OS_015,OPERATING_SYSTEMS,OS_C11_INTERFACES,OS_F13_CLI_GUI_SAME_SERVICES,OS_FAM13_INTERFACE_EQUIVALENCE,OS_RG_INTERFACES,D3,UNDERSTAND,mcq_single,"Someone is told that a particular task ""can only be done from the command line"". What is the most accurate reading of that claim?","The graphical tools installed happen not to offer it, though the system itself can do it",The operating system refuses to perform that task when a graphical program asks,The task needs privileges that only the command line is granted,"The task changes files, and graphical programs cannot change files",A,"The graphical tools installed happen not to offer it, though the system itself can do it","Both interfaces ask the same operating system for the same services, so a claim like this is about which tools expose the task, not about what the system permits. Nothing about arriving through a graphical program changes what is allowed or what is possible.",AUTHORED,
GB_OS_016,OPERATING_SYSTEMS,OS_C02_PROCESSES,OS_F04_MULTITASKING_IS_INTERLEAVING,OS_FAM04_MULTITASKING_MECHANISM,OS_RG_PROCESS_MODEL,D2,UNDERSTAND,mcq_single,"A machine with one processor core appears to run a browser, a music player and an editor at the same time. What is actually happening?","All three run at the same instant, because one core can handle three things at once",Each program has been given a processor core of its own,The operating system switches between them fast enough that the switching is not noticed,Two are paused entirely until the third is closed,C,The operating system switches between them fast enough that the switching is not noticed,"One core executes one thing at a time, so simultaneity is an appearance produced by switching quickly. If any of the other options were true there would be nothing for a scheduler to decide.",AUTHORED,
GB_OS_017,OPERATING_SYSTEMS,OS_C02_PROCESSES,OS_F04_MULTITASKING_IS_INTERLEAVING,OS_FAM04_MULTITASKING_MECHANISM,OS_RG_PROCESS_MODEL,D3,UNDERSTAND,mcq_single,"On a single-core machine, more and more programs are opened. Every one of them keeps responding, but everything feels slower. What accounts for this?",The processor runs more slowly as the number of programs grows,"The same processor time is now divided among more programs, so each waits longer for its turn",Each new program takes a share of the speed of the machine's memory,"The operating system adds a delay deliberately, to keep the machine stable",B,"The same processor time is now divided among more programs, so each waits longer for its turn","The amount of processor time per second is fixed; opening more programs does not create more of it, it only divides it further, so each program's turn comes round less often. The processor itself has not changed speed, and nothing is being slowed on purpose.",AUTHORED,
GB_OS_018,OPERATING_SYSTEMS,OS_C01_PURPOSE,OS_F02_SHARED_ACCESS_ARBITRATION,OS_FAM02_RESOURCE_ALLOCATION,OS_RG_RESOURCES,D2,ANALYZE,mcq_single,Two programs both ask to use the printer at the same moment. What happens?,"Both print at once, and the pages come out interleaved",The second program's request fails and it reports an error,The two programs agree between themselves which goes first,The operating system lets one use it and makes the other wait,D,The operating system lets one use it and makes the other wait,"Arbitrating between competing requests is the operating system's job, and waiting is the normal outcome — not failure, not interleaved output, and not a negotiation, since the two programs have no way to reach each other.",AUTHORED,
GB_OS_019,OPERATING_SYSTEMS,OS_C01_PURPOSE,OS_F02_SHARED_ACCESS_ARBITRATION,OS_FAM02_RESOURCE_ALLOCATION,OS_RG_RESOURCES,D3,ANALYZE,mcq_single,"Two programs are both reading large amounts of data from the same disk. Neither fails, but each is slower than it would be alone. What explains this?",The operating system is giving each of them turns at a device that serves one request at a time,The disk halves its own speed whenever two programs use it,Each program is waiting for the other to finish before it begins,The operating system has lowered the priority of both programs,A,The operating system is giving each of them turns at a device that serves one request at a time,"The device can serve one request at a time, so two streams of requests are interleaved and each program spends part of its time waiting. Neither is blocked outright — that is why both still finish — and the disk has not changed speed.",AUTHORED,
GB_OS_020,OPERATING_SYSTEMS,OS_C01_PURPOSE,OS_F02_SHARED_ACCESS_ARBITRATION,OS_FAM02_RESOURCE_ALLOCATION,OS_RG_RESOURCES,D4,ANALYZE,mcq_single,Two programs request the same device. In one case the second program waits and then succeeds; in another the second program is refused straight away. What decides which of these happens?,Whether the second program was written to cope with waiting,Which of the two programs the person started first,Whether the operating system queues requests for that device or grants one program exclusive use,Whether the two programs belong to the same application,C,Whether the operating system queues requests for that device or grants one program exclusive use,"Both outcomes are the operating system arbitrating; they differ in the policy it applies to that resource. Some resources are shared by taking turns, others are handed to one holder until released, and it is that choice — not the program, its author or its start time — that produces waiting rather than refusal.",AUTHORED,
GB_OS_021,OPERATING_SYSTEMS,OS_C02_PROCESSES,OS_F03_PROCESS_IS_RUNNING_PROGRAM,OS_FAM03_PROCESS_COMPARISON,OS_RG_PROCESS_MODEL,D2,ANALYZE,mcq_single,"The same text editor is started twice, so two editor windows are open, each holding a different document. How many processes are running?","One, because only one editor is installed","Two, each with memory of its own","One, because both windows show the same program","Two, sharing a single block of memory between them",B,"Two, each with memory of its own","Each start produces a separate process with its own memory, whatever the windows look like. One installed program can be running as many independent processes at once.",AUTHORED,
GB_OS_022,OPERATING_SYSTEMS,OS_C02_PROCESSES,OS_F03_PROCESS_IS_RUNNING_PROGRAM,OS_FAM03_PROCESS_COMPARISON,OS_RG_PROCESS_MODEL,D3,ANALYZE,mcq_single,"Two copies of the same editor are running. The zoom level is changed in one of them, and the other is unaffected. Why?",The setting is written to disk only when the program closes,"The two copies take turns, and the change has not reached the second one yet",Zoom affects only the display and is not part of a program's state,"Each running copy holds its own memory, so a value set in one does not exist in the other",D,"Each running copy holds its own memory, so a value set in one does not exist in the other","The two processes came from one program but do not share memory, so a value one holds is invisible to the other. There is no delay involved and nothing is waiting to be written — the second copy simply never had that value.",AUTHORED,
GB_OS_023,OPERATING_SYSTEMS,OS_C02_PROCESSES,OS_F03_PROCESS_IS_RUNNING_PROGRAM,OS_FAM03_PROCESS_COMPARISON,OS_RG_PROCESS_MODEL,D4,ANALYZE,mcq_single,"The same editor is opened twice. Changing a preference in one copy leaves the other unchanged. Both are then closed, the editor is opened again, and the preference has changed. What accounts for both observations together?","The preference was written to a file that a copy reads when it starts, while the running copies each kept their own value in memory","Once the first copy closed, the second was able to read its memory",Closing a process passes its memory on to the next process that starts,The operating system merges the memory of processes from the same program when they end,A,"The preference was written to a file that a copy reads when it starts, while the running copies each kept their own value in memory","Two facts have to hold at once: the running copies were isolated, and something outlived both of them. Memory explains the first, a file on disk explains the second. The other options all require one process to reach another's memory, which is exactly what the operating system prevents.",AUTHORED,
GB_OS_024,OPERATING_SYSTEMS,OS_C04_MEMORY,OS_F06_OS_ALLOCATES_MEMORY,OS_FAM06_MEMORY_ISOLATION,OS_RG_RESOURCES,D2,UNDERSTAND,mcq_single,A program holds a password in memory while it runs. Another program running at the same time tries to read that memory. What happens?,"It succeeds, because running programs share the machine's memory","It succeeds, provided both programs were started by the same person",The operating system does not allow it; each process reaches only its own memory,"It succeeds, but the value that comes back is scrambled",C,The operating system does not allow it; each process reaches only its own memory,"Keeping processes out of one another's memory is one of the operating system's core jobs, and it does not depend on who started them. The attempt is refused outright rather than allowed and obscured.",AUTHORED,
GB_OS_025,OPERATING_SYSTEMS,OS_C04_MEMORY,OS_F06_OS_ALLOCATES_MEMORY,OS_FAM06_MEMORY_ISOLATION,OS_RG_RESOURCES,D3,UNDERSTAND,mcq_single,A program that had been using a large amount of memory is closed. What becomes of that memory?,It stays reserved for that program in case it is started again,The operating system reclaims it and can hand it to another program,It is cleared only when the machine is restarted,"It goes to the next program that asks, with the previous contents still in it",B,The operating system reclaims it and can hand it to another program,"Memory is lent for as long as a process exists and taken back when it ends, which is what lets a machine run far more programs over a day than would fit at once. It is not held in reserve, and it is not passed on still carrying the last process's data.",AUTHORED,
GB_OS_026,OPERATING_SYSTEMS,OS_C04_MEMORY,OS_F06_OS_ALLOCATES_MEMORY,OS_FAM06_MEMORY_ISOLATION,OS_RG_RESOURCES,D4,UNDERSTAND,mcq_single,One program crashes. Every other program keeps running normally and the machine stays up. What does that tell you about how memory was arranged?,The crash happened before the program had been given any memory,The operating system copied the other programs' memory to disk in time,The other programs had already finished using their memory,"Each process had memory of its own, so damage inside one could not reach the others",D,"Each process had memory of its own, so damage inside one could not reach the others","The survival of everything else is the evidence: a fault confined to one process is a fault that could not touch memory belonging to another. Had memory been shared, one program writing wrongly could have corrupted the rest.",AUTHORED,
GB_OS_027,OPERATING_SYSTEMS,OS_C05_FILESYSTEM,OS_F07_FILESYSTEM_ORGANISES,OS_FAM07_PATH_REASONING,OS_RG_FILESYSTEM,D2,APPLY,mcq_single,A machine holds /home/work/report.txt and /home/archive/report.txt. Which statement is correct?,They are two different files that happen to share a name,"They are one file, reachable by two different paths",Only one of them can exist at a time,The second one is a shortcut to the first,A,They are two different files that happen to share a name,"A name only has to be unique within its own directory, so the same name in two directories names two unrelated files. Editing one leaves the other exactly as it was.",AUTHORED,
GB_OS_028,OPERATING_SYSTEMS,OS_C05_FILESYSTEM,OS_F07_FILESYSTEM_ORGANISES,OS_FAM07_PATH_REASONING,OS_RG_FILESYSTEM,D3,APPLY,mcq_single,The current directory is /home/work. A program is asked to open notes.txt. Which file does it open?,/notes.txt,/home/notes.txt,/home/work/notes.txt,Whichever notes.txt was opened most recently,C,/home/work/notes.txt,"A name given without a leading slash is resolved against the current directory, so it means notes.txt inside /home/work. Nothing about the resolution depends on history — the same name from a different current directory would mean a different file.",AUTHORED,
GB_OS_029,OPERATING_SYSTEMS,OS_C05_FILESYSTEM,OS_F07_FILESYSTEM_ORGANISES,OS_FAM07_PATH_REASONING,OS_RG_FILESYSTEM,D4,APPLY,mcq_single,"A script finds data.txt when it is run from /home/work, and fails to find it when the very same script is run from /home. The file has not been moved or altered. What explains this?",The file's contents changed when the working directory changed,"The script names the file relatively, so it is looked for in whatever directory the script is run from",Running from /home gives the script fewer permissions,A file can only be opened from the directory that contains it,B,"The script names the file relatively, so it is looked for in whatever directory the script is run from","The script is unchanged and the file is unchanged, so what changed is the starting point the name is measured from — the signature of a relative path. Naming the file from the root instead would make the script behave the same wherever it is run.",AUTHORED,
GB_OS_030,OPERATING_SYSTEMS,OS_C07_DEVICES,OS_F09_DRIVERS_MEDIATE_DEVICES,OS_FAM09_DEVICE_INTERACTION,OS_RG_DEVICES,D2,ANALYZE,mcq_single,A word processor prints a document. Which describes the route the request takes?,The application reaches the printer directly,The printer's driver is part of the application and reaches the printer from there,The printer needs no software; the application sends it the page,"The application asks the operating system, which uses the printer's driver to reach the printer",D,"The application asks the operating system, which uses the printer's driver to reach the printer","Applications do not address hardware themselves. The operating system stands in between, and the driver is the piece that knows how this particular printer expects to be spoken to.",AUTHORED,
GB_OS_031,OPERATING_SYSTEMS,OS_C07_DEVICES,OS_F09_DRIVERS_MEDIATE_DEVICES,OS_FAM09_DEVICE_INTERACTION,OS_RG_DEVICES,D4,ANALYZE,mcq_single,"Two different printers are attached to a machine. The same application prints to both, and nothing about the application was changed to make that work. Which part knows how each printer expects to be addressed?",Each printer's own driver,"The application, which identifies the model when it starts","The operating system, which contains instructions for every printer ever made","The printer itself, which converts whatever it is sent",A,Each printer's own driver,"The application being identical for both is the evidence: whatever differs between the printers must be held somewhere the application is not. That is the driver — one per device, so a new printer means a new driver rather than a new version of every application.",AUTHORED,
GB_OS_032,OPERATING_SYSTEMS,OS_C03_SCHEDULING,OS_F05_SCHEDULER_ALLOCATES_TIME,OS_FAM05_SCHEDULING_REASONING,OS_RG_SCHEDULING,D3,APPLY,mcq_single,"Three programs are open. One is waiting for the person to type something, one has finished and exited, and one has calculations still to do. Which can the scheduler run next?","The one waiting for typing, as it has waited longest","The one that has exited, so that it releases its resources",The one with calculations still to do,Any of them; the choice is made at random,C,The one with calculations still to do,"Only a process that is ready can be given the processor. Waiting for input is not ready — running it would achieve nothing, because the thing it needs has not arrived — and a process that has exited no longer exists to be run.",AUTHORED,
GB_OS_033,OPERATING_SYSTEMS,OS_C03_SCHEDULING,OS_F05_SCHEDULER_ALLOCATES_TIME,OS_FAM05_SCHEDULING_REASONING,OS_RG_SCHEDULING,D4,APPLY,mcq_single,"A program shows no sign of activity, yet the processor is mostly idle. Which explanation fits what is observed?",The scheduler has given all the processor time to other programs,"It is waiting for something outside the processor, so processor time would not help it",The program has been given too little memory to run,The processor is too slow for this program,B,"It is waiting for something outside the processor, so processor time would not help it","An idle processor is the clue that settles it: if time were available and the program were ready, it would be running. Both the competition explanation and the too-slow explanation require a busy processor, and neither survives the evidence.",AUTHORED,
GB_OS_034,OPERATING_SYSTEMS,OS_C03_SCHEDULING,OS_F05_SCHEDULER_ALLOCATES_TIME,OS_FAM05_SCHEDULING_REASONING,OS_RG_SCHEDULING,D5,APPLY,mcq_single,"A machine runs one program that must react to typing without noticeable delay, and another that performs a long calculation nobody is waiting on. If the scheduler gave both equal turns of the same long length, what would go wrong and what would fix it?",The calculation would never finish; giving it longer turns would fix it,"Both would fail, and only a second processor would fix it",Nothing would go wrong; turn length does not affect how responsive a program feels,Typing would feel unresponsive during the calculation's turns; shorter turns would fix it,D,Typing would feel unresponsive during the calculation's turns; shorter turns would fix it,"How long a turn lasts sets how long a ready program may have to wait for its next one, and that wait is exactly what a person notices while typing. Shortening turns costs a little efficiency in switching but buys responsiveness; the calculation still finishes either way, just later.",AUTHORED,
GB_OS_035,OPERATING_SYSTEMS,OS_C03_SCHEDULING,OS_F05_SCHEDULER_ALLOCATES_TIME,OS_FAM05_SCHEDULING_REASONING,OS_RG_SCHEDULING,D5,APPLY,mcq_single,"Every program on a machine is waiting for something — one for a key press, one for data from the network, one for a disk read. Nothing is ready to run. What does the scheduler do?","Nothing runs until one of them stops waiting, and the processor sits idle",It picks whichever has waited longest and runs it anyway,"It reports an error, because a processor must always be executing something",It divides the time equally among the three waiting programs,A,"Nothing runs until one of them stops waiting, and the processor sits idle","A scheduler chooses among ready processes, and here there are none, so there is nothing to choose. Running or sharing time between waiting processes would accomplish nothing, since what each needs has not arrived. An idle processor is a normal state, not a fault.",AUTHORED,
GB_OS_036,OPERATING_SYSTEMS,OS_C03_SCHEDULING,OS_F05_SCHEDULER_ALLOCATES_TIME,OS_FAM05_SCHEDULING_REASONING,OS_RG_SCHEDULING,D5,APPLY,mcq_single,"A single-processor machine must run two tasks: one continually checks that a robot arm will not collide with anything, and one produces a report needing several hours of processor time. Which arrangement is defensible, and what does it cost?",Give the two equal turns of equal length — neither is affected,Finish the report first and then start the collision check — both get what they need,Run the collision check whenever it is ready and let the report use what is left — the report takes longer to finish,Run the collision check only while the report is waiting for the disk — nothing is delayed,C,Run the collision check whenever it is ready and let the report use what is left — the report takes longer to finish,"One processor cannot give both tasks everything, so the question is what to give up. A late collision check is dangerous and a late report is not, so the check takes priority and the report pays in elapsed time. The other arrangements each claim the choice is free, and on a single processor it never is.",AUTHORED,
GB_OS_037,OPERATING_SYSTEMS,OS_C06_PERMISSIONS,OS_F08_PERMISSIONS_GATE_ACCESS,OS_FAM08_PERMISSION_DIAGNOSIS,OS_RG_PERMISSIONS,D3,ANALYZE,mcq_single,"A user may read a file but not change it. They open it, edit the text on screen, and try to save. What happens?","Opening is refused, because editing requires permission to change the file",Opening and editing on screen succeed; the save is refused,"The save succeeds, because the file was opened successfully","The save succeeds, but the change is discarded when the file is closed",B,Opening and editing on screen succeed; the save is refused,"Permissions govern what reaches the file, not what happens in the editor's own memory. Reading it in is allowed and changing the copy on screen touches nothing on disk; the refusal comes at the moment the change would be written back.",AUTHORED,
GB_OS_038,OPERATING_SYSTEMS,OS_C06_PERMISSIONS,OS_F08_PERMISSIONS_GATE_ACCESS,OS_FAM08_PERMISSION_DIAGNOSIS,OS_RG_PERMISSIONS,D4,ANALYZE,mcq_single,A user may read and change a particular file. They try to delete it and are refused. The file's own permissions have not changed. What explains the refusal?,A file cannot be deleted while the user is still able to read it,Deletion always requires ownership of the file,The file must be emptied of its contents before it can be deleted,"Deleting removes the file's entry from its directory, and they may not change that directory",D,"Deleting removes the file's entry from its directory, and they may not change that directory","Deleting is not an operation on the file's contents but on the directory that names it, so the permission that decides it sits on the directory. That is why full access to a file can still leave it undeletable.",AUTHORED,
GB_OS_039,OPERATING_SYSTEMS,OS_C06_PERMISSIONS,OS_F08_PERMISSIONS_GATE_ACCESS,OS_FAM08_PERMISSION_DIAGNOSIS,OS_RG_PERMISSIONS,D5,ANALYZE,mcq_single,"On a shared machine, a user may add files to a directory but may not list what it contains. What can that user do?","Add a file, and open one whose exact name they already know, but not discover what else is there","Nothing at all, since they cannot see the directory","Everything, since being able to add files implies being able to see them",Only add files; anything they add becomes unreachable to them,A,"Add a file, and open one whose exact name they already know, but not discover what else is there","The two permissions are independent, so a directory can accept new entries while refusing to reveal the ones it holds. Reaching a file by its exact name does not require listing, which is what makes a drop-off directory possible at all.",AUTHORED,
GB_OS_040,OPERATING_SYSTEMS,OS_C06_PERMISSIONS,OS_F08_PERMISSIONS_GATE_ACCESS,OS_FAM08_PERMISSION_DIAGNOSIS,OS_RG_PERMISSIONS,D5,ANALYZE,mcq_single,"The owner of a file removes their own permission to change it, then tries to edit it. What happens, and why?",The edit succeeds; an owner is never restricted by permissions,"The edit is refused permanently, as the owner cannot restore the permission","The edit is refused; ownership decides who may set the permissions, not what the current ones allow","The edit succeeds, and the permission is restored automatically",C,"The edit is refused; ownership decides who may set the permissions, not what the current ones allow","Permissions are checked as they stand, so an owner who has removed a permission is refused like anyone else. What ownership still gives them is the ability to grant it back — the refusal is real but not permanent.",AUTHORED,
GB_OS_041,OPERATING_SYSTEMS,OS_C06_PERMISSIONS,OS_F08_PERMISSIONS_GATE_ACCESS,OS_FAM08_PERMISSION_DIAGNOSIS,OS_RG_PERMISSIONS,D5,ANALYZE,mcq_single,A user is allowed to run a program but not to read its contents. Is that a meaningful combination?,"No; running a program requires reading its instructions, so the two amount to one permission",Yes; they can use the program without being able to inspect or copy how it works,"Yes, but only for programs that need no input",No; a program that cannot be read cannot be loaded into memory at all,B,Yes; they can use the program without being able to inspect or copy how it works,"Loading the program is done by the operating system on the user's behalf, and permission to run it is a separate decision from permission to open and read it as a file. That separation is precisely what allows a program to be offered for use without being handed over.",AUTHORED,
GB_OS_042,OPERATING_SYSTEMS,OS_C08_PRIVILEGE,OS_F10_PRIVILEGE_SEPARATION,OS_FAM10_PRIVILEGE_BOUNDARY,OS_RG_PERMISSIONS,D3,UNDERSTAND,mcq_single,An ordinary program needs to write data to a disk. What must it do?,Write to the disk hardware directly,"Wait until no other program is using the disk, then write directly",Ask the person to grant it access to the hardware,"Ask the kernel, which performs the access on its behalf",D,"Ask the kernel, which performs the access on its behalf","Ordinary programs run with limited privilege and cannot touch hardware at all, whether or not anything else is using it. Every such action is a request to the kernel, which decides whether to carry it out.",AUTHORED,
GB_OS_043,OPERATING_SYSTEMS,OS_C08_PRIVILEGE,OS_F10_PRIVILEGE_SEPARATION,OS_FAM10_PRIVILEGE_BOUNDARY,OS_RG_PERMISSIONS,D4,UNDERSTAND,mcq_single,A program started by an administrator still cannot write to the disk hardware directly; it goes through the kernel like any other program. Why?,"The boundary is a property of how a program runs, not of which account started it",The administrator account had not been granted all of its rights,The program was not written to make use of its administrator rights,Administrators can reach hardware only after the machine is restarted,A,"The boundary is a property of how a program runs, not of which account started it","Two different things are being confused. An administrator account may be permitted more — more files, more settings — but it is still an ordinary program that runs, and ordinary programs ask the kernel. Wider permissions do not move the boundary.",AUTHORED,
GB_OS_044,OPERATING_SYSTEMS,OS_C08_PRIVILEGE,OS_F10_PRIVILEGE_SEPARATION,OS_FAM10_PRIVILEGE_BOUNDARY,OS_RG_PERMISSIONS,D5,UNDERSTAND,mcq_single,"A machine stays usable when an ordinary program contains a serious fault, but can stop altogether when a driver running with kernel privilege contains one. What accounts for the difference?","Drivers are larger, so faults in them are more serious",Ordinary programs are checked for faults before they are allowed to run,The ordinary program is confined by the boundary and can damage only its own state; kernel-privileged code is not confined,The operating system restarts ordinary programs automatically but cannot restart drivers,C,The ordinary program is confined by the boundary and can damage only its own state; kernel-privileged code is not confined,"What matters is not the size or quality of the code but which side of the boundary it runs on. Inside the confinement a fault reaches one process; outside it, the same kind of fault can reach anything.",AUTHORED,
GB_OS_045,OPERATING_SYSTEMS,OS_C08_PRIVILEGE,OS_F10_PRIVILEGE_SEPARATION,OS_FAM10_PRIVILEGE_BOUNDARY,OS_RG_PERMISSIONS,D5,UNDERSTAND,mcq_single,"Some systems take a driver out of the kernel and run it as an ordinary program instead. What does that buy, and what does it cost?","It buys speed, because ordinary programs run with fewer checks","A fault in it can no longer bring the whole system down, but every device request must now cross the boundary, which takes longer","It costs nothing, since the driver behaves identically wherever it runs","It buys nothing, because a driver has kernel privilege wherever it runs",B,"A fault in it can no longer bring the whole system down, but every device request must now cross the boundary, which takes longer","Moving code outside the boundary confines its faults, which is the gain. The price is paid on every single request, because what used to be an ordinary call now has to cross into the kernel and back. Whether that trade is worth taking depends on how often the device is used.",AUTHORED,
GB_OS_046,OPERATING_SYSTEMS,OS_C10_EXHAUSTION,OS_F12_RESOURCE_EXHAUSTION_SYMPTOMS,OS_FAM12_EXHAUSTION_DIAGNOSIS,OS_RG_DIAGNOSIS,D3,ANALYZE,mcq_single,"A machine slows badly whenever several large programs are open, and the disk is active almost constantly. Closing one program restores normal speed. Which resource has run short?","Disk space, since the disk is so busy","Processor time, since the programs are running slowly",Network capacity,"Memory — with too little, data is moved between memory and disk continually",D,"Memory — with too little, data is moved between memory and disk continually","Constant disk activity that appears only when many programs are open, and stops when one is closed, points at memory rather than the disk itself: what is not fitting in memory has to be shuttled to and from the disk. A shortage of disk space would not be relieved by closing a program.",AUTHORED,
GB_OS_047,OPERATING_SYSTEMS,OS_C10_EXHAUSTION,OS_F12_RESOURCE_EXHAUSTION_SYMPTOMS,OS_FAM12_EXHAUSTION_DIAGNOSIS,OS_RG_DIAGNOSIS,D4,ANALYZE,mcq_single,"A machine refuses to save new files, and programs report failures when they try to write. It responds normally in every other way, and closing programs does not help. Which resource has run short, and what would relieve it?",Storage space; deleting or moving files would relieve it,Memory; closing more programs would relieve it,Processor time; waiting for other work to finish would relieve it,Memory; restarting the machine would relieve it,A,Storage space; deleting or moving files would relieve it,"Closing programs frees memory, and it made no difference, which rules memory out. Writes failing while everything else is normal points at somewhere to put the data, so the remedy is to free space rather than to free memory.",AUTHORED,
GB_OS_048,OPERATING_SYSTEMS,OS_C10_EXHAUSTION,OS_F12_RESOURCE_EXHAUSTION_SYMPTOMS,OS_FAM12_EXHAUSTION_DIAGNOSIS,OS_RG_DIAGNOSIS,D4,ANALYZE,mcq_single,"A machine stays responsive to typing and window switching, files save normally, but one calculation takes far longer than usual. A monitoring tool reports the processor fully used, with ample free memory and disk. Which resource is the limit?","Memory, in spite of what the tool reports",Storage space,Processor time,The driver for the disk,C,Processor time,"Every other resource has been observed to be fine — saving works, memory and disk are free — and the one thing reported as fully consumed is the processor. The work is arriving faster than it can be executed, so the calculation waits its turn.",AUTHORED,
GB_OS_049,OPERATING_SYSTEMS,OS_C10_EXHAUSTION,OS_F12_RESOURCE_EXHAUSTION_SYMPTOMS,OS_FAM12_EXHAUSTION_DIAGNOSIS,OS_RG_DIAGNOSIS,D5,ANALYZE,mcq_single,Adding memory to a machine that had been moving data between memory and disk constantly makes it much faster. Adding the same memory to a machine whose processor was already fully used changes almost nothing. Why?,The second machine's memory must have been installed incorrectly,Extra memory helps only where a shortage of memory was what caused the extra work,Memory improves speed only on machines that also have a fast disk,The second machine needed faster memory rather than more of it,B,Extra memory helps only where a shortage of memory was what caused the extra work,"A remedy relieves the resource that was actually short. On the first machine the shortage of memory was creating disk work that then disappeared; on the second nothing was waiting on memory, so supplying more of it removes no obstacle at all.",AUTHORED,
GB_OS_050,OPERATING_SYSTEMS,OS_C10_EXHAUSTION,OS_F12_RESOURCE_EXHAUSTION_SYMPTOMS,OS_FAM12_EXHAUSTION_DIAGNOSIS,OS_RG_DIAGNOSIS,D5,ANALYZE,mcq_single,"A machine is short of memory. One suggestion is to let it use disk space as overflow. What does that buy, and what does it cost?","It buys nothing, because a disk cannot hold a program's working data","It buys speed, because the disk is added to memory and the total is faster","It costs nothing, as long as there is enough free disk space","Programs that would not otherwise fit can run, but reaching data held in the overflow is far slower than reaching memory",D,"Programs that would not otherwise fit can run, but reaching data held in the overflow is far slower than reaching memory","The overflow buys capacity and pays for it in time, because disks are far slower than memory. That is why it rescues a machine that is slightly short and cripples one that is badly short: the more traffic goes to the overflow, the more the cost is paid.",AUTHORED,
GB_CB_001,CONDITIONALS_BASICS,CB_C01_COMPARISON,CB_F01_COMPARISON_OPERATORS,CB_FAM01_OPERATOR_MEANING,CB_RG_COMPARISON,D1,REMEMBER,mcq_single,Both x and y hold 7. Is the comparison x < y true?,"Yes, because the values are equal","No, because the values are equal and < excludes equality","Yes, because < allows the two to be the same",It cannot be decided; equal values have no ordering,B,"No, because the values are equal and < excludes equality","A strict comparison asks whether one value is genuinely below the other, and equal values are not. Swapping to <= would make it true, which is exactly the difference between the two operators.",AUTHORED,
GB_CB_002,CONDITIONALS_BASICS,CB_C01_COMPARISON,CB_F01_COMPARISON_OPERATORS,CB_FAM01_OPERATOR_MEANING,CB_RG_COMPARISON,D1,REMEMBER,mcq_single,A queue admits someone when position <= limit. Both position and limit hold 7. Is that person admitted?,"No, because neither of the two is below the other","No, because <= requires the left-hand value to be the smaller",It cannot be settled until the two values differ,"Yes, because the two are equal and <= includes equality",D,"Yes, because the two are equal and <= includes equality","The operator holds when the left-hand value is below the right or equal to it, and here the second case applies, so the person is admitted. The strict form would refuse them on exactly the same numbers.",AUTHORED,
GB_CB_003,CONDITIONALS_BASICS,CB_C01_COMPARISON,CB_F01_COMPARISON_OPERATORS,CB_FAM01_OPERATOR_MEANING,CB_RG_COMPARISON,D1,REMEMBER,mcq_single,Both a and b hold 4. What does the comparison a == b produce?,true,4,It stores 4 in a,"An error, because == is not an assignment",A,true,"A double equals asks whether two values are the same and answers true or false. A single equals would store rather than compare, which is the distinction the two symbols exist to keep apart.",AUTHORED,
GB_CB_004,CONDITIONALS_BASICS,CB_C01_COMPARISON,CB_F01_COMPARISON_OPERATORS,CB_FAM01_OPERATOR_MEANING,CB_RG_COMPARISON,D1,REMEMBER,mcq_single,Both m and n hold 10. Is the comparison m != n true?,"Yes, because the names are different","Yes, because != is true whenever two names are compared","No, because the values are the same",It cannot be decided without knowing the type,C,"No, because the values are the same","The comparison is about the values held, not the names holding them. Two different names can perfectly well hold the same value, and here they do.",AUTHORED,
GB_CB_005,CONDITIONALS_BASICS,CB_C01_COMPARISON,CB_F01_COMPARISON_OPERATORS,CB_FAM01_OPERATOR_MEANING,CB_RG_COMPARISON,D2,REMEMBER,mcq_single,A threshold is 18 and the value being checked is exactly 18. Which of these comparisons is false?,value >= threshold,value > threshold,value == threshold,value <= threshold,B,value > threshold,"At exactly the threshold, every comparison that includes equality holds and the one strict comparison does not. This is why the boundary is the only place the operators can be told apart.",AUTHORED,
GB_CB_006,CONDITIONALS_BASICS,CB_C02_BOOLEANS,CB_F02_CONDITIONS_YIELD_BOOLEANS,CB_FAM02_BOOLEAN_RECOGNITION,CB_RG_BOOLEANS,D1,REMEMBER,mcq_single,A program evaluates the comparison 5 > 3. What kind of value does it produce?,The number 5,The number 3,"The text ""5 > 3""",A true-or-false value,D,A true-or-false value,"A comparison answers a question, and the answer is one of two values. Neither operand is the result, and nothing about the comparison is kept as text.",AUTHORED,
GB_CB_007,CONDITIONALS_BASICS,CB_C02_BOOLEANS,CB_F02_CONDITIONS_YIELD_BOOLEANS,CB_FAM02_BOOLEAN_RECOGNITION,CB_RG_BOOLEANS,D1,REMEMBER,mcq_single,A program runs result = (4 > 2). What does result hold afterwards?,true,4,2,Nothing; a comparison cannot be stored in a variable,A,true,"The comparison is worked out first and its answer is stored, exactly as any other value would be. Storing the answer to a question is ordinary, and it is what lets a condition be decided once and used later.",AUTHORED,
GB_CB_008,CONDITIONALS_BASICS,CB_C02_BOOLEANS,CB_F02_CONDITIONS_YIELD_BOOLEANS,CB_FAM02_BOOLEAN_RECOGNITION,CB_RG_BOOLEANS,D1,REMEMBER,mcq_single,Which of these is a true-or-false value rather than text?,"""true""","""True""",true,"""false""",C,true,"The quoted forms are pieces of text that happen to spell the words. Text is never empty and so behaves as true in a condition regardless of what it spells, which makes the quoted version of false particularly misleading.",AUTHORED,
GB_CB_009,CONDITIONALS_BASICS,CB_C02_BOOLEANS,CB_F02_CONDITIONS_YIELD_BOOLEANS,CB_FAM02_BOOLEAN_RECOGNITION,CB_RG_BOOLEANS,D2,REMEMBER,mcq_single,A program runs flag = (2 > 9) and then tests if flag:. Does the body run?,"Yes, because flag holds a value and so is true","No, because the comparison produced false and that is what flag holds","Yes, because the comparison was successfully carried out","No, because a stored comparison cannot be tested again",B,"No, because the comparison produced false and that is what flag holds","What flag holds is the answer to the comparison, not the fact that a comparison happened. The comparison ran perfectly well and produced false; testing that stored answer is exactly the point of keeping it.",AUTHORED,
GB_CB_010,CONDITIONALS_BASICS,CB_C03_IF_STRUCTURE,CB_F03_ONE_BRANCH_RUNS,CB_FAM03_STRUCTURE_RECOGNITION,CB_RG_STRUCTURE,D1,UNDERSTAND,mcq_single,"A fragment reads: if x > 0: / [indented] print(""A"") / print(""B""), where only the first print is indented. Which lines run when x is 5?",Only the first print runs,Only the second print runs,"Neither runs, because the second is outside the conditional",Both prints run,D,Both prints run,The indented line belongs to the conditional and runs because the condition held; the unindented line sits after the conditional and runs regardless. Both therefore run here.,AUTHORED,
GB_CB_011,CONDITIONALS_BASICS,CB_C03_IF_STRUCTURE,CB_F03_ONE_BRANCH_RUNS,CB_FAM03_STRUCTURE_RECOGNITION,CB_RG_STRUCTURE,D1,UNDERSTAND,mcq_single,"The same fragment reads: if x > 0: / [indented] print(""A"") / print(""B""). Which lines run when x is -5?",Only the second print runs,Neither runs,Both run,Only the first print runs,A,Only the second print runs,"The condition fails, so the indented line is skipped, but the unindented line was never part of the conditional and runs anyway. Reading it as part of the branch is the misreading this measures.",AUTHORED,
GB_CB_012,CONDITIONALS_BASICS,CB_C03_IF_STRUCTURE,CB_F03_ONE_BRANCH_RUNS,CB_FAM03_STRUCTURE_RECOGNITION,CB_RG_STRUCTURE,D1,UNDERSTAND,mcq_single,"In a fragment with an if branch and an else branch, how many of the two branches run on any single pass?","Both, in the order written","Neither, unless the condition is stored first",Exactly one,It depends on how many lines each branch contains,C,Exactly one,The condition selects one branch and the other is skipped entirely. Neither the length of the branches nor anything stored beforehand changes that.,AUTHORED,
GB_CB_013,CONDITIONALS_BASICS,CB_C03_IF_STRUCTURE,CB_F03_ONE_BRANCH_RUNS,CB_FAM03_STRUCTURE_RECOGNITION,CB_RG_STRUCTURE,D2,UNDERSTAND,mcq_single,"A fragment reads: if x > 0: / [indented] print(""A"") / else: / [indented] print(""B"") / print(""C""). How many lines of output appear for any value of x?","One, whichever branch is chosen","Two: one from the chosen branch, and C","Three, since every print is reached","Two: A and B, with C only when the condition holds",B,"Two: one from the chosen branch, and C","One branch runs and the other does not, so the branches contribute exactly one line between them; the unindented line after the conditional then always runs. The total is the same whatever x holds.",AUTHORED,
GB_CB_014,CONDITIONALS_BASICS,CB_C01_COMPARISON,CB_F04_CONDITION_EVALUATION,CB_FAM04_CONDITION_EVALUATION,CB_RG_COMPARISON,D2,APPLY,mcq_single,"A program sets balance = 500 and price = 450, then sets price = 500, then tests balance >= price. Does the condition hold?","No; the two are now equal, and the operator needs the left value to be larger","Yes; it is checked against 450, the value price held first",No; a comparison of two equal values produces neither answer,"Yes; the two are now equal, and the operator includes equality",D,"Yes; the two are now equal, and the operator includes equality","A condition looks at what the names hold when it runs, which here is 500 on both sides. The earlier 450 has been replaced and plays no part, and equal values are handled by whether the operator admits equality.",LEGACY_REMAP,45bd85
GB_CB_015,CONDITIONALS_BASICS,CB_C01_COMPARISON,CB_F04_CONDITION_EVALUATION,CB_FAM04_CONDITION_EVALUATION,CB_RG_COMPARISON,D2,APPLY,mcq_single,A program sets stock = 3 and then tests stock > 5. Does the condition hold?,No; 3 is not above 5,Yes; the comparison is read as 5 being above 3,"Yes; stock holds a value, so the check passes",It cannot be decided without a second value to compare against,A,No; 3 is not above 5,"The name on the left is the one being asked about, so the question is whether 3 exceeds 5. Reading the comparison in the other direction is the commonest way to get the answer exactly backwards.",AUTHORED,
GB_CB_016,CONDITIONALS_BASICS,CB_C01_COMPARISON,CB_F04_CONDITION_EVALUATION,CB_FAM04_CONDITION_EVALUATION,CB_RG_COMPARISON,D3,APPLY,mcq_single,"A program sets total = 20, then total = total - 8, then tests total < 15. Does the condition hold?",No; total holds 20 when the test runs,No; 12 is not below 15,Yes; total holds 12 by the time the test runs,Yes; but only because the subtraction happens again during the test,C,Yes; total holds 12 by the time the test runs,"The subtraction has already replaced what total holds, so the test sees 12 and 12 is below 15. Evaluating against the original 20 is the slip; nothing is recomputed while the condition is checked.",AUTHORED,
GB_CB_017,CONDITIONALS_BASICS,CB_C03_IF_STRUCTURE,CB_F03_ONE_BRANCH_RUNS,CB_FAM05_BRANCH_SELECTION,CB_RG_STRUCTURE,D2,APPLY,mcq_single,"A fragment reads: IF marks >= 40 PRINT ""Pass"" ELSE PRINT ""Fail"". The marks are 75. What is printed?",Fail,Pass,Both Pass and Fail,"Nothing, because the condition only checks and does not print",B,Pass,"75 satisfies the condition, so the first branch runs and the second is skipped entirely. Only one of the two branches can ever print, and one of them always does.",LEGACY_REWRITE,76f466
GB_CB_018,CONDITIONALS_BASICS,CB_C03_IF_STRUCTURE,CB_F03_ONE_BRANCH_RUNS,CB_FAM05_BRANCH_SELECTION,CB_RG_STRUCTURE,D2,APPLY,mcq_single,"A fragment reads: IF stock > 0 PRINT ""Available"" ELSE PRINT ""Out of stock"". The stock is 0. What is printed?",Available,Both Available and Out of stock,"Nothing, because 0 is neither above nor below the threshold",Out of stock,D,Out of stock,"A strict comparison excludes the boundary, so a stock of 0 fails the condition and the else branch runs. The boundary is always handled by one branch or the other; it is never left undecided.",LEGACY_REWRITE,747b8a
GB_CB_019,CONDITIONALS_BASICS,CB_C03_IF_STRUCTURE,CB_F03_ONE_BRANCH_RUNS,CB_FAM05_BRANCH_SELECTION,CB_RG_STRUCTURE,D3,APPLY,mcq_single,"A fragment reads: IF age >= 18 PRINT ""Eligible"" ELSE PRINT ""Not Eligible"", and then, outside the conditional, PRINT ""Done"". The age is 20. What is printed?","Eligible, then Done",Eligible only,"Eligible, then Not Eligible, then Done",Done only,A,"Eligible, then Done","The condition selects the first branch, and the line after the conditional was never part of either branch, so it runs as well. Treating that trailing line as belonging to the else is the misreading worth catching.",LEGACY_REMAP,4bebab
GB_CB_020,CONDITIONALS_BASICS,CB_C04_ELSE,CB_F05_ELSE_CATCHES_REST,CB_FAM06_ELSE_BEHAVIOUR,CB_RG_STRUCTURE,D2,UNDERSTAND,mcq_single,A fragment has a single if with no else. The condition is false. What happens?,"The body runs anyway, as a default","The program stops, because there is nowhere to go","Nothing in the conditional runs, and the program carries on afterwards","The program refuses to run, because an if requires an else",C,"Nothing in the conditional runs, and the program carries on afterwards","An if with no else offers one optional branch and nothing more; when the condition fails there is simply nothing to do. An else is optional, and its absence is neither an error nor a reason to run the body.",AUTHORED,
GB_CB_021,CONDITIONALS_BASICS,CB_C04_ELSE,CB_F05_ELSE_CATCHES_REST,CB_FAM06_ELSE_BEHAVIOUR,CB_RG_STRUCTURE,D3,UNDERSTAND,mcq_single,"A fragment reads: if grade >= 70 print ""High""; else if grade >= 50 print ""Middle""; else if grade >= 30 print ""Low"". The grade is 20. What is printed?","Low, because the last branch catches whatever is left",Nothing; no condition held and there is no final catch-all,"High, because the first branch is the default","An error, because no branch matched",B,Nothing; no condition held and there is no final catch-all,"Every branch here carries its own condition, including the last one, so a value below all three matches none of them. A final branch only catches everything when it has no condition attached at all.",AUTHORED,
GB_CB_022,CONDITIONALS_BASICS,CB_C05_CHAINS,CB_F06_CHAIN_ORDER_MATTERS,CB_FAM07_CHAIN_ORDER,CB_RG_CHAINS,D2,ANALYZE,mcq_single,"A chain reads: if score >= 90 print ""A""; else if score >= 75 print ""B""; else print ""C"". The score is 76. What is printed?",A,C,Both B and C,B,D,B,"76 fails the first condition and satisfies the second, so B is printed and the rest of the chain is abandoned. A chain stops at its first true condition rather than testing them all.",LEGACY_REMAP,61ba8e
GB_CB_023,CONDITIONALS_BASICS,CB_C05_CHAINS,CB_F06_CHAIN_ORDER_MATTERS,CB_FAM07_CHAIN_ORDER,CB_RG_CHAINS,D3,ANALYZE,mcq_single,"A chain reads: if speed >= 40 report ""fast""; else if speed >= 80 report ""very fast""; else report ""slow"". The speed is 95. What is reported?","fast, because the earlier condition is tested first and 95 satisfies it","very fast, because 95 is at least 80","both fast and very fast, because 95 satisfies each of them","slow, because no branch covers a speed this high",A,"fast, because the earlier condition is tested first and 95 satisfies it","A speed of 95 satisfies both of the first two conditions, and the chain stops at whichever is written earlier. Written in this order the branch meant for the highest speeds can never be reached at all, which is why order is part of the meaning rather than a matter of style.",LEGACY_REWRITE,76562f
GB_CB_024,CONDITIONALS_BASICS,CB_C05_CHAINS,CB_F06_CHAIN_ORDER_MATTERS,CB_FAM07_CHAIN_ORDER,CB_RG_CHAINS,D4,ANALYZE,mcq_single,"A chain reads: if n > 100 print ""big""; else if n > 10 print ""medium""; else print ""small"". Someone swaps the first two branches. The outputs for 5 and for 8 are unchanged, and the output for 200 changes. What does that show?","The swap broke the final branch, which now catches large values","Swapping branches never changes behaviour, so the difference must come from elsewhere","Values above 100 also satisfy the condition for medium, so after the swap they reach it first",Both branches now run for large values,C,"Values above 100 also satisfy the condition for medium, so after the swap they reach it first","The two conditions overlap, and the outputs that stayed the same are the ones no overlap touches. Only a value satisfying both can reveal the order, which is why the small values were unaffected while 200 was not.",AUTHORED,
GB_CB_025,CONDITIONALS_BASICS,CB_C06_BOOLEAN_LOGIC,CB_F07_AND_OR_NOT,CB_FAM08_BOOLEAN_COMBINATION,CB_RG_BOOLEANS,D2,APPLY,mcq_single,Entry requires an identity card and a permission slip. Someone has the card but no permission slip. May they enter?,Yes; and is satisfied as soon as one part holds,"No; and requires both parts, and one is missing",Yes; the card is the stronger of the two requirements,It cannot be decided without knowing which requirement matters more,B,"No; and requires both parts, and one is missing","A combined requirement joined by and fails as soon as any part fails, regardless of how important the parts seem. Treating one satisfied part as enough is what or would mean.",LEGACY_REWRITE,fdb795
GB_CB_026,CONDITIONALS_BASICS,CB_C06_BOOLEAN_LOGIC,CB_F07_AND_OR_NOT,CB_FAM08_BOOLEAN_COMBINATION,CB_RG_BOOLEANS,D3,APPLY,mcq_single,A discount applies if age < 18 or age > 60. The age is 65. Does the discount apply?,"No; 65 fails the first part, so the whole condition fails",No; or requires both parts to hold,"It cannot be decided, because the two parts disagree","Yes; or needs only one part to hold, and 65 is above 60",D,"Yes; or needs only one part to hold, and 65 is above 60","A condition joined by or holds as soon as any part holds, so failing the first part settles nothing on its own. Requiring both parts is what and would mean, and parts disagreeing is the ordinary case rather than an obstacle.",LEGACY_REWRITE,fbdcf0
GB_CB_027,CONDITIONALS_BASICS,CB_C06_BOOLEAN_LOGIC,CB_F07_AND_OR_NOT,CB_FAM08_BOOLEAN_COMBINATION,CB_RG_BOOLEANS,D4,APPLY,mcq_single,A user is blocked when not (verified and active). A particular user is verified but is not active. Is that user blocked?,"Yes; the combined condition fails, so its negation holds","No; the user is verified, so the negation does not apply","No; not applies only to the first part, and the user is verified",Yes; not makes any condition true,A,"Yes; the combined condition fails, so its negation holds","The inner condition needs both parts and only one holds, so it is false and negating it gives true. Being verified would matter if not attached to that part alone, and it does not — the brackets place it over the whole combination.",LEGACY_REWRITE,052229
GB_CB_028,CONDITIONALS_BASICS,CB_C07_BOUNDARIES,CB_F08_BOUNDARY_DECIDES_INCLUSION,CB_FAM09_BOUNDARY_BEHAVIOUR,CB_RG_BOUNDARIES,D3,ANALYZE,mcq_single,A student passes when marks >= 40. The marks are exactly 40. What is the result?,"Fail, because 40 does not exceed 40","Pass, but only once the mark is raised above 40",Pass,"Nothing is decided, because the value sits on the boundary",C,Pass,"The operator includes equality, so the boundary value itself satisfies the rule. A value sitting exactly on a threshold is always decided by whether the operator admits equality, never left undecided.",LEGACY_REWRITE,0483f2
GB_CB_029,CONDITIONALS_BASICS,CB_C07_BOUNDARIES,CB_F08_BOUNDARY_DECIDES_INCLUSION,CB_FAM09_BOUNDARY_BEHAVIOUR,CB_RG_BOUNDARIES,D3,ANALYZE,mcq_single,"A fragment reads: IF temp > 40 PRINT ""Alert"" ELSE PRINT ""Normal"". The temperature is exactly 40. What is printed?",Alert,Normal,"Nothing, since 40 is neither above nor below the threshold","An error, because the boundary value is not covered by either branch",B,Normal,"A strict comparison excludes the boundary, so 40 fails the condition and the else branch runs. The boundary is always covered — by the else — which is precisely why the choice of operator decides which side it lands on.",LEGACY_REWRITE,77929d
GB_CB_030,CONDITIONALS_BASICS,CB_C07_BOUNDARIES,CB_F08_BOUNDARY_DECIDES_INCLUSION,CB_FAM09_BOUNDARY_BEHAVIOUR,CB_RG_BOUNDARIES,D4,ANALYZE,mcq_single,"A rule says a student passes with a mark of at least 40, but the code tests marks > 40. Every mark it was tried on gave the right result. Which input does it get wrong?",A mark of 100,Any mark below 40,Every mark above 40,A mark of exactly 40,D,A mark of exactly 40,"The two conditions agree on every value except the one where they differ, which is the threshold itself. That is why testing with ordinary marks — well above or well below — could never have revealed it.",LEGACY_REMAP,ea2bd7
GB_CB_031,CONDITIONALS_BASICS,CB_C08_NESTING,CB_F09_NESTED_CONDITIONS,CB_FAM10_NESTED_TRACE,CB_RG_STRUCTURE,D3,APPLY,mcq_single,"A fragment reads: if a > 0: / [indented] if b > 0: / [twice indented] print(""both"") / [indented] else: / [twice indented] print(""first only""). With a = 5 and b = -1, what is printed?",first only,both,Nothing,"both, then first only",A,first only,"The outer condition holds, so the inner conditional is reached; the inner condition fails, so its else runs. Only one branch of the inner conditional can run, and it is reached only because the outer one held.",AUTHORED,
GB_CB_032,CONDITIONALS_BASICS,CB_C08_NESTING,CB_F09_NESTED_CONDITIONS,CB_FAM10_NESTED_TRACE,CB_RG_STRUCTURE,D4,APPLY,mcq_single,"The same nested fragment is run with a = -5 and b = 9. Nothing at all is printed, even though b satisfies the inner condition. Why?",The inner condition was evaluated but its result was discarded,The inner else ran and printed nothing,"The inner conditional is never reached, because the outer condition failed",A negative value in the outer condition stops the fragment entirely,C,"The inner conditional is never reached, because the outer condition failed","An inner conditional is part of the outer branch, so it is only considered when the outer condition holds. That b would have satisfied it is exactly the point: it was never asked.",AUTHORED,
GB_CB_033,CONDITIONALS_BASICS,CB_C08_NESTING,CB_F09_NESTED_CONDITIONS,CB_FAM10_NESTED_TRACE,CB_RG_STRUCTURE,D4,APPLY,mcq_single,"A fragment is meant to print ""low"" whenever a is not positive. It reads: if a > 0: / [indented] if b > 0: / [twice indented] print(""ok"") / [indented] else: / [twice indented] print(""low""). It prints nothing for negative values of a, and prints low for some positive ones. What is wrong?",The outer condition should test a < 0 instead,"The else is attached to the inner conditional, so it is only reached when a is positive",The two branches were written in the wrong order,The inner condition should test b < 0,B,"The else is attached to the inner conditional, so it is only reached when a is positive","The pattern of failures identifies the fault: low appearing for positive values of a shows the else belongs to the inner test, and nothing appearing for negative values shows the outer branch has no else at all. Indentation is what decides which conditional an else joins.",AUTHORED,
GB_CB_034,CONDITIONALS_BASICS,CB_C09_AUTHORING,CB_F10_RULE_TO_CONDITION,CB_FAM11_CONDITION_SELECTION,CB_RG_BOUNDARIES,D3,APPLY,mcq_single,A rule says: a passenger travels free if they are under 5 years old. Which condition implements it exactly?,age <= 5,age > 5,age <= 4,age < 5,D,age < 5,"""Under 5"" excludes 5 itself, so the strict comparison is the one that matches. The inclusive version admits a five-year-old, and the version stopping at 4 happens to agree for whole years but not for an age recorded with months.",AUTHORED,
GB_CB_035,CONDITIONALS_BASICS,CB_C09_AUTHORING,CB_F10_RULE_TO_CONDITION,CB_FAM11_CONDITION_SELECTION,CB_RG_BOUNDARIES,D4,APPLY,mcq_single,"A rule says: a discount applies at a quantity of at least 12. A condition was written that behaves correctly for every quantity tested, and the quantities tested were 5, 8, 20 and 30. Which condition might still be wrong?","quantity > 12, which excludes 12 itself","quantity >= 12, which is what the rule states","quantity > 11, which admits every quantity of 12 or more","quantity >= 11.5, which admits every whole quantity of 12 or more",A,"quantity > 12, which excludes 12 itself","None of the quantities tested is 12, so any condition that differs only at 12 would pass all four. The strict comparison is exactly such a condition; the other two, although written oddly, admit 12 and therefore match the rule for whole quantities.",AUTHORED,
GB_CB_036,CONDITIONALS_BASICS,CB_C09_AUTHORING,CB_F10_RULE_TO_CONDITION,CB_FAM11_CONDITION_SELECTION,CB_RG_BOUNDARIES,D4,APPLY,mcq_single,"A rule says: charge extra when the weight is more than 20 kg. Two candidate conditions are weight > 20 and weight >= 20. A parcel weighing exactly 20 kg was charged extra, which is wrong. Which condition was used, and what should replace it?",weight > 20 was used; it should be weight >= 20,Either could have been used; the fault is elsewhere,weight >= 20 was used; it should be weight > 20,"weight >= 20 was used, and it is correct; the rule is what needs changing",C,weight >= 20 was used; it should be weight > 20,"""More than"" excludes the value itself, so a parcel at exactly the threshold should not be charged. That it was charged shows the inclusive operator was used, and only a value sitting exactly on the boundary could have told the two apart.",AUTHORED,
GB_CB_037,CONDITIONALS_BASICS,CB_C10_DIAGNOSIS,CB_F11_WRONG_BRANCH_SYMPTOM,CB_FAM12_LOGIC_ERROR_DIAGNOSIS,CB_RG_DIAGNOSIS,D3,ANALYZE,mcq_single,"Login should succeed only when the username and the password are both correct. The code joins the two checks with or, and it admits anyone who gets the username right with the wrong password. What is the fault?",The password check is missing altogether,"The two checks should be joined with and, since or succeeds when either part holds",The two checks are written in the wrong order,"The joining is correct, and the password comparison is reversed",B,"The two checks should be joined with and, since or succeeds when either part holds","The failing cases are precisely those where one check passes and the other does not, which is the behaviour of or and not of and. A missing check would admit everyone, and order does not affect whether a combined condition holds.",LEGACY_REMAP,ed42ea
GB_CB_038,CONDITIONALS_BASICS,CB_C10_DIAGNOSIS,CB_F11_WRONG_BRANCH_SYMPTOM,CB_FAM12_LOGIC_ERROR_DIAGNOSIS,CB_RG_DIAGNOSIS,D4,ANALYZE,mcq_single,"A fragment should report ""valid"" when a value lies between 10 and 20 inclusive. It reports valid for 15, and also for 5 and for 25. What is the fault?",The comparisons exclude the boundaries 10 and 20,"The comparisons are reversed, so the range runs the wrong way",The value is being compared as text rather than as a number,"The two parts are joined with or, so a value outside the range still satisfies one of them",D,"The two parts are joined with or, so a value outside the range still satisfies one of them","A value below the range and a value above it both being accepted is the signature of or: 5 is below 20 and 25 is above 10, so each satisfies one half. A boundary fault would show only at 10 and 20, and reversed comparisons would reject 15 as well.",AUTHORED,
GB_CB_039,CONDITIONALS_BASICS,CB_C10_DIAGNOSIS,CB_F11_WRONG_BRANCH_SYMPTOM,CB_FAM12_LOGIC_ERROR_DIAGNOSIS,CB_RG_DIAGNOSIS,D5,ANALYZE,mcq_single,"A fragment classifies values as ""in range"" or ""out of range"" for a range of 1 to 100. It behaves correctly on every value between 1 and 100 and on every value above 100, but calls every negative value in range. Which single fault produces exactly that pattern?","Only the upper limit is checked, so anything at or below 100 is accepted","Only the lower limit is checked, so anything at or above 1 is accepted","The two limits are swapped, so the range runs from 100 down to 1","The boundaries are excluded, so 1 and 100 are rejected",A,"Only the upper limit is checked, so anything at or below 100 is accepted","Working backwards from which inputs fail: negatives accepted means nothing enforces a floor, and values above 100 correctly rejected means the ceiling is enforced. Checking only the lower limit would produce the opposite pattern, and swapped limits would reject everything.",AUTHORED,
GB_CB_040,CONDITIONALS_BASICS,CB_C10_DIAGNOSIS,CB_F11_WRONG_BRANCH_SYMPTOM,CB_FAM12_LOGIC_ERROR_DIAGNOSIS,CB_RG_DIAGNOSIS,D5,ANALYZE,mcq_single,"A fragment awards a bonus when sales are above target and returns are below a limit. It has never awarded a bonus to anyone, although several people have met both conditions. Which fault explains an outcome that never happens at all?",The conditions were joined with or instead of and,The target is set slightly too high,"The two conditions were joined so that they can never both hold, such as requiring returns to be both below and above the limit","The bonus is awarded in the branch that runs, but the amount is zero",C,"The two conditions were joined so that they can never both hold, such as requiring returns to be both below and above the limit","A rule that never fires, on data that should fire it, is different in kind from a rule that fires too often or too rarely: it points at a condition that cannot be satisfied rather than one set wrongly. Joining with or would award too many bonuses, and a target set too high would still let someone through eventually.",AUTHORED,
GB_CB_041,CONDITIONALS_BASICS,CB_C10_DIAGNOSIS,CB_F11_WRONG_BRANCH_SYMPTOM,CB_FAM12_LOGIC_ERROR_DIAGNOSIS,CB_RG_DIAGNOSIS,D5,ANALYZE,mcq_single,"A conditional gives the wrong answer for exactly one input out of thousands, and right answers for all the rest. Compared with one that is wrong for half its inputs, which is harder to find, and why?","The one wrong for half its inputs, because so much output has to be checked","The one wrong for a single input, because ordinary testing is unlikely to include that input","They are equally hard, since both are wrong","The one wrong for a single input, because the fault must be larger to hide so well",B,"The one wrong for a single input, because ordinary testing is unlikely to include that input","A fault affecting half the inputs shows up in almost any test; one affecting a single value survives every test that does not happen to use it, which is why boundaries are tested deliberately rather than sampled. Rarity of a symptom says nothing about the size of the mistake behind it.",AUTHORED,
GB_CB_042,CONDITIONALS_BASICS,CB_C10_DIAGNOSIS,CB_F12_UNREACHABLE_BRANCH,CB_FAM13_UNREACHABLE_BRANCH,CB_RG_DIAGNOSIS,D4,ANALYZE,mcq_single,"A chain reads: if n > 10 print ""A""; else if n > 50 print ""B""; else print ""C"". In months of use, B has never once been printed. Why?",Values above 50 are rare in the data,B is only reachable when n is exactly 50,The chain is correct; B must be printed sometimes,"Every value above 50 is also above 10, so the first branch always takes it",D,"Every value above 50 is also above 10, so the first branch always takes it","The second condition is stricter than the first and comes after it, so nothing can ever reach it. This is a property of the chain rather than of the data — no input whatsoever prints B.",AUTHORED,
GB_CB_043,CONDITIONALS_BASICS,CB_C10_DIAGNOSIS,CB_F12_UNREACHABLE_BRANCH,CB_FAM13_UNREACHABLE_BRANCH,CB_RG_DIAGNOSIS,D5,ANALYZE,mcq_single,"A chain reads: if age >= 18 print ""adult""; else if age >= 65 print ""senior""; else print ""minor"". Which branch can never run, and what single change makes the chain behave as its labels suggest?",The senior branch; putting the age of 65 test before the age of 18 test makes all three reachable,The minor branch; it should be tested first,None; each branch runs for some age,The adult branch; it should test a range rather than a floor,A,The senior branch; putting the age of 65 test before the age of 18 test makes all three reachable,"Everyone at 65 or above is also 18 or above, so the earlier branch claims them. Ordering the conditions from the most demanding to the least is what makes a chain of overlapping thresholds work, and it needs no extra conditions.",AUTHORED,
GB_CB_044,CONDITIONALS_BASICS,CB_C10_DIAGNOSIS,CB_F12_UNREACHABLE_BRANCH,CB_FAM13_UNREACHABLE_BRANCH,CB_RG_DIAGNOSIS,D5,ANALYZE,mcq_single,A chain tests three conditions that do not overlap at all — for example equality against three different values. Can any of its branches be unreachable through ordering alone?,Yes; the last branch is always unreachable in a chain of three,Yes; whichever condition is written last becomes unreachable,"No; with no overlap, no earlier condition can claim a value a later one would have matched",It cannot be determined without knowing the values,C,"No; with no overlap, no earlier condition can claim a value a later one would have matched","Unreachability through ordering requires one condition to cover values another would have matched, and disjoint conditions never do. Order still decides which test runs first, but not whether any branch can be reached.",AUTHORED,
GB_CB_045,CONDITIONALS_BASICS,CB_C10_DIAGNOSIS,CB_F12_UNREACHABLE_BRANCH,CB_FAM13_UNREACHABLE_BRANCH,CB_RG_DIAGNOSIS,D5,ANALYZE,mcq_single,"A chain reads: if x >= 0 print ""non-negative""; else if x > -1 print ""small negative""; else print ""negative"". On whole numbers, is the middle branch reachable?","No, under any values at all","No on whole numbers, but yes once fractions are allowed, where a value such as -0.5 reaches it",Yes; -1 itself reaches it,Yes; every negative value reaches it,B,"No on whole numbers, but yes once fractions are allowed, where a value such as -0.5 reaches it","The middle branch needs a value below 0 and above -1, and no whole number lies there. Widening the type opens the gap, so reachability is a claim about the values a program will actually see, not about the text alone. The value -1 satisfies neither of the first two conditions.",AUTHORED,
GB_CB_046,CONDITIONALS_BASICS,CB_C10_DIAGNOSIS,CB_F12_UNREACHABLE_BRANCH,CB_FAM13_UNREACHABLE_BRANCH,CB_RG_DIAGNOSIS,D5,ANALYZE,mcq_single,A team finds that one branch of a long chain is unreachable. One person wants to delete it; another wants to reorder the chain so it can run. How should the choice be made?,"By deleting it, since unreachable code is always waste","By reordering, since a branch someone wrote must have been wanted","By leaving it, since removing code risks changing behaviour",By deciding whether the branch describes a case that should be handled; deleting is right only if it should not,D,By deciding whether the branch describes a case that should be handled; deleting is right only if it should not,"Unreachability is a symptom, and the two remedies mean opposite things: one says the case does not exist, the other says the chain fails to handle a case that does. Deleting silently settles that question without anyone deciding it.",AUTHORED,
GB_CB_047,CONDITIONALS_BASICS,CB_C11_EQUIVALENCE,CB_F13_CONDITION_EQUIVALENCE,CB_FAM14_CONDITION_EQUIVALENCE,CB_RG_EVALUATION,D4,EVALUATE,mcq_single,"Two conditions, x > 0 and x >= 1, were tried on whole numbers from 2 to 50 and agreed on every one. Are they equivalent for all the values this program can receive, given that it also accepts 0 and negative whole numbers?","Yes for whole numbers, including 0 and negatives, since no whole number lies between 0 and 1",No; they differ at 0,No; they differ for every negative value,No; they differ at 1,A,"Yes for whole numbers, including 0 and negatives, since no whole number lies between 0 and 1","At 0 both are false, at 1 both are true, and below 0 both are false, so on whole numbers the two select exactly the same values. The range tested was too narrow to establish that, but widening it to the values actually accepted still finds no difference.",AUTHORED,
GB_CB_048,CONDITIONALS_BASICS,CB_C11_EQUIVALENCE,CB_F13_CONDITION_EQUIVALENCE,CB_FAM14_CONDITION_EQUIVALENCE,CB_RG_EVALUATION,D5,EVALUATE,mcq_single,"Is the condition not (a and b) the same as (not a) or (not b), for every combination of true and false?",No; they differ when both a and b are true,No; they differ when both a and b are false,Yes; they agree on all four combinations,"Yes, but only when a and b are never both false",C,Yes; they agree on all four combinations,"Negating a requirement for both parts gives a requirement that either part is missing, which is what the second condition says. Checking all four combinations settles it outright: with only two inputs, every case can be examined rather than sampled.",AUTHORED,
GB_CB_049,CONDITIONALS_BASICS,CB_C11_EQUIVALENCE,CB_F13_CONDITION_EQUIVALENCE,CB_FAM14_CONDITION_EQUIVALENCE,CB_RG_EVALUATION,D5,EVALUATE,mcq_single,Is the condition not (a and b) the same as (not a) and (not b)?,Yes; negation applies to each part in turn,No; they differ whenever exactly one of a and b holds,No; they differ only when both hold,No; they differ only when neither holds,B,No; they differ whenever exactly one of a and b holds,"With one part true and one false, the combined requirement fails so its negation is true, while the second condition needs both parts to be missing and so is false. When both hold or neither does, the two agree — which is why a careless check that tries only those two cases finds nothing wrong.",AUTHORED,
GB_CB_050,CONDITIONALS_BASICS,CB_C11_EQUIVALENCE,CB_F13_CONDITION_EQUIVALENCE,CB_FAM14_CONDITION_EQUIVALENCE,CB_RG_EVALUATION,D5,EVALUATE,mcq_single,"Two conditions select exactly the same values, but one is a single comparison and the other is four comparisons joined together. On what grounds should the choice between them be made?",On neither; conditions selecting the same values are interchangeable,On which was written first,"On the longer one, since more comparisons cover more cases","On which states the underlying rule more directly, since correctness no longer separates them",D,"On which states the underlying rule more directly, since correctness no longer separates them","Once two conditions agree on every input, nothing about behaviour distinguishes them and what remains is whether the next person can see the rule in the code. More comparisons cover no more cases here — that is precisely what equivalence means.",AUTHORED,
GB_FN_001,FUNCTIONS_BASICS,FN_C01_PURPOSE,FN_F01_FUNCTION_NAMES_A_STEP,FN_FAM01_FUNCTION_PURPOSE,FN_RG_PURPOSE,D1,REMEMBER,mcq_single,Which of these is the best candidate to be made into a function?,A single line that appears exactly once in the whole program,"Checking that an email address is well formed, which several different forms all need",A comment describing what the program does,A variable holding the title shown at the top of the screen,B,"Checking that an email address is well formed, which several different forms all need","Work that is needed in more than one place is what a function saves from being written out repeatedly. A line used once gains nothing from being named, and a comment or a variable is not work at all.",LEGACY_REMAP,195e7a
GB_FN_002,FUNCTIONS_BASICS,FN_C01_PURPOSE,FN_F01_FUNCTION_NAMES_A_STEP,FN_FAM01_FUNCTION_PURPOSE,FN_RG_PURPOSE,D1,REMEMBER,mcq_single,What does giving a piece of work a name as a function provide?,Faster execution than writing the same lines out,Protection against the work being changed later,A guarantee that the work is correct,"One place where that work is written, which every use of it shares",D,"One place where that work is written, which every use of it shares","The gain is that the work exists once rather than in many copies, so a change reaches every use. Nothing about naming makes code faster, safer from edits, or correct.",AUTHORED,
GB_FN_003,FUNCTIONS_BASICS,FN_C01_PURPOSE,FN_F01_FUNCTION_NAMES_A_STEP,FN_FAM01_FUNCTION_PURPOSE,FN_RG_PURPOSE,D1,REMEMBER,mcq_single,A program defines a function and never calls it. What does that function do?,Nothing; a definition describes work without performing it,"It runs once, at the point where it is defined",It runs at the end of the program,It causes the program to refuse to start,A,Nothing; a definition describes work without performing it,"Defining is describing; the body only runs when something calls it. An unused function is harmless rather than an error, which is exactly why an uncalled function can sit unnoticed.",AUTHORED,
GB_FN_004,FUNCTIONS_BASICS,FN_C01_PURPOSE,FN_F01_FUNCTION_NAMES_A_STEP,FN_FAM01_FUNCTION_PURPOSE,FN_RG_PURPOSE,D1,REMEMBER,mcq_single,Two programs behave identically. One writes the same eight lines in four places; the other defines them once as a function and calls it four times. What differs?,How quickly the program runs,How much output the program produces,How many places have to be edited when those eight lines need to change,Whether the program is allowed to run at all,C,How many places have to be edited when those eight lines need to change,"The behaviour is stated to be identical, so output and legality are settled; what a function changes is the cost of the next change. Four copies means four edits and one chance to miss one.",AUTHORED,
GB_FN_005,FUNCTIONS_BASICS,FN_C01_PURPOSE,FN_F01_FUNCTION_NAMES_A_STEP,FN_FAM01_FUNCTION_PURPOSE,FN_RG_PURPOSE,D2,REMEMBER,mcq_single,The same tax calculation is needed in twenty places. What does defining it once as a function give you?,A calculation that runs faster than twenty copies would,A single place to correct when the tax rule changes,A calculation that runs by itself wherever it is needed,Compliance with a language rule forbidding repeated code,B,A single place to correct when the tax rule changes,"Twenty copies all work until the rule changes, and then nineteen of them are wrong until someone finds them. A function still has to be called at each of the twenty places; what it removes is twenty copies of the logic.",LEGACY_REMAP,1bd756
GB_FN_006,FUNCTIONS_BASICS,FN_C02_DEFINITION_AND_CALL,FN_F02_DEFINING_IS_NOT_RUNNING,FN_FAM02_DEFINITION_VS_CALL,FN_RG_CALLS,D1,UNDERSTAND,mcq_single,"A fragment defines a function whose body prints ""hello"", and the fragment contains nothing else. What is printed?","hello, once","hello, twice",An error message about the function never being used,Nothing,D,Nothing,"The body belongs to the definition and runs only when the function is called, and nothing here calls it. A function that is never used is not an error.",AUTHORED,
GB_FN_007,FUNCTIONS_BASICS,FN_C02_DEFINITION_AND_CALL,FN_F02_DEFINING_IS_NOT_RUNNING,FN_FAM02_DEFINITION_VS_CALL,FN_RG_CALLS,D1,UNDERSTAND,mcq_single,"A fragment defines a function that prints a greeting, and below the definition it contains one call to that function. How many greetings appear?",One,Two: one where it is defined and one where it is called,"None, because defining it and calling it cancel out","One, appearing before the definition is reached",A,One,"Only the call performs the work, so a single call yields a single greeting. Counting the definition as a run would predict two where the code produces one.",AUTHORED,
GB_FN_008,FUNCTIONS_BASICS,FN_C02_DEFINITION_AND_CALL,FN_F02_DEFINING_IS_NOT_RUNNING,FN_FAM02_DEFINITION_VS_CALL,FN_RG_CALLS,D1,UNDERSTAND,mcq_single,When does the body of a function run?,"Once, when the function is defined",Once at the definition and again at each call,Each time the function is called,Automatically at the end of the program,C,Each time the function is called,"A definition names work and a call performs it, so the number of runs is the number of calls — which may be none. Nothing runs a function on the program's behalf.",AUTHORED,
GB_FN_009,FUNCTIONS_BASICS,FN_C02_DEFINITION_AND_CALL,FN_F02_DEFINING_IS_NOT_RUNNING,FN_FAM02_DEFINITION_VS_CALL,FN_RG_CALLS,D2,UNDERSTAND,mcq_single,"A fragment defines a function that prints a line, then calls it, then calls it again. How many lines are printed?","Three, counting the definition",Two,"One, since the body exists only once","None, because the second call reuses the first result",B,Two,"Each call runs the body once, so two calls print two lines. The body existing once is about where the code lives, not how often it runs, and nothing is reused between calls.",AUTHORED,
GB_FN_010,FUNCTIONS_BASICS,FN_C03_PARAMETERS,FN_F03_PARAMETER_VS_ARGUMENT,FN_FAM03_PARAMETER_VS_ARGUMENT,FN_RG_PARAMETERS,D1,REMEMBER,mcq_single,"A function is defined as def greet(name): and later called as greet(""Sam""). Which is the parameter?","""Sam""",greet,The value the function sends back,name,D,name,"The parameter is the name written in the definition, standing for whatever will be supplied. The value supplied at the call is the argument, and the function's own name is neither.",AUTHORED,
GB_FN_011,FUNCTIONS_BASICS,FN_C03_PARAMETERS,FN_F03_PARAMETER_VS_ARGUMENT,FN_FAM03_PARAMETER_VS_ARGUMENT,FN_RG_PARAMETERS,D1,REMEMBER,mcq_single,"A function is defined as def area(width, height): and called as area(3, 7). Which are the arguments?",3 and 7,width and height,"area, width and height",The value area sends back,A,3 and 7,"Arguments are the values handed over at the call, so here they are 3 and 7; width and height are the names waiting to receive them. The returned value travels the other way.",AUTHORED,
GB_FN_012,FUNCTIONS_BASICS,FN_C03_PARAMETERS,FN_F03_PARAMETER_VS_ARGUMENT,FN_FAM03_PARAMETER_VS_ARGUMENT,FN_RG_PARAMETERS,D1,REMEMBER,mcq_single,"How many parameters does a function defined as def total(a, b, c): have?","One, since they are written in a single pair of brackets","None, until the function is called",Three,"Four, counting the function name",C,Three,"Each name inside the brackets is a parameter, so there are three regardless of whether the function has ever been called. Parameters exist in the definition; arguments appear at a call.",AUTHORED,
GB_FN_013,FUNCTIONS_BASICS,FN_C03_PARAMETERS,FN_F03_PARAMETER_VS_ARGUMENT,FN_FAM03_PARAMETER_VS_ARGUMENT,FN_RG_PARAMETERS,D2,REMEMBER,mcq_single,A function is defined as def price_with_tax(price): and called as price_with_tax(250). Which statement is correct?,250 is the parameter and price is the argument,price is the parameter and 250 is the argument,"Both are parameters, since both stand for the same value",price is the parameter and the returned value is the argument,B,price is the parameter and 250 is the argument,"The definition names what it expects and the call supplies it, so the name is the parameter and the supplied value the argument. Every later error message uses these two words to mean exactly these two things.",LEGACY_REMAP,18220c
GB_FN_014,FUNCTIONS_BASICS,FN_C02_DEFINITION_AND_CALL,FN_F04_CALL_TRANSFERS_CONTROL,FN_FAM04_CALL_ORDER_TRACE,FN_RG_CALLS,D2,APPLY,mcq_single,"A fragment defines a function that prints ""inside"". Below the definition it prints ""before"", then calls the function, then prints ""after"". In what order does the output appear?","inside, before, after","before, after, inside","inside, after, before","before, inside, after",D,"before, inside, after","The definition produces no output where it stands, and the call runs the body at the point the call is reached, after which the caller carries on. Output follows the order things run, not the order they are written.",AUTHORED,
GB_FN_015,FUNCTIONS_BASICS,FN_C02_DEFINITION_AND_CALL,FN_F04_CALL_TRANSFERS_CONTROL,FN_FAM04_CALL_ORDER_TRACE,FN_RG_CALLS,D2,APPLY,mcq_single,"A function prints ""start"" and then ""end"". A program prints ""A"", calls that function, and prints ""B"". In what order does the output appear?","A, start, end, B","A, B, start, end","start, end, A, B","A, start, B, end",A,"A, start, end, B","The call runs the whole body before the caller resumes, so both of the function's lines appear together between the caller's two. The caller is suspended, not run alongside.",AUTHORED,
GB_FN_016,FUNCTIONS_BASICS,FN_C02_DEFINITION_AND_CALL,FN_F04_CALL_TRANSFERS_CONTROL,FN_FAM04_CALL_ORDER_TRACE,FN_RG_CALLS,D3,APPLY,mcq_single,"A function prints ""in"". A program prints ""1"", calls the function, prints ""2"", calls the function again, and prints ""3"". In what order does the output appear?","1, 2, 3, in, in","in, in, 1, 2, 3","1, in, 2, in, 3","1, in, in, 2, 3",C,"1, in, 2, in, 3","Each call runs the body at the point it is reached, and control returns to the caller immediately afterwards. The two calls are therefore separated by whatever the caller does between them.",AUTHORED,
GB_FN_017,FUNCTIONS_BASICS,FN_C03_PARAMETERS,FN_F05_ARGUMENTS_BIND_BY_POSITION,FN_FAM05_ARGUMENT_BINDING,FN_RG_PARAMETERS,D2,APPLY,mcq_single,"A function is defined as def difference(a, b): return a - b. What does difference(10, 4) produce?",-6,6,14,"An error, because the order of the values is not stated",B,6,"Values are matched to names by position, so a takes 10 and b takes 4. Reversing that binding gives -6, which is exactly why the order of the arguments matters here and would not for addition.",AUTHORED,
GB_FN_018,FUNCTIONS_BASICS,FN_C03_PARAMETERS,FN_F05_ARGUMENTS_BIND_BY_POSITION,FN_FAM05_ARGUMENT_BINDING,FN_RG_PARAMETERS,D2,APPLY,mcq_single,"With the same definition, def difference(a, b): return a - b, what does difference(4, 10) produce?",6,14,"The same as difference(10, 4), since the same two values are supplied",-6,D,-6,"The first value goes to the first name whatever the values are, so a takes 4 and b takes 10. Supplying the same pair in the other order genuinely changes the answer.",AUTHORED,
GB_FN_019,FUNCTIONS_BASICS,FN_C03_PARAMETERS,FN_F05_ARGUMENTS_BIND_BY_POSITION,FN_FAM05_ARGUMENT_BINDING,FN_RG_PARAMETERS,D3,APPLY,mcq_single,"A function is defined as def share(total, people): return total / people. A call is written as share(4, 100), intending 100 shared among 4. What is produced, and why?","0.04, because 4 was bound to total and 100 to people","25, because the function works out which value is the total","25, because the larger value is always the total","An error, because the values are in the wrong order",A,"0.04, because 4 was bound to total and 100 to people","Binding is by position alone; nothing inspects the values to work out what was meant. The call is perfectly valid and quietly computes the wrong thing, which is why a wrong order produces a wrong answer rather than a complaint.",AUTHORED,
GB_FN_020,FUNCTIONS_BASICS,FN_C04_RETURN,FN_F06_RETURN_SENDS_VALUE_BACK,FN_FAM06_RETURN_VALUE_USE,FN_RG_RETURN,D2,APPLY,mcq_single,A function works out the square of a number and returns the result. What does a call to it evaluate to?,Nothing; the value exists only inside the function,The number that was passed in,"The squared value, which the caller can store or use further",The text of the calculation that was performed,C,"The squared value, which the caller can store or use further","A returned value is handed back to whatever made the call and can be assigned, printed or fed into another calculation. Without a return the value would indeed be trapped inside.",LEGACY_REMAP,18c043
GB_FN_021,FUNCTIONS_BASICS,FN_C04_RETURN,FN_F06_RETURN_SENDS_VALUE_BACK,FN_FAM06_RETURN_VALUE_USE,FN_RG_RETURN,D3,APPLY,mcq_single,"A fragment defines def add(a, b): return a + b, and then runs print(add(2, 4)). What is printed?",2,6,4,24,B,6,"The call is worked out first and evaluates to the returned sum, 6, which is what print then displays. Answering 24 would be the two arguments joined as text, which addition of numbers does not do.",LEGACY_REMAP,6ec202
GB_FN_022,FUNCTIONS_BASICS,FN_C04_RETURN,FN_F06_RETURN_SENDS_VALUE_BACK,FN_FAM06_RETURN_VALUE_USE,FN_RG_RETURN,D4,APPLY,mcq_single,A function is meant to add every value in a list and return the total. It returns the first value instead. The addition line is correct and the loop covers every item. What is wrong?,The total is initialised inside the loop rather than before it,The return sends back the loop variable rather than the total,The loop stops after one pass because the list has one item,"The return sits inside the loop, so the function ends on the first pass",D,"The return sits inside the loop, so the function ends on the first pass","A return ends the function immediately, so placing it inside the loop means later passes never happen — which is why exactly one value comes back. Initialising inside the loop would return the last value rather than the first.",AUTHORED,
GB_FN_023,FUNCTIONS_BASICS,FN_C04_RETURN,FN_F07_NO_RETURN_GIVES_NOTHING,FN_FAM07_MISSING_RETURN,FN_RG_RETURN,D2,UNDERSTAND,mcq_single,A function prints a value but has no return. What does the caller receive?,"Nothing usable, even though the value appeared on screen",The value that was printed,The last value assigned inside the function,"An error, raised when the function is defined",A,"Nothing usable, even though the value appeared on screen","Printing sends a value to the screen and returning sends it to the caller; they are separate destinations. Seeing the value is exactly what makes this confusing — it was displayed, but never handed back.",AUTHORED,
GB_FN_024,FUNCTIONS_BASICS,FN_C04_RETURN,FN_F07_NO_RETURN_GIVES_NOTHING,FN_FAM07_MISSING_RETURN,FN_RG_RETURN,D3,UNDERSTAND,mcq_single,"A function works out a value that the caller needs, but neither returns it nor prints it. What is the problem?",The value is sent back automatically as the last thing computed,The caller has to print the function in order to see the value,"The value never leaves the function, so the caller receives nothing",The function needs a second parameter through which to send the value back,C,"The value never leaves the function, so the caller receives nothing","Work done inside a function stays there unless something is returned, and nothing is returned by default. Parameters carry values in, not out.",LEGACY_REMAP,be5bc0
GB_FN_025,FUNCTIONS_BASICS,FN_C04_RETURN,FN_F07_NO_RETURN_GIVES_NOTHING,FN_FAM07_MISSING_RETURN,FN_RG_RETURN,D4,UNDERSTAND,mcq_single,"A function prints a correct total. The caller stores the call's result and tries to add 10 to it, and the program fails at that line. The total appeared on screen correctly just beforehand. What is wrong?","The total was printed as text, so it must be converted before adding","The function prints the total without returning it, so the caller stored nothing usable",The addition should have been done inside the function,The caller stored the result before the function had finished,B,"The function prints the total without returning it, so the caller stored nothing usable","The correct total on screen proves the arithmetic inside the function is fine, and the failure at the addition shows what came back is not a number. Printing puts a value on the screen and nowhere else.",AUTHORED,
GB_FN_026,FUNCTIONS_BASICS,FN_C05_REPEATED_CALLS,FN_F08_CALLS_ARE_INDEPENDENT,FN_FAM08_CALL_INDEPENDENCE,FN_RG_SCOPE,D2,ANALYZE,mcq_single,"A function creates a counter set to 0, adds 1 to it, and returns it. It is called twice. What do the two calls return?",1 and 2,0 and 1,"1, and then an error on the second call",1 and 1,D,1 and 1,"Each call starts the body afresh, so the counter is created and set to 0 again every time. Nothing from the first call survives into the second.",AUTHORED,
GB_FN_027,FUNCTIONS_BASICS,FN_C05_REPEATED_CALLS,FN_F08_CALLS_ARE_INDEPENDENT,FN_FAM08_CALL_INDEPENDENCE,FN_RG_SCOPE,D3,ANALYZE,mcq_single,"A function takes a number, adds 5 to it and returns the result. It is called with 10, and then called with 10 again. What do the two calls return?",15 and 15,15 and 20,"15, and then nothing on the second call","15 and 15, but only if the result of the first call was stored",A,15 and 15,"The same arguments give the same result, because a call does not remember what an earlier one produced. Accumulation across calls only happens if something outside the function keeps the value.",AUTHORED,
GB_FN_028,FUNCTIONS_BASICS,FN_C05_REPEATED_CALLS,FN_F08_CALLS_ARE_INDEPENDENT,FN_FAM08_CALL_INDEPENDENCE,FN_RG_SCOPE,D4,ANALYZE,mcq_single,"A function is meant to accumulate a running total across several calls, and it returns the same value every time. Its arithmetic is correct and it is genuinely being called repeatedly. What is wrong?",The function returns before the addition happens,The calls are being made with the same argument each time,"The total is created inside the function, so each call starts it again from its initial value",The total is being printed rather than returned,C,"The total is created inside the function, so each call starts it again from its initial value","That the arithmetic works and the calls happen leaves only where the total lives. A value that must survive between calls has to be held outside the function or passed in and out; created inside, it is new every time.",AUTHORED,
GB_FN_029,FUNCTIONS_BASICS,FN_C06_SCOPE,FN_F09_LOCALS_ARE_LOCAL,FN_FAM09_LOCAL_SCOPE,FN_RG_SCOPE,D3,UNDERSTAND,mcq_single,"A function creates a variable called temp inside its body. After the function returns, the program tries to display temp. What happens?",It displays the value temp held when the function ended,"It fails, because temp existed only while the function was running",It displays nothing and carries on,"It displays 0, the value an unset variable takes",B,"It fails, because temp existed only while the function was running","A name created inside a function is gone once the function ends, so using it outside refers to nothing at all. No default value appears in its place.",AUTHORED,
GB_FN_030,FUNCTIONS_BASICS,FN_C06_SCOPE,FN_F09_LOCALS_ARE_LOCAL,FN_FAM09_LOCAL_SCOPE,FN_RG_SCOPE,D3,UNDERSTAND,mcq_single,A function reads a variable that was created outside it and never assigns to anything of that name. Can it see the outer value?,No; a function can only see the values passed to it as arguments,No; reading an outer name from inside a function fails,"Yes, but only if the name is also listed as a parameter",Yes; reading a name it has not created of its own reaches the outer one,D,Yes; reading a name it has not created of its own reaches the outer one,"Reading reaches outwards when nothing of that name exists locally, which is why a function can quietly depend on something it was never given. Relying on that rather than on a parameter is what makes such a function hard to reuse.",AUTHORED,
GB_FN_031,FUNCTIONS_BASICS,FN_C06_SCOPE,FN_F09_LOCALS_ARE_LOCAL,FN_FAM09_LOCAL_SCOPE,FN_RG_SCOPE,D4,UNDERSTAND,mcq_single,"A function works correctly when run in one program and fails when the same function is copied into another. Its parameters and its body are unchanged, and it is called with the same arguments. What is the likely cause?","It reads a variable it never received as an argument, and that variable exists only in the first program",The second program calls it before it is defined,The function returns a value the second program does not use,Copying a function between programs is not permitted,A,"It reads a variable it never received as an argument, and that variable exists only in the first program","Identical code and identical arguments producing different results points at something the function uses but was not given. A dependency on an outer name travels invisibly, which is exactly why it survives the copy and the value does not.",AUTHORED,
GB_FN_032,FUNCTIONS_BASICS,FN_C06_SCOPE,FN_F10_SAME_NAME_DIFFERENT_VARIABLE,FN_FAM10_SHADOWING,FN_RG_SCOPE,D3,ANALYZE,mcq_single,"A program sets count to 10. A function has a parameter also called count, and its body sets count to 99. After the call, what does the program's count hold?",99,109,10,"Nothing, because the name was used twice",C,10,"The parameter is a separate variable that happens to share a name, so assigning to it leaves the outer one alone. Reusing a name is legal and silent, which is what makes the effect easy to misjudge.",AUTHORED,
GB_FN_033,FUNCTIONS_BASICS,FN_C06_SCOPE,FN_F10_SAME_NAME_DIFFERENT_VARIABLE,FN_FAM10_SHADOWING,FN_RG_SCOPE,D4,ANALYZE,mcq_single,"A function is meant to update a total held by the program. It assigns to a name matching that total, and the function itself computes the right value. After the call the program's total is unchanged. What is wrong?",The function was never actually called,"The assignment created a separate variable inside the function, leaving the outer total untouched",The total was assigned before the function ran and then overwritten,"Two variables cannot share a name, so the assignment was ignored",B,"The assignment created a separate variable inside the function, leaving the outer total untouched","The right value being computed rules out the arithmetic, and the outer total being unchanged rules out the call not happening — a call that did nothing would still have run. Assigning inside a function creates something local unless a value is returned and stored.",AUTHORED,
GB_FN_034,FUNCTIONS_BASICS,FN_C04_RETURN,FN_F07_NO_RETURN_GIVES_NOTHING,FN_FAM11_RETURN_VS_PRINT,FN_RG_RETURN,D3,EVALUATE,mcq_single,"Two functions differ only in their last line: one prints the total it computed, the other returns it. Which can have its result used in a further calculation?","Only the one that prints, since its value is visible","Both, since both produce the total","Neither, without storing the total in an outer variable first",Only the one that returns,D,Only the one that returns,"A further calculation needs the value handed back to the caller, which is what returning does and printing does not. Being visible on screen puts a value where a person can read it and nowhere the program can.",AUTHORED,
GB_FN_035,FUNCTIONS_BASICS,FN_C04_RETURN,FN_F07_NO_RETURN_GIVES_NOTHING,FN_FAM11_RETURN_VS_PRINT,FN_RG_RETURN,D4,EVALUATE,mcq_single,A function that prints its result is used in ten places. Nine of them only need the value displayed and work perfectly; the tenth needs to add it to another figure and fails. What is the smallest change that serves all ten?,"Make the function return the value, and let each caller print it if it needs to","Add a return alongside the print, so the function does both",Give the tenth caller its own copy of the function that returns instead,Have the tenth caller read the value back from the screen,A,"Make the function return the value, and let each caller print it if it needs to","Nine callers working shows printing meets a need, and one failing shows printing alone cannot meet every need. Returning serves both, since a caller that wants it displayed can print what it receives, whereas a function that prints leaves the choice to nobody.",AUTHORED,
GB_FN_036,FUNCTIONS_BASICS,FN_C04_RETURN,FN_F07_NO_RETURN_GIVES_NOTHING,FN_FAM11_RETURN_VS_PRINT,FN_RG_RETURN,D4,EVALUATE,mcq_single,"A function both prints its result and returns it. A caller stores the returned value and uses it correctly, but unwanted output appears on screen every time. What does that show?",The return is what produced the output,The caller must have printed the stored value itself,"Returning and printing are independent, and the function is doing both","A function cannot both print and return, so one of the two is being ignored",C,"Returning and printing are independent, and the function is doing both","The stored value being correct shows the return worked, and the output appearing shows the print did too. They are separate destinations, and a function can send a value to both — which is convenient until a caller wants only one.",AUTHORED,
GB_FN_037,FUNCTIONS_BASICS,FN_C07_DECOMPOSITION,FN_F11_FUNCTIONS_SPLIT_WORK,FN_FAM12_DECOMPOSITION_CHOICE,FN_RG_DECOMPOSITION,D3,EVALUATE,mcq_single,"A program reads marks, works out an average, and displays a grade. Which split into functions is best?","One function containing all three steps, called once","One function to read the marks, one to compute the average, one to decide the grade",One function for the first half of the lines and one for the second half,One function per line of the original program,B,"One function to read the marks, one to compute the average, one to decide the grade","Each of the three steps is one nameable piece of work with its own input and result, which is what makes them separable. Splitting on how many lines there are cuts across the work rather than along it.",AUTHORED,
GB_FN_038,FUNCTIONS_BASICS,FN_C07_DECOMPOSITION,FN_F11_FUNCTIONS_SPLIT_WORK,FN_FAM12_DECOMPOSITION_CHOICE,FN_RG_DECOMPOSITION,D4,EVALUATE,mcq_single,"A program is split into two functions. Each of them works correctly when tested on its own, but the first must be called before the second or the second gives a wrong answer, and nothing passes between them. What does that show about the split?",The split is correct; order of calls always matters,The second function has a fault that only appears in combination,"The two should be merged, since any dependency means a split is wrong","The two share hidden state, so they are not as separate as their definitions suggest",D,"The two share hidden state, so they are not as separate as their definitions suggest","Nothing passing between them, yet order mattering, means something is being communicated invisibly. A dependency is not itself wrong — but one carried by hidden state rather than by arguments and results is what makes each function untestable in isolation.",AUTHORED,
GB_FN_039,FUNCTIONS_BASICS,FN_C07_DECOMPOSITION,FN_F11_FUNCTIONS_SPLIT_WORK,FN_FAM12_DECOMPOSITION_CHOICE,FN_RG_DECOMPOSITION,D5,EVALUATE,mcq_single,"A single function does three things: it reads a file, filters the records, and writes a report. A new requirement asks for the same filtering applied to records arriving over a network instead. What does the existing structure cost?","The filtering cannot be reused without also taking the file reading, so it has to be copied or the function split",Nothing; the function can be called with a different file,Nothing; filtering is a small part of the work,The report writing must be rewritten as well,A,"The filtering cannot be reused without also taking the file reading, so it has to be copied or the function split","Work bundled together can only be reused together. The new requirement wants one of the three pieces, and the bundle offers no way to take it alone — which is what ""does one thing"" is protecting against.",AUTHORED,
GB_FN_040,FUNCTIONS_BASICS,FN_C07_DECOMPOSITION,FN_F11_FUNCTIONS_SPLIT_WORK,FN_FAM12_DECOMPOSITION_CHOICE,FN_RG_DECOMPOSITION,D5,EVALUATE,mcq_single,A twenty-line program could be left as one function or split into five of four lines each. On what grounds should the choice be made?,"On the line count, since shorter functions are always better","On the line count, since fewer functions are always simpler","On whether each part does something nameable in its own right, not on how many lines result",On which version runs faster,C,"On whether each part does something nameable in its own right, not on how many lines result","Splitting by length produces parts that have names but no meaning, and joining unrelated work produces a function that cannot be described in a sentence. Whether a part can be named honestly is the test; the line count is a symptom at best.",AUTHORED,
GB_FN_041,FUNCTIONS_BASICS,FN_C07_DECOMPOSITION,FN_F11_FUNCTIONS_SPLIT_WORK,FN_FAM12_DECOMPOSITION_CHOICE,FN_RG_DECOMPOSITION,D5,EVALUATE,mcq_single,"A function is split into two so that each can be tested separately. The two are then only ever called one immediately after the other, and neither is used anywhere else. Was the split worth making?","Yes, unconditionally; more functions is always better structure","It may be, if each half can now be checked on its own — but the reuse it usually buys is not available here",No; a split that produces no reuse is always waste,No; two functions always called together are equivalent to one,B,"It may be, if each half can now be checked on its own — but the reuse it usually buys is not available here","Splitting buys two different things — reuse and testability — and here only the second is on offer. Judging the split means naming which benefit applies, rather than treating the split itself as the goal.",AUTHORED,
GB_FN_042,FUNCTIONS_BASICS,FN_C08_DIAGNOSIS,FN_F12_SCOPE_AND_RETURN_BUGS,FN_FAM13_FUNCTION_BUG_DIAGNOSIS,FN_RG_DIAGNOSIS,D4,ANALYZE,mcq_single,"A function should return the largest value in a list. It returns the correct answer whenever the largest value happens to be first, and a wrong one otherwise. What is the fault?","The comparison is the wrong way round, so it finds the smallest",The running maximum starts at zero rather than at the first item,The list is being read in reverse,It returns during the first pass of the loop instead of after the loop finishes,D,It returns during the first pass of the loop instead of after the loop finishes,"Being right exactly when the answer is first is the signature of returning too early: only the first item is ever considered. A reversed comparison would be right when the largest is last, and a zero starting value would fail only on all-negative data.",AUTHORED,
GB_FN_043,FUNCTIONS_BASICS,FN_C08_DIAGNOSIS,FN_F12_SCOPE_AND_RETURN_BUGS,FN_FAM13_FUNCTION_BUG_DIAGNOSIS,FN_RG_DIAGNOSIS,D5,ANALYZE,mcq_single,"A function returns the right answer for every list of exactly one item, and the wrong answer for longer lists. Which fault fits that pattern, and why does the single-item case hide it?","A return placed inside the loop; with one item, ending after the first pass is indistinguishable from ending after the loop",A missing return; a single item happens to be returned by default,A shadowed name; single-item lists do not use the shadowed variable,An uninitialised total; one item needs no starting value,A,"A return placed inside the loop; with one item, ending after the first pass is indistinguishable from ending after the loop",The two behaviours — stopping after one pass and completing the loop — agree exactly when the loop has one pass. That is what makes a single-item test useless here and a two-item test decisive.,AUTHORED,
GB_FN_044,FUNCTIONS_BASICS,FN_C08_DIAGNOSIS,FN_F12_SCOPE_AND_RETURN_BUGS,FN_FAM13_FUNCTION_BUG_DIAGNOSIS,FN_RG_DIAGNOSIS,D5,ANALYZE,mcq_single,"A function computes correctly and the caller receives None. Which fault produces exactly that, and how does it differ from a function that fails outright?",The return sends back a variable that was never assigned,The caller stored the result before the function finished,"The function has no return, so it hands back nothing; a fault inside the body would have stopped it instead","The function returns inside a branch that is never taken, which is the same thing",C,"The function has no return, so it hands back nothing; a fault inside the body would have stopped it instead","Receiving nothing rather than failing means the function ran to the end and simply had nothing to hand over. The last option is close and genuinely different: a return in an unreached branch also gives nothing back, but the function contains a return, so the fault is in the condition rather than in its absence.",AUTHORED,
GB_FN_045,FUNCTIONS_BASICS,FN_C08_DIAGNOSIS,FN_F12_SCOPE_AND_RETURN_BUGS,FN_FAM13_FUNCTION_BUG_DIAGNOSIS,FN_RG_DIAGNOSIS,D5,ANALYZE,mcq_single,"A function has two faults: it returns nothing, and its arithmetic is wrong. Which shows up first when the caller tries to use the result, and what does that mean for finding the other?","The arithmetic, because it is the more serious of the two","The missing return, because the caller fails before any value could be checked; the arithmetic fault stays hidden until that is fixed","Both at once, since the caller sees the result of both","Neither, because two faults cancel each other out",B,"The missing return, because the caller fails before any value could be checked; the arithmetic fault stays hidden until that is fixed","A fault that prevents a value existing masks any fault in what the value would have been. Fixing one fault revealing another is normal rather than a sign of a new problem, and it is why ""the bug is fixed"" and ""the test passes"" are different claims.",AUTHORED,
GB_FN_046,FUNCTIONS_BASICS,FN_C08_DIAGNOSIS,FN_F12_SCOPE_AND_RETURN_BUGS,FN_FAM13_FUNCTION_BUG_DIAGNOSIS,FN_RG_DIAGNOSIS,D5,ANALYZE,mcq_single,A function gives the right answer when called once and a wrong one when called a second time with the same arguments. What must be true of it?,"Its arithmetic is wrong, and the first answer was a coincidence",The arguments are being bound in a different order the second time,"A function cannot behave differently on identical arguments, so the observation is mistaken","Something it uses survives between calls, so the second call does not start from the same state",D,"Something it uses survives between calls, so the second call does not start from the same state",Identical inputs giving different outputs means the inputs are not the only thing the function depends on. Something outside it — or something inside it that outlives a call — is part of the input without appearing in the argument list.,AUTHORED,
GB_FN_047,FUNCTIONS_BASICS,FN_C09_EDGE_CASES,FN_F13_FUNCTION_EDGE_INPUT,FN_FAM14_FUNCTION_EDGE_BEHAVIOUR,FN_RG_ROBUSTNESS,D4,ANALYZE,mcq_single,"A function returns the average of a list. Given an empty list it stops with an error, while a companion function that totals the same list returns 0 without complaint. What accounts for the difference?",The average divides by a count of zero; totalling nothing simply adds nothing,"The average reads the first item, which does not exist",The totalling function silently returns nothing rather than 0,An empty list cannot have its length taken,A,The average divides by a count of zero; totalling nothing simply adds nothing,"Both loops run zero times and both totals stay at their starting value; only one of the two then divides by that count. The length of an empty list is perfectly well defined, and being zero is precisely the problem.",AUTHORED,
GB_FN_048,FUNCTIONS_BASICS,FN_C09_EDGE_CASES,FN_F13_FUNCTION_EDGE_INPUT,FN_FAM14_FUNCTION_EDGE_BEHAVIOUR,FN_RG_ROBUSTNESS,D5,ANALYZE,mcq_single,"A function returns the first item of a list that matches a condition. What should it return when no item matches, and why does the choice matter?","Zero, because that is the natural empty answer","The first item of the list, as the closest available match","Something the caller can recognise as ""nothing found"", since returning a plausible value would be indistinguishable from a real match","Nothing at all, and it should fail instead, since no answer exists",C,"Something the caller can recognise as ""nothing found"", since returning a plausible value would be indistinguishable from a real match","The caller has to be able to tell absence from a real result, and any ordinary value could itself have been a match. Failing is defensible for a genuine error, but finding no match is an expected outcome rather than a fault.",AUTHORED,
GB_FN_049,FUNCTIONS_BASICS,FN_C09_EDGE_CASES,FN_F13_FUNCTION_EDGE_INPUT,FN_FAM14_FUNCTION_EDGE_BEHAVIOUR,FN_RG_ROBUSTNESS,D5,ANALYZE,mcq_single,A function counts how many items of a list exceed a threshold. What does it return for an empty list?,"Nothing, because there is no item to compare","0, which is correct and needs no special handling","An error, because the threshold is never used","The threshold itself, as no count was made",B,"0, which is correct and needs no special handling","The loop runs zero times and the counter keeps the value it was given beforehand, which is the right answer: none of nothing exceeds anything. Adding a guard here would be extra code that can itself be wrong.",AUTHORED,
GB_FN_050,FUNCTIONS_BASICS,FN_C09_EDGE_CASES,FN_F13_FUNCTION_EDGE_INPUT,FN_FAM14_FUNCTION_EDGE_BEHAVIOUR,FN_RG_ROBUSTNESS,D5,ANALYZE,mcq_single,"A function is correct for every ordinary argument and wrong for one boundary argument. One proposal adds a special case for that argument; another changes the general rule so the boundary falls out of it correctly. Which is preferable, and what does each cost?","The special case, since it leaves the working behaviour untouched",Either; they are equivalent once both give the right answer,"The special case, since general rules are harder to reason about","Changing the general rule, where possible, since a special case is one more path that has to stay correct as the function changes",D,"Changing the general rule, where possible, since a special case is one more path that has to stay correct as the function changes","Both fix the symptom, and they differ in what they leave behind. A rule that handles the boundary needs no upkeep; a special case has to be remembered by everyone who edits the function afterwards. Where the rule genuinely cannot cover it, the special case is right — but that is a finding, not a default.",AUTHORED,
GB_LP_001,LOOPS_BASICS,LP_C01_PURPOSE,LP_F01_LOOP_REPEATS,LP_FAM01_LOOP_PURPOSE,LP_RG_PURPOSE,D1,REMEMBER,mcq_single,A program must display the same message once for each of forty records. Which approach fits?,Forty display statements written out one after another,"A loop whose body displays the message, repeated once per record",One conditional that examines all forty records at once,"A single display statement, since a loop runs its body once",B,"A loop whose body displays the message, repeated once per record","Repetition of the same work is exactly what a loop replaces. Writing the statement out forty times gives the same output and has to be edited forty times over, and a conditional chooses between paths rather than repeating anything.",AUTHORED,
GB_LP_002,LOOPS_BASICS,LP_C01_PURPOSE,LP_F01_LOOP_REPEATS,LP_FAM01_LOOP_PURPOSE,LP_RG_PURPOSE,D1,REMEMBER,mcq_single,Which of these tasks does not need a loop?,Adding up every value in a list,Displaying each character of a word in turn,Asking for input until a valid answer is given,Swapping the values held by two variables,D,Swapping the values held by two variables,"A swap is a fixed, short sequence of distinct steps, so nothing repeats. The other three each apply the same step to item after item, or repeat until something becomes true.",AUTHORED,
GB_LP_003,LOOPS_BASICS,LP_C01_PURPOSE,LP_F01_LOOP_REPEATS,LP_FAM01_LOOP_PURPOSE,LP_RG_PURPOSE,D1,REMEMBER,mcq_single,How many times does the body of a loop run?,"As many times as the loop's condition or count allows, which may be none","Exactly once, like any other block of code","Exactly twice, since repeating means doing something again","Endlessly, unless something stops it from outside",A,"As many times as the loop's condition or count allows, which may be none","The count is decided by the loop itself, and there is nothing special about one or two. A loop whose condition is false at the start runs its body zero times, which is a perfectly ordinary outcome rather than a fault.",AUTHORED,
GB_LP_004,LOOPS_BASICS,LP_C01_PURPOSE,LP_F01_LOOP_REPEATS,LP_FAM01_LOOP_PURPOSE,LP_RG_PURPOSE,D1,REMEMBER,mcq_single,A program repeats one instruction six times. What is the advantage of writing that as a loop rather than six copies?,The loop runs faster than six separate copies would,Six copies would not be allowed by the language,"The instruction exists once, so changing it changes every repetition",The loop uses less storage on the disk,C,"The instruction exists once, so changing it changes every repetition","Six copies behave identically; what differs is that each would have to be found and edited separately, and one missed copy is a bug. Speed and legality are not what separates them.",AUTHORED,
GB_LP_005,LOOPS_BASICS,LP_C01_PURPOSE,LP_F01_LOOP_REPEATS,LP_FAM01_LOOP_PURPOSE,LP_RG_PURPOSE,D2,REMEMBER,mcq_single,"A program must examine every mark in a list, however many marks there are. Which general strategy fits?","Examine only the first mark, since the rest follow the same pattern",Repeat the same examination once for each mark in turn,Examine all the marks together in a single comparison,"Write out one examination for each mark, once the number of marks is known",B,Repeat the same examination once for each mark in turn,"The number of marks is not fixed in advance, so the code cannot name them individually; a loop applies one examination to each in turn regardless of how many arrive. Checking only the first examines one mark, not every mark.",LEGACY_REMAP,656fd8
GB_LP_006,LOOPS_BASICS,LP_C02_RANGE,LP_F02_RANGE_EXCLUDES_END,LP_FAM02_RANGE_VALUES,LP_RG_RANGE,D1,REMEMBER,mcq_single,Which values does range(5) produce?,"1, 2, 3, 4, 5","0, 1, 2, 3, 4, 5","1, 2, 3, 4","0, 1, 2, 3, 4",D,"0, 1, 2, 3, 4","Counting starts at 0 and stops before the number given, so five values appear and 5 itself is not among them. The count is right; it is where the counting starts and stops that has to be read carefully.",AUTHORED,
GB_LP_007,LOOPS_BASICS,LP_C02_RANGE,LP_F02_RANGE_EXCLUDES_END,LP_FAM02_RANGE_VALUES,LP_RG_RANGE,D1,REMEMBER,mcq_single,How many values does range(8) produce?,8,7,9,It depends on where the loop starts,A,8,"Starting at 0 and stopping before 8 gives 0 up to 7, which is eight values. The number given is the count of values, even though it is never itself one of them.",AUTHORED,
GB_LP_008,LOOPS_BASICS,LP_C02_RANGE,LP_F02_RANGE_EXCLUDES_END,LP_FAM02_RANGE_VALUES,LP_RG_RANGE,D1,REMEMBER,mcq_single,"A loop is written as for i in range(2, 6). Which of these values does i never take?",2,3,6,5,C,6,"Counting begins at the first number and is included; it stops at the second, which is not. So i takes 2, 3, 4 and 5, and never 6. That asymmetry makes the count the difference between the two numbers.",AUTHORED,
GB_LP_009,LOOPS_BASICS,LP_C02_RANGE,LP_F02_RANGE_EXCLUDES_END,LP_FAM02_RANGE_VALUES,LP_RG_RANGE,D2,REMEMBER,mcq_single,A loop should visit the whole numbers 1 to 10 inclusive. Which range does that?,"range(1, 10)","range(1, 11)","range(0, 10)",range(10),B,"range(1, 11)","To include 10 the stopping point has to be one beyond it. Stopping at 10 leaves it out, and the two forms beginning at 0 shift every value down by one.",AUTHORED,
GB_LP_010,LOOPS_BASICS,LP_C03_LOOP_KINDS,LP_F03_FOR_VS_WHILE,LP_FAM03_LOOP_KIND_SELECTION,LP_RG_PURPOSE,D1,UNDERSTAND,mcq_single,A program must display a message exactly twelve times. Which loop form fits?,"A conditional loop, because every loop repeats until something changes","Either, since the two forms are interchangeable in all cases",Neither; a fixed number of repetitions needs no loop,"A counted loop, because the number of repetitions is known in advance",D,"A counted loop, because the number of repetitions is known in advance","A count that is known before the loop starts is exactly what a counted loop expresses. A conditional loop could be made to do it, but only by counting by hand, which is the counted loop written out the long way.",AUTHORED,
GB_LP_011,LOOPS_BASICS,LP_C03_LOOP_KINDS,LP_F03_FOR_VS_WHILE,LP_FAM03_LOOP_KIND_SELECTION,LP_RG_PURPOSE,D1,UNDERSTAND,mcq_single,A program must keep asking for a password until the right one is typed. Which loop form fits?,"A conditional loop, because the number of attempts is not known in advance","A counted loop set to three attempts, since that is the usual limit","A counted loop, because each attempt is one repetition",Neither; input cannot be repeated,A,"A conditional loop, because the number of attempts is not known in advance","Nothing before the loop can say how many attempts there will be, so the repetition has to be governed by whether the password matched. Fixing a count invents a limit the requirement never stated.",AUTHORED,
GB_LP_012,LOOPS_BASICS,LP_C03_LOOP_KINDS,LP_F03_FOR_VS_WHILE,LP_FAM03_LOOP_KIND_SELECTION,LP_RG_PURPOSE,D1,UNDERSTAND,mcq_single,What decides whether a counted loop or a conditional loop suits a task?,Whether the body of the loop is long or short,Whether the values being processed are numbers or text,Whether the number of repetitions is known before the loop begins,Whether the program is meant to be fast or easy to read,C,Whether the number of repetitions is known before the loop begins,"The distinction is about what governs the repetition: a known count, or a condition that must become false. Nothing about the size of the body or the type of the data bears on it.",AUTHORED,
GB_LP_013,LOOPS_BASICS,LP_C03_LOOP_KINDS,LP_F03_FOR_VS_WHILE,LP_FAM03_LOOP_KIND_SELECTION,LP_RG_PURPOSE,D2,UNDERSTAND,mcq_single,"A program must read values from a file until it reaches the end, and nobody knows in advance how many values the file holds. Which loop form fits, and why?","A counted loop, using the size of the file in bytes as the count","A conditional loop, because the stopping point is discovered while reading rather than known beforehand","A counted loop, because reading a file is a fixed sequence of steps","Either, because the file has a definite length even if nobody knows it",B,"A conditional loop, because the stopping point is discovered while reading rather than known beforehand","What matters is whether the count is available to the code before it starts, not whether one exists in principle. The number of values is only learned by reading, so the condition has to be checked as the loop runs.",AUTHORED,
GB_LP_014,LOOPS_BASICS,LP_C02_RANGE,LP_F02_RANGE_EXCLUDES_END,LP_FAM04_ITERATION_COUNT,LP_RG_RANGE,D2,APPLY,mcq_single,"A fragment reads: REPEAT 5 TIMES PRINT ""Hi"". How many times is Hi printed?",1,4,6,5,D,5,"The count states the number of repetitions directly, so the body runs five times and prints five lines. Answers of four and six are the two ways of being one out.",LEGACY_KEEP,f37e01
GB_LP_015,LOOPS_BASICS,LP_C02_RANGE,LP_F02_RANGE_EXCLUDES_END,LP_FAM04_ITERATION_COUNT,LP_RG_RANGE,D2,APPLY,mcq_single,"How many times does the body run in a loop written as for i in range(3, 9)?",6,7,5,9,A,6,"Counting from 3 and stopping before 9 covers 3, 4, 5, 6, 7 and 8, which is the difference between the two numbers. Including the stopping point would give seven.",AUTHORED,
GB_LP_016,LOOPS_BASICS,LP_C02_RANGE,LP_F02_RANGE_EXCLUDES_END,LP_FAM04_ITERATION_COUNT,LP_RG_RANGE,D3,APPLY,mcq_single,"A loop is written as for i in range(1, 10, 3), so it advances in steps rather than singly. Its body runs fewer times than the gap between the two bounds suggests. How many times does it run?",4,9,3,10,C,3,"Stepping by 3 from 1 gives 1, 4 and 7, so the body runs 3 times; the following value would be 10, which is not below the stopping point. Once a step is involved the count is no longer the gap between the bounds, which is where a fourth pass is wrongly imagined.",AUTHORED,
GB_LP_017,LOOPS_BASICS,LP_C04_LOOP_VARIABLE,LP_F04_LOOP_VARIABLE_CHANGES,LP_FAM05_LOOP_VARIABLE_TRACE,LP_RG_STATE,D2,APPLY,mcq_single,"A fragment reads: FOR i = 1 TO 3, PRINT i. What sequence is printed?",0 1 2,1 2 3,1 2 3 4,3 2 1,B,1 2 3,"The loop variable takes each value from the start to the end in turn, and printing it each time reports them in that order. Nothing here counts from zero or runs backwards.",LEGACY_KEEP,ef2a80
GB_LP_018,LOOPS_BASICS,LP_C04_LOOP_VARIABLE,LP_F04_LOOP_VARIABLE_CHANGES,LP_FAM05_LOOP_VARIABLE_TRACE,LP_RG_STATE,D2,APPLY,mcq_single,A loop runs for i in range(4). What value does i hold during the third pass through the body?,3,4,1,2,D,2,"The values are 0, 1, 2 and 3, so the third of them is 2. Counting the passes from one while the values count from zero is what makes this worth checking.",AUTHORED,
GB_LP_019,LOOPS_BASICS,LP_C04_LOOP_VARIABLE,LP_F04_LOOP_VARIABLE_CHANGES,LP_FAM05_LOOP_VARIABLE_TRACE,LP_RG_STATE,D3,APPLY,mcq_single,"A loop runs for i in range(1, 5) and a line after the loop displays i. What is displayed?",4,5,1,"Nothing, because i does not exist after the loop",A,4,"The last value the loop variable took was 4, since counting stopped before 5, and it still holds that value once the loop is finished. The stopping point is never taken, so it is never what remains.",AUTHORED,
GB_LP_020,LOOPS_BASICS,LP_C05_ACCUMULATION,LP_F05_ACCUMULATOR_BUILDS_RESULT,LP_FAM06_ACCUMULATOR_RESULT,LP_RG_ACCUMULATION,D2,APPLY,mcq_single,A running total starts at 0 and has 2 added to it four times. What is the total at the end?,2,4,8,6,C,8,"Four additions of 2 accumulate to 8. Answering 2 is what happens if the total is reset each time round, so only the last addition survives, and the other answers stop one or two additions short.",LEGACY_REMAP,674a7d
GB_LP_021,LOOPS_BASICS,LP_C05_ACCUMULATION,LP_F05_ACCUMULATOR_BUILDS_RESULT,LP_FAM06_ACCUMULATOR_RESULT,LP_RG_ACCUMULATION,D3,APPLY,mcq_single,"A fragment reads: TOTAL = 0, then FOR i = 1 TO 4, TOTAL = TOTAL + i. What is the final total?",4,10,6,16,B,10,"The values 1, 2, 3 and 4 accumulate to 10. Answering 4 reports the last value added rather than the total, and 6 stops one pass early.",LEGACY_KEEP,f2dfca
GB_LP_022,LOOPS_BASICS,LP_C05_ACCUMULATION,LP_F05_ACCUMULATOR_BUILDS_RESULT,LP_FAM06_ACCUMULATOR_RESULT,LP_RG_ACCUMULATION,D4,APPLY,mcq_single,"A fragment totals the values 3, 8 and 5, and displays 5. The list is correct and the addition line is correct. What is wrong?","The loop stops one pass early, missing the first two values",The values are being joined as text rather than added,The total is displayed inside the loop rather than after it,"The total is set to zero inside the loop, so each pass discards what came before",D,"The total is set to zero inside the loop, so each pass discards what came before","Displaying the last value rather than the sum is the signature of a total reset every time round. Stopping early would give a partial sum rather than the final value, and joining as text would show all three digits.",AUTHORED,
GB_LP_023,LOOPS_BASICS,LP_C05_ACCUMULATION,LP_F06_COUNTER_COUNTS_EVENTS,LP_FAM07_COUNTER_RESULT,LP_RG_ACCUMULATION,D2,APPLY,mcq_single,A counter starts at 0 and increases by 1 once for each of five records. What does it hold at the end?,5,0,1,6,A,5,"One increase per record, over five records, leaves the counter at 5. Starting the counter at 1 instead of 0 is what produces 6.",LEGACY_REMAP,64d1a1
GB_LP_024,LOOPS_BASICS,LP_C05_ACCUMULATION,LP_F06_COUNTER_COUNTS_EVENTS,LP_FAM07_COUNTER_RESULT,LP_RG_ACCUMULATION,D3,APPLY,mcq_single,"A fragment reads: COUNT = 1, then REPEAT 3 TIMES, COUNT = COUNT + 2. What is the final value of COUNT?",3,5,7,9,C,7,"Three increases of 2 from a starting value of 1 give 3, then 5, then 7. Answering 5 stops one pass early and 9 adds one pass too many.",LEGACY_KEEP,efc8b7
GB_LP_025,LOOPS_BASICS,LP_C05_ACCUMULATION,LP_F06_COUNTER_COUNTS_EVENTS,LP_FAM07_COUNTER_RESULT,LP_RG_ACCUMULATION,D4,APPLY,mcq_single,"A loop over the values 4, 9, 2 and 7 keeps a counter and a running total, adding to both only when a value exceeds 3. It reports an average of 20. The list and the comparison are both correct. What is wrong?",The counter is counting values that do not match,"The total is being divided by the wrong thing, or not divided at all; 20 is the total of the matching values",The comparison should have been at least 3 rather than more than 3,The total is accumulating the counter rather than the values,B,"The total is being divided by the wrong thing, or not divided at all; 20 is the total of the matching values","4, 9 and 7 exceed 3 and add to 20, and 20 is exactly what was reported, so the summing is right and the dividing is what is missing. A counter fault would change the divisor rather than produce the raw total, and the comparison already includes every value above 3.",AUTHORED,
GB_LP_026,LOOPS_BASICS,LP_C06_TERMINATION,LP_F07_CONDITION_MUST_BECOME_FALSE,LP_FAM08_TERMINATION_REASONING,LP_RG_TERMINATION,D2,ANALYZE,mcq_single,"A loop repeats while a condition holds, and nothing in its body changes anything that condition tests. What follows?",It stops after a fixed number of turns anyway,It runs its body once and then stops,It stops the second time the condition is checked,"It never stops, because the condition can never become false",D,"It never stops, because the condition can never become false","A conditional loop ends only when the condition becomes false, and only the body can make that happen. Nothing counts the turns on the loop's behalf or intervenes after a while.",LEGACY_REMAP,660e0f
GB_LP_027,LOOPS_BASICS,LP_C06_TERMINATION,LP_F07_CONDITION_MUST_BECOME_FALSE,LP_FAM08_TERMINATION_REASONING,LP_RG_TERMINATION,D3,ANALYZE,mcq_single,"A loop repeats until a typed password matches. Inside the body the password is read again only when a separate check succeeds, and on some runs that check never succeeds. What happens on those runs?","It never stops, because the only line that could change the condition is not reached","It stops, because the condition is tested again each time round",It stops after the body has run once,It fails with an error once the body has repeated too many times,A,"It never stops, because the only line that could change the condition is not reached","Testing the condition repeatedly achieves nothing if what it tests never changes, and here the line that would change it sits behind a check that never passes. Nothing counts repetitions or intervenes.",LEGACY_REMAP,64336a
GB_LP_028,LOOPS_BASICS,LP_C06_TERMINATION,LP_F07_CONDITION_MUST_BECOME_FALSE,LP_FAM08_TERMINATION_REASONING,LP_RG_TERMINATION,D4,ANALYZE,mcq_single,"A loop repeats while a balance is above zero and subtracts a fee each time round. For most starting balances it ends, but for one it runs endlessly. That balance is a positive number and the subtraction line does run. What is the likely cause?","The balance is too large, so the loop would end eventually but takes too long",The condition should test whether the balance is at least zero,"The fee is zero for that case, so the balance is changed by nothing and never falls",Subtraction cannot make a positive number reach zero,C,"The fee is zero for that case, so the balance is changed by nothing and never falls","The subtraction running rules out an unreached line, and a positive balance rules out a condition that was false to begin with. What is left is a subtraction that changes nothing, which leaves the condition exactly as it was.",AUTHORED,
GB_LP_029,LOOPS_BASICS,LP_C07_ZERO_ITERATIONS,LP_F08_ZERO_ITERATION_POSSIBLE,LP_FAM09_ZERO_ITERATION,LP_RG_TERMINATION,D3,ANALYZE,mcq_single,"A fragment sets total to 0, then runs a loop while total > 10 that adds 1 to total, then displays total. What is displayed?",1,0,11,"Nothing, because the loop never ran",B,0,"The condition is already false when the loop is reached, so the body never runs and the total keeps the value it was given beforehand. A loop that runs zero times leaves everything exactly as it found it, and the display after the loop still happens.",AUTHORED,
GB_LP_030,LOOPS_BASICS,LP_C07_ZERO_ITERATIONS,LP_F08_ZERO_ITERATION_POSSIBLE,LP_FAM09_ZERO_ITERATION,LP_RG_TERMINATION,D4,ANALYZE,mcq_single,"A program reports a maximum of 0 for a list of measurements, all of which are negative. It reports no error and the comparison inside the loop is correct. What happened?","The loop ran zero times, because the list was treated as empty",The comparison should have been for the smallest value rather than the largest,Negative values cannot be compared against a starting value,"The running maximum was set to 0 before the loop, and no negative value ever exceeded it",D,"The running maximum was set to 0 before the loop, and no negative value ever exceeded it","The loop did run — it examined every value — but nothing beat the starting value, so that starting value was reported. Choosing zero as a starting maximum quietly assumes the data contains something positive.",AUTHORED,
GB_LP_031,LOOPS_BASICS,LP_C08_NESTING,LP_F09_NESTED_LOOPS_MULTIPLY,LP_FAM10_NESTED_COUNT,LP_RG_NESTING,D3,APPLY,mcq_single,An outer loop runs 4 times and an inner loop runs 3 times for each pass of the outer one. How many times does the inner body run in total?,12,7,4,3,A,12,"The inner loop runs fully once per outer pass, so four passes of three give 12: the counts multiply rather than add. Answering 7 adds them, and answering 3 counts the inner loop once.",AUTHORED,
GB_LP_032,LOOPS_BASICS,LP_C08_NESTING,LP_F09_NESTED_LOOPS_MULTIPLY,LP_FAM10_NESTED_COUNT,LP_RG_NESTING,D4,APPLY,mcq_single,"An outer loop runs for i in range(4), and inside it an inner loop runs for j in range(i). Someone predicts 16 inner passes and the actual number is different. How many are there, and why?","16, because four passes of four each is the correct reading","12, because the inner loop runs three times on each of four passes","6, because the inner count changes with i and is 0, 1, 2 and 3 on the four passes","4, because the inner loop runs once for each outer pass",C,"6, because the inner count changes with i and is 0, 1, 2 and 3 on the four passes","The inner bound is not fixed; it takes the outer variable's current value, so the passes are 0, 1, 2 and 3 and their total is 6. Predicting 16 treats a dependent bound as though it were the outer bound repeated.",AUTHORED,
GB_LP_033,LOOPS_BASICS,LP_C09_EARLY_EXIT,LP_F10_BREAK_EXITS_LOOP,LP_FAM11_BREAK_EFFECT,LP_RG_EARLY_EXIT,D3,APPLY,mcq_single,"A loop runs over 1, 2, 3, 4, 5. It displays each value, and immediately after the display it leaves the loop when the value reaches 3. What is displayed?",1 2,1 2 3,1 2 4 5,1 2 3 4 5,B,1 2 3,"The display happens before the exit on the pass where the value is 3, so 3 does appear, and nothing after that pass runs at all. Skipping only the one value and continuing is what a different instruction would do.",AUTHORED,
GB_LP_034,LOOPS_BASICS,LP_C09_EARLY_EXIT,LP_F10_BREAK_EXITS_LOOP,LP_FAM11_BREAK_EFFECT,LP_RG_EARLY_EXIT,D4,APPLY,mcq_single,"A search loop over a list is meant to stop at the first match, and it does display the right item. A counter placed after the exit, inside the loop body, always reads 0. What does that show?",The counter was initialised inside the loop and reset each time,"The exit leaves only the current pass, so later passes should still have counted","The match was found on the first pass, so there was nothing to count","Nothing after the exit runs on the pass that matches, so the counter is never reached",D,"Nothing after the exit runs on the pass that matches, so the counter is never reached","The right item being displayed shows the loop reached the match; the counter reading zero shows nothing after the exit ran on that pass, and the exit ended the loop entirely so no later pass reached it either.",AUTHORED,
GB_LP_035,LOOPS_BASICS,LP_C09_EARLY_EXIT,LP_F11_CONTINUE_SKIPS_ITERATION,LP_FAM12_CONTINUE_EFFECT,LP_RG_EARLY_EXIT,D3,APPLY,mcq_single,"A loop runs over 1, 2, 3, 4. When a value is even it abandons the rest of that pass and starts the next; otherwise it displays the value. What is displayed?",1 3,1 2 3 4,1,2 4,A,1 3,"Abandoning a pass skips only what remains of that pass, and the loop carries on with the next value, so what appears is 1 3. Leaving the loop entirely at the first even value would display only 1.",AUTHORED,
GB_LP_036,LOOPS_BASICS,LP_C09_EARLY_EXIT,LP_F11_CONTINUE_SKIPS_ITERATION,LP_FAM12_CONTINUE_EFFECT,LP_RG_EARLY_EXIT,D4,APPLY,mcq_single,"A loop is meant to count how many values it examined. When a value fails a check the loop abandons the rest of that pass, and the counter sits after that point in the body. The loop examines twelve values and the counter reports 5. What does that show?",The loop stopped after five values,The counter is reset whenever a value fails the check,"The counter is only reached on passes that were not abandoned, so it counts passing values rather than examined ones",Seven of the values were never examined at all,C,"The counter is only reached on passes that were not abandoned, so it counts passing values rather than examined ones","All twelve values were examined — each was checked — but the counter sits past the point where a failing pass is abandoned, so only the five that passed ever reached it. Moving the counter above the check is what would count examinations.",AUTHORED,
GB_LP_037,LOOPS_BASICS,LP_C10_DIAGNOSIS,LP_F12_INFINITE_LOOP_CAUSE,LP_FAM13_INFINITE_LOOP_DIAGNOSIS,LP_RG_DIAGNOSIS,D3,ANALYZE,mcq_single,"A loop is meant to display 1 to 5. It sets i to 1, displays i while i is at most 5, and never changes i anywhere in the body. What is the fault?",The comparison should exclude 5 rather than include it,"Nothing in the body changes i, so the condition can never become false",The starting value should be 0 rather than 1,The display should come after the condition rather than before it,B,"Nothing in the body changes i, so the condition can never become false","The condition tests i and only the body could change it, so a body that leaves i alone leaves the condition permanently true. Adjusting the bound or the starting value would change which values appear, not whether the loop ends.",LEGACY_REMAP,f86fb9
GB_LP_038,LOOPS_BASICS,LP_C10_DIAGNOSIS,LP_F12_INFINITE_LOOP_CAUSE,LP_FAM13_INFINITE_LOOP_DIAGNOSIS,LP_RG_DIAGNOSIS,D4,ANALYZE,mcq_single,"A loop increases a counter, but the increase sits inside a conditional branch within the body. The loop finishes normally for some inputs and runs endlessly for others. What is the fault?",The loop condition is written the wrong way round,The counter starts at a value that is too high,A loop that displays output can never end,"For some inputs the branch holding the increase is never taken, so nothing changes the condition",D,"For some inputs the branch holding the increase is never taken, so nothing changes the condition",That it ends for some inputs proves the condition and the counter are capable of working together; what varies between the inputs is whether the branch runs at all. A fault in the condition or the starting value would behave the same way for every input.,LEGACY_REWRITE,f7334b
GB_LP_039,LOOPS_BASICS,LP_C10_DIAGNOSIS,LP_F12_INFINITE_LOOP_CAUSE,LP_FAM13_INFINITE_LOOP_DIAGNOSIS,LP_RG_DIAGNOSIS,D5,ANALYZE,mcq_single,"A loop repeats while a value is not equal to 10, and the value increases by 3 each time starting from 0. Does it end?","No; the value takes 0, 3, 6, 9, 12 and beyond, stepping over 10 without ever equalling it",Yes; the value passes 10 and the condition becomes false,Yes; the value reaches exactly 10 on the fourth pass,"No; the value never changes, so the condition stays true",A,"No; the value takes 0, 3, 6, 9, 12 and beyond, stepping over 10 without ever equalling it","Testing for equality with a single value only ends the loop if the sequence lands on it exactly, and a step of 3 from 0 never does. Testing whether the value has reached 10 or more would end it, which is why an inequality is the safer condition here.",AUTHORED,
GB_LP_040,LOOPS_BASICS,LP_C10_DIAGNOSIS,LP_F12_INFINITE_LOOP_CAUSE,LP_FAM13_INFINITE_LOOP_DIAGNOSIS,LP_RG_DIAGNOSIS,D5,ANALYZE,mcq_single,A loop repeats while a total is below a target and adds a value read from the data each time round. Every value in the data is a whole number and none is negative. Under what condition does the loop fail to end?,"When the values being read are large, since the total overshoots the target","Never, since adding a whole number always increases a total","When the values being read are zero, since the total is updated but not changed","When the target is zero, since the loop cannot start",C,"When the values being read are zero, since the total is updated but not changed","The update runs and is reachable, yet leaves the total where it was, so the condition never becomes false. Zero is a whole number and not negative, which is exactly why it slips past the assumption that any addition makes progress.",AUTHORED,
GB_LP_041,LOOPS_BASICS,LP_C10_DIAGNOSIS,LP_F12_INFINITE_LOOP_CAUSE,LP_FAM13_INFINITE_LOOP_DIAGNOSIS,LP_RG_DIAGNOSIS,D5,ANALYZE,mcq_single,"A loop that runs endlessly could be guarded either by adding a maximum number of passes or by fixing the update that fails to change the condition. What does the guard buy, and what does it cost?","It fixes the fault, since the loop now ends","It stops the program hanging, but leaves the real fault in place and hides it behind a limit that will look arbitrary later","It costs nothing, since a limit large enough is never reached","It buys nothing, since a loop cannot be limited from outside its condition",B,"It stops the program hanging, but leaves the real fault in place and hides it behind a limit that will look arbitrary later","A cap converts a hang into a wrong answer delivered on time, which is sometimes the right trade in code that must not stop responding — but the loop still does not do what it was meant to. Naming what the guard does and does not fix is the whole decision.",AUTHORED,
GB_LP_042,LOOPS_BASICS,LP_C10_DIAGNOSIS,LP_F13_OFF_BY_ONE,LP_FAM14_OFF_BY_ONE_DIAGNOSIS,LP_RG_DIAGNOSIS,D4,ANALYZE,mcq_single,"A loop should total the values 1 to 5 but totals only 1 to 4, giving 10 instead of 15. The addition line and the starting total are both correct. What should change?","The starting total, which should begin at 1 rather than 0","The addition, which should add the loop variable twice on the final pass","The starting value of the loop variable, which should be 0 rather than 1","The upper bound, which stops the loop one value short",D,"The upper bound, which stops the loop one value short","A total short by exactly the missing value points at how far the loop went, not at what it did each time. Starting the total at 1 would give 11, and starting the loop variable at 0 would add a harmless zero without recovering the 5.",LEGACY_REMAP,eca4b3
GB_LP_043,LOOPS_BASICS,LP_C10_DIAGNOSIS,LP_F13_OFF_BY_ONE,LP_FAM14_OFF_BY_ONE_DIAGNOSIS,LP_RG_DIAGNOSIS,D5,ANALYZE,mcq_single,"A loop reads positions 0 up to and including the length of a list. It works on every list except that it fails on the final pass, every time. Which change fixes it without dropping any item?","Stop one position before the length, since the last valid position is one below it",Start at position 1 instead of position 0,"Stop two positions before the length, to be safe",Start at position 1 and stop one before the length,A,"Stop one position before the length, since the last valid position is one below it","The failure on the last pass places the fault at the upper end, and the first position is valid, so moving the start would silently drop an item while appearing to fix things. Stopping two short would drop one as well.",AUTHORED,
GB_LP_044,LOOPS_BASICS,LP_C10_DIAGNOSIS,LP_F13_OFF_BY_ONE,LP_FAM14_OFF_BY_ONE_DIAGNOSIS,LP_RG_DIAGNOSIS,D5,ANALYZE,mcq_single,"A loop counting from 1 to n reports one fewer item than expected for every n. Two changes are proposed: start at 0 instead of 1, or stop at n + 1 instead of n. Both restore the count. Are they equally correct?",Yes; a count that comes out right means the loop is right,"No; only starting at 0 is correct, since counting always begins there","No; both give the right count, but starting at 0 adds an item that does not belong and stopping later adds the one that was missing","No; only stopping at n + 1 is correct, since the start must never change",C,"No; both give the right count, but starting at 0 adds an item that does not belong and stopping later adds the one that was missing","Two changes can agree on how many items are handled and disagree completely on which. Checking the count alone cannot separate them, which is why the values processed have to be checked as well.",AUTHORED,
GB_LP_045,LOOPS_BASICS,LP_C10_DIAGNOSIS,LP_F13_OFF_BY_ONE,LP_FAM14_OFF_BY_ONE_DIAGNOSIS,LP_RG_DIAGNOSIS,D5,ANALYZE,mcq_single,A loop that processes a list one item at a time is correct. The same loop is then used on a list where each pass must compare an item with the one after it. Where does it now go wrong?,"On the first pass, where there is no preceding item","On the final pass, where there is no following item to compare against",Nowhere; comparing pairs needs no change to the bounds,"On every pass, since two items cannot be read at once",B,"On the final pass, where there is no following item to compare against","Reading ahead by one shortens how far the loop may safely go: with n items there are only n - 1 adjacent pairs. Nothing goes wrong at the start, because the first item does have a successor.",AUTHORED,
GB_LP_046,LOOPS_BASICS,LP_C10_DIAGNOSIS,LP_F13_OFF_BY_ONE,LP_FAM14_OFF_BY_ONE_DIAGNOSIS,LP_RG_DIAGNOSIS,D5,ANALYZE,mcq_single,"A loop is one out at its upper bound. On a list of a thousand items the symptom is a single missing item; on a list of two items it is half the data. Which list is the better test case, and why?","The thousand-item list, because it exercises the loop more thoroughly",Neither; the fault appears identically on both,"The thousand-item list, because small lists are special cases rather than tests","The two-item list, because the same fault produces a proportionally larger and more visible symptom",D,"The two-item list, because the same fault produces a proportionally larger and more visible symptom","The fault is the same in both, but on a large list one missing item can pass unnoticed among the rest, while on a tiny list it is unmistakable. Small inputs make boundary faults loud, which is what makes them worth testing first rather than last.",AUTHORED,
GB_LP_047,LOOPS_BASICS,LP_C11_EDGE_CASES,LP_F14_LOOP_EDGE_INPUT,LP_FAM15_LOOP_EDGE_TRACE,LP_RG_ROBUSTNESS,D4,ANALYZE,mcq_single,"A loop that finds the largest value works on every list it has been given. Given a list with exactly one item it returns that item, and given an empty list it returns the value it started from rather than failing. What does the second result show?","The starting value was chosen in the code, so an empty list simply leaves it untouched",The loop ran once on the empty list and read something that was not there,An empty list is treated as a list containing zero,The single-item case and the empty case are the same case,A,"The starting value was chosen in the code, so an empty list simply leaves it untouched","Nothing failed because nothing was attempted: the body never ran, so whatever the running maximum was initialised to is what came back. A single item behaves correctly precisely because the body does run once.",AUTHORED,
GB_LP_048,LOOPS_BASICS,LP_C11_EDGE_CASES,LP_F14_LOOP_EDGE_INPUT,LP_FAM15_LOOP_EDGE_TRACE,LP_RG_ROBUSTNESS,D5,ANALYZE,mcq_single,A loop joins the words of a list with a comma placed before each word except the first. What does it produce for a list holding exactly one word?,That word preceded by a comma,"An empty result, because there is no pair to join","That word alone, with no comma","A failure, because the first-word case has no preceding word",C,"That word alone, with no comma","The rule places a separator only between words, and one word has nothing before or after it, so no separator is placed. Working out what a rule does at its smallest input is often easier than working out what it does in general.",AUTHORED,
GB_LP_049,LOOPS_BASICS,LP_C11_EDGE_CASES,LP_F14_LOOP_EDGE_INPUT,LP_FAM15_LOOP_EDGE_TRACE,LP_RG_ROBUSTNESS,D5,ANALYZE,mcq_single,"A loop computes an average by totalling values and dividing by how many there were. One version checks for an empty list first; the other lets the division happen. On an empty list, which behaviour is preferable for a program that processes files unattended overnight?","The division, because failing loudly always beats continuing","The check, because an empty file is a real case and a nightly run should record it rather than stop","The division, because an average of an empty list is meaningfully zero",Neither; an empty file should never be produced in the first place,B,"The check, because an empty file is a real case and a nightly run should record it rather than stop","Whether to guard depends on whether the case is expected, and a program left running overnight will meet an empty file eventually. An average of nothing is not zero — it does not exist — so the guard has to report the absence rather than invent a value.",AUTHORED,
GB_LP_050,LOOPS_BASICS,LP_C11_EDGE_CASES,LP_F14_LOOP_EDGE_INPUT,LP_FAM15_LOOP_EDGE_TRACE,LP_RG_ROBUSTNESS,D5,ANALYZE,mcq_single,"A loop finds the largest value with a running maximum that starts at zero. It has been correct for years on data that has always been positive. The data now includes readings below zero. What happens, and would it be noticed?",It fails as soon as a negative reading is met,"It reports the largest negative reading correctly, since comparison still works","It reports zero, and the program stops because zero is not in the data","It reports zero whenever every reading is negative, and nothing signals a problem",D,"It reports zero whenever every reading is negative, and nothing signals a problem","The comparison still works perfectly; what fails is the starting value, which no negative reading can beat. The result is a plausible-looking number that never appeared in the data, and nothing about it announces itself.",AUTHORED,
GB_PS_001,PROBLEM_SOLVING,PS_C01_INTERPRETATION,PS_F01_REQUIREMENT_EXTRACTION,PS_FAM16_REQUIREMENT_VS_METHOD,PS_RG_INTERPRETATION,D1,UNDERSTAND,mcq_single,"A task is described as: find the highest mark in a class. Which statement says what must be true of a correct solution, rather than how to reach it?",Every mark is examined one at a time,The value reported is at least as large as every mark in the class,The marks are sorted and the last one is taken,A variable holds the largest mark seen so far,B,The value reported is at least as large as every mark in the class,"The requirement describes the answer, and any method producing an answer with that property is correct. The other three are all ways of getting there — and each would be judged by whether it satisfies the first.",AUTHORED,
GB_PS_002,PROBLEM_SOLVING,PS_C01_INTERPRETATION,PS_F01_REQUIREMENT_EXTRACTION,PS_FAM16_REQUIREMENT_VS_METHOD,PS_RG_INTERPRETATION,D1,UNDERSTAND,mcq_single,A task is described as: report how many words in a document are longer than six letters. Which of these is the requirement?,Each word is measured in turn,The document is read from beginning to end,Words of six letters or fewer are skipped,"A count is produced, and it equals the number of words longer than six letters",D,"A count is produced, and it equals the number of words longer than six letters",What must be true of the answer is that it is the right count. Reading the document and measuring words are steps somebody might take; a different method that produced the same count would be equally correct.,AUTHORED,
GB_PS_003,PROBLEM_SOLVING,PS_C01_INTERPRETATION,PS_F01_REQUIREMENT_EXTRACTION,PS_FAM16_REQUIREMENT_VS_METHOD,PS_RG_INTERPRETATION,D2,UNDERSTAND,mcq_single,"A task is described as: given a list of readings, report whether any of them is negative. Someone states the goal as ""look at each reading until a negative one is found"". What is wrong with that as a statement of the requirement?",It describes a method; the requirement is that the answer is yes exactly when a negative reading exists,Nothing; that is a correct statement of the requirement,It is too specific about the answer and should say more about the data,"It is wrong, because every reading must be examined",A,It describes a method; the requirement is that the answer is yes exactly when a negative reading exists,"The stated method happens to be a reasonable one, which is what makes it tempting. But it settles how the work proceeds rather than what would make the answer right, and it leaves no way to judge a different method.",AUTHORED,
GB_PS_004,PROBLEM_SOLVING,PS_C02_CONSTRAINTS,PS_F04_CONSTRAINT_EFFECT,PS_FAM17_CONSTRAINT_RECOGNITION,PS_RG_CONSTRAINTS,D1,UNDERSTAND,mcq_single,A problem statement says: report the largest value; the count of values may be anything from 1 to 100; the values arrive in a file. Which part is a constraint?,Report the largest value,The values arrive in a file,The count of values may be anything from 1 to 100,A repetition should be used to examine them,C,The count of values may be anything from 1 to 100,"A constraint limits what a solution may assume or do — here, the range of sizes it must cope with. Reporting the largest value is the requirement, arriving in a file is context, and choosing a repetition is a method nobody asked for.",LEGACY_REWRITE,7047a3
GB_PS_005,PROBLEM_SOLVING,PS_C02_CONSTRAINTS,PS_F04_CONSTRAINT_EFFECT,PS_FAM17_CONSTRAINT_RECOGNITION,PS_RG_CONSTRAINTS,D1,UNDERSTAND,mcq_single,"A problem says: sort the names into alphabetical order, without using any extra list. Which part is the constraint?",Sort the names,Without using any extra list,Into alphabetical order,The names are the input,B,Without using any extra list,The constraint is what rules solutions out: an otherwise perfectly good sort that builds a second list is disallowed. Sorting into alphabetical order is what must be achieved.,AUTHORED,
GB_PS_006,PROBLEM_SOLVING,PS_C02_CONSTRAINTS,PS_F04_CONSTRAINT_EFFECT,PS_FAM17_CONSTRAINT_RECOGNITION,PS_RG_CONSTRAINTS,D2,UNDERSTAND,mcq_single,"A problem says: find the two readings furthest apart, and the readings may not be reordered. Why is the second part a constraint rather than context?",Because it describes where the readings came from,Because it states what the answer must contain,Because it says how many readings there are,Because it forbids an approach — sorting first — that would otherwise solve the problem,D,Because it forbids an approach — sorting first — that would otherwise solve the problem,"Context can be ignored without affecting correctness; a constraint cannot. This one eliminates a method that would otherwise be a good one, which is exactly what makes it worth noticing before choosing an approach.",AUTHORED,
GB_PS_007,PROBLEM_SOLVING,PS_C01_INTERPRETATION,PS_F02_INPUT_IDENTIFICATION,PS_FAM02_INPUT_IDENTIFICATION,PS_RG_IO_ANALYSIS,D1,UNDERSTAND,mcq_single,A solution must work out the average of five marks. Which values are its inputs?,The five marks,The average itself,The total of the five marks,"The number five, which the solution already knows",A,The five marks,Inputs are what the solution is given; the total and the average are both things it works out for itself. Offering a value the solution must compute as though it were supplied is the commonest confusion here.,LEGACY_REWRITE,6d3090
GB_PS_008,PROBLEM_SOLVING,PS_C01_INTERPRETATION,PS_F02_INPUT_IDENTIFICATION,PS_FAM02_INPUT_IDENTIFICATION,PS_RG_IO_ANALYSIS,D1,UNDERSTAND,mcq_single,"A solution must report how many days in a month a shop was open, given a list of dates on which it opened. What is the input?",The number of days it was open,The number of days in the month,The list of dates,A statement of whether the shop was busy,C,The list of dates,The list is what the solution receives; the count is what it produces. The length of the month is not supplied and is not needed to count the entries in a list.,AUTHORED,
GB_PS_009,PROBLEM_SOLVING,PS_C01_INTERPRETATION,PS_F02_INPUT_IDENTIFICATION,PS_FAM02_INPUT_IDENTIFICATION,PS_RG_IO_ANALYSIS,D1,UNDERSTAND,mcq_single,"A solution converts a temperature from one scale to another. What is its input, and what is derived?",The converted value is the input; the original is derived,The temperature in the first scale is the input; the converted value is derived,"Both values are inputs, since both appear in the problem",The conversion formula is the input,B,The temperature in the first scale is the input; the converted value is derived,A value that appears in the problem is not automatically supplied to the solution — the converted temperature is precisely what the solution has to produce. The formula is part of the method rather than data handed over.,AUTHORED,
GB_PS_010,PROBLEM_SOLVING,PS_C01_INTERPRETATION,PS_F02_INPUT_IDENTIFICATION,PS_FAM02_INPUT_IDENTIFICATION,PS_RG_IO_ANALYSIS,D2,UNDERSTAND,mcq_single,"A solution must report the percentage of students who passed, given each student's mark and the pass threshold. Which of these is not an input?",Each student's mark,The pass threshold,The number of students,The number of students who passed,D,The number of students who passed,"The number of students who passed is what the solution works out for itself, by comparing each mark against the threshold. How many students there are is not stated separately but is available from the marks themselves, which makes it given rather than computed.",AUTHORED,
GB_PS_011,PROBLEM_SOLVING,PS_C01_INTERPRETATION,PS_F03_OUTPUT_IDENTIFICATION,PS_FAM03_OUTPUT_IDENTIFICATION,PS_RG_IO_ANALYSIS,D1,UNDERSTAND,mcq_single,A calculator adds two numbers. What should it produce?,"Their sum, as a single number",The two numbers that were added,A list containing the two numbers and their sum,The first of the two numbers,A,"Their sum, as a single number","The output is what the problem asks for and nothing more. Returning the inputs alongside the answer, or one of them instead, are both failures to produce what was asked in the form it was asked for.",LEGACY_REWRITE,70e5da
GB_PS_012,PROBLEM_SOLVING,PS_C01_INTERPRETATION,PS_F03_OUTPUT_IDENTIFICATION,PS_FAM03_OUTPUT_IDENTIFICATION,PS_RG_IO_ANALYSIS,D1,UNDERSTAND,mcq_single,A solution must report whether a list contains any duplicate value. In what form should the answer come?,The list of duplicated values,The number of duplicates found,A yes or no,The list with duplicates removed,C,A yes or no,"The question asked whether, not which or how many, so the answer is one of two values. The other three each answer a related question that was not the one put.",AUTHORED,
GB_PS_013,PROBLEM_SOLVING,PS_C01_INTERPRETATION,PS_F03_OUTPUT_IDENTIFICATION,PS_FAM03_OUTPUT_IDENTIFICATION,PS_RG_IO_ANALYSIS,D1,UNDERSTAND,mcq_single,A solution must report how many names in a list begin with the letter A. What form should its output take?,The list of names beginning with A,A single count,The first name beginning with A,Whether any name begins with A,B,A single count,"A count is a number, and producing the names themselves supplies more than was asked while still requiring the reader to count. Each wrong option is right about the data and wrong about the form.",AUTHORED,
GB_PS_014,PROBLEM_SOLVING,PS_C01_INTERPRETATION,PS_F03_OUTPUT_IDENTIFICATION,PS_FAM03_OUTPUT_IDENTIFICATION,PS_RG_IO_ANALYSIS,D2,UNDERSTAND,mcq_single,A solution must report the name of the highest-scoring student. It returns the highest score instead. Is that acceptable?,Yes; the score identifies the student uniquely,"Yes, provided no two students share the highest score",No; it should return both the name and the score,"No; the information is related but the problem asked for a name, not a number",D,"No; the information is related but the problem asked for a name, not a number","The requested form is part of the requirement, and a score is not a name however closely the two are connected. Returning both would supply more than was asked, which is a different failure from returning the wrong thing.",AUTHORED,
GB_PS_015,PROBLEM_SOLVING,PS_C01_INTERPRETATION,PS_F01_REQUIREMENT_EXTRACTION,PS_FAM01_REQUIREMENT_EXTRACTION,PS_RG_INTERPRETATION,D2,UNDERSTAND,mcq_single,"A problem says: a library wants to know which books have never been borrowed, so that shelf space can be reviewed next term. What must be true of a correct solution?",It reports exactly those books with no borrowing record,It reports the books borrowed least often,It reports how much shelf space could be saved,It reports the books in the order they were acquired,A,It reports exactly those books with no borrowing record,"The requirement is the set of books with no record at all, which is not the same as the least popular ones. Why the library wants this is context that does not change what a correct answer contains.",AUTHORED,
GB_PS_016,PROBLEM_SOLVING,PS_C01_INTERPRETATION,PS_F01_REQUIREMENT_EXTRACTION,PS_FAM01_REQUIREMENT_EXTRACTION,PS_RG_INTERPRETATION,D2,UNDERSTAND,mcq_single,"A problem says: given the times at which a machine stopped and restarted through a day, report the total time it was stopped. What must a correct solution produce?",The number of times the machine stopped,The longest single interval during which it was stopped,"One duration, being the sum of every interval between a stop and the following restart",The times at which each stop began,C,"One duration, being the sum of every interval between a stop and the following restart","The requirement names a total duration, so a count of stops or the worst single stop answers something else. Reporting the stop times restates part of the input rather than producing an answer.",AUTHORED,
GB_PS_017,PROBLEM_SOLVING,PS_C01_INTERPRETATION,PS_F01_REQUIREMENT_EXTRACTION,PS_FAM01_REQUIREMENT_EXTRACTION,PS_RG_INTERPRETATION,D3,UNDERSTAND,mcq_single,"A problem says: a form must reject an entry unless it contains an at sign and at least one dot after that sign. Which statement is the requirement, as opposed to a method or an extra rule nobody stated?",Each character of the entry is examined from left to right,An entry is accepted exactly when it contains an at sign with at least one dot somewhere after it,An entry is accepted when it contains an at sign and a dot anywhere,"An entry is accepted when it is a real, working address",B,An entry is accepted exactly when it contains an at sign with at least one dot somewhere after it,"The requirement is a precise test of the text, and the second option quietly drops the ordering the statement gave. Checking that an address really works is a stronger rule nobody asked for, and scanning left to right is one way of applying the test rather than the test itself.",AUTHORED,
GB_PS_018,PROBLEM_SOLVING,PS_C02_CONSTRAINTS,PS_F04_CONSTRAINT_EFFECT,PS_FAM04_CONSTRAINT_REASONING,PS_RG_CONSTRAINTS,D3,ANALYZE,mcq_single,A validation rule must accept ages from 18 to 60 inclusive and reject everything else. Which approach fails that rule?,Checking that the age is at least 18 and at most 60,Rejecting any age below 18 and any age above 60,Checking that the age is not below 18 and not above 60,"Checking only that the age is at least 18, since it would accept 70",D,"Checking only that the age is at least 18, since it would accept 70","One limit alone leaves the other end open, so an age well above the range slips through. The other three express the same two-sided test in different words and all satisfy the rule.",LEGACY_REWRITE,808bfe
GB_PS_019,PROBLEM_SOLVING,PS_C02_CONSTRAINTS,PS_F04_CONSTRAINT_EFFECT,PS_FAM04_CONSTRAINT_REASONING,PS_RG_CONSTRAINTS,D4,ANALYZE,mcq_single,"A problem asks for the two closest values in a list, and states that the list may not be reordered. Someone proposes sorting the list and comparing neighbours, which gives the right answer on every list tried. Why is it still wrong?","It breaks the stated constraint, and being correct on the data does not make an approach permitted",It gives the wrong answer when two values are equal,It gives the wrong answer on a list of one item,Nothing is wrong; a correct answer is what matters,A,"It breaks the stated constraint, and being correct on the data does not make an approach permitted","The approach is genuinely correct — that is what makes it a real temptation — and it is still ruled out, because the constraint forbids what it does rather than what it produces. Testing can never reveal a broken constraint; only reading the problem can.",AUTHORED,
GB_PS_020,PROBLEM_SOLVING,PS_C02_CONSTRAINTS,PS_F05_UNSTATED_ASSUMPTION,PS_FAM05_ASSUMPTION_CHECKING,PS_RG_CONSTRAINTS,D3,ANALYZE,mcq_single,An approach finds the smallest value by taking the first item and comparing the rest against it. What does it quietly assume?,That the list is in ascending order,That the values are whole numbers,That the list has at least one item,That no two values are equal,C,That the list has at least one item,"Taking a first item requires one to exist, and nothing else about the data is relied on: the comparison works on any order, on fractions, and on repeated values. An assumption is what the approach breaks without, not merely something that happens to be true.",AUTHORED,
GB_PS_021,PROBLEM_SOLVING,PS_C02_CONSTRAINTS,PS_F05_UNSTATED_ASSUMPTION,PS_FAM05_ASSUMPTION_CHECKING,PS_RG_CONSTRAINTS,D5,ANALYZE,mcq_single,"An approach reports whether a list is sorted by comparing each item with the one after it. It is later reused on a list of words rather than numbers, and it still works. On a list of mixed words and numbers it fails. What was the assumption, and when did it start to matter?",That the list holds numbers; words happened to work by coincidence,"That any two items can be compared with each other; words satisfy that among themselves, and mixed types do not","That the list is already sorted, which the mixed list was not",That the list is short enough to compare in one pass,B,"That any two items can be compared with each other; words satisfy that among themselves, and mixed types do not","The approach never needed numbers, only comparability, which is why words were fine. The assumption was invisible while every list satisfied it and became visible the moment one did not — which is the ordinary way assumptions are discovered.",AUTHORED,
GB_PS_022,PROBLEM_SOLVING,PS_C03_DECOMPOSITION,PS_F06_DECOMPOSITION_INTO_STEPS,PS_FAM06_DECOMPOSITION,PS_RG_PLANNING,D3,APPLY,mcq_single,A student attendance system must be built. Which breakdown into parts is best?,"Produce reports, then record the attendance the reports needed","Record the students, then produce reports",Build the attendance system,"Record the students, record each day's attendance, produce reports from what was recorded",D,"Record the students, record each day's attendance, produce reports from what was recorded","The three parts each do something nameable, and each can be finished before the next needs it. Producing reports first depends on data that does not exist yet, recording only students leaves attendance uncovered, and restating the whole task as one part is not a breakdown at all.",LEGACY_REWRITE,722248
GB_PS_023,PROBLEM_SOLVING,PS_C03_DECOMPOSITION,PS_F06_DECOMPOSITION_INTO_STEPS,PS_FAM06_DECOMPOSITION,PS_RG_PLANNING,D4,APPLY,mcq_single,"A task is split into three parts. Each part has been finished and tested on its own, and the combined system still fails. Which explanation fits a breakdown fault rather than a coding fault?","The parts do not cover the whole task, so something the task requires belongs to none of them",One of the parts contains a fault its own tests did not reach,The parts were built in the wrong order,"The parts are too small, so there are too many of them",A,"The parts do not cover the whole task, so something the task requires belongs to none of them","Every part working alone while the whole fails points at what lies between the parts rather than inside one. A gap in coverage is invisible to each part's own tests, because no part ever claimed the missing work.",AUTHORED,
GB_PS_024,PROBLEM_SOLVING,PS_C04_EXAMPLES,PS_F07_EXAMPLE_EVALUATION,PS_FAM07_EXAMPLE_EVALUATION,PS_RG_EXAMPLES,D2,APPLY,mcq_single,"A requirement says: report the number of values above 10. For the input 4, 10, 15, 22, which output is consistent with it?",3,15 and 22,2,37,C,2,"Exactly 2 of the values exceed 10, and 10 itself does not. Answering 3 includes the boundary value, listing the values answers in the wrong form, and 37 totals them instead of counting.",AUTHORED,
GB_PS_025,PROBLEM_SOLVING,PS_C04_EXAMPLES,PS_F07_EXAMPLE_EVALUATION,PS_FAM07_EXAMPLE_EVALUATION,PS_RG_EXAMPLES,D2,APPLY,mcq_single,"A requirement says: report the first name in the list that begins with a vowel. For the input Priya, Omar, Anita, Ethan, which output is consistent with it?",Anita,Omar,"Omar, Anita and Ethan",Priya,B,Omar,"Omar is the first entry beginning with a vowel, and first means first in the list rather than first alphabetically. Listing every match answers a different question, and Priya matches no part of the requirement.",AUTHORED,
GB_PS_026,PROBLEM_SOLVING,PS_C04_EXAMPLES,PS_F07_EXAMPLE_EVALUATION,PS_FAM07_EXAMPLE_EVALUATION,PS_RG_EXAMPLES,D4,APPLY,mcq_single,"A requirement says: report the average of the values, rounded down to a whole number. Someone offers the pair: input 3, 4, 5 with output 4. This pair is consistent with the requirement, and also with a requirement that does no rounding at all. What does that show?","The example is wrong, since rounding down should give 3",The two requirements are the same requirement stated twice,The example proves the rounding is being done correctly,"A single example can be consistent with more than one requirement, so it cannot establish which one is implemented",D,"A single example can be consistent with more than one requirement, so it cannot establish which one is implemented","The average here is exactly 4, so rounding changes nothing and the example cannot distinguish the two rules. An example that both a correct and an incorrect version satisfy tells you nothing about which you have.",AUTHORED,
GB_PS_027,PROBLEM_SOLVING,PS_C04_EXAMPLES,PS_F08_COUNTEREXAMPLE_DISPROVES,PS_FAM08_COUNTEREXAMPLE_SELECTION,PS_RG_EXAMPLES,D3,ANALYZE,mcq_single,Someone claims: adding two whole numbers always gives a larger result than either of them. Which input shows the claim is wrong?,5 and 0,5 and 3,10 and 7,2 and 2,A,5 and 0,"Adding zero leaves the value unchanged, so the result is not larger than 5. The other three all satisfy the claim perfectly well, which is exactly why they cannot disprove it however many are tried.",AUTHORED,
GB_PS_028,PROBLEM_SOLVING,PS_C04_EXAMPLES,PS_F08_COUNTEREXAMPLE_DISPROVES,PS_FAM08_COUNTEREXAMPLE_SELECTION,PS_RG_EXAMPLES,D5,ANALYZE,mcq_single,A rule is claimed to hold for every input. Twenty inputs have been tried and it held on all twenty. What has been established?,"That the rule is very likely correct, since twenty is a large sample","That the rule is correct, since no counterexample exists","Nothing about the remaining inputs; the rule is not yet disproved, and that is all",That the rule holds for inputs similar to the twenty,C,"Nothing about the remaining inputs; the rule is not yet disproved, and that is all","Any number of successes is consistent with the rule failing on the twenty-first, while a single failure settles the matter outright. That asymmetry is why testing can find faults and cannot demonstrate their absence.",AUTHORED,
GB_PS_029,PROBLEM_SOLVING,PS_C04_EXAMPLES,PS_F08_COUNTEREXAMPLE_DISPROVES,PS_FAM08_COUNTEREXAMPLE_SELECTION,PS_RG_EXAMPLES,D5,ANALYZE,mcq_single,Someone claims: the longest word in a sentence is always the last one to be examined when the words are checked in order. A counterexample is offered in which the longest word is first. Someone objects that the sentence was unusually short. Is the objection sound?,Yes; a counterexample must be a typical input to count,"No; one input on which the claim fails disproves it, whatever else is true of that input",Yes; short sentences are a special case and should be excluded,"No, but only because short sentences are common in practice",B,"No; one input on which the claim fails disproves it, whatever else is true of that input","A universal claim is refuted by any single input it does not cover, and unusualness is not a defence unless the problem excluded such inputs. Whether short sentences are common is beside the point — that would matter for deciding priority, not truth.",AUTHORED,
GB_PS_030,PROBLEM_SOLVING,PS_C05_PATTERNS,PS_F09_PATTERN_DISCOVERY,PS_FAM09_PATTERN_INFERENCE,PS_RG_PATTERNS,D3,ANALYZE,mcq_single,"A procedure gives these results: for the list 1, 2, 3 it returns 3; for 4, 4 it returns 2; for 7 it returns 1; for the empty list it returns 0. What rule fits every pair?",It returns the largest value in the list,It returns the total of the values,It returns the last value in the list,It returns how many items the list holds,D,It returns how many items the list holds,"Counting the items fits all four results, including the empty list. The largest value and the last value both fit the first pair by coincidence and fail on 4, 4; totalling fails on 1, 2, 3.",AUTHORED,
GB_PS_031,PROBLEM_SOLVING,PS_C05_PATTERNS,PS_F09_PATTERN_DISCOVERY,PS_FAM09_PATTERN_INFERENCE,PS_RG_PATTERNS,D4,ANALYZE,mcq_single,"A procedure returns 6 for the list 1, 2, 3 and returns 6 for the list 3, 2, 1. Someone concludes it totals the values. Which further pair would most strongly test that conclusion?","A list whose total differs from its product, such as 2, 3, 4",Another list of three values that add to 6,"The list 1, 2, 3 again, to confirm the result","A list of six values, to check it handles more data",A,"A list whose total differs from its product, such as 2, 3, 4","Both given lists have a total of 6 and a product of 6, so neither separates the two rules. A list where they differ does; repeating a list that already agreed, or changing only the size, adds nothing.",AUTHORED,
GB_PS_032,PROBLEM_SOLVING,PS_C06_ALGORITHM_PLANNING,PS_F10_ALGORITHM_SELECTION,PS_FAM10_ALGORITHM_SELECTION,PS_RG_PLANNING,D3,EVALUATE,mcq_single,A solution must decide whether a whole number is even. Which approach fits?,Test whether the number is greater than zero,Test whether the number appears in a stored list of even numbers,Test whether the remainder on dividing by 2 is zero,Count how many times 2 fits into the number,C,Test whether the remainder on dividing by 2 is zero,"A remainder of zero is exactly what being even means, and it works for any whole number. A stored list can only cover a bounded range, counting how many times 2 fits answers a different question, and being positive has nothing to do with it.",LEGACY_REWRITE,e00980
GB_PS_033,PROBLEM_SOLVING,PS_C06_ALGORITHM_PLANNING,PS_F10_ALGORITHM_SELECTION,PS_FAM10_ALGORITHM_SELECTION,PS_RG_PLANNING,D5,EVALUATE,mcq_single,A solution must find whether a value is present in a list. One approach checks each item in turn; another jumps to the middle and discards half at each step. The problem says nothing about the order of the list. Which approach is appropriate?,"Jumping to the middle, because it does less work","Checking each item in turn, because discarding half only works on data known to be in order","Either, since both find the value eventually","Jumping to the middle, after sorting the list first, which costs nothing",B,"Checking each item in turn, because discarding half only works on data known to be in order","The faster approach is correct only under a promise the problem never made, and applying it to unordered data gives wrong answers rather than slow ones. Sorting first would make it valid and is not free, so it is a different approach with a different cost.",AUTHORED,
GB_PS_034,PROBLEM_SOLVING,PS_C06_ALGORITHM_PLANNING,PS_F10_ALGORITHM_SELECTION,PS_FAM10_ALGORITHM_SELECTION,PS_RG_PLANNING,D5,EVALUATE,mcq_single,"A list is searched for a value many times over, and the list itself never changes. One approach checks each item in turn on every search; another sorts the list once and then discards half at each step. Which is preferable, and what does the choice cost?","Checking each item, because sorting is extra work that was not asked for","Checking each item, because sorting changes the data",Either; the two do the same total amount of work,"Sorting once, because the cost is paid a single time and every later search does far less work",D,"Sorting once, because the cost is paid a single time and every later search does far less work","The right comparison is over all the searches, not one. A one-off cost spread across many uses is a different proposition from the same cost paid every time, which is why the number of searches and the data not changing are both part of the question.",AUTHORED,
GB_PS_035,PROBLEM_SOLVING,PS_C07_STATE_TRACKING,PS_F11_STATE_THROUGH_STEPS,PS_FAM11_STATE_TRACING,PS_RG_TRACING,D2,APPLY,mcq_single,"A procedure starts with a jar holding 12 marbles. It removes 3, then adds 5, then removes 2. How many marbles are in the jar at the end?",12,10,14,22,A,12,"Working through in order gives 9, then 14, then 12. Answering 22 adds every quantity mentioned without regard to direction, and the other answers stop a step early or late.",AUTHORED,
GB_PS_036,PROBLEM_SOLVING,PS_C07_STATE_TRACKING,PS_F11_STATE_THROUGH_STEPS,PS_FAM11_STATE_TRACING,PS_RG_TRACING,D2,APPLY,mcq_single,"A procedure keeps a note of the largest value seen. It examines 6, then 11, then 4, then 9. What does the note hold after the third value has been examined?",4,9,11,6,C,11,"The note is updated only when a larger value appears, so 11 replaces 6 and 4 changes nothing. Answering 4 reports the value just examined rather than the largest, and 9 looks one step too far ahead.",AUTHORED,
GB_PS_037,PROBLEM_SOLVING,PS_C07_STATE_TRACKING,PS_F11_STATE_THROUGH_STEPS,PS_FAM11_STATE_TRACING,PS_RG_TRACING,D4,APPLY,mcq_single,"A procedure keeps a running total and a note of the largest value. Over the values 5, 2, 8 it reports a total of 15 and a largest of 8. Someone changes the order to 8, 5, 2 and expects both reported values to change. Only one does. Which, and why?","The total changes, because additions accumulate in order",Neither changes; both a total and a largest are unaffected by the order the values arrive in,"The largest changes, because it is set by the first value","The largest changes, because 8 is now examined first",B,Neither changes; both a total and a largest are unaffected by the order the values arrive in,"Adding gives the same result in any order, and the largest value of a set does not depend on when it was met. The expectation that reordering must change something is exactly what the trace disproves — and the premise that only one changes is itself wrong.",AUTHORED,
GB_PS_038,PROBLEM_SOLVING,PS_C08_EDGE_CASES,PS_F12_EDGE_CASE_DISCOVERY,PS_FAM12_EDGE_CASE_DISCOVERY,PS_RG_ROBUSTNESS,D3,ANALYZE,mcq_single,An approach reports the average of a list of readings. Which input is most likely to break it?,A list of a thousand readings,A list where every reading is the same,A list containing a very large reading,A list with no readings at all,D,A list with no readings at all,"An empty list makes the count zero, and dividing by it is where the approach fails. Size, repetition and magnitude are all handled by the same arithmetic that handles ordinary data.",AUTHORED,
GB_PS_039,PROBLEM_SOLVING,PS_C08_EDGE_CASES,PS_F12_EDGE_CASE_DISCOVERY,PS_FAM12_EDGE_CASE_DISCOVERY,PS_RG_ROBUSTNESS,D4,ANALYZE,mcq_single,"An approach reports the difference between the largest and smallest values. It has been tried on lists of many values and on lists where values repeat, and behaved correctly on all of them. Which untried input is most likely to break it?",A list holding exactly one value,A list of ten thousand values,A list where the largest value appears twice,A list where every value is negative,A,A list holding exactly one value,"Repetition and size have already been covered by the testing described, and negatives are handled by the same comparison as positives. A single value is the case where largest and smallest are the same item, which the approach may never have had to consider.",AUTHORED,
GB_PS_040,PROBLEM_SOLVING,PS_C08_EDGE_CASES,PS_F12_EDGE_CASE_DISCOVERY,PS_FAM12_EDGE_CASE_DISCOVERY,PS_RG_ROBUSTNESS,D5,ANALYZE,mcq_single,"An approach splits a bill equally between the people at a table. Which two inputs should be tried first, and why those?","A very large bill and a very small bill, because the arithmetic differs at the extremes","A bill that divides exactly and one that does not, because rounding is the risk","A table of one person and a table of none, because one removes the division entirely and the other removes what to divide by","A table of two and a table of three, because those are the common cases",C,"A table of one person and a table of none, because one removes the division entirely and the other removes what to divide by","The boundaries of the count are where the operation itself changes character, and a count of zero makes the division impossible rather than merely awkward. Rounding is a real concern but produces a slightly wrong answer, not a failure.",AUTHORED,
GB_PS_041,PROBLEM_SOLVING,PS_C09_CORRECTNESS,PS_F13_BUG_DIAGNOSIS_FROM_BEHAVIOUR,PS_FAM13_BUG_DIAGNOSIS,PS_RG_DIAGNOSIS,D3,ANALYZE,mcq_single,A procedure should report the number of values above a threshold. It reports the total of those values instead. Which step is wrong?,The comparison against the threshold,"The step that updates the running result, which adds the value rather than adding one",The step that reads each value,The step that reports the result at the end,B,"The step that updates the running result, which adds the value rather than adding one",The values counted are the right ones — the reported figure is built from exactly those above the threshold — so the comparison is doing its job. What differs is what gets added when the comparison succeeds.,AUTHORED,
GB_PS_042,PROBLEM_SOLVING,PS_C09_CORRECTNESS,PS_F13_BUG_DIAGNOSIS_FROM_BEHAVIOUR,PS_FAM13_BUG_DIAGNOSIS,PS_RG_DIAGNOSIS,D4,ANALYZE,mcq_single,"A procedure reports the largest value in a list. It is correct for every list whose largest value is not the last item, and wrong when the largest is last. Which step is at fault?","The comparison, which is the wrong way round",The step that sets the starting value,The step that reports the result,"The step deciding when to stop, which finishes one item early",D,"The step deciding when to stop, which finishes one item early","Being wrong exactly when the answer is at the end places the fault at the far end of the traversal. A reversed comparison would fail whenever the largest was not first, and a bad starting value would fail on whole categories of data rather than on one position.",AUTHORED,
GB_PS_043,PROBLEM_SOLVING,PS_C09_CORRECTNESS,PS_F13_BUG_DIAGNOSIS_FROM_BEHAVIOUR,PS_FAM13_BUG_DIAGNOSIS,PS_RG_DIAGNOSIS,D5,ANALYZE,mcq_single,"A procedure gives the right answer on every list of one item and the wrong answer on longer lists. Which kind of fault fits, and why is a single-item test unable to reveal it?","Something that only happens after the first item — a step that stops early, or one that mishandles the second onwards; with one item there is no ""after the first""","A fault in reading the input, which a single item happens to avoid","A fault in the starting value, which one item overwrites","A fault in reporting, which is unaffected by the number of items",A,"Something that only happens after the first item — a step that stops early, or one that mishandles the second onwards; with one item there is no ""after the first""","A list of one exercises the setup and the finish but never the repetition, so any fault living in the repeated part is invisible. Choosing a test that exercises the part under suspicion is the whole point of choosing tests deliberately.",AUTHORED,
GB_PS_044,PROBLEM_SOLVING,PS_C09_CORRECTNESS,PS_F13_BUG_DIAGNOSIS_FROM_BEHAVIOUR,PS_FAM13_BUG_DIAGNOSIS,PS_RG_DIAGNOSIS,D5,ANALYZE,mcq_single,"A procedure has been wrong for months without anyone noticing, because its answer is always close to correct. A second procedure was wrong by a large amount and was found the same day. Which fault is more serious, and on what grounds?","The one that is far wrong, because the size of the error measures the harm","They are equally serious, since both are wrong","The one that is nearly right, because plausible answers are acted on while implausible ones are questioned","The one that is nearly right, because small faults are harder to repair",C,"The one that is nearly right, because plausible answers are acted on while implausible ones are questioned","Being noticed is what limits the damage a fault can do, and an answer close to the truth passes every informal check a person makes. The size of the error and the harm it causes are not the same quantity; difficulty of repair is a separate matter again.",AUTHORED,
GB_PS_045,PROBLEM_SOLVING,PS_C10_COMPARISON,PS_F14_SOLUTION_COMPARISON,PS_FAM14_SOLUTION_COMPARISON,PS_RG_EVALUATION,D4,EVALUATE,mcq_single,"Two working approaches find whether any value in a list exceeds a limit. One examines every value; the other stops at the first value that exceeds it. Both give the same answer on every input. On the stated priority of doing less work, which is preferable?","The one that examines everything, since it is more thorough","The one that stops early, since no later value can change an answer that is already settled","Neither; they do the same work in the worst case, so the priority does not separate them","The one that examines everything, since stopping early risks missing a value",B,"The one that stops early, since no later value can change an answer that is already settled","Once a value above the limit has been found the answer cannot change, so the remaining work is certain to be wasted. That the two are identical in the worst case does not make them identical, and the priority named was work rather than worst case.",AUTHORED,
GB_PS_046,PROBLEM_SOLVING,PS_C10_COMPARISON,PS_F14_SOLUTION_COMPARISON,PS_FAM14_SOLUTION_COMPARISON,PS_RG_EVALUATION,D4,EVALUATE,mcq_single,Two working approaches produce the same report. One reads the data twice; the other reads it once into memory and works from there. The stated priority is to handle files far larger than memory. Which is preferable?,"The one that reads once, since reading is the slow part",Either; both produce the same report,"The one that reads once, since two passes always take twice as long","The one that reads twice, since the other cannot hold a file larger than memory at all",D,"The one that reads twice, since the other cannot hold a file larger than memory at all","The priority names the constraint that decides it: an approach requiring the whole file in memory does not merely run slowly on a large file, it cannot run. Reading twice is more work and is the only one of the two that meets the stated condition.",AUTHORED,
GB_PS_047,PROBLEM_SOLVING,PS_C10_COMPARISON,PS_F14_SOLUTION_COMPARISON,PS_FAM14_SOLUTION_COMPARISON,PS_RG_EVALUATION,D5,EVALUATE,mcq_single,Two approaches are correct. One is shorter and harder to follow; the other is longer and obvious. No priority has been stated. What is the right thing to do?,"Ask what matters here, since without a stated priority neither is better and the choice is not a technical one","Choose the shorter one, since less code is always better","Choose the longer one, since clarity is always the priority",Choose either; correct solutions are interchangeable,A,"Ask what matters here, since without a stated priority neither is better and the choice is not a technical one","Both work, so correctness cannot decide, and the grounds for choosing are exactly what has not been supplied. Adopting a general rule in place of the missing priority is how a preference gets mistaken for a finding.",AUTHORED,
GB_PS_048,PROBLEM_SOLVING,PS_C11_TESTING,PS_F15_TEST_SELECTION,PS_FAM15_TEST_SELECTION,PS_RG_ROBUSTNESS,D3,EVALUATE,mcq_single,A solution is suspected of excluding the boundary value when it should include it. The rule is that a mark of 40 or more passes. Which test would reveal the fault?,A mark of 75,A mark of 12,A mark of exactly 40,A mark of 100,C,A mark of exactly 40,"A correct and an incorrect version agree on every mark except the boundary, so only the boundary can tell them apart. Comfortably passing or failing marks are handled identically by both.",AUTHORED,
GB_PS_049,PROBLEM_SOLVING,PS_C11_TESTING,PS_F15_TEST_SELECTION,PS_FAM15_TEST_SELECTION,PS_RG_ROBUSTNESS,D4,EVALUATE,mcq_single,"A solution totals a list. It is suspected of resetting the total on each pass, which would report the last value instead of the sum. It has already been tested on the list 5 and passed. What does that test establish, and what should be tried?","That the fault is not present, since the total was correct","Nothing, because on a single value the sum and the last value are the same; a list of two differing values is needed","That the fault is present, since a single value cannot be summed","Nothing, and a longer list of a hundred values should be tried",B,"Nothing, because on a single value the sum and the last value are the same; a list of two differing values is needed","A test only tells you something when a correct and an incorrect version would answer differently, and on one value they do not. Two differing values separate them immediately; a hundred values would too, at more cost and no more information.",AUTHORED,
GB_PS_050,PROBLEM_SOLVING,PS_C11_TESTING,PS_F15_TEST_SELECTION,PS_FAM15_TEST_SELECTION,PS_RG_ROBUSTNESS,D5,EVALUATE,mcq_single,A team writes fifty tests and all fifty pass. A fault is later found in the code the tests cover. What does that show about the tests?,That fifty tests are too few and more are needed,That the tests were run incorrectly,That the fault must lie outside the code the tests cover,"That every one of them was passed equally by the correct and the faulty version, so none discriminated at the point that mattered",D,"That every one of them was passed equally by the correct and the faulty version, so none discriminated at the point that mattered","Tests passing on faulty code means the faulty behaviour was never exercised in a way that changed a result, whatever the tests nominally covered. Adding more of the same kind repeats the gap; what is needed is a test the two versions would answer differently.",AUTHORED,
GB_PGF_001,PROGRAMMING_FUNDAMENTALS,PGF_C01_VARIABLES,PGF_F01_ASSIGNMENT_STORES_VALUE,PGF_FAM01_ASSIGNMENT_DIRECTION,PGF_RG_VARIABLES,D1,REMEMBER,mcq_single,"A program contains the single line: count = 7. Which name changes, and what does it hold afterwards?","7 changes, and it holds count","count changes, and it holds 7",Both count and 7 change,Nothing changes; the line states that count and 7 are equal,B,"count changes, and it holds 7","Assignment stores the value on the right into the name on the left, so only count changes. The line is an instruction to store something, not a claim that two things are equal.",AUTHORED,
GB_PGF_002,PROGRAMMING_FUNDAMENTALS,PGF_C01_VARIABLES,PGF_F01_ASSIGNMENT_STORES_VALUE,PGF_FAM01_ASSIGNMENT_DIRECTION,PGF_RG_VARIABLES,D1,REMEMBER,mcq_single,A program contains the single line: total = price. What is true immediately afterwards?,price holds whatever value total held,"total and price are linked, so changing either one changes the other",The line is only correct if total and price already held the same value,total holds whatever value price held,D,total holds whatever value price held,"The value travels from the right-hand name into the left-hand one, and the copy is finished the moment the line ends. Nothing links the two afterwards, and nothing about the line has to be true beforehand.",AUTHORED,
GB_PGF_003,PROGRAMMING_FUNDAMENTALS,PGF_C01_VARIABLES,PGF_F01_ASSIGNMENT_STORES_VALUE,PGF_FAM01_ASSIGNMENT_DIRECTION,PGF_RG_VARIABLES,D1,REMEMBER,mcq_single,A program contains the line: n = n + 1. How can such a line be valid?,"The value in n is read, one is added to it, and the result is stored back into n","It cannot be valid, because a value cannot equal itself plus one",It sets n to 1,"It creates a second variable, also called n",A,"The value in n is read, one is added to it, and the result is stored back into n","The right-hand side is worked out first, using the value n holds at that moment; only then is the result stored back. Read as a claim of equality the line would indeed be impossible, which is exactly why the difference matters.",AUTHORED,
GB_PGF_004,PROGRAMMING_FUNDAMENTALS,PGF_C01_VARIABLES,PGF_F01_ASSIGNMENT_STORES_VALUE,PGF_FAM01_ASSIGNMENT_DIRECTION,PGF_RG_VARIABLES,D1,REMEMBER,mcq_single,"A program runs x = 2 and then x = 9. What does x hold, and what became of the 2?","x holds 2, and the second line was ignored",x holds both 2 and 9,"x holds 9, and the 2 was replaced","x holds 11, because the two values were combined",C,"x holds 9, and the 2 was replaced","A name holds one value at a time, and storing a new one discards what was there. Nothing accumulates and nothing is kept alongside.",AUTHORED,
GB_PGF_005,PROGRAMMING_FUNDAMENTALS,PGF_C01_VARIABLES,PGF_F01_ASSIGNMENT_STORES_VALUE,PGF_FAM01_ASSIGNMENT_DIRECTION,PGF_RG_VARIABLES,D2,REMEMBER,mcq_single,"A program runs three lines in order: A = 1, then B = 2, then A = B. What do A and B hold at the end?",A holds 1 and B holds 1,A holds 2 and B holds 2,A holds 1 and B holds 2,A holds 2 and B holds 1,B,A holds 2 and B holds 2,"The third line copies B into A, so A becomes 2 and B is untouched. Reading it right to left would give the opposite, treating it as an exchange would swap them, and treating it as a statement about equality would leave both alone.",LEGACY_REWRITE,71d550
GB_PGF_006,PROGRAMMING_FUNDAMENTALS,PGF_C02_TYPES,PGF_F02_VALUES_HAVE_TYPES,PGF_FAM02_LITERAL_TYPE,PGF_RG_TYPES,D1,REMEMBER,mcq_single,"In a program, a value is written as ""5"", with the quotation marks. What type of value is it?",A whole number,A decimal number,A true-or-false value,Text,D,Text,"The quotation marks are what make it text; the character between them happens to be a digit, which changes nothing. Written as 5 without quotes it would be a whole number.",AUTHORED,
GB_PGF_007,PROGRAMMING_FUNDAMENTALS,PGF_C02_TYPES,PGF_F02_VALUES_HAVE_TYPES,PGF_FAM02_LITERAL_TYPE,PGF_RG_TYPES,D1,REMEMBER,mcq_single,Which of these values is written as text?,"""42""",42,42.0,True,A,"""42""","Only the quoted one is text. The other three are a whole number, a decimal number and a true-or-false value — different types from each other, but none of them text.",AUTHORED,
GB_PGF_008,PROGRAMMING_FUNDAMENTALS,PGF_C02_TYPES,PGF_F02_VALUES_HAVE_TYPES,PGF_FAM02_LITERAL_TYPE,PGF_RG_TYPES,D1,REMEMBER,mcq_single,Which of these values is not a number?,7,7.0,"""7""",-7,C,"""7""","Digits inside quotation marks are text, and text cannot be used in arithmetic without being converted first. A whole number, a decimal number and a negative number are all still numbers.",AUTHORED,
GB_PGF_009,PROGRAMMING_FUNDAMENTALS,PGF_C02_TYPES,PGF_F02_VALUES_HAVE_TYPES,PGF_FAM02_LITERAL_TYPE,PGF_RG_TYPES,D2,REMEMBER,mcq_single,"A program runs x = ""5"" and y = 5. Which statement is correct?",Both hold the number 5,"x holds text and y holds a number, so the two are different types",Both hold text,"x holds 5 and y holds ""5"", because the quotation marks are removed when a value is stored",B,"x holds text and y holds a number, so the two are different types","What is written decides the type, and the quotation marks are part of what is written, not punctuation that gets stripped away. The two names hold values that look alike and behave completely differently.",AUTHORED,
GB_PGF_010,PROGRAMMING_FUNDAMENTALS,PGF_C03_OUTPUT,PGF_F03_OUTPUT_DISPLAYS_ONLY,PGF_FAM03_SINGLE_OUTPUT,PGF_RG_OUTPUT,D1,UNDERSTAND,mcq_single,"A program runs label = ""ready"" and then print(label). What appears?",label,"""ready""","Nothing, because label was only stored and not calculated",ready,D,ready,"The name is replaced by the value it holds, and the quotation marks are part of how the text was written rather than part of the text. Printing the name itself would need it quoted.",AUTHORED,
GB_PGF_011,PROGRAMMING_FUNDAMENTALS,PGF_C03_OUTPUT,PGF_F03_OUTPUT_DISPLAYS_ONLY,PGF_FAM03_SINGLE_OUTPUT,PGF_RG_OUTPUT,D1,UNDERSTAND,mcq_single,"A program runs x = 4, then x = 9, then print(x). What appears?",9,4,13,49,A,9,"Printing shows what the name holds at the moment the line runs, which is the most recent value stored in it. Earlier values are gone, not remembered or combined.",AUTHORED,
GB_PGF_012,PROGRAMMING_FUNDAMENTALS,PGF_C03_OUTPUT,PGF_F03_OUTPUT_DISPLAYS_ONLY,PGF_FAM03_SINGLE_OUTPUT,PGF_RG_OUTPUT,D1,UNDERSTAND,mcq_single,"A program runs print(""total""). What appears?",The value stored in a variable called total,"""total""",total,"Nothing, because total was never given a value",C,total,"Quotation marks mean the text itself is being printed, so no variable is involved and none needs to exist. Without the quotes the line would print the value of a variable named total.",AUTHORED,
GB_PGF_013,PROGRAMMING_FUNDAMENTALS,PGF_C03_OUTPUT,PGF_F03_OUTPUT_DISPLAYS_ONLY,PGF_FAM03_SINGLE_OUTPUT,PGF_RG_OUTPUT,D2,UNDERSTAND,mcq_single,A line prints the value a variable holds. What else does that line change?,"It clears the variable, since the value has now been used",Nothing; printing displays a value and leaves everything as it was,It stores the printed text back into the variable,It converts the variable to text permanently,B,Nothing; printing displays a value and leaves everything as it was,Output is a one-way operation: it reports what is there and alters nothing. A variable can be printed any number of times and still hold the same value afterwards.,AUTHORED,
GB_PGF_014,PROGRAMMING_FUNDAMENTALS,PGF_C04_EXPRESSIONS,PGF_F04_EXPRESSIONS_PRODUCE_VALUES,PGF_FAM05_EXPRESSION_EVALUATION,PGF_RG_EXPRESSIONS,D2,APPLY,mcq_single,A program runs x = 7 / 2. What does x hold?,The whole number 3,"The text ""3.5""","The expression 7 / 2, worked out only when x is printed",The decimal number 3.5,D,The decimal number 3.5,"The right-hand side is worked out immediately and the single value it produces is what gets stored. Ordinary division keeps the fractional part, and the result is a number rather than text.",AUTHORED,
GB_PGF_015,PROGRAMMING_FUNDAMENTALS,PGF_C04_EXPRESSIONS,PGF_F04_EXPRESSIONS_PRODUCE_VALUES,PGF_FAM05_EXPRESSION_EVALUATION,PGF_RG_EXPRESSIONS,D3,APPLY,mcq_single,"A program runs print(4 + 5.0). What is produced, and of what type?","9.0, a decimal number","9, a whole number","""45"", text","A failure, because a whole number and a decimal number cannot be added",A,"9.0, a decimal number","Mixing a whole number with a decimal one is allowed, and the result carries the decimal type so that no part of the value can be lost. Addition on numbers never joins them as text.",AUTHORED,
GB_PGF_016,PROGRAMMING_FUNDAMENTALS,PGF_C04_EXPRESSIONS,PGF_F05_PRECEDENCE_DECIDES_ORDER,PGF_FAM06_PRECEDENCE_REASONING,PGF_RG_EXPRESSIONS,D2,APPLY,mcq_single,A program runs print(6 + 2 * 2). What is produced?,16,8,10,12,C,10,"Multiplication is carried out before addition, so 2 * 2 is worked out first and 6 is added to it, giving 10. Working strictly left to right would give 16, which is the answer that shows precedence has not been applied.",LEGACY_REMAP,094b60
GB_PGF_017,PROGRAMMING_FUNDAMENTALS,PGF_C04_EXPRESSIONS,PGF_F05_PRECEDENCE_DECIDES_ORDER,PGF_FAM06_PRECEDENCE_REASONING,PGF_RG_EXPRESSIONS,D3,APPLY,mcq_single,A program runs print(10 - 2 * 3). What is produced?,24,4,30,6,B,4,"The multiplication happens first, and subtracting its result from 10 leaves 4. Working left to right would subtract before multiplying and give 24 instead.",AUTHORED,
GB_PGF_018,PROGRAMMING_FUNDAMENTALS,PGF_C04_EXPRESSIONS,PGF_F05_PRECEDENCE_DECIDES_ORDER,PGF_FAM06_PRECEDENCE_REASONING,PGF_RG_EXPRESSIONS,D4,APPLY,mcq_single,"A programmer wants the sum of 2 and 3, doubled. They write print(2 + 3 * 2), and it produces 8 rather than 10. What single change gives the intended result?","Bracket the multiplication, as 2 + (3 * 2)",Write 3 + 2 * 2 instead,Replace the multiplication with another addition,"Bracket the addition, as (2 + 3) * 2",D,"Bracket the addition, as (2 + 3) * 2","The output of 8 is the giveaway: 3 was doubled and 2 added, so the multiplication ran first. Brackets are what override that order. Bracketing the multiplication changes nothing, since that is already what happens.",AUTHORED,
GB_PGF_019,PROGRAMMING_FUNDAMENTALS,PGF_C02_TYPES,PGF_F02_VALUES_HAVE_TYPES,PGF_FAM07_TYPE_DRIVEN_OPERATOR,PGF_RG_TYPES,D2,ANALYZE,mcq_single,"A program runs print(""5"" + ""5""). What is produced?",55,10,"A failure, because text cannot be added",5 5,A,55,"Both values are text, and the same symbol that adds numbers joins text end to end. No space is inserted, and nothing about the operation is illegal — which is what makes the result easy to miss.",AUTHORED,
GB_PGF_020,PROGRAMMING_FUNDAMENTALS,PGF_C02_TYPES,PGF_F02_VALUES_HAVE_TYPES,PGF_FAM07_TYPE_DRIVEN_OPERATOR,PGF_RG_TYPES,D3,ANALYZE,mcq_single,"A program runs a = 5, then b = ""5"", then print(a + b). What happens?",It produces 10,It produces 55,"It fails, because a number and a piece of text cannot be added together",It produces 5 5,C,"It fails, because a number and a piece of text cannot be added together","Joining two pieces of text works and adding two numbers works, but combining one of each has no agreed meaning, so the program stops. Converting one of them first is what makes the line valid, and which conversion is chosen decides whether 10 or 55 comes out.",AUTHORED,
GB_PGF_021,PROGRAMMING_FUNDAMENTALS,PGF_C02_TYPES,PGF_F02_VALUES_HAVE_TYPES,PGF_FAM07_TYPE_DRIVEN_OPERATOR,PGF_RG_TYPES,D4,ANALYZE,mcq_single,"In one program a line using + produces 6, and in another a line using + produces 33. Both lines combine two values that are written with the digit 3. What distinguishes them?",One used decimal numbers and the other whole numbers,One added two numbers; the other joined two pieces of text,The second contains a fault that repeated the value,The second converted its result to text after adding,B,One added two numbers; the other joined two pieces of text,"The same symbol does different work depending on the types it is given, and 33 is the signature of text being joined rather than numbers being added. Nothing is broken in the second line; it is doing exactly what its types call for.",AUTHORED,
GB_PGF_022,PROGRAMMING_FUNDAMENTALS,PGF_C05_INPUT,PGF_F06_INPUT_ARRIVES_AS_TEXT,PGF_FAM08_INPUT_CONVERSION,PGF_RG_INPUT,D2,APPLY,mcq_single,"A program reads a value typed in by the person using it. Before that value can be used in arithmetic, what has to happen?",Nothing; typed digits arrive as numbers already,It has to be printed first,It has to be copied into a second variable,It has to be converted from text into a number,D,It has to be converted from text into a number,"Whatever is typed arrives as text, digits included, because the program cannot know in advance what kind of thing was meant. Until it is converted, arithmetic on it either fails or does something quite different from what was intended.",AUTHORED,
GB_PGF_023,PROGRAMMING_FUNDAMENTALS,PGF_C05_INPUT,PGF_F06_INPUT_ARRIVES_AS_TEXT,PGF_FAM08_INPUT_CONVERSION,PGF_RG_INPUT,D3,APPLY,mcq_single,A program reads two values typed by the person and combines them with + without converting either. The person types 2 and then 3. What is produced?,23,5,"A failure, because the values were not converted",2 3,A,23,"Both values are text, so + joins them rather than adding them. Nothing illegal has happened, which is why the program runs happily and produces a result that is simply wrong.",AUTHORED,
GB_PGF_024,PROGRAMMING_FUNDAMENTALS,PGF_C05_INPUT,PGF_F06_INPUT_ARRIVES_AS_TEXT,PGF_FAM08_INPUT_CONVERSION,PGF_RG_INPUT,D4,APPLY,mcq_single,"A program is meant to add two numbers typed by the person. Given 2 and 3 it produces 23, and it does not stop or report anything. Where is the fault?",The wrong arithmetic operator was used,The values were printed before they were added,"The values were never converted from text, so + joined them instead of adding them",Only one of the two values was actually read,C,"The values were never converted from text, so + joined them instead of adding them",That it produces something rather than failing is the clue that rules out a missing value or a broken operator: the line ran successfully. Joining two pieces of text is the one behaviour that turns 2 and 3 into 23.,AUTHORED,
GB_PGF_025,PROGRAMMING_FUNDAMENTALS,PGF_C06_SEQUENCE,PGF_F07_ORDER_CHANGES_RESULT,PGF_FAM09_STATEMENT_ORDER,PGF_RG_SEQUENCE,D2,ANALYZE,mcq_single,Compare x = 5 followed by print(x) with print(x) followed by x = 5. Do the two orders behave the same?,Yes; both store 5 in x and print it,"No; the second fails, because x has no value at the moment it is printed",No; the second prints 0,"Yes, provided x is used again later",B,"No; the second fails, because x has no value at the moment it is printed","Lines run in the order they are written, and a name cannot be read before anything has been stored in it. Nothing supplies a starting value of zero on the programmer's behalf.",AUTHORED,
GB_PGF_026,PROGRAMMING_FUNDAMENTALS,PGF_C06_SEQUENCE,PGF_F07_ORDER_CHANGES_RESULT,PGF_FAM09_STATEMENT_ORDER,PGF_RG_SEQUENCE,D3,ANALYZE,mcq_single,Compare a = 1 followed by b = 2 with b = 2 followed by a = 1. Do the two orders behave the same?,No; whichever variable is assigned first takes priority,No; a has to exist before b can,Only if a and b end up holding the same value,Yes; neither line depends on the other,D,Yes; neither line depends on the other,"Order matters when one line uses something an earlier line produced, and here neither does. Recognising when reordering is harmless is as much part of the skill as recognising when it is not.",AUTHORED,
GB_PGF_027,PROGRAMMING_FUNDAMENTALS,PGF_C06_SEQUENCE,PGF_F07_ORDER_CHANGES_RESULT,PGF_FAM09_STATEMENT_ORDER,PGF_RG_SEQUENCE,D4,ANALYZE,mcq_single,"A program sets a total to zero, adds several values to it, then prints it, and the answer is right. Moving the print above the additions makes it print 0 instead of failing. What does that tell you?","The total already existed with a starting value of zero, so printing early shows that starting value",Printing a number that has not been used yet always shows 0,"The additions still ran, but their result arrived too late to be printed","The two orders are equivalent, and the 0 is unrelated to the move",A,"The total already existed with a starting value of zero, so printing early shows that starting value","Printing early would fail outright if the name held nothing, so the fact that it printed at all shows a value was already there. What the move changed is when the value was read, not whether the additions happened.",AUTHORED,
GB_PGF_028,PROGRAMMING_FUNDAMENTALS,PGF_C04_EXPRESSIONS,PGF_F08_DIVISION_HAS_VARIANTS,PGF_FAM10_DIVISION_BEHAVIOUR,PGF_RG_EXPRESSIONS,D2,APPLY,mcq_single,A program runs print(7 / 2). What is produced?,3,1,3.5,4,C,3.5,"Ordinary division keeps the fractional part, so the result is 3.5. Discarding that part is what a separate whole-number division operator does, and 1 is what is left over rather than the result of dividing.",AUTHORED,
GB_PGF_029,PROGRAMMING_FUNDAMENTALS,PGF_C04_EXPRESSIONS,PGF_F08_DIVISION_HAS_VARIANTS,PGF_FAM10_DIVISION_BEHAVIOUR,PGF_RG_EXPRESSIONS,D3,APPLY,mcq_single,"A program runs print(7 // 2) and then print(7 % 2). What is produced by the two lines, in order?",3.5 then 1,3 then 1,1 then 3,3 then 3.5,B,3 then 1,"Whole-number division gives how many times 2 fits into 7, discarding what is left; the remainder operator gives what is left. They answer different questions about the same pair of numbers.",AUTHORED,
GB_PGF_030,PROGRAMMING_FUNDAMENTALS,PGF_C04_EXPRESSIONS,PGF_F08_DIVISION_HAS_VARIANTS,PGF_FAM10_DIVISION_BEHAVIOUR,PGF_RG_EXPRESSIONS,D4,APPLY,mcq_single,"A program splits a total into whole units with //. For 7 and 2 it gives 3, which is intended. For -7 and 2 it gives -4 rather than -3. What accounts for that?","Whole-number division is undefined for negative values, so the result is meaningless",The minus sign was applied after the division was carried out,"Whole-number division rounds to the nearest whole number, and -3.5 rounds to -4","Whole-number division moves down to the next whole number below the exact answer, which for a negative result means further from zero",D,"Whole-number division moves down to the next whole number below the exact answer, which for a negative result means further from zero","The exact answer is -3.5, and the rule is to move down rather than towards zero, so the result is -4. Rounding to nearest would be a different rule that happens to agree here and disagree elsewhere, which is why the positive case alone cannot tell them apart.",AUTHORED,
GB_PGF_031,PROGRAMMING_FUNDAMENTALS,PGF_C07_ERRORS,PGF_F09_ERROR_KINDS_DIFFER,PGF_FAM11_ERROR_CLASSIFICATION,PGF_RG_DIAGNOSIS,D3,ANALYZE,mcq_single,"A program contains the line: if x = 5: print(x). In a language where a condition must be a comparison, what kind of failure is this, and when is it noticed?",The program refuses to start; the mistake is caught before anything runs,The program runs and prints the wrong value; the mistake shows only in the output,The program starts and then stops partway; the mistake is caught while it is running,There is no failure; the line stores 5 in x and then treats that as the condition,A,The program refuses to start; the mistake is caught before anything runs,"A single = stores a value where the language requires a comparison, so the text of the program is not valid and nothing executes at all. The last option describes what some other languages genuinely do, which is what makes this worth distinguishing rather than memorising.",LEGACY_REMAP,c0d49c
GB_PGF_032,PROGRAMMING_FUNDAMENTALS,PGF_C07_ERRORS,PGF_F09_ERROR_KINDS_DIFFER,PGF_FAM11_ERROR_CLASSIFICATION,PGF_RG_DIAGNOSIS,D4,ANALYZE,mcq_single,A program runs from start to finish and prints an average of 0 for a list of positive numbers. Nothing is reported as an error. What kind of failure is this?,"A syntax error, caught before the program ran",A runtime error that was quietly dealt with,"A logic error: the program is wrong, but nothing about it is illegal",Not a failure at all; a program that finishes and prints has done its job,C,"A logic error: the program is wrong, but nothing about it is illegal",Reaching the end and printing rules out both a program that could not start and one that stopped partway. What is left is code that is perfectly legal and does the wrong thing — the kind of failure nothing will report for you.,AUTHORED,
GB_PGF_033,PROGRAMMING_FUNDAMENTALS,PGF_C07_ERRORS,PGF_F10_USE_BEFORE_ASSIGN_FAILS,PGF_FAM12_INITIALISATION_DIAGNOSIS,PGF_RG_DIAGNOSIS,D3,ANALYZE,mcq_single,"A program adds up a list of values, but the line that sets the total to zero sits inside the repeated part rather than before it. What is printed at the end?",The correct total,"Only the last value, because the total is reset on every pass","Zero, because the reset is the last thing to happen","A failure, because the total is assigned more than once",B,"Only the last value, because the total is reset on every pass","Resetting inside the repetition throws away everything gathered so far, so each pass starts again and only the final addition survives. Assigning a variable repeatedly is entirely legal, which is why nothing complains.",AUTHORED,
GB_PGF_034,PROGRAMMING_FUNDAMENTALS,PGF_C07_ERRORS,PGF_F10_USE_BEFORE_ASSIGN_FAILS,PGF_FAM12_INITIALISATION_DIAGNOSIS,PGF_RG_DIAGNOSIS,D4,ANALYZE,mcq_single,A program is meant to sum a list but prints the last value instead. The addition line is correct and the list is correct. What is wrong?,The addition should have been a multiplication,The list is being read one item at a time,The print happens inside the repeated part rather than after it,The running total is set to zero inside the repeated part instead of before it,D,The running total is set to zero inside the repeated part instead of before it,"With the arithmetic and the data both eliminated, what is left is when the total is set up. Printing inside the repetition would show every intermediate value rather than one, so that does not fit the symptom either.",AUTHORED,
GB_PGF_035,PROGRAMMING_FUNDAMENTALS,PGF_C08_MULTI_VARIABLE,PGF_F11_VARIABLES_ARE_INDEPENDENT,PGF_FAM13_MULTI_VARIABLE_TRACE,PGF_RG_VARIABLES,D3,APPLY,mcq_single,"A program runs A = 5, then B = A, then A = 10. What do A and B hold at the end?",A holds 10 and B holds 5,A holds 10 and B holds 10,A holds 5 and B holds 5,A holds 5 and B holds 10,A,A holds 10 and B holds 5,"The second line copies the value 5 into B, and the copy is finished as soon as that line ends. Changing A afterwards has no route back to B, because the two were never connected — only the value moved.",LEGACY_REWRITE,73aff5
GB_PGF_036,PROGRAMMING_FUNDAMENTALS,PGF_C08_MULTI_VARIABLE,PGF_F11_VARIABLES_ARE_INDEPENDENT,PGF_FAM13_MULTI_VARIABLE_TRACE,PGF_RG_VARIABLES,D4,APPLY,mcq_single,"An attempt to exchange two values is written as a = b followed by b = a. Starting from a = 1 and b = 2, what results and why?",a holds 2 and b holds 1; the exchange worked,Both hold 1; the second line overwrote b,Both hold 2; the first line overwrote a before its value had been saved anywhere,"It fails, because a variable cannot be assigned twice",C,Both hold 2; the first line overwrote a before its value had been saved anywhere,"After the first line the original 1 exists nowhere, so the second line copies back the value that has just arrived. That is why an exchange needs somewhere to put the first value before it is overwritten.",AUTHORED,
GB_PGF_037,PROGRAMMING_FUNDAMENTALS,PGF_C08_MULTI_VARIABLE,PGF_F11_VARIABLES_ARE_INDEPENDENT,PGF_FAM13_MULTI_VARIABLE_TRACE,PGF_RG_VARIABLES,D5,APPLY,mcq_single,"Three variables hold a = 4, b = 6 and c = 9. The lines a = b, then b = c, then c = a run in that order. What do they hold at the end?","a holds 6, b holds 9, c holds 4","a holds 6, b holds 9, c holds 6","a holds 4, b holds 6, c holds 9","a holds 9, b holds 4, c holds 6",B,"a holds 6, b holds 9, c holds 6","Each line uses the values as they stand when it runs, not as they were at the start. By the time the last line reads a, a has already become 6, so the original 4 is lost and c ends up duplicating a rather than completing a rotation.",AUTHORED,
GB_PGF_038,PROGRAMMING_FUNDAMENTALS,PGF_C08_MULTI_VARIABLE,PGF_F11_VARIABLES_ARE_INDEPENDENT,PGF_FAM13_MULTI_VARIABLE_TRACE,PGF_RG_VARIABLES,D5,APPLY,mcq_single,Two values are exchanged correctly using a third variable to hold one of them. What happens if that same code runs when both variables already hold the same value?,"It fails, because the third variable is never needed",Both variables end up empty,"The value is lost, because the third variable overwrites both","It completes, and both still hold that value; exchanging two equal values changes nothing",D,"It completes, and both still hold that value; exchanging two equal values changes nothing","The code does not inspect the values it moves, so it performs the same three copies regardless and the result happens to be indistinguishable from the start. An edge case that leaves the answer correct is worth recognising as such, rather than assumed to be a problem.",AUTHORED,
GB_PGF_039,PROGRAMMING_FUNDAMENTALS,PGF_C08_MULTI_VARIABLE,PGF_F11_VARIABLES_ARE_INDEPENDENT,PGF_FAM13_MULTI_VARIABLE_TRACE,PGF_RG_VARIABLES,D5,APPLY,mcq_single,"Two values must be exchanged, but no third variable may be used. Someone proposes a = a + b, then b = a - b, then a = a - b. Does it work, and what does it cost?","It works for numbers, but only for numbers, and it depends on the intermediate sum being a value the type can hold","It works for values of any type, and costs nothing",It does not work; the first line destroys a,"It works, and is always preferable to using a third variable",A,"It works for numbers, but only for numbers, and it depends on the intermediate sum being a value the type can hold","Arithmetic is what recovers each original value, so the trick is unavailable for anything that cannot be added and subtracted, and the combined value has to be representable along the way. The first line does not destroy a — it stores something from which both originals can still be recovered.",AUTHORED,
GB_PGF_040,PROGRAMMING_FUNDAMENTALS,PGF_C09_EDGE_CASES,PGF_F12_EDGE_INPUT_BREAKS_CODE,PGF_FAM14_EDGE_INPUT_BEHAVIOUR,PGF_RG_ROBUSTNESS,D4,ANALYZE,mcq_single,"A program works out an average by dividing a total by a count. It behaved correctly on every list it was tried on, and then failed on one. Which input is the likely cause?",A list with exactly one item,A list containing a negative number,"A list with no items, making the count zero",A list whose values are all the same,C,"A list with no items, making the count zero","Dividing by a count is safe until the count reaches zero, and a list with nothing in it is the only one of these that produces a zero count. One item, negatives and repeated values all divide perfectly well.",AUTHORED,
GB_PGF_041,PROGRAMMING_FUNDAMENTALS,PGF_C09_EDGE_CASES,PGF_F12_EDGE_INPUT_BREAKS_CODE,PGF_FAM14_EDGE_INPUT_BEHAVIOUR,PGF_RG_ROBUSTNESS,D5,ANALYZE,mcq_single,A program finds the largest value in a list by taking the first item and comparing it with the rest. What does it do when the list has no items at all?,It prints zero,It fails at the point where it tries to take a first item that is not there,It prints nothing and finishes normally,It prints the smallest value the machine can represent,B,It fails at the point where it tries to take a first item that is not there,"The approach assumes a starting value exists, and with nothing to start from there is nothing to compare or return. Neither zero nor a smallest possible value appears from anywhere; they would have to be written into the code deliberately.",AUTHORED,
GB_PGF_042,PROGRAMMING_FUNDAMENTALS,PGF_C09_EDGE_CASES,PGF_F12_EDGE_INPUT_BREAKS_CODE,PGF_FAM14_EDGE_INPUT_BEHAVIOUR,PGF_RG_ROBUSTNESS,D5,ANALYZE,mcq_single,A discount is applied by computing price - price * rate. What does this produce when the price is zero?,"A failure, because a discount cannot be applied to nothing",A negative value,The rate on its own,"Zero, which is correct and needs no special handling",D,"Zero, which is correct and needs no special handling","Both terms become zero, so the result is zero and the code is right without any extra case. Not every boundary value breaks something, and adding a special case here would only be code that can itself be wrong.",AUTHORED,
GB_PGF_043,PROGRAMMING_FUNDAMENTALS,PGF_C09_EDGE_CASES,PGF_F12_EDGE_INPUT_BREAKS_CODE,PGF_FAM14_EDGE_INPUT_BEHAVIOUR,PGF_RG_ROBUSTNESS,D5,ANALYZE,mcq_single,"A count of items is divided by a number of groups, and that number of groups is itself worked out from the data rather than fixed. Ordinary data behaves. When does this break, and would anyone notice?","When the computed number of groups comes out as zero; the program stops there, so it is noticed",When the count is zero; the answer is quietly wrong,Never; division always produces some value,When the count is smaller than the number of groups; the answer is quietly zero,A,"When the computed number of groups comes out as zero; the program stops there, so it is noticed","A zero that is computed rather than written is the dangerous kind, because no one thought to guard against it — but dividing by it stops the program loudly. A count of zero divides perfectly well and gives zero, and whole-number division of a small count does give zero quietly, which is a wrong answer but not a break.",AUTHORED,
GB_PGF_044,PROGRAMMING_FUNDAMENTALS,PGF_C09_EDGE_CASES,PGF_F12_EDGE_INPUT_BREAKS_CODE,PGF_FAM14_EDGE_INPUT_BEHAVIOUR,PGF_RG_ROBUSTNESS,D5,ANALYZE,mcq_single,"Given an input it was never designed for, one fragment stops immediately while another returns a wrong answer and keeps going. Which outcome is more dangerous, and on what grounds?","Stopping, because the program cannot continue at all","They are equally serious, since both are incorrect","The wrong answer, because nothing signals that anything went wrong and the value travels onwards","The wrong answer, because it is harder to locate in the code",C,"The wrong answer, because nothing signals that anything went wrong and the value travels onwards","A program that stops announces its own limit, and whoever runs it finds out immediately. A wrong value announces nothing, gets used by whatever comes next, and may be discovered long after it has been acted on.",AUTHORED,
GB_PGF_045,PROGRAMMING_FUNDAMENTALS,PGF_C10_EQUIVALENCE,PGF_F13_DIFFERENT_CODE_SAME_BEHAVIOUR,PGF_FAM15_FRAGMENT_EQUIVALENCE,PGF_RG_EVALUATION,D4,EVALUATE,mcq_single,Two fragments both total a list. One starts from zero and adds every item; the other starts from the first item and adds the rest. They agreed on every list they were tried on. On what input do they differ?,A list with exactly one item,A list with no items; the second has no first item to start from,A list that contains a zero,They never differ; the two are equivalent,B,A list with no items; the second has no first item to start from,"Both approaches are sound on ordinary data and even agree on a single item, which is why testing did not separate them. The difference appears only where one of them assumes something the other does not — that at least one item exists.",AUTHORED,
GB_PGF_046,PROGRAMMING_FUNDAMENTALS,PGF_C10_EQUIVALENCE,PGF_F13_DIFFERENT_CODE_SAME_BEHAVIOUR,PGF_FAM15_FRAGMENT_EQUIVALENCE,PGF_RG_EVALUATION,D5,EVALUATE,mcq_single,One fragment tests x > 0 and another tests x >= 1. The values involved are whole numbers. Are the two equivalent?,"Yes, for every possible value",No; they disagree when x is 1,No; they disagree when x is 0,"For whole numbers yes, but not once fractions are allowed, where a value such as 0.5 separates them",D,"For whole numbers yes, but not once fractions are allowed, where a value such as 0.5 separates them","On whole numbers there is nothing between 0 and 1, so the two conditions select exactly the same values. Widen the type and the gap opens: 0.5 satisfies the first and fails the second. Equivalence is a claim about a set of inputs, not about the code alone.",AUTHORED,
GB_PGF_047,PROGRAMMING_FUNDAMENTALS,PGF_C10_EQUIVALENCE,PGF_F13_DIFFERENT_CODE_SAME_BEHAVIOUR,PGF_FAM15_FRAGMENT_EQUIVALENCE,PGF_RG_EVALUATION,D5,EVALUATE,mcq_single,"One fragment doubles a value by writing x * 2, and another by writing x + x. Do they always agree?","For numbers they agree, but where + joins text the second repeats the text while the first may not be allowed at all","Yes, always",No; they disagree for negative numbers,No; they disagree when the value is zero,A,"For numbers they agree, but where + joins text the second repeats the text while the first may not be allowed at all","Both fragments are about the operators, not the arithmetic, and the operators behave differently once the type changes. Negatives and zero are handled identically by both, which is exactly why testing with numbers alone would never reveal the difference.",AUTHORED,
GB_PGF_048,PROGRAMMING_FUNDAMENTALS,PGF_C10_EQUIVALENCE,PGF_F13_DIFFERENT_CODE_SAME_BEHAVIOUR,PGF_FAM15_FRAGMENT_EQUIVALENCE,PGF_RG_EVALUATION,D5,EVALUATE,mcq_single,"Two fragments give the same answer for every possible input, but one reads through the data twice and the other only once. Which is preferable, and on what grounds?","The one that reads twice, because reading again confirms the result",Neither; fragments that always agree are interchangeable in every respect,"The one that reads once, because when results are identical the remaining differences are what decide","The one that reads twice, because it is easier to follow",C,"The one that reads once, because when results are identical the remaining differences are what decide","Equivalence settles correctness and nothing else, so cost becomes the deciding factor. Reading the same unchanged data a second time confirms nothing, and treating equivalent fragments as identical ignores everything that is not the answer.",AUTHORED,
GB_PGF_049,PROGRAMMING_FUNDAMENTALS,PGF_C01_VARIABLES,PGF_F01_ASSIGNMENT_STORES_VALUE,PGF_FAM04_VARIABLE_STATE_TRACE,PGF_RG_VARIABLES,D2,APPLY,mcq_single,"A program runs TOTAL = 10, then ADD = 5, then TOTAL = TOTAL + ADD. What is the final value of TOTAL?",5,15,10,50,B,15,"The last line reads the 10 that TOTAL holds, adds the 5 that ADD holds, and stores 15 back into TOTAL. Answering 10 stops one line early, answering 5 reports the wrong variable, and 50 combines them with the wrong operation.",LEGACY_KEEP,79de1b
GB_PGF_050,PROGRAMMING_FUNDAMENTALS,PGF_C01_VARIABLES,PGF_F01_ASSIGNMENT_STORES_VALUE,PGF_FAM04_VARIABLE_STATE_TRACE,PGF_RG_VARIABLES,D3,APPLY,mcq_single,"A program runs X = 7, then X = X + 1, then X = X + 1. What is the final value of X?",7,8,10,9,D,9,"Each of the two lines adds one to whatever X holds at that moment, so 7 becomes 8 and then 9. Answering 8 applies only the first, and 10 applies one increment too many.",LEGACY_KEEP,7b1a89
GB_PF_001,PSEUDOCODE_FLOWCHARTS,PF_C01_SYMBOLS,PF_F01_SYMBOL_MEANINGS,PF_FAM01_SYMBOL_RECOGNITION,PF_RG_NOTATION,D1,REMEMBER,mcq_single,"In a flowchart, which symbol represents reading a value typed in by the person using the program?",The process symbol,The input/output symbol,The decision symbol,The terminator symbol,B,The input/output symbol,"Bringing a value in from outside is input, and one symbol covers both bringing values in and reporting them out. A process symbol holds work done on values already present, and a terminator only marks where the algorithm starts and stops.",AUTHORED,
GB_PF_002,PSEUDOCODE_FLOWCHARTS,PF_C01_SYMBOLS,PF_F01_SYMBOL_MEANINGS,PF_FAM01_SYMBOL_RECOGNITION,PF_RG_NOTATION,D1,REMEMBER,mcq_single,"In a flowchart, which symbol represents working out a total from two values already held?",The input/output symbol,The decision symbol,The terminator symbol,The process symbol,D,The process symbol,"Calculation on values the algorithm already has is a process step. Nothing enters or leaves the algorithm here, and nothing is being chosen between.",AUTHORED,
GB_PF_003,PSEUDOCODE_FLOWCHARTS,PF_C01_SYMBOLS,PF_F01_SYMBOL_MEANINGS,PF_FAM01_SYMBOL_RECOGNITION,PF_RG_NOTATION,D1,REMEMBER,mcq_single,How many arrows leave a decision symbol in a flowchart?,"One for each outcome, so at least two","Exactly one, like every other symbol",None; a decision ends that path,As many as there are variables being compared,A,"One for each outcome, so at least two","A decision exists in order to send the flow one way or another, so it needs a route for each outcome. A symbol with a single exit could not change anything about what happens next.",AUTHORED,
GB_PF_004,PSEUDOCODE_FLOWCHARTS,PF_C01_SYMBOLS,PF_F01_SYMBOL_MEANINGS,PF_FAM01_SYMBOL_RECOGNITION,PF_RG_NOTATION,D1,REMEMBER,mcq_single,A flowchart begins with a step that reads a mark from the keyboard. Which symbol is that step drawn in?,"The terminator symbol, because it is the first step","The process symbol, because reading is something the algorithm does",The input/output symbol,"The decision symbol, because the mark will later be compared",C,The input/output symbol,"What the step does decides the symbol, not where it sits or what happens to the value later. The terminator marks the start of the algorithm; the first step after it can be anything.",AUTHORED,
GB_PF_005,PSEUDOCODE_FLOWCHARTS,PF_C01_SYMBOLS,PF_F01_SYMBOL_MEANINGS,PF_FAM01_SYMBOL_RECOGNITION,PF_RG_NOTATION,D2,REMEMBER,mcq_single,"A flowchart step reports a computed average on screen. Which symbol is it drawn in, and why is that not the process symbol?","The process symbol, because computing the average was work","The input/output symbol, because reporting a value sends it out of the algorithm","The terminator symbol, because reporting is usually the last step","The decision symbol, because a value is being examined",B,"The input/output symbol, because reporting a value sends it out of the algorithm","The computing and the reporting are two different steps, and only the first is a process. Reporting moves a value across the boundary of the algorithm, which is what the input/output symbol marks.",AUTHORED,
GB_PF_006,PSEUDOCODE_FLOWCHARTS,PF_C01_SYMBOLS,PF_F02_ARROWS_ARE_CONTROL_FLOW,PF_FAM02_CONTROL_FLOW_READING,PF_RG_NOTATION,D2,UNDERSTAND,mcq_single,"A flowchart has a decision with two arrows leaving it, one labelled Yes and one labelled No. For a given input, how many of those arrows are followed?","Both, in the order they are drawn","Neither, until the decision is reached a second time",It depends on which arrow is drawn higher on the page,One,D,One,"A decision has one outcome for any given input, so exactly one route is taken. Position on the page is a matter of drawing rather than of order.",AUTHORED,
GB_PF_007,PSEUDOCODE_FLOWCHARTS,PF_C01_SYMBOLS,PF_F02_ARROWS_ARE_CONTROL_FLOW,PF_FAM02_CONTROL_FLOW_READING,PF_RG_NOTATION,D3,UNDERSTAND,mcq_single,"A flowchart runs step P, then step Q, then a decision. The No arrow from that decision leads back up to step Q. Which steps can run more than once?",Q and the decision,Only Q,"P, Q and the decision",None; a flowchart runs each step once,A,Q and the decision,"The arrow leads back to Q, so Q and everything after it up to the decision run again each time the answer is No. P is above the point the arrow returns to and is never revisited. Following the arrows rather than reading down the page is the whole measurement.",AUTHORED,
GB_PF_008,PSEUDOCODE_FLOWCHARTS,PF_C02_SEQUENCE_ASSIGNMENT,PF_F03_ASSIGNMENT_REPLACES_VALUE,PF_FAM03_ASSIGNMENT_EFFECT,PF_RG_STATE,D2,APPLY,mcq_single,"An algorithm reads: X = 10, then X = X + 3, then PRINT X. What is printed?",10,3,13,30,C,13,"The second step works out 10 plus 3 and stores 13 back in X, replacing the 10. Answering 10 treats the first step as fixing the value permanently.",LEGACY_KEEP,8266a3
GB_PF_009,PSEUDOCODE_FLOWCHARTS,PF_C02_SEQUENCE_ASSIGNMENT,PF_F03_ASSIGNMENT_REPLACES_VALUE,PF_FAM03_ASSIGNMENT_EFFECT,PF_RG_STATE,D2,APPLY,mcq_single,"An algorithm reads: P = 4, then Q = 9, then P = Q, then Q = P. What do P and Q hold at the end?",P holds 9 and Q holds 4,P holds 9 and Q holds 9,P holds 4 and Q holds 9,P holds 4 and Q holds 4,B,P holds 9 and Q holds 9,"The third step overwrites P with 9, so the original 4 no longer exists anywhere; the fourth step then copies that same 9 back. Exchanging the two would need the first value stored somewhere before it is overwritten.",AUTHORED,
GB_PF_010,PSEUDOCODE_FLOWCHARTS,PF_C03_IO_STEPS,PF_F04_INPUT_OUTPUT_STEPS,PF_FAM04_IO_STEP_EFFECT,PF_RG_NOTATION,D1,UNDERSTAND,mcq_single,An algorithm contains the step READ age. What does that step do?,Displays the value currently held in age,Checks whether age holds a sensible value,Sets age to zero ready for use,Brings a value in from outside and stores it in age,D,Brings a value in from outside and stores it in age,Reading takes a value from outside the algorithm and puts it somewhere. It neither displays anything nor examines what arrives.,AUTHORED,
GB_PF_011,PSEUDOCODE_FLOWCHARTS,PF_C03_IO_STEPS,PF_F04_INPUT_OUTPUT_STEPS,PF_FAM04_IO_STEP_EFFECT,PF_RG_NOTATION,D1,UNDERSTAND,mcq_single,An algorithm contains the step PRINT total. What does that step change?,Nothing; it reports the value and leaves total as it was,"It empties total, since the value has now been used",It stores the reported text back into total,It converts total into text for the rest of the algorithm,A,Nothing; it reports the value and leaves total as it was,Reporting a value is a one-way step: it makes the value visible and alters nothing. The same variable can be reported repeatedly and still hold the same value.,AUTHORED,
GB_PF_012,PSEUDOCODE_FLOWCHARTS,PF_C03_IO_STEPS,PF_F04_INPUT_OUTPUT_STEPS,PF_FAM04_IO_STEP_EFFECT,PF_RG_NOTATION,D1,UNDERSTAND,mcq_single,Which pair of steps changes what a variable holds?,PRINT mark changes mark; READ mark does not,Both change mark,READ mark changes mark; PRINT mark does not,Neither changes mark,C,READ mark changes mark; PRINT mark does not,Reading places a new value into the variable; reporting only looks at it. Confusing the two directions is what makes an algorithm appear to lose or gain values for no reason.,AUTHORED,
GB_PF_013,PSEUDOCODE_FLOWCHARTS,PF_C04_CONDITIONS,PF_F05_CONDITION_SELECTS_BRANCH,PF_FAM05_BRANCH_SELECTION,PF_RG_CONTROL_FLOW,D2,APPLY,mcq_single,"An algorithm reads: READ age; IF age >= 18 PRINT ""Adult"" ELSE PRINT ""Minor"". The age read is 17. What is printed?",Adult,Minor,Both Adult and Minor,"Nothing, because 17 is below the threshold",B,Minor,"17 fails the condition, so the else branch runs and the other is skipped entirely. Exactly one of the two branches runs, and one of them always does.",LEGACY_REWRITE,83a311
GB_PF_014,PSEUDOCODE_FLOWCHARTS,PF_C04_CONDITIONS,PF_F05_CONDITION_SELECTS_BRANCH,PF_FAM05_BRANCH_SELECTION,PF_RG_CONTROL_FLOW,D2,APPLY,mcq_single,"An algorithm reads: IF score >= 50 PRINT ""Pass"" ELSE PRINT ""Fail"". The score is exactly 50. What is printed?",Fail,Both Pass and Fail,"Nothing, because 50 sits on the boundary",Pass,D,Pass,"The condition includes equality, so a score exactly at the threshold satisfies it. A value on the boundary is always sent one way or the other, never left undecided.",AUTHORED,
GB_PF_015,PSEUDOCODE_FLOWCHARTS,PF_C04_CONDITIONS,PF_F05_CONDITION_SELECTS_BRANCH,PF_FAM05_BRANCH_SELECTION,PF_RG_CONTROL_FLOW,D3,APPLY,mcq_single,"An algorithm reads: N = 6; IF N MOD 2 = 0 PRINT ""Even"" ELSE PRINT ""Odd"". What is printed?",Even,Odd,Both Even and Odd,"Nothing, because the remainder is zero",A,Even,"Dividing 6 by 2 leaves no remainder, so the condition holds and the first branch runs. A remainder of zero is what ""even"" means here, not a reason for the algorithm to stop.",LEGACY_REWRITE,7830d4
GB_PF_016,PSEUDOCODE_FLOWCHARTS,PF_C04_CONDITIONS,PF_F06_CONDITION_CHOICE,PF_FAM06_CONDITION_SELECTION,PF_RG_CONTROL_FLOW,D3,APPLY,mcq_single,A rule states: a parcel is oversized when its length is more than 60 cm. Which condition implements it exactly?,length >= 60,length < 60,length > 60,length >= 61,C,length > 60,"""More than"" excludes the value itself, so a parcel of exactly 60 cm is not oversized. The inclusive form would flag it, and the version at 61 happens to agree for whole centimetres but not for a length measured more finely.",AUTHORED,
GB_PF_017,PSEUDOCODE_FLOWCHARTS,PF_C04_CONDITIONS,PF_F06_CONDITION_CHOICE,PF_FAM06_CONDITION_SELECTION,PF_RG_CONTROL_FLOW,D4,APPLY,mcq_single,"A rule states: a reading is acceptable when it is at least 5 and no more than 20. An algorithm accepts 5, 12 and 20 correctly, and also accepts 21. Which condition was written?","reading >= 5 AND reading <= 20, which matches the rule","reading >= 5, with the upper limit never checked","reading > 5 AND reading <= 20, which is strict at the lower end","reading >= 5 AND reading < 20, which is strict at the upper end",B,"reading >= 5, with the upper limit never checked",Accepting 5 shows the lower limit includes its boundary; accepting 20 shows the upper limit would include its own; accepting 21 shows there is no upper limit at all. A strict comparison at either end would have rejected 5 or 20.,AUTHORED,
GB_PF_018,PSEUDOCODE_FLOWCHARTS,PF_C05_ITERATION,PF_F07_LOOP_REPEATS_WHILE_CONDITION,PF_FAM07_ITERATION_COUNT,PF_RG_ITERATION,D2,APPLY,mcq_single,"An algorithm sets K = 1 and then repeats, while K <= 4, a body that increases K by 1. How many times does the body run?",3,5,"Endlessly, because K is compared each time",4,D,4,"The body runs with K holding 1, 2, 3 and 4, and stops when K reaches 5. The body itself is what makes the condition eventually fail.",AUTHORED,
GB_PF_019,PSEUDOCODE_FLOWCHARTS,PF_C05_ITERATION,PF_F07_LOOP_REPEATS_WHILE_CONDITION,PF_FAM07_ITERATION_COUNT,PF_RG_ITERATION,D3,APPLY,mcq_single,"An algorithm checks its condition before each pass, not after. It sets COUNT to 7 and then repeats, while COUNT < 5, a body that increases COUNT by 1. How many passes happen?",0,1,2,"Endlessly, because K only grows",A,0,"The condition is already false when it is first checked, so no pass happens at all. A loop is not guaranteed one pass, which is exactly what separates checking the condition first from checking it last.",AUTHORED,
GB_PF_020,PSEUDOCODE_FLOWCHARTS,PF_C05_ITERATION,PF_F07_LOOP_REPEATS_WHILE_CONDITION,PF_FAM07_ITERATION_COUNT,PF_RG_ITERATION,D4,APPLY,mcq_single,"An algorithm repeats a body while K <= 10, increasing K by 3 each time from a start of 1. Someone predicts 10 passes and the real number is smaller. How many are there?","10, because the limit is 10","3, because 10 divided by 3 leaves 3",4,"5, because K takes 1, 4, 7, 10 and 13",C,4,"K takes 1, 4, 7 and 10, and the pass at 13 never happens because the condition is checked first. Predicting 10 counts the limit rather than the passes, and counting 13 as a pass adds one that the condition excludes.",AUTHORED,
GB_PF_021,PSEUDOCODE_FLOWCHARTS,PF_C05_ITERATION,PF_F08_COUNTER_AND_ACCUMULATOR,PF_FAM08_COUNTER_ACCUMULATOR_ROLE,PF_RG_ITERATION,D2,ANALYZE,mcq_single,"An algorithm reads: COUNT = 0; REPEAT 4 TIMES, COUNT = COUNT + 1; PRINT COUNT. What is printed?",0,4,1,5,B,4,"The variable rises by one on each of four passes, ending at 4. Starting it at 1 instead of 0 is what would give 5.",LEGACY_KEEP,857db6
GB_PF_022,PSEUDOCODE_FLOWCHARTS,PF_C05_ITERATION,PF_F08_COUNTER_AND_ACCUMULATOR,PF_FAM08_COUNTER_ACCUMULATOR_ROLE,PF_RG_ITERATION,D3,ANALYZE,mcq_single,"An algorithm reads: TOTAL = 0; FOR i = 1 TO 3, TOTAL = TOTAL + i; PRINT TOTAL. What is printed?",3,9,0,6,D,6,"Each pass adds the current value of i, so the total becomes 1, then 3, then 6. Answering 3 reports the last value added rather than the accumulated result.",LEGACY_KEEP,844148
GB_PF_023,PSEUDOCODE_FLOWCHARTS,PF_C05_ITERATION,PF_F08_COUNTER_AND_ACCUMULATOR,PF_FAM08_COUNTER_ACCUMULATOR_ROLE,PF_RG_ITERATION,D4,ANALYZE,mcq_single,"An algorithm keeps two variables while reading marks: one rises by 1 each time and one rises by the mark just read. For the marks 20, 30 and 40 it reports 3 and 90. Which is which, and what would an average require?",Three is the count and ninety the accumulated total; the average is the total divided by the count,Three is the total and ninety the count; the average is the count divided by the total,"Both are counts, and an average needs a third variable","Both are totals, and the average is their difference",A,Three is the count and ninety the accumulated total; the average is the total divided by the count,A variable rising by a fixed step counts occurrences; one rising by the value read builds a sum. The two numbers reported make it unmistakable: three marks were read and they add to ninety.,AUTHORED,
GB_PF_024,PSEUDOCODE_FLOWCHARTS,PF_C06_TRACING,PF_F09_TRACE_TO_OUTPUT,PF_FAM09_OUTPUT_PREDICTION,PF_RG_TRACING,D2,APPLY,mcq_single,"An algorithm reads: READ A; READ B; C = A + B; PRINT C. With A as 8 and B as 5, what is printed?",8,5,13,40,C,13,"The third step works out the sum, 13, and stores it in C, which the fourth step then reports. Answering 40 multiplies where the algorithm adds.",LEGACY_KEEP,81c86c
GB_PF_025,PSEUDOCODE_FLOWCHARTS,PF_C06_TRACING,PF_F09_TRACE_TO_OUTPUT,PF_FAM09_OUTPUT_PREDICTION,PF_RG_TRACING,D3,APPLY,mcq_single,"An algorithm reads: T = 0; FOR i = 1 TO 4, T = T + i, PRINT T. The report is inside the repeated part. What is printed?",10,1 3 6 10,1 2 3 4,0 1 3 6,B,1 3 6 10,"Reporting inside the repetition shows the running total after each addition, so the four lines 1 3 6 10 appear rather than a single figure. Answering 10 assumes the report sits after the repetition; the others report the values added, or the total before each addition.",AUTHORED,
GB_PF_026,PSEUDOCODE_FLOWCHARTS,PF_C06_TRACING,PF_F09_TRACE_TO_OUTPUT,PF_FAM09_OUTPUT_PREDICTION,PF_RG_TRACING,D3,APPLY,mcq_single,"An algorithm reads: X = 20; WHILE X > 5, X = X - 6; PRINT X. What is printed?",5,-4,8,2,D,2,"X takes 14, then 8, then 2, at which point the condition fails and the report happens. Answering 8 stops one pass early, and -4 runs one pass too many.",AUTHORED,
GB_PF_027,PSEUDOCODE_FLOWCHARTS,PF_C06_TRACING,PF_F09_TRACE_TO_OUTPUT,PF_FAM09_OUTPUT_PREDICTION,PF_RG_TRACING,D4,APPLY,mcq_single,"An algorithm is meant to report the total of the marks 5, 9 and 6, and it reports 6. It runs without failing, the marks are read correctly, and the addition step is correct. Which step is misplaced?","The step setting the total to zero, which sits inside the repetition","The addition step, which sits after the report","The report step, which sits inside the repetition","The step reading the marks, which sits after the addition",A,"The step setting the total to zero, which sits inside the repetition","Reporting the last mark rather than the sum is what a total reset on every pass produces. A report inside the repetition would produce three lines rather than one, and reading after adding would fail rather than report a plausible number.",AUTHORED,
GB_PF_028,PSEUDOCODE_FLOWCHARTS,PF_C06_TRACING,PF_F10_STATE_TABLE,PF_FAM10_STATE_TABLE_TRACE,PF_RG_TRACING,D3,APPLY,mcq_single,"An algorithm sets S = 0 and N = 1, then repeats four times: S = S + N, then N = N + 2. What does S hold immediately after the second pass finishes?",1,9,4,3,C,4,"The first pass adds 1 and leaves N at 3; the second adds that 3, so S holds 4. Answering 9 reads a later pass, and 3 reports N rather than S at that point.",AUTHORED,
GB_PF_029,PSEUDOCODE_FLOWCHARTS,PF_C06_TRACING,PF_F10_STATE_TABLE,PF_FAM10_STATE_TABLE_TRACE,PF_RG_TRACING,D4,APPLY,mcq_single,"The same algorithm — S = 0, N = 1, repeating S = S + N then N = N + 2 — is being traced. Someone writes down that after the third pass S holds 9 and N holds 5. One of those two is wrong. Which, and what should it be?",S is wrong; it holds 6 after the third pass,"N is wrong; after the third pass it holds 7, because it is increased once per pass",S is wrong; it holds 12 after the third pass,Both are wrong; S holds 6 and N holds 7,B,"N is wrong; after the third pass it holds 7, because it is increased once per pass","The three passes add 1, 3 and 5, so S does reach 9; N starts at 1 and is increased three times by 2, reaching 7. Writing 5 for N reports its value one pass earlier, which is the commonest slip when the update comes after the use.",AUTHORED,
GB_PF_030,PSEUDOCODE_FLOWCHARTS,PF_C07_TRANSLATION,PF_F11_PSEUDOCODE_FLOWCHART_EQUIVALENCE,PF_FAM11_FORM_TRANSLATION,PF_RG_TRANSLATION,D3,ANALYZE,mcq_single,"A flowchart has a decision on x > 0 whose Yes arrow reaches a step printing ""up"" and whose No arrow reaches a step printing ""down"", after which both rejoin. Which pseudocode behaves identically?","IF x > 0 PRINT ""down"" ELSE PRINT ""up""","IF x > 0 PRINT ""up""; PRINT ""down""","IF x > 0 PRINT ""up"" ELSE IF x < 0 PRINT ""down""","IF x > 0 PRINT ""up"" ELSE PRINT ""down""",D,"IF x > 0 PRINT ""up"" ELSE PRINT ""down""","The Yes route carries the branch taken when the condition holds, and the two routes rejoin, which is exactly an if with an else. The third option prints ""down"" every time, and the fourth leaves zero handled by neither branch.",AUTHORED,
GB_PF_031,PSEUDOCODE_FLOWCHARTS,PF_C07_TRANSLATION,PF_F11_PSEUDOCODE_FLOWCHART_EQUIVALENCE,PF_FAM11_FORM_TRANSLATION,PF_RG_TRANSLATION,D4,ANALYZE,mcq_single,"Two flowcharts both repeat a step while a condition holds. In one, the decision comes before the step; in the other, after it. They behave the same on every input tried. On what input do they differ?",An input for which the condition is false from the start; one runs the step zero times and the other once,An input for which the condition never becomes false,An input for which the condition becomes false on the last pass,They never differ; the two forms are interchangeable,A,An input for which the condition is false from the start; one runs the step zero times and the other once,"Once the loop runs at least once, checking before or after gives the same passes. The only separating case is the one where it should not run at all, and checking afterwards guarantees a pass that was not wanted.",AUTHORED,
GB_PF_032,PSEUDOCODE_FLOWCHARTS,PF_C08_COMPLETION,PF_F12_MISSING_STEP,PF_FAM12_MISSING_STEP_SELECTION,PF_RG_COMPLETION,D3,APPLY,mcq_single,"An algorithm is meant to report the larger of two values A and B, but it reports A every time. Which step is missing?",A step printing both A and B,A step reading a third value,"A comparison of A with B, choosing which to report",A step adding A and B together,C,"A comparison of A with B, choosing which to report","Reporting A regardless of B means nothing ever examines B, so what is absent is the comparison that would let B win. Printing both would answer a different question, and adding them answers none.",LEGACY_REMAP,eaca0e
GB_PF_033,PSEUDOCODE_FLOWCHARTS,PF_C08_COMPLETION,PF_F12_MISSING_STEP,PF_FAM12_MISSING_STEP_SELECTION,PF_RG_COMPLETION,D4,APPLY,mcq_single,"An algorithm counts how many marks are at least 40. It reads each mark and compares it, but reports 0 every time, even on data with many high marks. The comparison itself is correct. What step is missing?",A step setting the counter to zero before the repetition,A step increasing the counter when the comparison succeeds,A step reporting the counter after the repetition,A step reading the next mark on each pass,B,A step increasing the counter when the comparison succeeds,"Reporting 0 rather than failing shows the counter exists and is reported, so it was set up and shown; the comparison is stated to be right. What is left is that nothing acts on the comparison's result.",AUTHORED,
GB_PF_034,PSEUDOCODE_FLOWCHARTS,PF_C08_COMPLETION,PF_F12_MISSING_STEP,PF_FAM12_MISSING_STEP_SELECTION,PF_RG_COMPLETION,D5,APPLY,mcq_single,"An algorithm reports an average and is missing exactly one step. It correctly totals the values and correctly counts them, and reports the total instead of the average. Where must the missing step go, and why does its position matter?","A division of the total by the count, placed inside the repetition so it stays current","A division of the count by the total, placed after the repetition","A second counter, placed before the repetition","A division of the total by the count, placed after the repetition — inside it, the division would use a partial count",D,"A division of the total by the count, placed after the repetition — inside it, the division would use a partial count","The missing work is the division, and where it goes changes the answer rather than merely the tidiness: run on each pass it would divide by however many values had been seen so far. Choosing the step and choosing its position are one decision.",AUTHORED,
GB_PF_035,PSEUDOCODE_FLOWCHARTS,PF_C08_COMPLETION,PF_F12_MISSING_STEP,PF_FAM12_MISSING_STEP_SELECTION,PF_RG_COMPLETION,D5,APPLY,mcq_single,"An algorithm searching a list for a value reports ""not found"" correctly, and reports ""found"" correctly, but continues examining every remaining item after a match. One step would stop that. What does adding it change, and what does it not?","It changes how much work is done and nothing about the answer, since no later item can contradict a match","It changes the answer, since later matches would otherwise overwrite the first","It changes nothing at all, since the remaining items are examined either way",It changes the answer for lists containing the value more than once,A,"It changes how much work is done and nothing about the answer, since no later item can contradict a match","The result is already correct, so the step cannot improve it; what it saves is the examination of items whose outcome cannot matter. Recognising that a result is already settled is what makes early exit safe here.",AUTHORED,
GB_PF_036,PSEUDOCODE_FLOWCHARTS,PF_C08_COMPLETION,PF_F12_MISSING_STEP,PF_FAM12_MISSING_STEP_SELECTION,PF_RG_COMPLETION,D5,APPLY,mcq_single,"An algorithm finds the largest of a list. It is missing the step that sets the running largest before the repetition begins. Two fillings are proposed: set it to zero, or set it to the first item. Are they equivalent?",Yes; both give the right answer on any list,No; the first item is wrong when the list has one item,"No; zero is wrong whenever every value is negative, while the first item is always a real member of the list",No; zero is wrong only when the list is empty,C,"No; zero is wrong whenever every value is negative, while the first item is always a real member of the list","Both work on data containing something positive, which is why the difference hides. A starting value taken from the data cannot be beaten by the data being wrong, whereas an invented zero quietly wins against every negative reading.",AUTHORED,
GB_PF_037,PSEUDOCODE_FLOWCHARTS,PF_C09_LOGIC_ERRORS,PF_F13_LOGIC_ERROR_FROM_SYMPTOM,PF_FAM13_LOGIC_ERROR_DIAGNOSIS,PF_RG_DIAGNOSIS,D4,ANALYZE,mcq_single,"An algorithm reads A and B, sets C to A - B, and reports C. It is meant to report their sum. For A as 9 and B as 4 it reports 5, and it does not fail. Which step is at fault?","The report step, which shows the wrong variable","The step computing C, which subtracts where it should add","The two reading steps, which took the values in the wrong order",None; 5 is the correct result for those values,B,"The step computing C, which subtracts where it should add","The algorithm runs and produces a number, so nothing is malformed; 5 is exactly 9 minus 4, which identifies the arithmetic rather than the reading or reporting. Swapping the reads would give -5, not 5.",LEGACY_REMAP,f69514
GB_PF_038,PSEUDOCODE_FLOWCHARTS,PF_C09_LOGIC_ERRORS,PF_F13_LOGIC_ERROR_FROM_SYMPTOM,PF_FAM13_LOGIC_ERROR_DIAGNOSIS,PF_RG_DIAGNOSIS,D5,ANALYZE,mcq_single,"An algorithm averages three numbers by adding them and dividing by 2. For 3, 4 and 5 it reports 6 instead of 4. The addition is correct. Which statement about the fix is right?",Divide by 3 rather than 2; the fault shows only for numbers that do not divide evenly,"Multiply by 3 rather than dividing, since dividing was the wrong operation","Add a fourth number, so that dividing by 2 becomes correct","Divide by 3 rather than 2; the reported value is always half as large again as it should be, for every input",D,"Divide by 3 rather than 2; the reported value is always half as large again as it should be, for every input","Dividing by 2 instead of 3 scales every answer by the same factor, so no input escapes it — the fault is systematic rather than occasional. That distinction matters: a fault present on all inputs would have been caught by any single test.",LEGACY_REMAP,eb6845
GB_PF_039,PSEUDOCODE_FLOWCHARTS,PF_C09_LOGIC_ERRORS,PF_F13_LOGIC_ERROR_FROM_SYMPTOM,PF_FAM13_LOGIC_ERROR_DIAGNOSIS,PF_RG_DIAGNOSIS,D5,ANALYZE,mcq_single,"An algorithm reports whether a number is even by testing whether the remainder on division by 3 is zero. On which values does it happen to give the right answer, and what does that show?","On multiples of 6, and on values divisible by neither 2 nor 3 — about half of all values, which is enough to look plausible","On every value, since both 2 and 3 test divisibility",On multiples of 3 only,"On no value at all, since the wrong divisor is used",A,"On multiples of 6, and on values divisible by neither 2 nor 3 — about half of all values, which is enough to look plausible","The two tests agree when a number is divisible by both or by neither, which covers roughly half the whole numbers. A fault that is right half the time survives casual checking far better than one that is always wrong.",LEGACY_REMAP,ec067c
GB_PF_040,PSEUDOCODE_FLOWCHARTS,PF_C09_LOGIC_ERRORS,PF_F13_LOGIC_ERROR_FROM_SYMPTOM,PF_FAM13_LOGIC_ERROR_DIAGNOSIS,PF_RG_DIAGNOSIS,D5,ANALYZE,mcq_single,"An algorithm reports a running total after each pass but updates the total after reporting it. The final line of output is always one value short of the true total. Which change fixes it, and what else does that change?",Add the missing value once after the repetition ends; nothing else changes,Report the total again after the repetition; the earlier lines stay wrong,"Move the update above the report; every reported line shifts by one as well, not only the last",Start the total at the first value instead of zero; nothing else changes,C,"Move the update above the report; every reported line shifts by one as well, not only the last","Reporting before updating means every line lags by one pass, so the last line is merely the most visible symptom. Patching the final value leaves all the earlier lines wrong, which is the difference between fixing a fault and hiding it.",AUTHORED,
GB_PF_041,PSEUDOCODE_FLOWCHARTS,PF_C09_LOGIC_ERRORS,PF_F13_LOGIC_ERROR_FROM_SYMPTOM,PF_FAM13_LOGIC_ERROR_DIAGNOSIS,PF_RG_DIAGNOSIS,D5,ANALYZE,mcq_single,"One algorithm stops with an error on bad input; another runs to the end and reports a wrong number. Both are equally wrong. Which is worse to have in a report generated overnight, and why?","The one that stops, because no report is produced at all","The one that reports a wrong number, because nothing marks the output as untrustworthy","They are equally bad, since both are incorrect","The one that reports a wrong number, because it is harder to locate in the algorithm",B,"The one that reports a wrong number, because nothing marks the output as untrustworthy","A failure announces itself and whoever reads the log knows to look. A plausible wrong number arrives looking exactly like a right one, is acted on, and may never be questioned. Being hard to locate is a separate matter from being hard to notice.",AUTHORED,
GB_PF_042,PSEUDOCODE_FLOWCHARTS,PF_C10_EDGE_CASES,PF_F14_ALGORITHM_EDGE_BEHAVIOUR,PF_FAM14_EDGE_CASE_TRACE,PF_RG_ROBUSTNESS,D4,ANALYZE,mcq_single,"An algorithm totals a list and reports the total. Given a list with no items it reports 0 and does not fail. Given the same empty list, a companion algorithm that averages the values does fail. What accounts for the difference?",The totalling algorithm ran once on the empty list and read nothing,The averaging algorithm cannot take the length of an empty list,The two were given different lists despite appearances,Totalling nothing leaves the total at its starting value; averaging then divides that by a count of zero,D,Totalling nothing leaves the total at its starting value; averaging then divides that by a count of zero,"Both repetitions run zero times, so both totals stay at zero; only one of them then divides. An empty list has a perfectly well defined length, and its being zero is the whole problem.",AUTHORED,
GB_PF_043,PSEUDOCODE_FLOWCHARTS,PF_C10_EDGE_CASES,PF_F14_ALGORITHM_EDGE_BEHAVIOUR,PF_FAM14_EDGE_CASE_TRACE,PF_RG_ROBUSTNESS,D4,ANALYZE,mcq_single,"An algorithm reports the largest reading. It has been correct for years. Given a day's data in which every reading is below zero it reports 0, without failing and without any reading of 0 being present. What does that show?","The running largest was started at zero, and no negative reading could beat it","The repetition ran zero times, so nothing was examined",The comparison is reversed and it is reporting the smallest,Negative readings cannot be compared with each other,A,"The running largest was started at zero, and no negative reading could beat it","A value appears that is not in the data, so it came from the algorithm rather than the readings — which is the signature of an invented starting value. The comparison itself works fine; nothing simply ever beat zero.",AUTHORED,
GB_PF_044,PSEUDOCODE_FLOWCHARTS,PF_C10_EDGE_CASES,PF_F14_ALGORITHM_EDGE_BEHAVIOUR,PF_FAM14_EDGE_CASE_TRACE,PF_RG_ROBUSTNESS,D5,ANALYZE,mcq_single,"An algorithm reports the largest reading, starting from the first item and comparing the rest. What does it do on a list holding exactly one item?","It fails, because there is nothing to compare against","It reports zero, since no comparison succeeded","It reports that item, having made no comparisons at all","It reports the item twice, once as the start and once as the result",C,"It reports that item, having made no comparisons at all","The starting value is already a real member of the list, and a list of one leaves nothing to compare it with — so the answer is right with no work done. Single-item input is where an algorithm often succeeds for a reason it will not repeat.",AUTHORED,
GB_PF_045,PSEUDOCODE_FLOWCHARTS,PF_C10_EDGE_CASES,PF_F14_ALGORITHM_EDGE_BEHAVIOUR,PF_FAM14_EDGE_CASE_TRACE,PF_RG_ROBUSTNESS,D5,ANALYZE,mcq_single,An algorithm reports how many readings exceed a threshold. On a list with no items it reports 0. Is a guard against the empty case needed?,Yes; without one the algorithm reports a value it never computed,"No; the repetition runs zero times and the counter keeps the zero it was given, which is the right answer",Yes; a counter that is never increased holds nothing rather than zero,"No, but only because the threshold happens not to be used",B,"No; the repetition runs zero times and the counter keeps the zero it was given, which is the right answer","The counter was set before the repetition and nothing changed it, so zero is both what it holds and what is correct: none of nothing exceeds anything. Adding a guard would be extra code that can itself be wrong.",AUTHORED,
GB_PF_046,PSEUDOCODE_FLOWCHARTS,PF_C10_EDGE_CASES,PF_F14_ALGORITHM_EDGE_BEHAVIOUR,PF_FAM14_EDGE_CASE_TRACE,PF_RG_ROBUSTNESS,D5,ANALYZE,mcq_single,"An algorithm is to run unattended each night on data that is usually present and occasionally absent. One version stops when the data is empty; another reports zero and carries on. Which is preferable, and what does the choice cost?","Stopping, because failing loudly always beats continuing","Reporting zero silently, because a nightly run must never stop",Either; an empty night produces no useful output whichever is chosen,"Reporting the emptiness explicitly and carrying on, because an empty night is expected — a bare zero is indistinguishable from a real result",D,"Reporting the emptiness explicitly and carrying on, because an empty night is expected — a bare zero is indistinguishable from a real result","An input the program is expected to meet is not an error, so stopping turns an ordinary night into an incident. But zero is a value that could genuinely have been measured, so reporting it without saying the data was absent loses the very thing the reader needs to know.",AUTHORED,
GB_PF_047,PSEUDOCODE_FLOWCHARTS,PF_C05_ITERATION,PF_F08_COUNTER_AND_ACCUMULATOR,PF_FAM15_VARIABLE_ROLE_RECOGNITION,PF_RG_ITERATION,D1,REMEMBER,mcq_single,"Inside a repetition, a variable is updated by the step C = C + 1. What job is C doing?",Counting how many times something happened,Building up a total of the values being read,Holding the value most recently read,Deciding when the repetition should stop,A,Counting how many times something happened,"A fixed step of one, regardless of the data, records occurrences rather than amounts. What is added is the whole distinction between the two jobs.",AUTHORED,
GB_PF_048,PSEUDOCODE_FLOWCHARTS,PF_C05_ITERATION,PF_F08_COUNTER_AND_ACCUMULATOR,PF_FAM15_VARIABLE_ROLE_RECOGNITION,PF_RG_ITERATION,D1,REMEMBER,mcq_single,"Inside a repetition, a variable is updated by the step T = T + mark. What job is T doing?",Counting how many marks were read,Holding the largest mark seen so far,Building up a running total of the values read,Holding the mark most recently read,C,Building up a running total of the values read,"What is added is the value just read, so the variable grows by the data rather than by a fixed step. Adding one each time would count instead.",AUTHORED,
GB_PF_049,PSEUDOCODE_FLOWCHARTS,PF_C05_ITERATION,PF_F08_COUNTER_AND_ACCUMULATOR,PF_FAM15_VARIABLE_ROLE_RECOGNITION,PF_RG_ITERATION,D1,REMEMBER,mcq_single,"Two variables are updated inside the same repetition: one by adding 1, the other by adding the value just read. What is the difference in their jobs?",The first accumulates amounts; the second counts occurrences,The first counts occurrences; the second accumulates amounts,"Both count, but at different speeds","Both accumulate, but one starts from a different value",B,The first counts occurrences; the second accumulates amounts,"Adding a fixed step counts, and adding the data accumulates. The two are often needed together — an average requires exactly one of each — which is why telling them apart matters.",AUTHORED,
GB_PF_050,PSEUDOCODE_FLOWCHARTS,PF_C05_ITERATION,PF_F08_COUNTER_AND_ACCUMULATOR,PF_FAM15_VARIABLE_ROLE_RECOGNITION,PF_RG_ITERATION,D2,REMEMBER,mcq_single,A variable inside a repetition is updated by the step S = S + 2. Is it counting or accumulating?,"Accumulating, because the amount added is more than one","Accumulating, because the value grows faster than the number of passes",Neither; a step of 2 is not a recognised update,"Counting, in twos: the step is fixed and owes nothing to the data",D,"Counting, in twos: the step is fixed and owes nothing to the data","What decides the job is whether the step depends on the data, not how large it is. A fixed step of two still records how many passes happened, just scaled — the values read never affect it.",AUTHORED,
GB_PY_001,PYTHON_BASICS,PY_C01_VALUES,PY_F01_LITERAL_TYPES,PY_FAM01_LITERAL_TYPE,PY_RG_TYPES,D1,REMEMBER,mcq_single,"In Python, what is the type of the literal 5.0?",int,float,str,bool,B,float,"The decimal point is what makes it a float, even though the value it represents is a whole number. Written as 5 it would be an int, and the two behave differently in division.",AUTHORED,
GB_PY_002,PYTHON_BASICS,PY_C01_VALUES,PY_F01_LITERAL_TYPES,PY_FAM01_LITERAL_TYPE,PY_RG_TYPES,D1,REMEMBER,mcq_single,"In Python, what is the type of the literal ""5""?",int,float,bool,str,D,str,"Quotation marks make it a string, and the fact that the character inside is a digit changes nothing. It cannot take part in arithmetic until it is converted.",AUTHORED,
GB_PY_003,PYTHON_BASICS,PY_C01_VALUES,PY_F01_LITERAL_TYPES,PY_FAM01_LITERAL_TYPE,PY_RG_TYPES,D1,REMEMBER,mcq_single,"In Python, what is the type of the literal True?",bool,str,int,float,A,bool,"Written without quotes and with a capital letter, True is a bool. Written as ""True"" it would be a string that merely looks like one.",AUTHORED,
GB_PY_004,PYTHON_BASICS,PY_C01_VALUES,PY_F01_LITERAL_TYPES,PY_FAM01_LITERAL_TYPE,PY_RG_TYPES,D1,REMEMBER,mcq_single,"Which of these four literals has a type different from the other three: 5, 5.0, ""5"", -5?",5,5.0,"""5""",-5,C,"""5""","The quoted one, ""5"", is a string; the rest are numbers. Among the numbers 5.0 is a float and the others ints, but that difference is smaller than the one between numbers and text.",AUTHORED,
GB_PY_005,PYTHON_BASICS,PY_C01_VALUES,PY_F01_LITERAL_TYPES,PY_FAM01_LITERAL_TYPE,PY_RG_TYPES,D2,REMEMBER,mcq_single,Which of these Python values is a bool?,"""True""",True,1.0,[True],B,True,"Written bare and capitalised, True is a bool. Quoting it makes a string, 1.0 is a float that behaves as true in a condition without being one, and putting it in brackets makes a list that happens to contain a bool.",LEGACY_KEEP,940444
GB_PY_006,PYTHON_BASICS,PY_C02_OUTPUT,PY_F02_PRINT_SHOWS_VALUE,PY_FAM02_PRINT_OUTPUT,PY_RG_OUTPUT,D1,UNDERSTAND,mcq_single,These two lines run in order: x = 5 and print(x). What is displayed?,x,"""5""",Nothing is displayed,5,D,5,"The name is replaced by the value it holds, so what appears is 5. Displaying the letter x would require it to be quoted, and no quotation marks are shown around a number.",LEGACY_REWRITE,999d5f
GB_PY_007,PYTHON_BASICS,PY_C02_OUTPUT,PY_F02_PRINT_SHOWS_VALUE,PY_FAM02_PRINT_OUTPUT,PY_RG_OUTPUT,D1,UNDERSTAND,mcq_single,"A program runs word = ""hello"" and then print(word). What is the output?",hello,"""hello""",word,h e l l o,A,hello,"print shows the value of the string without the quotation marks, because the quotes are part of how the literal was written rather than part of its contents.",AUTHORED,
GB_PY_008,PYTHON_BASICS,PY_C02_OUTPUT,PY_F02_PRINT_SHOWS_VALUE,PY_FAM02_PRINT_OUTPUT,PY_RG_OUTPUT,D1,UNDERSTAND,mcq_single,"A program runs print(""a"") and then print(""b""), as two separate statements. What is the output?",ab on one line,a b on one line,a on one line and b on the next,"""a"" and ""b"" on two lines",C,a on one line and b on the next,"Each print statement finishes its own line, so two statements produce two lines. Joining them onto one would need a single print or an instruction not to end the line.",AUTHORED,
GB_PY_009,PYTHON_BASICS,PY_C02_OUTPUT,PY_F02_PRINT_SHOWS_VALUE,PY_FAM02_PRINT_OUTPUT,PY_RG_OUTPUT,D2,UNDERSTAND,mcq_single,"Two lines are written as n = 3 and print(""n""). What appears when the second of them runs?",3,n,"""n""","Nothing, because n holds a number rather than text",B,n,"Quoting the name turns it into a piece of text, so what appears is the letter n itself and the variable is never consulted. Removing the quotation marks is what would display the 3.",AUTHORED,
GB_PY_010,PYTHON_BASICS,PY_C01_VALUES,PY_F03_IDENTIFIER_RULES,PY_FAM03_IDENTIFIER_VALIDITY,PY_RG_NAMES,D1,REMEMBER,mcq_single,Which of these is a valid Python variable name?,2nd_mark,total-marks,total marks,total_marks,D,total_marks,"Letters, digits and underscores are allowed, but a name cannot begin with a digit, a hyphen is read as subtraction, and a space separates two things rather than joining them.",AUTHORED,
GB_PY_011,PYTHON_BASICS,PY_C01_VALUES,PY_F03_IDENTIFIER_RULES,PY_FAM03_IDENTIFIER_VALIDITY,PY_RG_NAMES,D1,REMEMBER,mcq_single,Which of these Python variable names would the language refuse?,1count,count1,_count,countOne,A,1count,"A digit may appear anywhere in a name except at the start, since a leading digit would make the name unreadable as a name. An underscore at the start is perfectly ordinary.",AUTHORED,
GB_PY_012,PYTHON_BASICS,PY_C01_VALUES,PY_F03_IDENTIFIER_RULES,PY_FAM03_IDENTIFIER_VALIDITY,PY_RG_NAMES,D1,REMEMBER,mcq_single,A program assigns to Total and then reads total. What happens?,"They are the same name, so the value assigned is read back","The program refuses to run, because two names differ only in case","They are two different names, so reading total fails unless it was assigned separately",Python matches the name ignoring case and warns about it,C,"They are two different names, so reading total fails unless it was assigned separately","Names are case-sensitive, so a capital letter makes a genuinely different name. Nothing warns about it, which is why this produces real bugs rather than a refusal to start.",AUTHORED,
GB_PY_013,PYTHON_BASICS,PY_C01_VALUES,PY_F03_IDENTIFIER_RULES,PY_FAM03_IDENTIFIER_VALIDITY,PY_RG_NAMES,D2,REMEMBER,mcq_single,"A program uses the names score, Score and SCORE. How many distinct variables are these?",One,Three,Two,None; Python refuses names that differ only in case,B,Three,"Case is part of the name, so each spelling refers to its own variable. Assigning to one and reading another is legal and silent, which is exactly what makes the mistake hard to find.",AUTHORED,
GB_PY_014,PYTHON_BASICS,PY_C03_ASSIGNMENT,PY_F04_ASSIGNMENT_REBINDS,PY_FAM04_ASSIGNMENT_TRACE,PY_RG_STATE,D2,APPLY,mcq_single,"A program runs x = 5, then y = 2, then print(x + y). What is the output?",3,10,52,7,D,7,"Both names hold numbers, so + adds them and 7 is displayed. Subtracting would give 3, multiplying 10, and joining them as text 52 — but text is what quotation marks would have produced, and there are none.",LEGACY_KEEP,6a6e81
GB_PY_015,PYTHON_BASICS,PY_C03_ASSIGNMENT,PY_F04_ASSIGNMENT_REBINDS,PY_FAM04_ASSIGNMENT_TRACE,PY_RG_STATE,D3,APPLY,mcq_single,"A program runs value = 10, then value = ""ten"", then print(value). What is the output?",ten,10,"An error, because a name cannot change from a number to text",10ten,A,ten,"Assigning to a name again simply replaces what it refers to, and Python places no restriction on the new value being a different type. Nothing is combined and nothing is refused.",AUTHORED,
GB_PY_016,PYTHON_BASICS,PY_C04_STRINGS,PY_F05_STRING_INDEXING,PY_FAM05_STRING_INDEXING,PY_RG_STRINGS,D2,APPLY,mcq_single,"A program runs s = ""python"" and then print(s[0]). What is the output?",y,n,p,python,C,p,"Positions are counted from zero, so position 0 is the first character. Counting from one would give the second character instead.",AUTHORED,
GB_PY_017,PYTHON_BASICS,PY_C04_STRINGS,PY_F05_STRING_INDEXING,PY_FAM05_STRING_INDEXING,PY_RG_STRINGS,D3,APPLY,mcq_single,"A program runs s = ""python"" and then print(s[1:4]). What is the output?",ytho,yth,pyth,yt,B,yth,"A slice starts at the first position and stops before the second, so positions 1, 2 and 3 are taken and position 4 is not. Treating the end as included would give one character too many.",AUTHORED,
GB_PY_018,PYTHON_BASICS,PY_C04_STRINGS,PY_F06_STRING_METHODS_RETURN_NEW,PY_FAM06_STRING_METHOD_RESULT,PY_RG_STRINGS,D2,UNDERSTAND,mcq_single,"A program runs x = ""Hi"" and then print(x.lower()). What is the output?",HI,Hi,"An error, because a string cannot be changed",hi,D,hi,"The method returns a new string with every letter in lower case, so the output is hi. Nothing is changed in place — x still holds ""Hi"" afterwards — and asking for lower case cannot produce upper case.",LEGACY_REWRITE,6f6039
GB_PY_019,PYTHON_BASICS,PY_C04_STRINGS,PY_F06_STRING_METHODS_RETURN_NEW,PY_FAM06_STRING_METHOD_RESULT,PY_RG_STRINGS,D3,UNDERSTAND,mcq_single,"A program runs name = ""Ada"", then name.upper(), then print(name). What is the output?",Ada,ADA,ada,"An error, because the result of upper was not stored",A,Ada,"The method builds and returns a new string, and here that new string is discarded because nothing was assigned to. The original is untouched, which is the whole point: calling a string method without keeping its result changes nothing.",AUTHORED,
GB_PY_020,PYTHON_BASICS,PY_C05_LISTS,PY_F07_LISTS_ARE_MUTABLE,PY_FAM07_LIST_MUTATION,PY_RG_LISTS,D2,ANALYZE,mcq_single,"A program runs nums = [4, 5, 6] and then nums[0] = 9, then print(nums). What is the output?","[4, 5, 9]","[9, 4, 5, 6]","[9, 5, 6]","An error, because a list cannot be changed after it is created",C,"[9, 5, 6]","Position 0 is the first item, and assigning to it replaces that item in place without changing the length. Lists are designed to be changed this way.",AUTHORED,
GB_PY_021,PYTHON_BASICS,PY_C05_LISTS,PY_F07_LISTS_ARE_MUTABLE,PY_FAM07_LIST_MUTATION,PY_RG_LISTS,D3,ANALYZE,mcq_single,"A program runs x = [1, 2], then x.append(3), then print(len(x)). What is the output?",2,3,4,6,B,3,"Appending adds one item, so a list of two becomes a list of three and its length reports 3. Answering 2 reports the length before the append.",LEGACY_KEEP,66b937
GB_PY_022,PYTHON_BASICS,PY_C05_LISTS,PY_F07_LISTS_ARE_MUTABLE,PY_FAM07_LIST_MUTATION,PY_RG_LISTS,D4,ANALYZE,mcq_single,"A program runs a = [1, 2, 3], then b = a, then b.append(4), then print(a). The list a was never appended to directly. What is the output?","[1, 2, 3]","[4, 1, 2, 3]","An error, because a was not the list that was changed","[1, 2, 3, 4]",D,"[1, 2, 3, 4]","Assigning a list to a second name does not copy it; both names refer to the same list, so a change made through one is visible through the other. That a was never touched directly is exactly why this surprises people.",AUTHORED,
GB_PY_023,PYTHON_BASICS,PY_C06_INPUT,PY_F08_INPUT_RETURNS_STRING,PY_FAM08_INPUT_TYPE,PY_RG_INPUT,D2,APPLY,mcq_single,A program runs age = input() and the person types 30. What type does age hold?,str,int,float,It depends on what was typed,A,str,"input always hands back a string, whatever was typed into it, because the program has no way of knowing what kind of value was intended. Converting it is a separate step.",AUTHORED,
GB_PY_024,PYTHON_BASICS,PY_C06_INPUT,PY_F08_INPUT_RETURNS_STRING,PY_FAM08_INPUT_TYPE,PY_RG_INPUT,D3,APPLY,mcq_single,"A program runs a = input(), then b = input(), then print(a + b). The person types 10 and then 5. What is the output?",15,5,105,"An error, because the values were not converted",C,105,"Both values are strings, so + joins them end to end rather than adding them. Nothing illegal happens, which is why the program runs and quietly gives an answer nobody wanted.",AUTHORED,
GB_PY_025,PYTHON_BASICS,PY_C06_INPUT,PY_F08_INPUT_RETURNS_STRING,PY_FAM08_INPUT_TYPE,PY_RG_INPUT,D4,APPLY,mcq_single,"A program compares a typed value against a number with age > 18 and stops with an error, although the person typed 25 and the program never reached the comparison with anything empty. What is wrong?","25 is not greater than 18, so the comparison failed","The typed value is a string, and a string cannot be compared with a number using >","input reads only whole numbers, and 25 was rejected",The comparison needs brackets around it,B,"The typed value is a string, and a string cannot be compared with a number using >","That something was typed and the value is not empty rules out a missing input; what is left is the type. Ordering a string against a number has no defined meaning in Python, so it refuses rather than guessing.",AUTHORED,
GB_PY_026,PYTHON_BASICS,PY_C06_INPUT,PY_F09_CONVERSION_CAN_FAIL,PY_FAM09_CONVERSION_BEHAVIOUR,PY_RG_INPUT,D2,APPLY,mcq_single,"What does int(""42"") produce?","The string ""42"", unchanged",The number 42.0,"An error, because quotes cannot be removed",The number 42,D,The number 42,"The text spells a whole number, so the conversion succeeds and produces an int. Converting is reading the text as a number, not stripping the quotation marks.",AUTHORED,
GB_PY_027,PYTHON_BASICS,PY_C06_INPUT,PY_F09_CONVERSION_CAN_FAIL,PY_FAM09_CONVERSION_BEHAVIOUR,PY_RG_INPUT,D3,APPLY,mcq_single,"What does int(""3.5"") produce?","An error, because the text does not spell a whole number","3, with the fractional part discarded","4, rounded to the nearest whole number",3.5,A,"An error, because the text does not spell a whole number","An error, because the text does not spell a whole number: int reads text spelling a whole number and refuses anything else, a decimal point included. Truncation happens when a float is converted, not when text containing a point is read — float(""3.5"") passed to int gives 3.",AUTHORED,
GB_PY_028,PYTHON_BASICS,PY_C06_INPUT,PY_F09_CONVERSION_CAN_FAIL,PY_FAM09_CONVERSION_BEHAVIOUR,PY_RG_INPUT,D4,APPLY,mcq_single,"A program converts typed values with int and works for months, then stops with an error one day. The input file it was given that day is not empty and contains no letters. What is the most likely cause?",A value that is too large for an int,"A value of zero, which int cannot represent","A value written with a decimal point, which int refuses even though it spells a number","A negative value, which int refuses without a sign being declared",C,"A value written with a decimal point, which int refuses even though it spells a number","Emptiness and letters are ruled out by the stem, so what remains is text that looks numeric and still is not a whole number. Zero and negatives convert perfectly well, and Python places no small ceiling on an int.",AUTHORED,
GB_PY_029,PYTHON_BASICS,PY_C07_OPERATORS,PY_F10_DIVISION_OPERATORS_DIFFER,PY_FAM10_DIVISION_OPERATORS,PY_RG_OPERATORS,D2,APPLY,mcq_single,A program runs print(10 // 3). What is the output?,3.33,3,1,0,B,3,Whole-number division reports how many times 3 fits into 10 and discards what is left over. The 1 that remains is what the remainder operator would give instead.,LEGACY_KEEP,6893dc
GB_PY_030,PYTHON_BASICS,PY_C07_OPERATORS,PY_F10_DIVISION_OPERATORS_DIFFER,PY_FAM10_DIVISION_OPERATORS,PY_RG_OPERATORS,D3,APPLY,mcq_single,"A program runs print(9 / 2) and then print(9 % 2). What do the two lines produce, in order, and of what types?","4 as an int, then 1 as an int","4.5 as a float, then 0.5 as a float","4 as an int, then 4.5 as a float","4.5 as a float, then 1 as an int",D,"4.5 as a float, then 1 as an int","In Python a single slash always produces a float, even when the division comes out even, and the remainder of two ints is an int. Expecting a whole number from / is the habit brought across from languages where it truncates.",AUTHORED,
GB_PY_031,PYTHON_BASICS,PY_C07_OPERATORS,PY_F10_DIVISION_OPERATORS_DIFFER,PY_FAM10_DIVISION_OPERATORS,PY_RG_OPERATORS,D4,APPLY,mcq_single,"A program uses // to work out how many full groups a total makes. For 9 and 4 it gives 2, as expected. For -9 and 4 it gives -3 rather than -2. What accounts for this?","// always moves down to the next whole number below the exact result, which for a negative result is further from zero","// is not defined for negative values, so the result cannot be relied on",The minus sign was applied after the division rather than before,"// rounds to the nearest whole number, and -2.25 rounds to -3",A,"// always moves down to the next whole number below the exact result, which for a negative result is further from zero","The exact result is -2.25, and moving down gives -3. Rounding to nearest would give -2, so the two rules disagree here while agreeing on the positive case — which is why only the negative case reveals which rule is in force.",AUTHORED,
GB_PY_032,PYTHON_BASICS,PY_C08_TRUTHINESS,PY_F11_NON_BOOLEANS_HAVE_TRUTH,PY_FAM11_TRUTHINESS,PY_RG_CONDITIONS,D3,UNDERSTAND,mcq_single,A program runs items = [] and then tests if items:. Does the body run?,"Yes, because items exists and has been assigned","No, because testing a list rather than a comparison is an error","No, because an empty list counts as false in a condition","Yes, because a list is always true once it has been created",C,"No, because an empty list counts as false in a condition","Emptiness is what decides truth for a sequence, not whether the name exists. Testing a non-boolean is entirely legal, which is what makes this a habit worth having.",AUTHORED,
GB_PY_033,PYTHON_BASICS,PY_C08_TRUTHINESS,PY_F11_NON_BOOLEANS_HAVE_TRUTH,PY_FAM11_TRUTHINESS,PY_RG_CONDITIONS,D4,UNDERSTAND,mcq_single,"A program guards a calculation with if count: and the calculation is skipped for one record. The variable count was definitely assigned, and no error was reported. What was its value?","An empty string, which is the only value that can be skipped this way","Zero, which counts as false even though the name holds a value","The text ""False"", which Python reads as false","It was never assigned, whatever the stem says",B,"Zero, which counts as false even though the name holds a value","The stem rules out both a missing name, which would have raised an error, and any failure. Zero is false while still being a perfectly good value. The string ""False"" is non-empty and therefore true, which is the trap in reading text as though it were a bool.",AUTHORED,
GB_PY_034,PYTHON_BASICS,PY_C09_ERRORS,PY_F12_INDEX_OUT_OF_RANGE,PY_FAM12_INDEX_ERROR_DIAGNOSIS,PY_RG_DIAGNOSIS,D3,ANALYZE,mcq_single,A list holds 5 items. A program reads position 5 from it and fails. What was the largest position it could have read?,5,6,It depends on what the items are,4,D,4,"Positions run from 0, so a list of 5 items occupies positions 0 to 4 and position 5 is one past the end. Using the length itself as a position is the commonest way to run off a sequence.",AUTHORED,
GB_PY_035,PYTHON_BASICS,PY_C09_ERRORS,PY_F12_INDEX_OUT_OF_RANGE,PY_FAM12_INDEX_ERROR_DIAGNOSIS,PY_RG_DIAGNOSIS,D4,ANALYZE,mcq_single,A loop reads every position of a list and fails on the very last pass. The list is not empty and every item in it is valid. What is wrong?,"The loop runs one pass too many, reaching the position equal to the length",One of the items is of a type that cannot be read,The list changed length while the loop was running,The loop starts at position 1 instead of 0,A,"The loop runs one pass too many, reaching the position equal to the length","Failing only on the last pass, with the data itself sound, points at the bound rather than the contents. Starting at 1 would fail immediately or skip an item rather than overrun, and a sound list rules out a bad value.",AUTHORED,
GB_PY_036,PYTHON_BASICS,PY_C10_TRACING,PY_F13_MULTI_STEP_BEHAVIOUR,PY_FAM13_MULTI_STEP_TRACE,PY_RG_TRACING,D3,APPLY,mcq_single,"A program runs total = 0, then for n in [2, 3, 4]: total += n, then print(total). What is the output?",4,7,9,24,C,9,"Each pass adds the next value to the running total, so 0 becomes 2, then 5, then 9. Answering 4 reports the last value rather than the total, and 24 multiplies where the code adds.",LEGACY_KEEP,6d8594
GB_PY_037,PYTHON_BASICS,PY_C10_TRACING,PY_F13_MULTI_STEP_BEHAVIOUR,PY_FAM13_MULTI_STEP_TRACE,PY_RG_TRACING,D4,APPLY,mcq_single,"A program runs count = 0, then for n in [4, 7, 2, 9]: if n > 4: count += 1, then print(count). It outputs 2, but the intention was to count values of 4 or more. The list and the increment are both correct. What is wrong?",The counter is increased in the wrong place,"The comparison excludes 4 itself, so one qualifying value is not counted",The counter should have started at 1,The list is being read in the wrong order,B,"The comparison excludes 4 itself, so one qualifying value is not counted","Two of the four values exceed 4 and three are 4 or more, so an output of 2 is exactly what a strict comparison produces. With the data and the increment ruled out, the boundary in the condition is what remains.",LEGACY_REWRITE,693213
GB_PY_038,PYTHON_BASICS,PY_C10_TRACING,PY_F13_MULTI_STEP_BEHAVIOUR,PY_FAM13_MULTI_STEP_TRACE,PY_RG_TRACING,D5,APPLY,mcq_single,"A program runs for i in range(2, 9, 3): print(i). The three arguments give a start, a stop and a step. What is the output?","2, then 5, then 8, then 11","2, then 4, then 6, then 8","3, then 6, then 9","2, then 5, then 8",D,"2, then 5, then 8","Counting from 2 in steps of 3 gives 2, 5 and 8; the next would be 11, which is not below the stop and so never appears. The stop is a limit that is not itself reached, exactly as with a single argument.",LEGACY_REWRITE,67576e
GB_PY_039,PYTHON_BASICS,PY_C10_TRACING,PY_F13_MULTI_STEP_BEHAVIOUR,PY_FAM13_MULTI_STEP_TRACE,PY_RG_TRACING,D5,APPLY,mcq_single,"A program runs total = 0, then for n in [5, 0, 3]: if n: total += 10 // n, then print(total). What is the output?",5,"An error, because of the division by zero",8,13,A,5,"The condition treats 0 as false, so the middle value is skipped and never divides. Two passes contribute 2 and 3, giving 5. The guard is what keeps a division by zero from ever happening.",AUTHORED,
GB_PY_040,PYTHON_BASICS,PY_C10_TRACING,PY_F13_MULTI_STEP_BEHAVIOUR,PY_FAM13_MULTI_STEP_TRACE,PY_RG_TRACING,D5,APPLY,mcq_single,"A program runs found = False, then for n in [3, 8, 5]: if n > 6: found = True, then print(found). Would replacing the loop with one that stops as soon as it sets found change the printed result, and what would it change?","The printed result would become False, because stopping early misses later values",The printed result would be the same and nothing at all would change,The printed result would be the same; only the number of values examined would fall,"The program would fail, because a loop cannot be stopped part way",C,The printed result would be the same; only the number of values examined would fall,"Once found has been set, no later value can unset it, so the answer is already settled and the remaining passes only cost time. Recognising when early exit is safe is a different question from whether it is possible.",AUTHORED,
GB_PY_041,PYTHON_BASICS,PY_C11_EDGE_CASES,PY_F14_EMPTY_SEQUENCE_BEHAVIOUR,PY_FAM14_EMPTY_SEQUENCE,PY_RG_ROBUSTNESS,D4,ANALYZE,mcq_single,A program sums a list and prints the total. Given an empty list it prints 0 and reports nothing. Is that a failure?,Yes; summing nothing should have raised an error,No; the loop runs zero times and the total keeps the value it was given before the loop,"Yes; the total was never assigned, so 0 came from nowhere",No; Python substitutes 0 whenever a loop has nothing to work on,B,No; the loop runs zero times and the total keeps the value it was given before the loop,"A loop over an empty sequence simply does not run, so whatever the total was initialised to is what gets printed. Nothing is substituted on the programmer's behalf; the 0 was written into the code.",AUTHORED,
GB_PY_042,PYTHON_BASICS,PY_C11_EDGE_CASES,PY_F14_EMPTY_SEQUENCE_BEHAVIOUR,PY_FAM14_EMPTY_SEQUENCE,PY_RG_ROBUSTNESS,D4,ANALYZE,mcq_single,"A program averages a list by dividing its total by its length. Given an empty list it stops with an error, while the summing program given the same list finished quietly. What accounts for the difference?","The average reads the first item, which does not exist",An empty list cannot have its length taken,The two programs were given different lists despite appearances,"The average divides by a length of zero, which fails, whereas summing nothing simply adds nothing",D,"The average divides by a length of zero, which fails, whereas summing nothing simply adds nothing","Both loops run zero times, so both totals are 0; only one of them then divides by 0. The length of an empty list is perfectly well defined — it is 0, which is exactly the problem.",AUTHORED,
GB_PY_043,PYTHON_BASICS,PY_C11_EDGE_CASES,PY_F14_EMPTY_SEQUENCE_BEHAVIOUR,PY_FAM14_EMPTY_SEQUENCE,PY_RG_ROBUSTNESS,D5,ANALYZE,mcq_single,A program finds the largest value by setting best to the first item and comparing the rest against it. What happens when the list is empty?,It fails at the point where it takes the first item,It prints 0,It prints nothing and ends normally,It prints the smallest number Python can represent,A,It fails at the point where it takes the first item,"The approach needs something to start from, and an empty list offers nothing. No default appears from anywhere — a starting value would have to be written into the code deliberately, and choosing one is its own decision.",AUTHORED,
GB_PY_044,PYTHON_BASICS,PY_C11_EDGE_CASES,PY_F14_EMPTY_SEQUENCE_BEHAVIOUR,PY_FAM14_EMPTY_SEQUENCE,PY_RG_ROBUSTNESS,D5,ANALYZE,mcq_single,A program counts how many items of a list are longer than three characters. What does it produce for an empty list?,"An error, because there is nothing to measure","Nothing at all, because the print is inside the loop","0, which is correct and needs no special case","An error, because the counter was never used",C,"0, which is correct and needs no special case","Counting nothing gives zero, and the counter was initialised before the loop, so the answer is right without any extra handling. Not every empty-input case needs a guard, and adding one here would only be more code to get wrong.",AUTHORED,
GB_PY_045,PYTHON_BASICS,PY_C11_EDGE_CASES,PY_F14_EMPTY_SEQUENCE_BEHAVIOUR,PY_FAM14_EMPTY_SEQUENCE,PY_RG_ROBUSTNESS,D5,ANALYZE,mcq_single,"A program joins the items of a list into one string separated by commas. On an empty list, which outcome would you expect and why?","A single comma, because one separator is always written","An empty string, because there is nothing to place between separators","An error, because a separator needs something on both sides","The word None, because nothing was produced",B,"An empty string, because there is nothing to place between separators","Separators go between items, so a list of nothing needs none and the result is simply empty. The rule generalises: one item gives no separators, two give one, and none give none.",AUTHORED,
GB_PY_046,PYTHON_BASICS,PY_C11_EDGE_CASES,PY_F14_EMPTY_SEQUENCE_BEHAVIOUR,PY_FAM14_EMPTY_SEQUENCE,PY_RG_ROBUSTNESS,D5,ANALYZE,mcq_single,"A program will be given lists that are usually full but occasionally empty. One version guards against emptiness before doing anything; another lets the empty case fall through and fails when it does. Which is preferable, and what does the choice cost?","The unguarded version, because failing loudly is always better than continuing",Neither; the two behave identically on the lists that actually arrive,"The unguarded version, because a guard hides a problem that should be fixed upstream","The guarded version, because an empty list is a real case rather than a fault, and the cost is one check on every call",D,"The guarded version, because an empty list is a real case rather than a fault, and the cost is one check on every call","An input the program is expected to receive is not an error, and treating it as one turns ordinary data into a crash. The guard costs a comparison each time, which is the price of handling a case that will certainly arrive.",AUTHORED,
GB_PY_047,PYTHON_BASICS,PY_C12_EQUIVALENCE,PY_F15_EXPRESSION_EQUIVALENCE,PY_FAM15_EXPRESSION_EQUIVALENCE,PY_RG_EVALUATION,D4,EVALUATE,mcq_single,"Two expressions, x / 2 and x // 2, were tried on several even positive values and agreed every time in what they displayed. Are they equivalent?","No; they produce different types, and they differ in value as soon as x is odd",Yes; both halve the value,No; they differ only when x is negative,"Yes for whole numbers, and the type is not a difference",A,"No; they produce different types, and they differ in value as soon as x is odd","Even positive values hide both differences at once: the quotient is exact, so truncation does nothing, and a float that prints as a round number looks like an int. An odd value separates them in value, and the type differs even when the value does not.",AUTHORED,
GB_PY_048,PYTHON_BASICS,PY_C12_EQUIVALENCE,PY_F15_EXPRESSION_EQUIVALENCE,PY_FAM15_EXPRESSION_EQUIVALENCE,PY_RG_EVALUATION,D5,EVALUATE,mcq_single,Are the conditions x != 0 and x tested as a truth value equivalent for every possible x?,Yes; both ask whether x holds something,No; they differ for negative numbers,"No; they agree for numbers, but an empty string or empty list is false while also being different from 0",Yes for every value except None,C,"No; they agree for numbers, but an empty string or empty list is false while also being different from 0","For numbers the two coincide exactly. Widen the type and they part company: an empty container is not equal to 0, so the first says true, while emptiness makes the second say false. Equivalence is always a claim about a range of inputs.",AUTHORED,
GB_PY_049,PYTHON_BASICS,PY_C12_EQUIVALENCE,PY_F15_EXPRESSION_EQUIVALENCE,PY_FAM15_EXPRESSION_EQUIVALENCE,PY_RG_EVALUATION,D5,EVALUATE,mcq_single,Are the expressions x * 0.5 and x // 2 equivalent when x is a non-negative whole number?,Yes; both halve a whole number,No; for odd values the first keeps the half and the second discards it,No; they differ only when x is zero,Yes; the results differ in type but never in value,B,No; for odd values the first keeps the half and the second discards it,"For even values both give the same number, which is why casual testing agrees. An odd value separates them: one produces a value ending in .5 and the other moves down to a whole number. Zero is the one value where absolutely nothing distinguishes them.",AUTHORED,
GB_PY_050,PYTHON_BASICS,PY_C12_EQUIVALENCE,PY_F15_EXPRESSION_EQUIVALENCE,PY_FAM15_EXPRESSION_EQUIVALENCE,PY_RG_EVALUATION,D5,EVALUATE,mcq_single,"Two expressions agree for every input a program will ever be given, but one calls a function three times and the other stores that function's result and reuses it. On what grounds should the choice be made?",On neither; agreeing on every input makes them interchangeable,On which is shorter to write,"On calling three times, since repeating the call guards against a wrong result",On cost and on whether the function could give a different answer each time it is called,D,On cost and on whether the function could give a different answer each time it is called,"Equal results settle correctness and leave everything else open. Repetition costs time, and reuse is only safe if the function would answer identically each time — a function reading a clock or a file would not, and there the two are not equivalent at all.",AUTHORED,
GB_AD_001,APTITUDE_DATA_INTERPRETATION,AD_C01_READING,AD_F01_A_TABLE_HAS_COORDINATES,AD_FAM01_TABLE_LOOKUP,AD_RG_READING,D1,REMEMBER,mcq_single,"A table gives marks by student and subject. Student P: Maths 70, Science 85. Student Q: Maths 60, Science 90. What is Q's Maths mark?",90,60,70,85,B,60,"The value sits where the Q row meets the Maths column. Reading along the same row gives Q's Science mark, and reading down the same column gives P's Maths mark — both are values in the table, and neither is the one asked for.",LEGACY_REWRITE,bef9f7
GB_AD_002,APTITUDE_DATA_INTERPRETATION,AD_C01_READING,AD_F01_A_TABLE_HAS_COORDINATES,AD_FAM01_TABLE_LOOKUP,AD_RG_READING,D1,REMEMBER,mcq_single,"A table lists deliveries by week, with a Total row: Week 1 — 12, Week 2 — 9, Week 3 — 15, Total — 36. What figure is recorded for Week 2?",36,12,15,9,D,9,"Week 2 has its own row and its own value. The Total is computed from the three weeks and is not itself a week, which is why a total row must be read as a summary rather than as data.",LEGACY_REWRITE,c702c2
GB_AD_003,APTITUDE_DATA_INTERPRETATION,AD_C01_READING,AD_F01_A_TABLE_HAS_COORDINATES,AD_FAM01_TABLE_LOOKUP,AD_RG_READING,D1,REMEMBER,mcq_single,"A table gives rainfall in millimetres by month and city. City X: June 40, July 65. City Y: June 55, July 30. What was July's rainfall in City Y?",30,65,55,40,A,30,"The answer is where the City Y row meets the July column. The other three values are each one step away — along the row, down the column, or diagonally — which is exactly how a coordinate is misread.",AUTHORED,
GB_AD_004,APTITUDE_DATA_INTERPRETATION,AD_C01_READING,AD_F01_A_TABLE_HAS_COORDINATES,AD_FAM01_TABLE_LOOKUP,AD_RG_READING,D1,REMEMBER,mcq_single,"A table gives sales by product and quarter. Product A: Q1 200, Q2 150. Product B: Q1 180, Q2 210. Which cell holds 210?",Product B in Q1,Product A in Q2,Product B in Q2,Product A in Q1,C,Product B in Q2,Locating a value works the same way as reading one: both a row and a column are needed. Naming only one of the two leaves three cells still possible.,AUTHORED,
GB_AD_005,APTITUDE_DATA_INTERPRETATION,AD_C01_READING,AD_F01_A_TABLE_HAS_COORDINATES,AD_FAM01_TABLE_LOOKUP,AD_RG_READING,D2,REMEMBER,mcq_single,"A table gives staff numbers by department and site. Support: London 12, Leeds 8. Sales: London 15, Leeds 20. Someone reads ""Sales in Leeds"" as 15. What did they read instead?","Support in Leeds, taking the correct column and the wrong row","Sales in London, taking the correct row and the wrong column",The total for Leeds,The total for Sales,B,"Sales in London, taking the correct row and the wrong column","15 sits in the Sales row under London, so the row was right and the column was not. Support in Leeds is 8, and neither total is 15 — so only one misreading produces the figure they gave.",AUTHORED,
GB_AD_006,APTITUDE_DATA_INTERPRETATION,AD_C01_READING,AD_F02_UNITS_AND_SCALE_ARE_PART_OF_THE_VALUE,AD_FAM02_UNIT_READING,AD_RG_READING,D1,REMEMBER,mcq_single,"A table is headed ""Sales, in thousands of rupees"". The entry for March reads 45. What were March's sales?",45 rupees,"45,000,000 rupees","4,500 rupees","45,000 rupees",D,"45,000 rupees","The header says every entry is a count of thousands, so 45 means 45 thousand. Reading the number without applying the scale is the commonest slip; applying it twice gives millions.",AUTHORED,
GB_AD_007,APTITUDE_DATA_INTERPRETATION,AD_C01_READING,AD_F02_UNITS_AND_SCALE_ARE_PART_OF_THE_VALUE,AD_FAM02_UNIT_READING,AD_RG_READING,D1,REMEMBER,mcq_single,"A table is headed ""Downloads per month"". The entry for a certain app reads 300. How many downloads would a year bring at that rate?","3,600",300,25,"36,000",A,"3,600","The figure covers one month, so a year is twelve times it, giving 3,600. Treating a monthly figure as annual leaves it at 300, and dividing by twelve goes the wrong way.",AUTHORED,
GB_AD_008,APTITUDE_DATA_INTERPRETATION,AD_C01_READING,AD_F02_UNITS_AND_SCALE_ARE_PART_OF_THE_VALUE,AD_FAM02_UNIT_READING,AD_RG_READING,D1,REMEMBER,mcq_single,"A table is headed ""Distance, in kilometres"". One entry reads 8. Another table headed ""Distance, in metres"" also reads 8. Are the two distances the same?",Yes; both entries read 8,No; one is a hundred times the other,No; one is a thousand times the other,It cannot be said without knowing what was measured,C,No; one is a thousand times the other,"The number is only half the value; the unit in the header is the other half. Two identical numbers under different units are different quantities, and how different is fixed by the units alone.",AUTHORED,
GB_AD_009,APTITUDE_DATA_INTERPRETATION,AD_C01_READING,AD_F02_UNITS_AND_SCALE_ARE_PART_OF_THE_VALUE,AD_FAM02_UNIT_READING,AD_RG_READING,D2,REMEMBER,mcq_single,"A table headed ""Revenue, in millions"" shows 3.5 for one region and, in a footnote, ""Region Z reported in thousands: 2,800"". Which region earned more?","Region Z, because 2,800 is larger than 3.5","The first, because 3.5 million exceeds 2.8 million",They are equal once both are converted,"It cannot be decided, because the two use different units",B,"The first, because 3.5 million exceeds 2.8 million","Both figures can be put on the same footing: 3.5 million against 2,800 thousand, which is 2.8 million. Comparing the printed numbers without converting reverses the answer, and differing units are an obstacle to be removed rather than a reason to give up.",AUTHORED,
GB_AD_010,APTITUDE_DATA_INTERPRETATION,AD_C02_CHARTS,AD_F03_A_CHART_ENCODES_VALUES,AD_FAM03_CHART_READING,AD_RG_READING,D1,UNDERSTAND,mcq_single,"A bar chart shows: Python 30, C 20, Java 25. Which is highest?",C,Java,They are equal,Python,D,Python,"Thirty is the largest of the three values, so Python has the tallest bar. Java is the second largest, which is the answer a hurried reading produces.",LEGACY_KEEP,a7eea6
GB_AD_011,APTITUDE_DATA_INTERPRETATION,AD_C02_CHARTS,AD_F03_A_CHART_ENCODES_VALUES,AD_FAM03_CHART_READING,AD_RG_READING,D1,UNDERSTAND,mcq_single,"A bar chart shows monthly faults: April 14, May 9, June 11, July 6. Which month had the fewest?",July,May,June,April,A,July,"Six is the smallest of the four values, so the answer is July. May is the second smallest and is what a reader who stops at the first low bar tends to choose.",AUTHORED,
GB_AD_012,APTITUDE_DATA_INTERPRETATION,AD_C02_CHARTS,AD_F03_A_CHART_ENCODES_VALUES,AD_FAM03_CHART_READING,AD_RG_READING,D1,UNDERSTAND,mcq_single,"A chart shows cumulative sign-ups: after week 1, 20; after week 2, 35; after week 3, 50. How many signed up during week 2 alone?",35,50,15,20,C,15,"Each bar reports the running total, so week 2 alone is the difference between two bars: 15. Reading 35 takes the cumulative figure as though it stood for that week on its own.",AUTHORED,
GB_AD_013,APTITUDE_DATA_INTERPRETATION,AD_C02_CHARTS,AD_F03_A_CHART_ENCODES_VALUES,AD_FAM03_CHART_READING,AD_RG_READING,D2,UNDERSTAND,mcq_single,"A bar chart shows: Red 10, Blue 20, Green 20. Which are tied highest?",Red and Blue,Blue and Green,Red and Green,All three,B,Blue and Green,"Both Blue and Green reach 20, and Red reaches only 10. A tie has to be read off the values rather than from adjacency on the chart.",LEGACY_KEEP,a61401
GB_AD_014,APTITUDE_DATA_INTERPRETATION,AD_C03_AGGREGATION,AD_F04_TOTALS_AND_DIFFERENCES,AD_FAM04_TOTAL_AND_DIFFERENCE,AD_RG_ARITHMETIC,D2,APPLY,mcq_single,"A table lists: Mon 10, Tue 15, Wed 12, Subtotal 37, Thu 8. What is the total for the four days?",82,37,30,45,D,45,"The subtotal already accounts for Monday to Wednesday, so the total is that subtotal plus Thursday, which is 45. Adding every printed figure counts the first three days twice and gives 82.",LEGACY_REWRITE,c7a0f9
GB_AD_015,APTITUDE_DATA_INTERPRETATION,AD_C03_AGGREGATION,AD_F04_TOTALS_AND_DIFFERENCES,AD_FAM04_TOTAL_AND_DIFFERENCE,AD_RG_ARITHMETIC,D3,APPLY,mcq_single,"A table shows income 4,200 and costs 3,650 for one month, and income 3,900 and costs 4,100 for the next. By how much did the surplus fall between the two months?",750,300,450,200,A,750,"The first month's surplus is 550 and the second is -200, so the fall is 750. Comparing the incomes alone gives 300 and the costs alone 450; the surplus has to be worked out for each month before the two can be compared.",AUTHORED,
GB_AD_016,APTITUDE_DATA_INTERPRETATION,AD_C04_PROPORTION,AD_F05_A_SHARE_IS_RELATIVE_TO_A_WHOLE,AD_FAM05_SHARE_OF_TOTAL,AD_RG_PROPORTION,D2,APPLY,mcq_single,"A table shows enrolments: Course A 30, Course B 50, Course C 20, giving 100 in all. What share of the total is Course B?",100%,20%,50%,30%,C,50%,"Fifty out of one hundred is half. Each of the other options is a share belonging to a different course, or the whole rather than the part.",AUTHORED,
GB_AD_017,APTITUDE_DATA_INTERPRETATION,AD_C04_PROPORTION,AD_F05_A_SHARE_IS_RELATIVE_TO_A_WHOLE,AD_FAM05_SHARE_OF_TOTAL,AD_RG_PROPORTION,D3,APPLY,mcq_single,"A table shows two regions. North: Product A 20, Product B 30, row total 50. South: Product A 10, Product B 40, row total 50. The grand total is 100. What share of all sales is Product A in the North?",40%,20%,50%,10%,B,20%,"The question names the grand total of 100, so 20 out of 100 is 20%. Dividing by the North row total of 50 gives 40%, which answers a different and equally sensible question — which is why the whole has to be identified before dividing.",AUTHORED,
GB_AD_018,APTITUDE_DATA_INTERPRETATION,AD_C05_CHANGE,AD_F06_CHANGE_IS_RELATIVE_TO_THE_START,AD_FAM06_PERCENTAGE_CHANGE,AD_RG_CHANGE,D2,APPLY,mcq_single,A chart shows Q1 at 100 and Q2 at 125. What is the percentage increase?,20%,30%,125%,25%,D,25%,"The rise of 25 measured against the starting value of 100 is 25%. Measuring it against the later value of 125 would give 20%, and 125% is the second figure as a proportion of the first rather than the change.",LEGACY_KEEP,a575ca
GB_AD_019,APTITUDE_DATA_INTERPRETATION,AD_C05_CHANGE,AD_F06_CHANGE_IS_RELATIVE_TO_THE_START,AD_FAM06_PERCENTAGE_CHANGE,AD_RG_CHANGE,D3,APPLY,mcq_single,A figure falls from 80 to 60. What is the percentage change?,A fall of 25%,A fall of 20%,A fall of 33%,"A fall of 20 percentage points, which is the same as 25%",A,A fall of 25%,"The fall of 20 is measured against the starting value of 80, giving 25%. Measuring against the later value of 60 gives 33%, and a change of 20 units is not a change of 20% unless the base happens to be 100.",AUTHORED,
GB_AD_020,APTITUDE_DATA_INTERPRETATION,AD_C05_CHANGE,AD_F06_CHANGE_IS_RELATIVE_TO_THE_START,AD_FAM06_PERCENTAGE_CHANGE,AD_RG_CHANGE,D4,APPLY,mcq_single,"A price rises by 50% and then falls by 50%. Someone reports that it has returned to where it started. Starting from 100, where does it actually end, and why?","100, because the two changes cancel","50, because the two changes add to a fall of nothing and then halve it","75, because the fall is taken against the raised price rather than the original","150, because a rise and a fall of the same size leave the rise standing",C,"75, because the fall is taken against the raised price rather than the original","The rise takes 100 to 150, and half of 150 is 75. Each percentage is measured against whatever the value is at the time, so equal percentages in opposite directions do not cancel — the second acts on a larger base.",AUTHORED,
GB_AD_021,APTITUDE_DATA_INTERPRETATION,AD_C04_PROPORTION,AD_F07_RATIOS_COMPARE_WITHOUT_TOTALS,AD_FAM07_RATIO_REASONING,AD_RG_PROPORTION,D2,APPLY,mcq_single,"Two quantities are in the ratio 2:3, and the first is 10. What is the second?",18,15,10,12,B,15,"Each part of the ratio is worth 5, so three parts are 15. The ratio fixes the relationship between the two quantities and nothing else about them.",LEGACY_KEEP,34bbc8
GB_AD_022,APTITUDE_DATA_INTERPRETATION,AD_C04_PROPORTION,AD_F07_RATIOS_COMPARE_WITHOUT_TOTALS,AD_FAM07_RATIO_REASONING,AD_RG_PROPORTION,D3,APPLY,mcq_single,A group of 40 people is split in the ratio 3:5. How many are in the smaller part?,3,24,13,15,D,15,"The ratio has eight parts in all, so each part is five people and three parts are 15. Treating 3 as a share of the whole rather than as a number of parts is what produces the other answers.",AUTHORED,
GB_AD_023,APTITUDE_DATA_INTERPRETATION,AD_C04_PROPORTION,AD_F07_RATIOS_COMPARE_WITHOUT_TOTALS,AD_FAM07_RATIO_REASONING,AD_RG_PROPORTION,D4,APPLY,mcq_single,Team A passes tests in the ratio 4:1 against failures; Team B in the ratio 9:1. Someone concludes that Team B passed more tests. Team A ran 500 tests and Team B ran 50. What is wrong with the conclusion?,A ratio says nothing about absolute size; Team A passed 400 and Team B only 45,Nothing; 9:1 is the better ratio and so the larger number,"The ratios cannot be compared, because they have different second parts","Team B passed more, but only because it ran fewer tests",A,A ratio says nothing about absolute size; Team A passed 400 and Team B only 45,"The two ratios are directly comparable and Team B's is genuinely better, which is what makes the conclusion tempting. But a proportion multiplied by a much smaller total gives a much smaller count, and the counts are what the claim was about.",AUTHORED,
GB_AD_024,APTITUDE_DATA_INTERPRETATION,AD_C06_AVERAGES,AD_F08_AN_AVERAGE_HIDES_ITS_SPREAD,AD_FAM08_AVERAGE_REASONING,AD_RG_AVERAGES,D2,ANALYZE,mcq_single,Five values have an average of 20. A sixth value of 8 is added. What happens to the average?,"It stays at 20, because one value cannot move an average","It rises, because adding a value increases the total","It falls, because the new value is below the old average","It becomes 8, the most recent value",C,"It falls, because the new value is below the old average","An average moves toward whatever is added to it, so a value below it pulls it down. The total does rise, but it is now divided among six rather than five.",LEGACY_REWRITE,83a6d6
GB_AD_025,APTITUDE_DATA_INTERPRETATION,AD_C06_AVERAGES,AD_F08_AN_AVERAGE_HIDES_ITS_SPREAD,AD_FAM08_AVERAGE_REASONING,AD_RG_AVERAGES,D3,ANALYZE,mcq_single,Which measure is most directly affected by one extremely large value in the data?,The median,The mean,The mode,The count,B,The mean,"The mean uses every value in its arithmetic, so an extreme one moves it. The median depends on position rather than size, the mode on which value appears most, and the count on how many there are.",LEGACY_KEEP,83089f
GB_AD_026,APTITUDE_DATA_INTERPRETATION,AD_C06_AVERAGES,AD_F08_AN_AVERAGE_HIDES_ITS_SPREAD,AD_FAM08_AVERAGE_REASONING,AD_RG_AVERAGES,D4,ANALYZE,mcq_single,A group of 4 has an average of 10 and a group of 16 has an average of 20. Someone reports the combined average as 15. What is it actually?,"15, since 10 and 20 average to 15","30, since the two averages add",It cannot be found without every individual value,"18, because the larger group carries more weight",D,"18, because the larger group carries more weight","The totals are 40 and 320, giving 360 across 20 people, which is 18. Averaging two averages treats the groups as equal in size, and here one is four times the other.",LEGACY_REWRITE,aa6782
GB_AD_027,APTITUDE_DATA_INTERPRETATION,AD_C05_CHANGE,AD_F09_A_TREND_IS_A_DIRECTION_NOT_A_VALUE,AD_FAM09_TREND_READING,AD_RG_CHANGE,D2,ANALYZE,mcq_single,"Values over five days read 10, 14, 11, 17, 21. What is the overall trend, and what does it not tell you?","Rising overall, though it does not mean every day was higher than the one before","Rising, which means every day was higher than the one before","Falling, because one day fell","No trend at all, because the values do not rise every day",A,"Rising overall, though it does not mean every day was higher than the one before","A trend is the direction across the series, and this one climbs from 10 to 21. A single dip on the third day is entirely consistent with that, which is exactly what a trend does not rule out.",LEGACY_REWRITE,a4d793
GB_AD_028,APTITUDE_DATA_INTERPRETATION,AD_C05_CHANGE,AD_F09_A_TREND_IS_A_DIRECTION_NOT_A_VALUE,AD_FAM09_TREND_READING,AD_RG_CHANGE,D3,ANALYZE,mcq_single,"Monthly figures read 50, 46, 52, 48, 55, 51. What can be said?","The figures are falling, because each rise is followed by a fall","There is no trend, because the values go up and down","The figures drift upward while alternating, so the trend is mildly rising","The trend is flat, because the rises and falls are of similar size",C,"The figures drift upward while alternating, so the trend is mildly rising","The peaks climb from 52 to 55 and the troughs from 46 to 51, so the series is rising even though no two consecutive months both rise. Alternation and direction are separate features of the same data.",AUTHORED,
GB_AD_029,APTITUDE_DATA_INTERPRETATION,AD_C05_CHANGE,AD_F09_A_TREND_IS_A_DIRECTION_NOT_A_VALUE,AD_FAM09_TREND_READING,AD_RG_CHANGE,D4,ANALYZE,mcq_single,"Sales over four quarters read 100, 120, 140, 160. Someone concludes that the next quarter will be 180. The data covers only these four quarters. What is wrong with the conclusion?",The arithmetic is wrong; the next value would be 170,The trend describes what happened and does not fix any future value,Nothing; four points establish the pattern,The trend is actually falling once the rate of increase is considered,B,The trend describes what happened and does not fix any future value,"The rise of 20 each quarter is real and the extrapolation is arithmetically sound, which is why it convinces. What the data cannot supply is any reason the pattern continues — a trend is a description of a period, not a promise about the next one.",AUTHORED,
GB_AD_030,APTITUDE_DATA_INTERPRETATION,AD_C07_RATES,AD_F10_A_RATE_NEEDS_ITS_DENOMINATOR,AD_FAM10_RATE_COMPARISON,AD_RG_RATES,D2,ANALYZE,mcq_single,"One shop sells 300 items a week; another sells 60 items a day. Which sells more, and what has to happen first?","The first, because 300 is larger than 60",They are equal once compared,"They cannot be compared, because the periods differ","The second, once both are put on the same period: 60 a day is 420 a week",D,"The second, once both are put on the same period: 60 a day is 420 a week","Two rates can only be compared when their denominators match, and here they can be made to match. Comparing the printed numbers reverses the answer.",AUTHORED,
GB_AD_031,APTITUDE_DATA_INTERPRETATION,AD_C07_RATES,AD_F10_A_RATE_NEEDS_ITS_DENOMINATOR,AD_FAM10_RATE_COMPARISON,AD_RG_RATES,D3,ANALYZE,mcq_single,"Department X reported 40 faults and Department Y reported 12. X handled 4,000 jobs and Y handled 400. Which had the higher fault rate?","Y, at 3 per hundred jobs against X's 1 per hundred","X, because it reported more faults","They are equal, because both figures are small",It cannot be decided from counts alone,A,"Y, at 3 per hundred jobs against X's 1 per hundred","Dividing each count by its own workload gives 1% and 3%, so the smaller count comes from the worse rate. The counts alone answer a different question — how many faults there were, not how often they occurred.",AUTHORED,
GB_AD_032,APTITUDE_DATA_INTERPRETATION,AD_C07_RATES,AD_F10_A_RATE_NEEDS_ITS_DENOMINATOR,AD_FAM10_RATE_COMPARISON,AD_RG_RATES,D4,ANALYZE,mcq_single,"A report states that Clinic A has a 90% success rate and Clinic B 75%, and concludes A is better. A treated 10 cases and B treated 2,000. What does the comparison overlook?",Nothing; 90% is higher than 75% however many cases there were,"The rates cannot be compared, because the denominators differ","A rate from 10 cases is far less settled than one from 2,000; a single further case moves A by ten points",B is better because it treated more cases,C,"A rate from 10 cases is far less settled than one from 2,000; a single further case moves A by ten points","Both rates are correctly computed and directly comparable, which is what makes this look settled. What differs is how much each rests on: one more failure at A gives 82%, while one at B changes almost nothing.",AUTHORED,
GB_AD_033,APTITUDE_DATA_INTERPRETATION,AD_C05_CHANGE,AD_F11_PERCENTAGES_DO_NOT_COMPOSE_BY_ADDITION,AD_FAM11_COMPOUND_PERCENTAGE,AD_RG_CHANGE,D3,ANALYZE,mcq_single,A value of 200 rises by 10% and then by a further 10%. What is it now?,240,242,220,244,B,242,"The first rise gives 220 and the second is taken on that, adding 22 to reach 242. Adding the two percentages to make 20% gives 240 and misses the rise on the rise.",AUTHORED,
GB_AD_034,APTITUDE_DATA_INTERPRETATION,AD_C05_CHANGE,AD_F11_PERCENTAGES_DO_NOT_COMPOSE_BY_ADDITION,AD_FAM11_COMPOUND_PERCENTAGE,AD_RG_CHANGE,D4,ANALYZE,mcq_single,"A price rises 20% then falls 10%. Another rises 10% then falls 20%. Someone says the order changes the outcome. Starting both from 100, what happens?","The first ends higher, because the larger rise comes first","The second ends higher, because the larger fall comes last",The first ends at 110 and the second at 88,Both end at 108; multiplying the same two factors in either order gives the same result,D,Both end at 108; multiplying the same two factors in either order gives the same result,"Each change multiplies by a factor — 1.2 and 0.9 — and multiplication does not depend on order, so both give 108. The intuition that the bigger move should come first is exactly what the arithmetic does not support.",AUTHORED,
GB_AD_035,APTITUDE_DATA_INTERPRETATION,AD_C08_QUALITY,AD_F12_DATA_CAN_BE_INCOMPLETE_OR_INCONSISTENT,AD_FAM12_DATA_QUALITY,AD_RG_QUALITY,D3,ANALYZE,mcq_single,"A column of ages reads 18, 19, 18, 250, 19. Which value most needs checking before the data is used?",250,18,19,All of them equally,A,250,"An age of 250 is outside anything the column can plausibly record, so it points at a recording or entry fault. The other values are unremarkable and consistent with each other.",LEGACY_KEEP,bce8c8
GB_AD_036,APTITUDE_DATA_INTERPRETATION,AD_C08_QUALITY,AD_F12_DATA_CAN_BE_INCOMPLETE_OR_INCONSISTENT,AD_FAM12_DATA_QUALITY,AD_RG_QUALITY,D4,ANALYZE,mcq_single,"A table lists monthly totals of 120, 135 and 118, with an annual figure of 373 given as the sum. The individual months add to 373. A footnote adds that August's figure is missing. Why is the annual figure unreliable?",The three monthly figures do not add to 373,The monthly figures are too close together to be genuine,"It is labelled annual but covers only the months present, and one month is known to be absent",An annual figure should never be the sum of monthly ones,C,"It is labelled annual but covers only the months present, and one month is known to be absent","The arithmetic is correct, which is what makes the figure look sound. The defect is in what it claims to cover: a total described as annual, computed from data known to be incomplete, understates by an unknown amount.",AUTHORED,
GB_AD_037,APTITUDE_DATA_INTERPRETATION,AD_C09_PRESENTATION,AD_F13_PRESENTATION_CAN_MISLEAD_WITHOUT_LYING,AD_FAM13_MISLEADING_PRESENTATION,AD_RG_QUALITY,D3,EVALUATE,mcq_single,"A headline reads ""Cases up 200% this month"". The figures behind it are two cases last month and six this month. Every number is correct. What makes the headline misleading?",The percentage is miscalculated; it should be 300%,"The percentage is accurate but the base is tiny, and the headline omits it",The comparison should have used the same month last year,Percentages should never be used for counts,B,"The percentage is accurate but the base is tiny, and the headline omits it","Going from two to six is a rise of four on a base of two, which is 200%. Nothing is false; what misleads is presenting a proportional change without the numbers that would show how small a change it is.",AUTHORED,
GB_AD_038,APTITUDE_DATA_INTERPRETATION,AD_C09_PRESENTATION,AD_F13_PRESENTATION_CAN_MISLEAD_WITHOUT_LYING,AD_FAM13_MISLEADING_PRESENTATION,AD_RG_QUALITY,D4,EVALUATE,mcq_single,"A chart shows a company's revenue climbing steeply. Its vertical axis begins at 4,900 rather than 0, and the values run from 5,000 to 5,200. All the plotted values are correct. What makes the chart misleading?",The values are wrong; revenue did not really rise,A line chart is the wrong choice for revenue,The chart covers too short a period to show anything,Beginning the axis near the data magnifies a 4% change into a dramatic climb,D,Beginning the axis near the data magnifies a 4% change into a dramatic climb,"The plotted points are accurate and the rise is real, so nothing in the data is false. What misleads is the axis: cutting away everything below 4,900 makes a small proportional change fill the whole height of the chart.",AUTHORED,
GB_AD_039,APTITUDE_DATA_INTERPRETATION,AD_C09_PRESENTATION,AD_F13_PRESENTATION_CAN_MISLEAD_WITHOUT_LYING,AD_FAM13_MISLEADING_PRESENTATION,AD_RG_QUALITY,D5,EVALUATE,mcq_single,"A report compares this year's figures with 2019 rather than with last year, and every number it prints is correct. When is choosing that comparison legitimate, and when does it mislead?",It is legitimate when the intervening years were disrupted and that is stated; it misleads when the year is chosen because it flatters the result,"It always misleads, since the most recent year is the only fair comparison","It is always legitimate, since the numbers are correct",It misleads only if the intervening years were higher,A,It is legitimate when the intervening years were disrupted and that is stated; it misleads when the year is chosen because it flatters the result,"A comparison period is a choice, and choices can be made for good reasons or convenient ones. What separates the two is whether the reader is told why that year was picked, not whether the arithmetic holds.",AUTHORED,
GB_AD_040,APTITUDE_DATA_INTERPRETATION,AD_C09_PRESENTATION,AD_F13_PRESENTATION_CAN_MISLEAD_WITHOUT_LYING,AD_FAM13_MISLEADING_PRESENTATION,AD_RG_QUALITY,D5,EVALUATE,mcq_single,Two charts show the same data. One plots absolute counts and one plots percentage change. A reader draws opposite conclusions from them. Can both charts be honest?,No; one of them must be plotting the data wrongly,No; percentage change is always the more honest of the two,"Yes; they answer different questions, and a small base can make a large percentage from a small count","Yes, but only if the underlying data was collected twice",C,"Yes; they answer different questions, and a small base can make a large percentage from a small count","Counts and proportions are different quantities computed from the same numbers, and they can point in different directions without either being wrong. The reader's task is to notice which question a chart answers before drawing a conclusion from it.",AUTHORED,
GB_AD_041,APTITUDE_DATA_INTERPRETATION,AD_C09_PRESENTATION,AD_F13_PRESENTATION_CAN_MISLEAD_WITHOUT_LYING,AD_FAM13_MISLEADING_PRESENTATION,AD_RG_QUALITY,D5,EVALUATE,mcq_single,"A team must present a 3% fall to a board. One option shows the axis from zero, where the fall is barely visible; another begins the axis near the data, where it looks severe. Which should they choose, and on what grounds?","The axis from zero, since it is always the honest choice","Whichever matches how much the fall actually matters, stated alongside the figures so the reader can judge for themselves","The axis near the data, since it makes the change visible",Neither; a 3% fall should not be charted at all,B,"Whichever matches how much the fall actually matters, stated alongside the figures so the reader can judge for themselves","Both charts are accurate, so the choice is about what impression to create, and neither scale is honest in itself. What makes a presentation defensible is that the numbers accompany it, so the reader is not relying on the picture alone.",AUTHORED,
GB_AD_042,APTITUDE_DATA_INTERPRETATION,AD_C10_SUFFICIENCY,AD_F14_SOME_QUESTIONS_ARE_UNANSWERABLE,AD_FAM14_SUFFICIENCY,AD_RG_SUFFICIENCY,D4,EVALUATE,mcq_single,A table gives the number of staff at each of three sites and the total salary bill for the company. Someone asks for the average salary at the largest site. The staff counts are complete and the total bill is correct. Can it be worked out?,Yes; divide the total bill by the staff at that site,Yes; divide the total bill by the total staff,No; the staff counts would also be needed,"No; the salary bill is given only for the company as a whole, not per site",D,"No; the salary bill is given only for the company as a whole, not per site","Dividing the whole bill by one site's staff assumes every rupee was paid there, and dividing by all staff gives a company-wide average, not that site's. The data supports a different question perfectly well; it does not support this one.",AUTHORED,
GB_AD_043,APTITUDE_DATA_INTERPRETATION,AD_C10_SUFFICIENCY,AD_F14_SOME_QUESTIONS_ARE_UNANSWERABLE,AD_FAM14_SUFFICIENCY,AD_RG_SUFFICIENCY,D5,EVALUATE,mcq_single,"A table gives each region's sales and each region's number of customers. What can be worked out, and what cannot?",Sales per customer by region can be worked out; what any individual customer spent cannot,Both can be worked out from the two columns,Neither can be worked out without a total row,"Sales per customer cannot be worked out, because customers may overlap between regions",A,Sales per customer by region can be worked out; what any individual customer spent cannot,"Dividing one column by the other gives an average per customer within each region, which is genuinely available. Individual figures are not recoverable from an average — many different distributions produce the same one.",AUTHORED,
GB_AD_044,APTITUDE_DATA_INTERPRETATION,AD_C10_SUFFICIENCY,AD_F14_SOME_QUESTIONS_ARE_UNANSWERABLE,AD_FAM14_SUFFICIENCY,AD_RG_SUFFICIENCY,D5,EVALUATE,mcq_single,"A table shows the percentage of respondents choosing each of four options, and nothing else. Someone asks how many people chose the first option. What is needed?",Nothing further; the percentage is the answer,The percentages for the other three options,The number of respondents; percentages alone fix proportions and not counts,The order in which the options were listed,C,The number of respondents; percentages alone fix proportions and not counts,"A percentage is a share of a whole, and without the whole no count follows from it. The other percentages are already implied by the first three and add nothing.",AUTHORED,
GB_AD_045,APTITUDE_DATA_INTERPRETATION,AD_C10_SUFFICIENCY,AD_F14_SOME_QUESTIONS_ARE_UNANSWERABLE,AD_FAM14_SUFFICIENCY,AD_RG_SUFFICIENCY,D5,EVALUATE,mcq_single,"A dataset covers every transaction in one branch for one week. A manager asks what the busiest hour is across the company. Is the data sufficient, and what would make it so?",Yes; one branch is representative of the others,"No; data from one branch and one week cannot speak for the company, and every branch over a longer period would be needed",Yes; a week is long enough to establish an hourly pattern,"No; hourly timestamps would also be needed, which a transaction record lacks",B,"No; data from one branch and one week cannot speak for the company, and every branch over a longer period would be needed","The data is complete for what it covers, which is what makes it tempting to generalise from. The question asks about a population the data does not include, and no amount of analysis inside one branch reaches outside it.",AUTHORED,
GB_AD_046,APTITUDE_DATA_INTERPRETATION,AD_C10_SUFFICIENCY,AD_F14_SOME_QUESTIONS_ARE_UNANSWERABLE,AD_FAM14_SUFFICIENCY,AD_RG_SUFFICIENCY,D5,EVALUATE,mcq_single,"Data is insufficient to answer a question exactly. One person reports ""cannot be determined""; another reports a best estimate with its assumptions stated. Which is more useful, and what does each risk?","""Cannot be determined"", since any estimate is a guess","The estimate, since a number is always more useful than a refusal","They are equivalent, since neither answers the question","The estimate with its assumptions stated, provided the assumptions travel with it — stripped of them it becomes a figure nobody can check",D,"The estimate with its assumptions stated, provided the assumptions travel with it — stripped of them it becomes a figure nobody can check",A refusal is safe and unhelpful; an estimate is helpful and dangerous once its conditions are lost. Which is better depends on whether the assumptions survive the journey to whoever acts on the number.,AUTHORED,
GB_AD_047,APTITUDE_DATA_INTERPRETATION,AD_C10_SUFFICIENCY,AD_F15_A_CLAIM_MAY_OUTRUN_ITS_DATA,AD_FAM15_CLAIM_EVALUATION,AD_RG_SUFFICIENCY,D4,EVALUATE,mcq_single,A table shows that towns with more libraries also have higher exam results. A report claims that building libraries raises results. The correlation in the data is genuine and strong. What is wrong with the claim?,The data shows the two occur together and cannot show that one produces the other,The correlation is too weak to support any claim,The claim is fine; a strong correlation establishes the cause,The claim should have been about exam results raising library numbers,A,The data shows the two occur together and cannot show that one produces the other,"Strength of association says nothing about direction or about a third factor driving both — wealthier towns may fund libraries and schooling alike. Reversing the claim has exactly the same problem, so it is no better.",AUTHORED,
GB_AD_048,APTITUDE_DATA_INTERPRETATION,AD_C10_SUFFICIENCY,AD_F15_A_CLAIM_MAY_OUTRUN_ITS_DATA,AD_FAM15_CLAIM_EVALUATION,AD_RG_SUFFICIENCY,D5,EVALUATE,mcq_single,A survey of a company's own customers finds that 92% are satisfied with it. A report concludes that most people prefer this company. Where does the claim outrun its data?,It should have reported the exact number rather than a percentage,A survey can never support a claim about preference,"It moves from the company's customers to people in general, and the people most likely to be dissatisfied have already left",It overreaches only if fewer than half of customers replied,C,"It moves from the company's customers to people in general, and the people most likely to be dissatisfied have already left","The figure may be perfectly accurate about the group it measured. Everyone in that group chose the company and stayed with it, so it cannot speak for those who did not — the claim quietly changes the population.",AUTHORED,
GB_AD_049,APTITUDE_DATA_INTERPRETATION,AD_C10_SUFFICIENCY,AD_F15_A_CLAIM_MAY_OUTRUN_ITS_DATA,AD_FAM15_CLAIM_EVALUATION,AD_RG_SUFFICIENCY,D5,EVALUATE,mcq_single,"Two years of monthly data show a rise every December. A claim states that December always brings a rise. What would it take to support that, and what would refute it?",Nothing further; two consecutive years establish an annual pattern,"More years would strengthen it and any December without a rise would refute it, so the claim is stated more strongly than two years can carry","It cannot be supported or refuted, since the future is unknown",Only an explanation of why December differs could support it,B,"More years would strengthen it and any December without a rise would refute it, so the claim is stated more strongly than two years can carry","Two observations are consistent with a pattern and with a coincidence alike, and the word ""always"" claims far more than that. An explanation would help but is not what the claim rests on; a single counterexample settles it outright.",AUTHORED,
GB_AD_050,APTITUDE_DATA_INTERPRETATION,AD_C10_SUFFICIENCY,AD_F15_A_CLAIM_MAY_OUTRUN_ITS_DATA,AD_FAM15_CLAIM_EVALUATION,AD_RG_SUFFICIENCY,D5,EVALUATE,mcq_single,A dataset supports a cautious claim and a bolder one. The cautious claim will be ignored; the bolder one will be acted on but goes slightly beyond the data. What is the defensible course?,"Make the bolder claim, since a claim nobody acts on is worthless",Make the cautious claim and say nothing further,Make the bolder claim and note in a footnote that it is unsupported,State the claim the data supports and say plainly what it would take to justify the bolder one,D,State the claim the data supports and say plainly what it would take to justify the bolder one,"Being ignored is a real cost, and it does not make an unsupported claim true. Naming what further evidence would license the stronger claim keeps the analysis honest and gives whoever wants to act a route to getting there.",AUTHORED,
GB_AL_001,APTITUDE_REASONING_LOGIC,AL_C01_STATEMENTS,AL_F01_CLAIMS_HAVE_SCOPE,AL_FAM01_CLAIM_SCOPE,AL_RG_STATEMENTS,D1,REMEMBER,mcq_single,"The statement ""Some laptops have a touchscreen"" is about which part of the group?",Every laptop,"At least one laptop, and possibly all of them",Exactly half the laptops,Most laptops but not all,B,"At least one laptop, and possibly all of them","""Some"" claims that at least one exists and stops there; it neither promises the rest do not nor fixes how many do. Reading it as ""some but not all"" adds a claim the statement never made.",AUTHORED,
GB_AL_002,APTITUDE_REASONING_LOGIC,AL_C01_STATEMENTS,AL_F01_CLAIMS_HAVE_SCOPE,AL_FAM01_CLAIM_SCOPE,AL_RG_STATEMENTS,D1,REMEMBER,mcq_single,"The statement ""All servers in this room are switched on"" is about which part of the group?",Most of the servers in the room,At least one server in the room,The servers in the room and in every other room,"Every server in the room, without exception",D,"Every server in the room, without exception","""All"" covers each member of the named group and no more. It is stronger than ""some"" and narrower than a claim about servers everywhere.",AUTHORED,
GB_AL_003,APTITUDE_REASONING_LOGIC,AL_C01_STATEMENTS,AL_F01_CLAIMS_HAVE_SCOPE,AL_FAM01_CLAIM_SCOPE,AL_RG_STATEMENTS,D1,REMEMBER,mcq_single,"The statement ""No tablet in the store has a keyboard"" is about which part of the group?","Every tablet in the store, each of which lacks a keyboard",At least one tablet in the store lacks a keyboard,Most tablets in the store lack a keyboard,Tablets everywhere lack keyboards,A,"Every tablet in the store, each of which lacks a keyboard","A ""none"" claim is as sweeping as an ""all"" claim, applied to the absence rather than the presence. Weakening it to ""at least one"" loses exactly what it asserts.",AUTHORED,
GB_AL_004,APTITUDE_REASONING_LOGIC,AL_C01_STATEMENTS,AL_F01_CLAIMS_HAVE_SCOPE,AL_FAM01_CLAIM_SCOPE,AL_RG_STATEMENTS,D1,REMEMBER,mcq_single,"Which of these statements is the weakest — that is, claims the least?",All of the machines are new,None of the machines are new,Some of the machines are new,All but one of the machines are new,C,Some of the machines are new,"A claim is weaker when fewer situations would make it false, and ""some"" is satisfied by a single new machine. Each of the others rules out many more possibilities.",AUTHORED,
GB_AL_005,APTITUDE_REASONING_LOGIC,AL_C01_STATEMENTS,AL_F01_CLAIMS_HAVE_SCOPE,AL_FAM01_CLAIM_SCOPE,AL_RG_STATEMENTS,D2,REMEMBER,mcq_single,"A report says ""Some of the tests failed"". A reader concludes that some of the tests passed. Is that conclusion warranted?","Yes; ""some"" always means ""some but not all""","No; ""some failed"" leaves open that all of them failed",Yes; a test that did not fail must have passed,No; nothing at all follows about the tests,B,"No; ""some failed"" leaves open that all of them failed","The word ""some"" guarantees at least one and says nothing about the rest, so every test failing is consistent with it. Something does follow — at least one failure — so it is not true that nothing follows.",AUTHORED,
GB_AL_006,APTITUDE_REASONING_LOGIC,AL_C01_STATEMENTS,AL_F02_NEGATION_HAS_A_FORM,AL_FAM02_NEGATION_FORM,AL_RG_STATEMENTS,D1,REMEMBER,mcq_single,"What exactly denies the claim ""All the files were copied""?",No files were copied,Most of the files were not copied,All the files were deleted,At least one file was not copied,D,At least one file was not copied,"To deny that every file was copied, one exception is enough. Claiming none were copied is far stronger than the denial requires, and would itself be a new claim needing its own support.",AUTHORED,
GB_AL_007,APTITUDE_REASONING_LOGIC,AL_C01_STATEMENTS,AL_F02_NEGATION_HAS_A_FORM,AL_FAM02_NEGATION_FORM,AL_RG_STATEMENTS,D1,REMEMBER,mcq_single,"What exactly denies the claim ""No student passed""?",At least one student passed,All students passed,Most students passed,Some students did not pass,A,At least one student passed,"A ""none"" claim is denied by a single case to the contrary. Asserting that all passed overshoots the denial, and ""some did not pass"" is consistent with the original rather than opposed to it.",AUTHORED,
GB_AL_008,APTITUDE_REASONING_LOGIC,AL_C01_STATEMENTS,AL_F02_NEGATION_HAS_A_FORM,AL_FAM02_NEGATION_FORM,AL_RG_STATEMENTS,D1,REMEMBER,mcq_single,"What exactly denies the claim ""Some of the readings are above the limit""?",Some of the readings are below the limit,Not all of the readings are above the limit,No reading is above the limit,Most of the readings are below the limit,C,No reading is above the limit,"Denying that at least one exists means asserting none do. The other options are all consistent with the original claim, so none of them contradicts it.",AUTHORED,
GB_AL_009,APTITUDE_REASONING_LOGIC,AL_C01_STATEMENTS,AL_F02_NEGATION_HAS_A_FORM,AL_FAM02_NEGATION_FORM,AL_RG_STATEMENTS,D2,REMEMBER,mcq_single,"Someone claims ""All the sensors are working"". A colleague replies ""That is false"". What has the colleague committed themselves to?",That no sensor is working,That at least one sensor is not working,That most sensors are not working,That the sensors cannot be checked,B,That at least one sensor is not working,"Calling a universal claim false commits you to one exception and nothing more. Taking on the stronger position — that none work — would need separate evidence, and is a common way an argument becomes harder to defend than it had to be.",AUTHORED,
GB_AL_010,APTITUDE_REASONING_LOGIC,AL_C02_SETS,AL_F03_GROUPS_CAN_OVERLAP,AL_FAM03_OVERLAP_RECOGNITION,AL_RG_SETS,D1,UNDERSTAND,mcq_single,"Given only ""Some programmers are designers"", what is settled about the two groups?",They overlap completely,Some programmers are definitely not designers,The two groups have nothing else in common,They overlap at least partly; nothing more is settled,D,They overlap at least partly; nothing more is settled,"The statement guarantees an overlap and fixes neither its size nor whether anything lies outside it. Every programmer being a designer is consistent with it, and so is almost none.",AUTHORED,
GB_AL_011,APTITUDE_REASONING_LOGIC,AL_C02_SETS,AL_F03_GROUPS_CAN_OVERLAP,AL_FAM03_OVERLAP_RECOGNITION,AL_RG_SETS,D1,UNDERSTAND,mcq_single,"Given only ""All tablets are devices"", what is settled about the two groups?",Every tablet lies inside the group of devices; some devices may not be tablets,The two groups are the same group,Every device is a tablet,Some tablets lie outside the group of devices,A,Every tablet lies inside the group of devices; some devices may not be tablets,"An ""all"" claim places one group entirely inside another and says nothing about what else the larger group holds. Reading it in both directions is what turns a valid statement into an invalid one.",AUTHORED,
GB_AL_012,APTITUDE_REASONING_LOGIC,AL_C02_SETS,AL_F03_GROUPS_CAN_OVERLAP,AL_FAM03_OVERLAP_RECOGNITION,AL_RG_SETS,D1,UNDERSTAND,mcq_single,"Given only ""No laptop in the batch is faulty"", what is settled about the two groups?",They overlap partly,Every faulty item is something other than a laptop,The two groups do not overlap at all,The batch contains no laptops,C,The two groups do not overlap at all,"A ""none"" statement is exactly a claim of no overlap between the two groups named. It says nothing about faulty items elsewhere, and it does not imply the batch is empty.",AUTHORED,
GB_AL_013,APTITUDE_REASONING_LOGIC,AL_C02_SETS,AL_F03_GROUPS_CAN_OVERLAP,AL_FAM03_OVERLAP_RECOGNITION,AL_RG_SETS,D2,UNDERSTAND,mcq_single,"Students taking Python are A, B and C. Students taking C are B, C and D. Who takes both?",A and D,B and C,"A, B, C and D",Only D,B,B and C,"The overlap is exactly those appearing in both lists. Combining the lists gives everyone taking either subject, which is a different group.",LEGACY_KEEP,3b9516
GB_AL_014,APTITUDE_REASONING_LOGIC,AL_C03_INFERENCE,AL_F04_ONE_STEP_FOLLOWS_OR_DOES_NOT,AL_FAM04_SINGLE_INFERENCE,AL_RG_INFERENCE,D2,APPLY,mcq_single,All laptops are computers. This device is a laptop. What follows?,This device is not a computer,All computers are laptops,Nothing follows without knowing the make,This device is a computer,D,This device is a computer,"Membership passes from the smaller group to the larger one, so the conclusion is immediate. Reading the first statement backwards gives a claim about all computers, which nothing here supports.",LEGACY_KEEP,cca121
GB_AL_015,APTITUDE_REASONING_LOGIC,AL_C03_INFERENCE,AL_F04_ONE_STEP_FOLLOWS_OR_DOES_NOT,AL_FAM04_SINGLE_INFERENCE,AL_RG_INFERENCE,D3,APPLY,mcq_single,All prime numbers greater than 2 are odd. 13 is prime and greater than 2. What follows?,13 is odd,All odd numbers are prime,13 is even,2 is odd,A,13 is odd,"The two statements combine to place 13 in the group of odd numbers. That all odd numbers are prime is a separate claim, plainly false, and it is what reversing the first statement would give — which is why it has to be rejected on its shape rather than on its content.",LEGACY_KEEP,ca2845
GB_AL_016,APTITUDE_REASONING_LOGIC,AL_C02_SETS,AL_F05_MEMBERSHIP_CHAINS,AL_FAM05_MEMBERSHIP_CHAIN,AL_RG_SETS,D2,APPLY,mcq_single,All sparrows are birds. All birds are animals. What follows about sparrows?,All animals are sparrows,Some sparrows are not animals,All sparrows are animals,"Nothing, because three groups are involved",C,All sparrows are animals,"Membership passes along a chain of ""all"" claims however long the chain is. Following it backwards gives a claim about animals that neither statement supports.",AUTHORED,
GB_AL_017,APTITUDE_REASONING_LOGIC,AL_C02_SETS,AL_F05_MEMBERSHIP_CHAINS,AL_FAM05_MEMBERSHIP_CHAIN,AL_RG_SETS,D3,APPLY,mcq_single,Some engineers are managers. All managers attend the review. What follows about engineers?,All engineers attend the review,Some engineers attend the review,No engineer attends the review,Nothing follows about engineers,B,Some engineers attend the review,"The first statement puts at least one engineer among the managers, and every manager attends, so at least one engineer does. The chain carries ""some"" through as ""some"" — it does not strengthen it to ""all"", and it does not break.",AUTHORED,
GB_AL_018,APTITUDE_REASONING_LOGIC,AL_C03_INFERENCE,AL_F06_TWO_PREMISES_COMBINE,AL_FAM06_TWO_PREMISE_INFERENCE,AL_RG_INFERENCE,D2,ANALYZE,mcq_single,The build fails whenever a test fails. A test has failed. What do the two statements jointly support?,"A test has failed, which the first statement already told us",Every build failure is caused by a test failure,The build will pass once the test is fixed,The build has failed,D,The build has failed,"The two together give the conclusion; neither alone does. Reading the first backwards would make every build failure a test failure, and the third option needs a further assumption about what else might break.",AUTHORED,
GB_AL_019,APTITUDE_REASONING_LOGIC,AL_C03_INFERENCE,AL_F06_TWO_PREMISES_COMBINE,AL_FAM06_TWO_PREMISE_INFERENCE,AL_RG_INFERENCE,D3,ANALYZE,mcq_single,Every file in the archive is compressed. No compressed file can be edited directly. What do the two support about files in the archive?,No file in the archive can be edited directly,Some files in the archive can be edited directly,Every file that cannot be edited directly is in the archive,"Nothing, since the two statements are about different properties",A,No file in the archive can be edited directly,"The first places archive files inside the compressed group and the second excludes that whole group from being editable, so the exclusion reaches the archive. The properties differ, which is precisely what lets two statements chain.",AUTHORED,
GB_AL_020,APTITUDE_REASONING_LOGIC,AL_C03_INFERENCE,AL_F06_TWO_PREMISES_COMBINE,AL_FAM06_TWO_PREMISE_INFERENCE,AL_RG_INFERENCE,D4,ANALYZE,mcq_single,All members have a card. Some cardholders are visitors. Someone concludes that some members are visitors. Both statements are true. Why does the conclusion not follow?,"The first statement should have said ""some members""",The second statement is about cards rather than people,The visitors who hold cards need not be the cardholders who are members,It does follow; two true statements cannot give a false conclusion,C,The visitors who hold cards need not be the cardholders who are members,"Members are inside the cardholders, and visitors overlap the cardholders, but the two need not meet — the overlap could lie entirely among cardholders who are not members. True premises guarantee nothing when the step between them is invalid.",AUTHORED,
GB_AL_021,APTITUDE_REASONING_LOGIC,AL_C04_VALIDITY,AL_F07_INVALID_STEPS_HAVE_SHAPES,AL_FAM07_INVALID_STEP_DETECTION,AL_RG_VALIDITY,D2,ANALYZE,mcq_single,"An argument runs: ""Every experienced developer writes tests. Priya writes tests. So Priya is an experienced developer."" Which step is not warranted?",Claiming that every experienced developer writes tests,Concluding that Priya is experienced from the fact that she writes tests,Claiming that Priya writes tests,No step is unwarranted; the conclusion holds,B,Concluding that Priya is experienced from the fact that she writes tests,"The first statement puts experienced developers inside the test-writers, so a test-writer may sit outside that inner group. The conclusion is plausible and may well be true, which is what makes the shape of the step worth checking rather than the outcome.",AUTHORED,
GB_AL_022,APTITUDE_REASONING_LOGIC,AL_C04_VALIDITY,AL_F07_INVALID_STEPS_HAVE_SHAPES,AL_FAM07_INVALID_STEP_DETECTION,AL_RG_VALIDITY,D3,ANALYZE,mcq_single,"An argument runs: ""The three servers we checked were all patched. So every server in the estate is patched."" Which step is not warranted?",Checking only three servers,Assuming a patched server stays patched,"No step is unwarranted, since all three were patched",Generalising from three cases to the whole estate,D,Generalising from three cases to the whole estate,The observation is correct and the conclusion may be true; what is missing is any reason those three represent the rest. Checking few is a practical limitation rather than a logical error — the error is in what is concluded from it.,AUTHORED,
GB_AL_023,APTITUDE_REASONING_LOGIC,AL_C04_VALIDITY,AL_F07_INVALID_STEPS_HAVE_SHAPES,AL_FAM07_INVALID_STEP_DETECTION,AL_RG_VALIDITY,D4,ANALYZE,mcq_single,"An argument runs: ""If the cache is stale, the page shows old content. The page shows old content. So the cache is stale."" The conclusion turned out to be correct. Which step is still not warranted?","Reasoning from the effect back to that cause, when other causes could produce the same effect",Claiming that a stale cache shows old content,Observing that the page shows old content,None; the conclusion being correct shows the reasoning was sound,A,"Reasoning from the effect back to that cause, when other causes could produce the same effect","A conditional runs one way, so seeing the consequence leaves the antecedent open — the server might simply be serving old data. That the conclusion happened to be right does not repair the step, which is exactly why a correct answer is not evidence of correct reasoning.",AUTHORED,
GB_AL_024,APTITUDE_REASONING_LOGIC,AL_C05_CONDITIONALS,AL_F08_CONDITIONAL_DIRECTION_MATTERS,AL_FAM08_CONDITIONAL_REASONING,AL_RG_CONDITIONALS,D2,APPLY,mcq_single,"If the server is down, the app cannot fetch new data. The server is down. What follows?",The app can definitely fetch new data,"Nothing follows, because a conditional works only in the other direction",The app cannot fetch new data,The server must have been down because the app could not fetch,C,The app cannot fetch new data,"Given the condition and the fact that it holds, the consequence follows directly. The last option reverses the conditional, which is the step that never follows.",LEGACY_REWRITE,d0f4a2
GB_AL_025,APTITUDE_REASONING_LOGIC,AL_C05_CONDITIONALS,AL_F08_CONDITIONAL_DIRECTION_MATTERS,AL_FAM08_CONDITIONAL_REASONING,AL_RG_CONDITIONALS,D3,APPLY,mcq_single,"If the licence has expired, the software refuses to start. The software started normally. What follows?",The licence has expired,The licence has not expired,Nothing follows about the licence,The licence will expire soon,B,The licence has not expired,"Denying the consequence denies the antecedent, so a successful start rules the expiry out. This is the one direction other than the straightforward one in which a conditional does yield a conclusion.",AUTHORED,
GB_AL_026,APTITUDE_REASONING_LOGIC,AL_C05_CONDITIONALS,AL_F08_CONDITIONAL_DIRECTION_MATTERS,AL_FAM08_CONDITIONAL_REASONING,AL_RG_CONDITIONALS,D4,APPLY,mcq_single,"If the disk is full, saving fails. Saving failed. A colleague concludes the disk is full, and the disk does turn out to be full. What follows from the two statements alone?","The disk is full, as the colleague concluded",The disk is not full,Saving will fail again next time,Nothing about the disk; saving could fail for other reasons,D,Nothing about the disk; saving could fail for other reasons,"The conditional guarantees only that a full disk produces a failure, not that a failure requires one — permissions or a missing folder would do it too. The colleague turned out to be right, which changes nothing about whether the statements supported them.",AUTHORED,
GB_AL_027,APTITUDE_REASONING_LOGIC,AL_C06_ORDERING,AL_F09_CONSTRAINTS_LIMIT_ARRANGEMENTS,AL_FAM09_ORDERING_CONSTRAINTS,AL_RG_CONSTRAINTS,D2,ANALYZE,mcq_single,Task B can start only after Task A finishes. Task C has no constraints. Which order is impossible?,"B, A, C","A, B, C","C, A, B","A, C, B",A,"B, A, C","The single constraint fixes only that A comes before B, and one of the four orders breaks it. C may sit anywhere, so its position never decides the answer.",LEGACY_REWRITE,ce88b7
GB_AL_028,APTITUDE_REASONING_LOGIC,AL_C06_ORDERING,AL_F09_CONSTRAINTS_LIMIT_ARRANGEMENTS,AL_FAM09_ORDERING_CONSTRAINTS,AL_RG_CONSTRAINTS,D3,ANALYZE,mcq_single,A is to the left of B. B is to the left of C. What follows about A and C?,C is to the left of A,A and C are in the same position,A is to the left of C,Nothing follows about A and C,C,A is to the left of C,"The relation carries along the chain, so being left of something left of C places A left of C. Two constraints that share a middle item are exactly what makes a third relation deducible.",LEGACY_REMAP,d418a6
GB_AL_029,APTITUDE_REASONING_LOGIC,AL_C06_ORDERING,AL_F09_CONSTRAINTS_LIMIT_ARRANGEMENTS,AL_FAM09_ORDERING_CONSTRAINTS,AL_RG_CONSTRAINTS,D4,ANALYZE,mcq_single,Four talks run in some order. P is before Q. R is after Q. S is before P. Someone says the order cannot be determined. Which position is in fact fixed for S?,"Second, because only P comes before it","First, because P, Q and R must all follow it","Last, because nothing constrains what follows it",It genuinely cannot be determined,B,"First, because P, Q and R must all follow it","Chaining the constraints gives S before P before Q before R, which fixes the whole order and puts S at the front. ""Cannot be determined"" is the right answer to many such questions and the wrong one here, which is why the chain has to be followed rather than assumed incomplete.",AUTHORED,
GB_AL_030,APTITUDE_REASONING_LOGIC,AL_C07_CLASSIFICATION,AL_F10_A_GROUPING_IMPLIES_A_RULE,AL_FAM10_GROUPING_RULE,AL_RG_CLASSIFICATION,D2,ANALYZE,mcq_single,"Keyboard, Mouse, Monitor, Python. Python is the odd one out. What property separates it?",The other three are input devices,The other three are attached by cable,Python is the only one whose name is a word,The other three are physical devices; Python is software,D,The other three are physical devices; Python is software,"Naming the property is what shows the grouping was understood. Calling the other three input devices fails, because a monitor is an output device — a rule has to fit every member of the group, not most of it.",LEGACY_REWRITE,ae2b3c
GB_AL_031,APTITUDE_REASONING_LOGIC,AL_C07_CLASSIFICATION,AL_F10_A_GROUPING_IMPLIES_A_RULE,AL_FAM10_GROUPING_RULE,AL_RG_CLASSIFICATION,D3,ANALYZE,mcq_single,"Chrome, Firefox, Edge, Linux. Linux is the odd one out. What property separates it?",The other three are programs for browsing the web; Linux manages the machine they run on,The other three are free to download and Linux is not,Linux is older than the other three,The other three run only on Windows,A,The other three are programs for browsing the web; Linux manages the machine they run on,"The three browsers share a purpose, and Linux belongs to a different layer entirely. The other properties offered are either false or true of some members and not others, so none of them separates the group cleanly.",LEGACY_REWRITE,fef403
GB_AL_032,APTITUDE_REASONING_LOGIC,AL_C07_CLASSIFICATION,AL_F10_A_GROUPING_IMPLIES_A_RULE,AL_FAM10_GROUPING_RULE,AL_RG_CLASSIFICATION,D4,ANALYZE,mcq_single,"KB, MB, GB, GHz. Someone picks GHz as the odd one out, giving the reason that it is the only one whose letters are not in alphabetical sequence. Their answer is right and their reason is wrong. What is the property that actually separates it?",The other three are larger units than GHz,GHz is the only one used to describe processors,The other three measure amounts of stored data; GHz measures a frequency,The other three are abbreviations and GHz is not,C,The other three measure amounts of stored data; GHz measures a frequency,"Reaching the right item by an accidental route leaves the grouping unexplained, and only the stated property survives being applied to every member. Units of data and units of frequency cannot be compared for size at all, which is why the first alternative is not merely wrong but meaningless.",LEGACY_REWRITE,fd195e
GB_AL_033,APTITUDE_REASONING_LOGIC,AL_C06_ORDERING,AL_F11_ARRANGEMENTS_CAN_BE_TESTED,AL_FAM11_ARRANGEMENT_TESTING,AL_RG_CONSTRAINTS,D3,APPLY,mcq_single,A meeting must start after 2 pm and before 4 pm. Which proposed time satisfies both constraints?,2 pm,3 pm,1 pm,5 pm,B,3 pm,"The time has to be strictly later than 2 and strictly earlier than 4. Two o'clock itself fails the first constraint, which is where a boundary quietly slips past an inattentive check.",LEGACY_KEEP,d72fb9
GB_AL_034,APTITUDE_REASONING_LOGIC,AL_C06_ORDERING,AL_F11_ARRANGEMENTS_CAN_BE_TESTED,AL_FAM11_ARRANGEMENT_TESTING,AL_RG_CONSTRAINTS,D4,APPLY,mcq_single,"Constraints: the review is before the demo; the demo is before lunch; the retrospective is after lunch. A proposed schedule runs review, demo, retrospective, lunch. It satisfies two of the three constraints. Which one does it break?","The review must be before the demo, and here it is after","The demo must be before lunch, and here it is after",It breaks none; the schedule is valid,"The retrospective must be after lunch, and here it is before",D,"The retrospective must be after lunch, and here it is before",Checking each constraint against the proposal in turn is what settles it: the first two hold and only the third fails. Naming which constraint fails is a different task from noticing that something is wrong.,AUTHORED,
GB_AL_035,APTITUDE_REASONING_LOGIC,AL_C05_CONDITIONALS,AL_F12_SUFFICIENT_IS_NOT_NECESSARY,AL_FAM12_SUFFICIENT_VS_NECESSARY,AL_RG_CONDITIONALS,D3,ANALYZE,mcq_single,A rule states that scoring above 80 guarantees a distinction. A student scored 72 and received a distinction. Is that consistent with the rule?,Yes; scoring above 80 is enough for a distinction but need not be the only route to one,No; the rule means only scores above 80 receive a distinction,No; the score must have been recorded wrongly,"Yes, but only if the rule was changed afterwards",A,Yes; scoring above 80 is enough for a distinction but need not be the only route to one,"A guarantee makes a condition sufficient and says nothing about what else might also suffice. Reading it as the only route turns it into a requirement, which is a different and stronger claim.",LEGACY_REWRITE,b4faad
GB_AL_036,APTITUDE_REASONING_LOGIC,AL_C05_CONDITIONALS,AL_F12_SUFFICIENT_IS_NOT_NECESSARY,AL_FAM12_SUFFICIENT_VS_NECESSARY,AL_RG_CONDITIONALS,D4,ANALYZE,mcq_single,Entry requires a pass in the entrance test. A candidate passed the test and was refused entry. Both the rule and the refusal are correct as stated. What does that show about the condition?,It is sufficient but not necessary; the refusal must have been a mistake,"It is both necessary and sufficient, and the rule was misapplied",It is necessary but not sufficient; passing is required and something further is also demanded,"It is neither, since the refusal contradicts the rule",C,It is necessary but not sufficient; passing is required and something further is also demanded,"""Requires"" makes the pass necessary, so nobody enters without it — and nothing in the word promises that a pass is enough. A refusal after a pass is therefore consistent with the rule rather than a contradiction of it.",AUTHORED,
GB_AL_037,APTITUDE_REASONING_LOGIC,AL_C08_ASSUMPTIONS,AL_F13_ARGUMENTS_REST_ON_ASSUMPTIONS,AL_FAM13_HIDDEN_ASSUMPTION,AL_RG_ARGUMENT,D3,ANALYZE,mcq_single,"An argument runs: ""Our new page loads faster, so more visitors will complete a purchase."" What does it assume without stating?",That the page loads faster than before,That load speed is among the things holding visitors back from purchasing,That visitors want to make purchases,That faster pages are generally preferred,B,That load speed is among the things holding visitors back from purchasing,"The argument needs speed to be a cause of the outcome it predicts, and that link is never stated. The first option is a premise the argument does supply, and the others are true enough without being what the step depends on.",AUTHORED,
GB_AL_038,APTITUDE_REASONING_LOGIC,AL_C08_ASSUMPTIONS,AL_F13_ARGUMENTS_REST_ON_ASSUMPTIONS,AL_FAM13_HIDDEN_ASSUMPTION,AL_RG_ARGUMENT,D4,ANALYZE,mcq_single,"An argument runs: ""Sales rose after we changed the packaging, so the packaging change worked."" Every fact in it is correct. What must be assumed for the conclusion to follow?",That sales rose,That the packaging was changed,That packaging can influence buyers in general,That nothing else capable of raising sales changed at the same time,D,That nothing else capable of raising sales changed at the same time,Both facts are given and neither is in doubt; what carries the argument is the unstated claim that the packaging is what made the difference. That packaging can matter in general is not enough — it has to be what mattered here.,AUTHORED,
GB_AL_039,APTITUDE_REASONING_LOGIC,AL_C08_ASSUMPTIONS,AL_F13_ARGUMENTS_REST_ON_ASSUMPTIONS,AL_FAM13_HIDDEN_ASSUMPTION,AL_RG_ARGUMENT,D5,ANALYZE,mcq_single,"An argument runs: ""Every complaint we received last month was about delivery, so delivery is our biggest problem."" What does it assume, and how could you test that assumption?",That people complain about the problems that matter most; ask customers who did not complain,"That complaints were received, which the argument states","That delivery can be improved, which is a separate question","That last month was typical, which more months would settle",A,That people complain about the problems that matter most; ask customers who did not complain,"The argument moves from what was reported to what is worst, and that move needs complaints to be a fair sample of problems. People often abandon a service rather than complain, so the people who never complained are exactly where the assumption can be checked.",AUTHORED,
GB_AL_040,APTITUDE_REASONING_LOGIC,AL_C08_ASSUMPTIONS,AL_F13_ARGUMENTS_REST_ON_ASSUMPTIONS,AL_FAM13_HIDDEN_ASSUMPTION,AL_RG_ARGUMENT,D5,ANALYZE,mcq_single,"Two arguments reach the same conclusion. One states its assumption openly; the other leaves it unstated. Which is stronger, and why does the distinction matter?","The one stating its assumption, since stating something makes it true","The one leaving it unstated, since fewer claims are easier to defend","Neither is stronger in what it proves, but the stated one can be checked, and an unstated assumption cannot be argued against","They are identical, since both rest on the same assumption",C,"Neither is stronger in what it proves, but the stated one can be checked, and an unstated assumption cannot be argued against","The logical content is the same either way, so neither proves more. What differs is whether a reader can locate the weak point — an argument whose assumption is buried survives scrutiny by being hard to examine rather than by being sound.",AUTHORED,
GB_AL_041,APTITUDE_REASONING_LOGIC,AL_C08_ASSUMPTIONS,AL_F13_ARGUMENTS_REST_ON_ASSUMPTIONS,AL_FAM13_HIDDEN_ASSUMPTION,AL_RG_ARGUMENT,D5,ANALYZE,mcq_single,An argument assumes something that happens to be true. Does that make the argument sound?,Yes; an argument with true assumptions is sound,"It removes one objection, but the argument is only sound if every step also follows",No; an argument that relies on an unstated assumption is never sound,"Yes, provided the conclusion is also true",B,"It removes one objection, but the argument is only sound if every step also follows","Soundness needs both true premises and valid steps, and a true assumption supplies only the first. An argument can rest on nothing but facts and still reason invalidly from them, and a true conclusion does not repair that either.",AUTHORED,
GB_AL_042,APTITUDE_REASONING_LOGIC,AL_C08_ASSUMPTIONS,AL_F14_CONCLUSIONS_HAVE_STRENGTH,AL_FAM14_CONCLUSION_STRENGTH,AL_RG_ARGUMENT,D4,EVALUATE,mcq_single,"Evidence: of 200 users surveyed after a redesign, 150 said the site was easier to navigate. The survey covered users who had used both versions. Which conclusion is the strongest the evidence supports?",The new version is easier to navigate than the old one,Most users of the site find the new version easier,Some users answered the survey,Most of the surveyed users found the new version easier to navigate,D,Most of the surveyed users found the new version easier to navigate,"The evidence is about the 200 people asked, and the strongest warranted claim stays with them. Extending it to all users assumes the sample represents them, and asserting the site is easier treats an opinion as a measurement. That some answered is true and far weaker than the evidence allows.",AUTHORED,
GB_AL_043,APTITUDE_REASONING_LOGIC,AL_C08_ASSUMPTIONS,AL_F14_CONCLUSIONS_HAVE_STRENGTH,AL_FAM14_CONCLUSION_STRENGTH,AL_RG_ARGUMENT,D5,EVALUATE,mcq_single,Evidence: every one of the twelve servers checked was running the latest version. Which is the strongest conclusion this supports?,All twelve servers checked were up to date,All servers in the estate are up to date,Most servers in the estate are up to date,At least one server is up to date,A,All twelve servers checked were up to date,"The evidence covers the twelve examined and settles them completely. Any claim about the estate needs to know how those twelve were chosen, and ""at least one"" throws away almost everything the evidence gives.",AUTHORED,
GB_AL_044,APTITUDE_REASONING_LOGIC,AL_C08_ASSUMPTIONS,AL_F14_CONCLUSIONS_HAVE_STRENGTH,AL_FAM14_CONCLUSION_STRENGTH,AL_RG_ARGUMENT,D5,EVALUATE,mcq_single,"Evidence: a fault appeared in every one of the five tests that used a large file, and in none of the twenty that used a small one. Which conclusion is strongest without overreaching?",Large files cause the fault,The fault has nothing to do with file size,"File size is associated with the fault in these tests, and it is the obvious thing to investigate next",The fault will appear on any large file,C,"File size is associated with the fault in these tests, and it is the obvious thing to investigate next",A clean split across twenty-five tests is strong evidence of an association and stops short of establishing a cause — something else may travel with file size. Naming the next step is exactly as far as the evidence reaches.,AUTHORED,
GB_AL_045,APTITUDE_REASONING_LOGIC,AL_C08_ASSUMPTIONS,AL_F14_CONCLUSIONS_HAVE_STRENGTH,AL_FAM14_CONCLUSION_STRENGTH,AL_RG_ARGUMENT,D5,EVALUATE,mcq_single,A conclusion is stated so cautiously that nobody disputes it and nobody acts on it. A stronger version would be acted on and goes slightly past the evidence. How should the strength be chosen?,"By what will be acted on, since an unused conclusion helps nobody","By what the evidence supports, with the gap to the stronger claim named so others can decide whether to close it","By the most cautious version available, since caution is never wrong",By whichever the audience expects,B,"By what the evidence supports, with the gap to the stronger claim named so others can decide whether to close it","Strength is not a matter of taste: a claim either outruns its evidence or it does not. Naming what further evidence would justify the stronger claim gives the audience a real choice, which quietly overstating does not.",AUTHORED,
GB_AL_046,APTITUDE_REASONING_LOGIC,AL_C08_ASSUMPTIONS,AL_F14_CONCLUSIONS_HAVE_STRENGTH,AL_FAM14_CONCLUSION_STRENGTH,AL_RG_ARGUMENT,D5,EVALUATE,mcq_single,Two conclusions are both supported by the same evidence. One is narrow and certain; the other is broad and probable. Is one of them wrong?,Yes; only the narrow one is genuinely supported,Yes; only the broad one is useful and therefore correct,"No, but the broad one should never be stated","No; evidence can support claims of different reach, and which to use depends on what is being decided",D,"No; evidence can support claims of different reach, and which to use depends on what is being decided","Support is not a single yes or no — a body of evidence backs a narrow claim firmly and a wider one less firmly, and both can be honestly stated if their standing is clear. What matters is that the reader knows which they are being given.",AUTHORED,
GB_AL_047,APTITUDE_REASONING_LOGIC,AL_C09_EVALUATION,AL_F15_EVIDENCE_CAN_WEAKEN_A_CLAIM,AL_FAM15_WEAKENING_EVIDENCE,AL_RG_ARGUMENT,D4,EVALUATE,mcq_single,"An argument runs: ""Our tutorial works, because students who completed it scored higher than those who did not."" The scores quoted are accurate. Which further fact most undermines it?","Students chose whether to complete the tutorial, and the more motivated ones did",A few students who completed it scored poorly,The tutorial took longer than expected to write,Another company's tutorial produced similar results,A,"Students chose whether to complete the tutorial, and the more motivated ones did","The argument needs the two groups to be comparable, and self-selection breaks exactly that, leaving the scores intact but the inference broken. A handful of poor scores is consistent with the claim, and the other facts touch nothing the argument rests on.",AUTHORED,
GB_AL_048,APTITUDE_REASONING_LOGIC,AL_C09_EVALUATION,AL_F15_EVIDENCE_CAN_WEAKEN_A_CLAIM,AL_FAM15_WEAKENING_EVIDENCE,AL_RG_ARGUMENT,D5,EVALUATE,mcq_single,"An argument runs: ""Response times improved after we added a second server, so the extra server is what did it."" Which fact would most weaken it without contradicting the improvement?",Response times are still slower than a competitor's,The second server cost more than expected,Traffic fell sharply in the same week for unrelated reasons,Response times improved by less than the team hoped,C,Traffic fell sharply in the same week for unrelated reasons,"Weakening means removing the reason to believe the link, not denying the outcome. A drop in traffic explains the improvement without the server, while the other facts leave the causal story untouched and merely make it less pleasing.",AUTHORED,
GB_AL_049,APTITUDE_REASONING_LOGIC,AL_C09_EVALUATION,AL_F15_EVIDENCE_CAN_WEAKEN_A_CLAIM,AL_FAM15_WEAKENING_EVIDENCE,AL_RG_ARGUMENT,D5,EVALUATE,mcq_single,Someone attacks an argument by showing its conclusion is false. Someone else attacks it by showing an assumption is unwarranted. What is the difference in what each establishes?,They establish the same thing by different routes,"The first shows the conclusion is wrong; the second shows the argument does not establish it, leaving the conclusion open","The first is weaker, since a conclusion can be false by accident",The second establishes that the conclusion is false,B,"The first shows the conclusion is wrong; the second shows the argument does not establish it, leaving the conclusion open","An argument can be bad and its conclusion still true, which is why undermining the reasoning settles less than refuting the claim. Confusing the two leads to treating a defeated argument as a refuted position.",AUTHORED,
GB_AL_050,APTITUDE_REASONING_LOGIC,AL_C09_EVALUATION,AL_F15_EVIDENCE_CAN_WEAKEN_A_CLAIM,AL_FAM15_WEAKENING_EVIDENCE,AL_RG_ARGUMENT,D5,EVALUATE,mcq_single,"An argument rests on one assumption. A critic can either dispute that assumption or gather evidence against the conclusion. Which is the more efficient line of attack, and when does the other become necessary?","Gathering evidence, since evidence always outweighs argument","Disputing the assumption, since an argument with a disputed assumption is refuted",Neither; a single-assumption argument cannot be attacked,"Disputing the assumption, since the whole argument depends on it; evidence against the conclusion is needed when the assumption turns out to hold",D,"Disputing the assumption, since the whole argument depends on it; evidence against the conclusion is needed when the assumption turns out to hold","One assumption carrying an argument is its narrowest point, so pressing there costs least. But disputing an assumption only removes the support — if it holds after all, the conclusion is still standing and has to be met on its own terms.",AUTHORED,
GB_AS_001,APTITUDE_REASONING_SERIES,AS_C01_STEP,AS_F01_A_SERIES_HAS_A_STEP,AS_FAM01_CONSTANT_STEP,AS_RG_STEP,D1,REMEMBER,mcq_single,"What comes next: 3, 6, 9, 12, ?",13,15,18,24,B,15,"Each term is three more than the one before, so the next is 15. Adding one gives 13, and 18 skips a term by applying the step twice.",LEGACY_REMAP,81cc31
GB_AS_002,APTITUDE_REASONING_SERIES,AS_C01_STEP,AS_F01_A_SERIES_HAS_A_STEP,AS_FAM01_CONSTANT_STEP,AS_RG_STEP,D1,REMEMBER,mcq_single,"What comes next: 40, 35, 30, 25, ?",30,15,21,20,D,20,"The step is five downward, so the next term is 20. Answering 30 applies the step in the wrong direction, and 15 applies it twice.",AUTHORED,
GB_AS_003,APTITUDE_REASONING_SERIES,AS_C01_STEP,AS_F01_A_SERIES_HAS_A_STEP,AS_FAM01_CONSTANT_STEP,AS_RG_STEP,D1,REMEMBER,mcq_single,"What comes next: 7, 14, 21, 28, ?",35,42,29,32,A,35,"Seven is added each time, giving 35. Answering 42 goes one term too far, and 29 adds one rather than the step.",AUTHORED,
GB_AS_004,APTITUDE_REASONING_SERIES,AS_C01_STEP,AS_F01_A_SERIES_HAS_A_STEP,AS_FAM01_CONSTANT_STEP,AS_RG_STEP,D1,REMEMBER,mcq_single,"What comes next: 100, 88, 76, 64, ?",56,40,52,76,C,52,"Each term is twelve below the one before, so the next is 52. The step has to be read from the differences rather than guessed; taking it as eight would give 56.",AUTHORED,
GB_AS_005,APTITUDE_REASONING_SERIES,AS_C01_STEP,AS_F01_A_SERIES_HAS_A_STEP,AS_FAM01_CONSTANT_STEP,AS_RG_STEP,D2,REMEMBER,mcq_single,"What comes next: 2, 4, 6, 8, ?",12,10,16,9,B,10,"The step of two is constant, so the next term is 10. Answering 16 treats the series as doubling, which fits the first two terms and fails at the third.",LEGACY_REMAP,826a68
GB_AS_006,APTITUDE_REASONING_SERIES,AS_C01_STEP,AS_F02_THE_STEP_CAN_BE_NAMED,AS_FAM02_STEP_NAMING,AS_RG_STEP,D1,REMEMBER,mcq_single,"State the rule relating each term to the previous one in: 5, 10, 15, 20.",Multiply the previous term by 2,Add the position number to the previous term,"Add 5, then add 10, then add 15",Add 5 to the previous term,D,Add 5 to the previous term,"The differences are 5, 5 and 5, so one rule covers every step. Doubling fits the first pair only and fails at 15, which is what makes checking every term necessary.",AUTHORED,
GB_AS_007,APTITUDE_REASONING_SERIES,AS_C01_STEP,AS_F02_THE_STEP_CAN_BE_NAMED,AS_FAM02_STEP_NAMING,AS_RG_STEP,D1,REMEMBER,mcq_single,"State the rule relating each term to the previous one in: 3, 9, 27, 81.",Multiply the previous term by 3,Add 6 to the previous term,Add three times the position number,"Multiply by 3, then by 4, then by 5",A,Multiply the previous term by 3,Each term is three times the one before it throughout. Adding 6 works between 3 and 9 and nowhere else — an additive rule fitted to a multiplicative series always breaks at the third term.,AUTHORED,
GB_AS_008,APTITUDE_REASONING_SERIES,AS_C01_STEP,AS_F02_THE_STEP_CAN_BE_NAMED,AS_FAM02_STEP_NAMING,AS_RG_STEP,D1,REMEMBER,mcq_single,"State the rule relating each term to the previous one in: 64, 32, 16, 8.",Subtract 32 from the previous term,"Subtract 32, then 16, then 8",Halve the previous term,"Divide by 2, then by 3, then by 4",C,Halve the previous term,"Halving covers every step with one rule. The second option describes what happens between the first two terms only, and the third merely lists the differences without stating a rule at all.",AUTHORED,
GB_AS_009,APTITUDE_REASONING_SERIES,AS_C01_STEP,AS_F02_THE_STEP_CAN_BE_NAMED,AS_FAM02_STEP_NAMING,AS_RG_STEP,D2,REMEMBER,mcq_single,"Two rules are proposed for the series 1, 2, 4: ""double the previous term"" and ""add the position number minus one"". Both fit. Which is the better statement of the rule?","Doubling, because it is simpler",Neither yet; three terms fitting two rules means more terms are needed to choose,"The position rule, because it uses the position","Doubling, because it is the usual pattern in such questions",B,Neither yet; three terms fitting two rules means more terms are needed to choose,"Both rules genuinely produce 1, 2, 4 — doubling gives 8 next while the other gives 7. Simplicity is a preference rather than evidence, and the honest answer is that the terms shown do not yet separate them.",AUTHORED,
GB_AS_010,APTITUDE_REASONING_SERIES,AS_C02_ANALOGY,AS_F03_AN_ANALOGY_STATES_A_RELATION,AS_FAM03_RELATION_NAMING,AS_RG_ANALOGY,D1,REMEMBER,mcq_single,"What is the relation between the pair ""compiler"" and ""source code""?",The second takes the first as its input,Both are kinds of program,The first is stored inside the second,The first takes the second as its input,D,The first takes the second as its input,"A compiler reads source code and produces something else, so the relation runs in one direction. Both being programs is true of each separately and says nothing about the relation between them.",AUTHORED,
GB_AS_011,APTITUDE_REASONING_SERIES,AS_C02_ANALOGY,AS_F03_AN_ANALOGY_STATES_A_RELATION,AS_FAM03_RELATION_NAMING,AS_RG_ANALOGY,D1,REMEMBER,mcq_single,"What is the relation between the pair ""file"" and ""folder""?",The first is contained by the second,The second is contained by the first,Both are stored on a disk,The first is a kind of the second,A,The first is contained by the second,"A folder holds files, so containment runs from folder to file. Both living on a disk is a property each has on its own, and neither is a kind of the other.",AUTHORED,
GB_AS_012,APTITUDE_REASONING_SERIES,AS_C02_ANALOGY,AS_F03_AN_ANALOGY_STATES_A_RELATION,AS_FAM03_RELATION_NAMING,AS_RG_ANALOGY,D1,REMEMBER,mcq_single,"What is the relation between the pair ""keyboard"" and ""input""?",The second is a kind of the first,Both are parts of a computer,The first performs the function named by the second,The first is made of the second,C,The first performs the function named by the second,"The pair links a device to what it does. Reading it as a category relation loses the function, which is exactly what an analogy built on this pair would be preserving.",AUTHORED,
GB_AS_013,APTITUDE_REASONING_SERIES,AS_C02_ANALOGY,AS_F03_AN_ANALOGY_STATES_A_RELATION,AS_FAM03_RELATION_NAMING,AS_RG_ANALOGY,D2,REMEMBER,mcq_single,"The pair ""backup"" and ""data loss"" is offered as an analogy. What relation does it assert?",The first is a cause of the second,The first is a precaution against the second,The first is a kind of the second,Both happen to storage devices,B,The first is a precaution against the second,"One exists to guard against the other, which is a relation of purpose rather than of cause or category. Completing an analogy on this pair means finding another precaution-and-risk pair, not another pair about storage.",AUTHORED,
GB_AS_014,APTITUDE_REASONING_SERIES,AS_C01_STEP,AS_F04_THE_STEP_CAN_CHANGE,AS_FAM04_CHANGING_STEP,AS_RG_STEP,D2,APPLY,mcq_single,"What comes next: 2, 6, 12, 20, ?",28,32,40,30,D,30,"The differences are 4, 6 and 8, rising by two each time, so the next difference is 10 and the next term is 30. Reusing the last difference of 8 gives 28.",LEGACY_REMAP,5d2826
GB_AS_015,APTITUDE_REASONING_SERIES,AS_C01_STEP,AS_F04_THE_STEP_CAN_CHANGE,AS_FAM04_CHANGING_STEP,AS_RG_STEP,D3,APPLY,mcq_single,"What comes next: 1, 4, 9, 16, ?",25,23,27,32,A,25,"The differences are 3, 5 and 7, rising by two, so the next difference is 9 and the term is 25. Reusing the last difference of 7 gives 23, and doubling the last term gives 32.",LEGACY_REMAP,808fc3
GB_AS_016,APTITUDE_REASONING_SERIES,AS_C02_ANALOGY,AS_F05_ANALOGIES_ARE_COMPLETED_BY_RELATION,AS_FAM05_ANALOGY_COMPLETION,AS_RG_ANALOGY,D2,APPLY,mcq_single,Keyboard is to input as monitor is to what?,Storage,Screen,Output,Program,C,Output,"The relation is device to function, so applying it again gives Output: a monitor sends information out. ""Screen"" is closely associated with a monitor and preserves no relation at all, which is the trap association sets.",LEGACY_REMAP,b45962
GB_AS_017,APTITUDE_REASONING_SERIES,AS_C02_ANALOGY,AS_F05_ANALOGIES_ARE_COMPLETED_BY_RELATION,AS_FAM05_ANALOGY_COMPLETION,AS_RG_ANALOGY,D3,APPLY,mcq_single,Bird is to fly as fish is to what?,Water,Swim,Scales,Ocean,B,Swim,"The relation pairs a creature with how it moves, and applying it again gives Swim. Water, scales and ocean are all associated with fish and none of them is a way of moving.",LEGACY_REMAP,b1424f
GB_AS_018,APTITUDE_REASONING_SERIES,AS_C03_ALTERNATION,AS_F06_TERMS_CAN_ALTERNATE,AS_FAM06_ALTERNATING_SERIES,AS_RG_MULTI_RULE,D2,ANALYZE,mcq_single,"What comes next: 1, 10, 2, 20, 3, ?",4,40,6,30,D,30,"Two patterns are interleaved: the odd positions count 1, 2, 3 and the even ones count 10, 20, 30. The next term sits in an even position, so it continues the second pattern.",AUTHORED,
GB_AS_019,APTITUDE_REASONING_SERIES,AS_C03_ALTERNATION,AS_F06_TERMS_CAN_ALTERNATE,AS_FAM06_ALTERNATING_SERIES,AS_RG_MULTI_RULE,D3,ANALYZE,mcq_single,"What comes next: 5, 100, 10, 90, 15, ?",80,20,85,75,A,80,"One pattern rises by five and the other falls by ten, taking alternate positions, so the next term is 80. Answering 20 continues the wrong one of the two, which is what happens when the interleaving is missed.",AUTHORED,
GB_AS_020,APTITUDE_REASONING_SERIES,AS_C03_ALTERNATION,AS_F06_TERMS_CAN_ALTERNATE,AS_FAM06_ALTERNATING_SERIES,AS_RG_MULTI_RULE,D4,ANALYZE,mcq_single,"A series reads 2, 3, 4, 9, 8, 27, 16, ?. Someone tries to fit a single rule and reports that the series is irregular. What is the next term?",32,64,81,48,C,81,"Two patterns are interleaved: one doubles — 2, 4, 8, 16 — and the other triples — 3, 9, 27. The next position belongs to the tripling pattern. Under a single-rule reading the series does look irregular, which is exactly the assumption being tested.",AUTHORED,
GB_AS_021,APTITUDE_REASONING_SERIES,AS_C04_MISSING_TERM,AS_F07_A_MISSING_TERM_IS_CONSTRAINED_FROM_BOTH_SIDES,AS_FAM07_MISSING_MIDDLE,AS_RG_STEP,D2,APPLY,mcq_single,"What is the missing term: 4, 8, ?, 16, 20",10,12,14,24,B,12,"The step is four throughout, and the gap sits between 8 and 16. Only 12 is consistent with both sides; 10 fits neither, and 14 would fit if the series ran in twos from a different start.",AUTHORED,
GB_AS_022,APTITUDE_REASONING_SERIES,AS_C04_MISSING_TERM,AS_F07_A_MISSING_TERM_IS_CONSTRAINED_FROM_BOTH_SIDES,AS_FAM07_MISSING_MIDDLE,AS_RG_STEP,D3,APPLY,mcq_single,"What is the missing term: 3, 6, ?, 24, 48",9,18,15,12,D,12,"The series doubles, so the gap is twice 6 and half 24 — both sides agree on 12. Answering 9 fits an additive reading of the left side alone and collides with the right.",AUTHORED,
GB_AS_023,APTITUDE_REASONING_SERIES,AS_C04_MISSING_TERM,AS_F07_A_MISSING_TERM_IS_CONSTRAINED_FROM_BOTH_SIDES,AS_FAM07_MISSING_MIDDLE,AS_RG_STEP,D4,APPLY,mcq_single,"What is the missing term: 2, 5, ?, 17, 26. Someone answers 10, having read the left side as rising in threes. Their answer is consistent with the left side and not with the right.","10 is wrong; the term is 10 only under their rule, and the differences 3, 5, 7, 9 give 10","10, since the left side settles it","11, since the differences are 3, 4, 5, 6","12, since the series doubles and subtracts",A,"10 is wrong; the term is 10 only under their rule, and the differences 3, 5, 7, 9 give 10","The differences rise by two — 3, 5, 7, 9 — which gives 2, 5, 10, 17, 26 and fits both sides. Their answer happens to be right and their reasoning is not, which only checking against the right-hand side reveals.",AUTHORED,
GB_AS_024,APTITUDE_REASONING_SERIES,AS_C05_MULTIPLICATIVE,AS_F08_SERIES_CAN_MULTIPLY,AS_FAM08_MULTIPLICATIVE_SERIES,AS_RG_GROWTH,D2,APPLY,mcq_single,"What comes next: 2, 4, 8, 16, ?",24,64,32,18,C,32,"Each term is double the one before, so the next is 32. Reusing the last difference of 8 gives 24, and doubling twice gives 64.",LEGACY_REMAP,812dfa
GB_AS_025,APTITUDE_REASONING_SERIES,AS_C05_MULTIPLICATIVE,AS_F08_SERIES_CAN_MULTIPLY,AS_FAM08_MULTIPLICATIVE_SERIES,AS_RG_GROWTH,D3,APPLY,mcq_single,"What comes next: 100, 50, 25, 12.5, ?",6.5,6.25,0.125,12.5,B,6.25,"Each term is half the one before, so the next is 6.25. The series never reaches zero, however far it runs — halving always leaves something.",LEGACY_REMAP,5fa102
GB_AS_026,APTITUDE_REASONING_SERIES,AS_C05_MULTIPLICATIVE,AS_F08_SERIES_CAN_MULTIPLY,AS_FAM08_MULTIPLICATIVE_SERIES,AS_RG_GROWTH,D4,APPLY,mcq_single,"A series begins 3, 6. Someone continues it as 9, 12 and someone else as 12, 24. Both readings fit the two terms given. A third term of 12 is then revealed. Which reading survives?","The adding reading, since 12 is three more than 9","Both, since 12 appears in each continuation","Neither, since 12 is inconsistent with a series starting 3, 6","The doubling reading, since adding three would have given 9",D,"The doubling reading, since adding three would have given 9","Two terms cannot separate an additive rule from a multiplicative one when the first step is the same size as the first factor. The third term is what discriminates, and 12 is what doubling produces.",AUTHORED,
GB_AS_027,APTITUDE_REASONING_SERIES,AS_C06_POSITIONAL,AS_F09_POSITION_CAN_CARRY_THE_RULE,AS_FAM09_POSITIONAL_SERIES,AS_RG_POSITIONAL,D2,APPLY,mcq_single,"What comes next: A, C, E, G, ?",I,H,J,K,A,I,"Each letter is two places further along the alphabet, so G is followed by I. Answering H moves one place instead of two.",LEGACY_REMAP,603f39
GB_AS_028,APTITUDE_REASONING_SERIES,AS_C06_POSITIONAL,AS_F09_POSITION_CAN_CARRY_THE_RULE,AS_FAM09_POSITIONAL_SERIES,AS_RG_POSITIONAL,D3,APPLY,mcq_single,"What comes next: Z, X, V, T, ?",S,Q,R,U,C,R,"The letters move two places backwards each time, so T is followed by R. Answering S moves one place, and U moves the wrong way.",LEGACY_REMAP,56fa00
GB_AS_029,APTITUDE_REASONING_SERIES,AS_C06_POSITIONAL,AS_F09_POSITION_CAN_CARRY_THE_RULE,AS_FAM09_POSITIONAL_SERIES,AS_RG_POSITIONAL,D4,APPLY,mcq_single,"What comes next: AB, BC, CD, DE, ? Someone answers FG, reasoning that each pair advances by one letter. Their rule is right and their answer is wrong.",FG,EF,DF,EG,B,EF,"Each pair does advance by one letter, so the pair after DE begins with E and the answer is EF. Answering FG applies the correct rule one step too far, which a correct rule does not protect against.",LEGACY_REMAP,579837
GB_AS_030,APTITUDE_REASONING_SERIES,AS_C03_ALTERNATION,AS_F10_TWO_ATTRIBUTES_CAN_VARY,AS_FAM10_TWO_ATTRIBUTE_SERIES,AS_RG_MULTI_RULE,D2,ANALYZE,mcq_single,"What comes next: A1, C3, E5, G7, ?",H8,I8,G9,I9,D,I9,"The letter advances by two and the number advances by two, each on its own rule, giving I9. Answering H8 advances both by one, and I8 gets the letter right while freezing the step of the number.",LEGACY_REMAP,b4f799
GB_AS_031,APTITUDE_REASONING_SERIES,AS_C03_ALTERNATION,AS_F10_TWO_ATTRIBUTES_CAN_VARY,AS_FAM10_TWO_ATTRIBUTE_SERIES,AS_RG_MULTI_RULE,D3,ANALYZE,mcq_single,"What comes next: 1A, 2B, 3C, 4D, ?",5E,4E,5D,6F,A,5E,"The number and the letter each advance by one, independently. The two wrong middle options each advance one attribute and freeze the other, which is the commonest way a two-attribute series is misread.",LEGACY_REMAP,b31cf4
GB_AS_032,APTITUDE_REASONING_SERIES,AS_C03_ALTERNATION,AS_F10_TWO_ATTRIBUTES_CAN_VARY,AS_FAM10_TWO_ATTRIBUTE_SERIES,AS_RG_MULTI_RULE,D4,ANALYZE,mcq_single,"A series reads P2, R4, T8, V16, ?. Someone answers X18, advancing both attributes by the same kind of step. The letters and the numbers do not follow the same kind of rule. What is the next term?",X18,W32,X32,X20,C,X32,"The letter advances two places each time, giving X, while the number doubles, giving 32. Assuming both attributes follow the same kind of rule is exactly the error — one is additive and one is multiplicative.",AUTHORED,
GB_AS_033,APTITUDE_REASONING_SERIES,AS_C07_RULE_STATEMENT,AS_F11_A_RULE_MUST_FIT_EVERY_TERM,AS_FAM11_RULE_FITS_ALL,AS_RG_RULE,D3,ANALYZE,mcq_single,"Which rule is consistent with every term of 2, 4, 8, 14, 22?",Each term is double the previous one,The difference rises by two each time,Each term is the previous one plus four,Each term is the sum of the two before it,B,The difference rises by two each time,"The differences are 2, 4, 6 and 8, rising by two throughout. Doubling holds for the first three terms and fails at 14, which is precisely why a rule has to be checked to the end.",AUTHORED,
GB_AS_034,APTITUDE_REASONING_SERIES,AS_C07_RULE_STATEMENT,AS_F11_A_RULE_MUST_FIT_EVERY_TERM,AS_FAM11_RULE_FITS_ALL,AS_RG_RULE,D4,ANALYZE,mcq_single,"For the series 1, 2, 4, 8, 15, someone proposes ""each term is double the previous"". That rule fits every term except the last. What rule fits all five?","Doubling, and 15 is a misprint for 16",Each term is the sum of all the terms before it,Each term is the previous one plus the position number,"Each term adds one more than the previous difference did, giving differences 1, 2, 4, 7",D,"Each term adds one more than the previous difference did, giving differences 1, 2, 4, 7","The differences are 1, 2, 4 and 7, each rising by one more than the last. Doubling is the obvious reading and fails at exactly one term, and deciding the series is wrong rather than the rule is what the family exists to catch. Summing all previous terms would give 1, 2, 4, 8, 16 — the same trap by another route.",AUTHORED,
GB_AS_035,APTITUDE_REASONING_SERIES,AS_C08_BREAK,AS_F12_ONE_TERM_CAN_BREAK_THE_RULE,AS_FAM12_ODD_TERM,AS_RG_RULE,D3,ANALYZE,mcq_single,"One term breaks the rule in 3, 6, 9, 13, 15, 18. Which is it, and what should it be?","13, which should be 12","15, which should be 16","18, which should be 21","9, which should be 10",A,"13, which should be 12","Every other term is a multiple of three, so 13 is the break and 12 restores it. Suspecting the last term by default is a habit worth resisting, since 18 fits perfectly.",AUTHORED,
GB_AS_036,APTITUDE_REASONING_SERIES,AS_C08_BREAK,AS_F12_ONE_TERM_CAN_BREAK_THE_RULE,AS_FAM12_ODD_TERM,AS_RG_RULE,D4,ANALYZE,mcq_single,"One term breaks the rule in 2, 4, 8, 16, 30, 64. Someone identifies 64 as the break, because it is the last term. The rule is inferable from the remaining terms alone. Which term actually breaks it?","64, which should be 60","16, which should be 12","30, which should be 32","8, which should be 6",C,"30, which should be 32","Five of the six terms double, so the rule is clear from them and 30 is the one that does not fit. The last term is the default suspicion and here it is entirely correct, which is what makes checking against the rule rather than the position necessary.",AUTHORED,
GB_AS_037,APTITUDE_REASONING_SERIES,AS_C09_AMBIGUITY,AS_F13_SEVERAL_RULES_MAY_FIT,AS_FAM13_COMPETING_RULES,AS_RG_AMBIGUITY,D3,EVALUATE,mcq_single,"The terms 1, 2, 4 fit both ""double the previous"" and ""add one more each time"". Which further term would separate the two rules?","The fourth term, because both rules give 8","The fourth term: doubling gives 8, the other rule gives 7","The first term, because the rules start differently",No term separates them; the rules are the same,B,"The fourth term: doubling gives 8, the other rule gives 7","The two rules agree on everything shown and disagree from the fourth term onward, so that is where a test has to be made. A term both rules produce would tell you nothing.",AUTHORED,
GB_AS_038,APTITUDE_REASONING_SERIES,AS_C09_AMBIGUITY,AS_F13_SEVERAL_RULES_MAY_FIT,AS_FAM13_COMPETING_RULES,AS_RG_AMBIGUITY,D4,EVALUATE,mcq_single,"The terms 2, 4 are consistent with doubling and with adding two. Someone proposes revealing the fifth term to settle it. Both rules were already going to differ at the third term. What is wrong with waiting until the fifth?","The fifth term is consistent with both rules, so it settles nothing",The fifth term separates a third rule rather than these two,"Waiting is necessary, because two rules need several terms to separate","Nothing is wrong with it, but the third term already separates them, so four terms of information are being spent to learn what one would have shown",D,"Nothing is wrong with it, but the third term already separates them, so four terms of information are being spent to learn what one would have shown","The fifth term does distinguish them, so the proposal works — it is merely wasteful. Choosing the earliest discriminating observation is what makes a test efficient rather than merely valid.",AUTHORED,
GB_AS_039,APTITUDE_REASONING_SERIES,AS_C09_AMBIGUITY,AS_F13_SEVERAL_RULES_MAY_FIT,AS_FAM13_COMPETING_RULES,AS_RG_AMBIGUITY,D5,EVALUATE,mcq_single,A series of four terms fits two different rules. A fifth term is revealed and fits both. What has been learned?,Nothing about which rule holds; a term both rules predict cannot discriminate between them,That both rules are correct,"That the first rule is more likely, since it was proposed first","That neither rule is correct, since neither was ruled out",A,Nothing about which rule holds; a term both rules predict cannot discriminate between them,"An observation is informative only when the competing explanations disagree about it. A term both predict leaves the question exactly where it was, which is the same reason a test that passes under a correct and a faulty version tells you nothing.",AUTHORED,
GB_AS_040,APTITUDE_REASONING_SERIES,AS_C09_AMBIGUITY,AS_F13_SEVERAL_RULES_MAY_FIT,AS_FAM13_COMPETING_RULES,AS_RG_AMBIGUITY,D5,EVALUATE,mcq_single,Two rules fit a series equally well. One is simple and one is elaborate. Is simplicity a reason to prefer the first?,Yes; the simpler rule is always the correct one,No; the elaborate rule fits more cases and is therefore better,It is a practical preference and not evidence; only a term on which they disagree settles it,Yes; an elaborate rule that fits must have been designed to fit,C,It is a practical preference and not evidence; only a term on which they disagree settles it,"Simplicity makes a rule easier to state and to use, and neither of those makes it true of the series. What decides between two rules is a term they predict differently, and until one is seen the question is genuinely open.",AUTHORED,
GB_AS_041,APTITUDE_REASONING_SERIES,AS_C09_AMBIGUITY,AS_F13_SEVERAL_RULES_MAY_FIT,AS_FAM13_COMPETING_RULES,AS_RG_AMBIGUITY,D5,EVALUATE,mcq_single,A series is generated by a rule nobody has stated. Three candidate rules all fit the six terms shown. How many further terms are needed to identify the true rule?,"One, since one term rules out two of the three","It cannot be said in advance; enough terms to make every wrong candidate disagree, and a fourth rule may still fit","Two, since each term halves the candidates",None; three rules fitting six terms means all three are the same rule,B,"It cannot be said in advance; enough terms to make every wrong candidate disagree, and a fourth rule may still fit","How many terms are needed depends on where the candidates diverge, which is not known before they are compared — and no number of terms proves a rule, since another rule can always agree so far and differ later.",AUTHORED,
GB_AS_042,APTITUDE_REASONING_SERIES,AS_C07_RULE_STATEMENT,AS_F14_A_RULE_APPLIES_ELSEWHERE,AS_FAM14_RULE_TRANSFER,AS_RG_RULE,D4,APPLY,mcq_single,"A series runs 3, 7, 15, 31, where each term is double the previous plus one. Someone continues that series instead of applying its rule elsewhere. Starting from 5 and using the same rule, what is the third term?",63,11,21,23,D,23,"From 5 the rule gives 11 and then 23. Answering 63 continues the original series rather than applying its rule to the new start, and 11 stops at the second term.",AUTHORED,
GB_AS_043,APTITUDE_REASONING_SERIES,AS_C07_RULE_STATEMENT,AS_F14_A_RULE_APPLIES_ELSEWHERE,AS_FAM14_RULE_TRANSFER,AS_RG_RULE,D5,APPLY,mcq_single,"A series runs 2, 6, 18, 54. Applying the same rule to a first term of 5, what is the fourth term?",135,162,20,45,A,135,"The rule is to triple, so from 5 the terms are 5, 15, 45 and 135. Answering 45 stops at the third term, and 162 continues the original series.",AUTHORED,
GB_AS_044,APTITUDE_REASONING_SERIES,AS_C07_RULE_STATEMENT,AS_F14_A_RULE_APPLIES_ELSEWHERE,AS_FAM14_RULE_TRANSFER,AS_RG_RULE,D5,APPLY,mcq_single,"A series runs 10, 8, 6, 4. Applying the same rule to a first term of 3, what are the next two terms?",1 and 0,5 and 7,1 and -1,"1, and then the series stops",C,1 and -1,"The rule subtracts two each time and nothing about it stops at zero, so from 3 the series goes 1 and then -1. Assuming a rule halts when it would leave familiar territory is an assumption the rule never made.",AUTHORED,
GB_AS_045,APTITUDE_REASONING_SERIES,AS_C07_RULE_STATEMENT,AS_F14_A_RULE_APPLIES_ELSEWHERE,AS_FAM14_RULE_TRANSFER,AS_RG_RULE,D5,APPLY,mcq_single,A rule inferred from a series of whole numbers is applied to a first term of 0.5. Does the rule still work?,Yes; a rule works on any starting value,"It depends on the rule: adding or multiplying works, but a rule that referred to properties of whole numbers may not",No; rules inferred from whole numbers apply only to whole numbers,"Yes, but the results must be rounded to whole numbers",B,"It depends on the rule: adding or multiplying works, but a rule that referred to properties of whole numbers may not","A rule stated as arithmetic transfers to any number the arithmetic accepts. A rule stated in terms like ""the next prime"" or ""add the number of digits"" has no meaning for a fraction, so what transfers depends on how the rule was expressed.",AUTHORED,
GB_AS_046,APTITUDE_REASONING_SERIES,AS_C07_RULE_STATEMENT,AS_F14_A_RULE_APPLIES_ELSEWHERE,AS_FAM14_RULE_TRANSFER,AS_RG_RULE,D5,APPLY,mcq_single,"Two people infer different rules from the same series and both apply their rule to a new starting term, getting different answers. Both rules fit the original series exactly. Who is right?",The one whose rule is simpler,The one whose answer is a whole number,"Both, since both rules fit the original series",Neither is established; the original series never settled which rule generated it,D,Neither is established; the original series never settled which rule generated it,"Fitting the terms shown is a much weaker claim than being the rule behind them, and transfer is exactly where two rules that agreed part company. The disagreement reveals the ambiguity rather than creating it.",AUTHORED,
GB_AS_047,APTITUDE_REASONING_SERIES,AS_C09_AMBIGUITY,AS_F15_TOO_FEW_TERMS_DETERMINE_NOTHING,AS_FAM15_UNDERDETERMINED,AS_RG_AMBIGUITY,D4,EVALUATE,mcq_single,"A question shows only the terms 1, 2 and asks for the next. Someone answers 3 with confidence. Only two terms are given. Is the next term determined?","No; 1, 2 is consistent with adding one, with doubling, and with many other rules","Yes; 3, because the step is one","Yes; 4, because the series doubles","No, because the terms given are too small to reveal a pattern",A,"No; 1, 2 is consistent with adding one, with doubling, and with many other rules","Two terms fix one difference and one ratio at once, so they cannot distinguish an additive rule from a multiplicative one. Confidence here comes from a convention about what such questions usually mean, not from the terms.",AUTHORED,
GB_AS_048,APTITUDE_REASONING_SERIES,AS_C09_AMBIGUITY,AS_F15_TOO_FEW_TERMS_DETERMINE_NOTHING,AS_FAM15_UNDERDETERMINED,AS_RG_AMBIGUITY,D5,EVALUATE,mcq_single,"A question shows 4, 8, 12, 16 and asks for the next term. Is it determined?",No; four terms can never determine a fifth,Yes; four terms always determine the next,"It is determined under any rule consistent with all four terms, and every plausible one gives 20",No; the terms are consistent with doubling as well,C,"It is determined under any rule consistent with all four terms, and every plausible one gives 20","Doubling fails immediately at the third term, and the constant step of four fits throughout, so the reading is not seriously in doubt. Enough terms can settle a series in practice — which is why the honest answer is not always that nothing is determined.",AUTHORED,
GB_AS_049,APTITUDE_REASONING_SERIES,AS_C09_AMBIGUITY,AS_F15_TOO_FEW_TERMS_DETERMINE_NOTHING,AS_FAM15_UNDERDETERMINED,AS_RG_AMBIGUITY,D5,EVALUATE,mcq_single,"Someone argues that no series question has a determinate answer, since some rule can always be found to give any next term. Is the argument sound?",Yes; therefore all such questions are unanswerable,"It is technically true and practically useless; the question is which rule the terms make reasonable, not which is conceivable",No; only one rule can ever fit a given set of terms,No; a rule fitted after the fact is not a real rule,B,"It is technically true and practically useless; the question is which rule the terms make reasonable, not which is conceivable","A rule can indeed be constructed to produce any continuation, so strictly nothing is forced. What the terms do is make some rules simple and consistent and others contrived, and that is the judgement such a question actually asks for.",AUTHORED,
GB_AS_050,APTITUDE_REASONING_SERIES,AS_C09_AMBIGUITY,AS_F15_TOO_FEW_TERMS_DETERMINE_NOTHING,AS_FAM15_UNDERDETERMINED,AS_RG_AMBIGUITY,D5,EVALUATE,mcq_single,A test writer must choose between a series of three terms and the same series shown with six. The three-term version is quicker to read. What does each choice cost?,"Three terms are always sufficient, so the longer version wastes the reader's time","Six terms are always necessary, so the shorter version is never acceptable",Neither costs anything; the answer is the same either way,Three terms may admit several rules and make the item ambiguous; six take longer and leave the intended rule genuinely determined,D,Three terms may admit several rules and make the item ambiguous; six take longer and leave the intended rule genuinely determined,"Brevity and determinacy pull against each other here. Enough terms to exclude the rival readings is what makes the item answerable, and how many that takes depends on which rules the early terms happen to admit.",AUTHORED,
GB_HCW_001,HOW_COMPUTERS_WORK,HCW_C01_IPO,HCW_F01_IPO_MODEL,HCW_FAM01_IPO_LABELLING,HCW_RG_SYSTEM_MODEL,D1,UNDERSTAND,mcq_single,"A calculator is given 2 and 3, adds them, and shows 5. Which part is the input?",5,2 and 3,The addition,The display,B,2 and 3,"The input is what the task is given to work with, which here is 2 and 3. The 5 is what comes out, the addition is the work done in between, and the display is equipment rather than any part of the task.",LEGACY_REMAP,4aaf3d
GB_HCW_002,HOW_COMPUTERS_WORK,HCW_C01_IPO,HCW_F01_IPO_MODEL,HCW_FAM01_IPO_LABELLING,HCW_RG_SYSTEM_MODEL,D1,UNDERSTAND,mcq_single,Marks are entered into a grade calculator and a grade is produced. Which part is the output?,The marks,The comparison of each mark against a threshold,The storage the marks came from,The grade,D,The grade,"The grade is what the task produces, and the output is always what a task produces. The marks are what it was given, and comparing them against thresholds is the work that turns one into the other.",LEGACY_REMAP,48d498
GB_HCW_003,HOW_COMPUTERS_WORK,HCW_C01_IPO,HCW_F01_IPO_MODEL,HCW_FAM01_IPO_LABELLING,HCW_RG_SYSTEM_MODEL,D1,UNDERSTAND,mcq_single,A temperature in Celsius is converted to Fahrenheit. Which part is the processing?,Applying the conversion formula,The Celsius value,The Fahrenheit value,The thermometer that took the reading,A,Applying the conversion formula,"Processing is the work that turns what was given into what is produced. The two temperatures are the input and the output, and the thermometer is outside the task altogether.",LEGACY_REMAP,4972cf
GB_HCW_004,HOW_COMPUTERS_WORK,HCW_C01_IPO,HCW_F01_IPO_MODEL,HCW_FAM01_IPO_LABELLING,HCW_RG_SYSTEM_MODEL,D1,UNDERSTAND,mcq_single,A program reads a list of readings and writes a summary file to disk. Nothing appears on the screen. What is the output?,"Nothing, because nothing appeared on the screen",The list of readings,The summary file written to disk,The reading of the list,C,The summary file written to disk,"Output is what the task produces, wherever it goes. A file on disk is as much an output as something displayed — equating output with the screen is what makes this worth asking.",LEGACY_REMAP,4b4d74
GB_HCW_005,HOW_COMPUTERS_WORK,HCW_C01_IPO,HCW_F01_IPO_MODEL,HCW_FAM01_IPO_LABELLING,HCW_RG_SYSTEM_MODEL,D2,UNDERSTAND,mcq_single,Which sequence describes how a simple computing task proceeds?,"Output, then input, then processing","Input, then processing, then output","Processing, then output, then input","Input, then output, then processing",B,"Input, then processing, then output","Something has to be given before it can be worked on, and worked on before a result exists. Every other order needs a result before the work that produces it.",LEGACY_KEEP,391875
GB_HCW_006,HOW_COMPUTERS_WORK,HCW_C02_HARDWARE_SOFTWARE,HCW_F02_HARDWARE_VS_SOFTWARE,HCW_FAM02_HW_SW_CLASSIFICATION,HCW_RG_CLASSIFICATION,D1,REMEMBER,mcq_single,Which of these is hardware?,A printer driver,An operating system,A spreadsheet application,A hard disk,D,A hard disk,"A hard disk is a physical object; the other three are all instructions. A driver is the confusing case, because it exists to operate a physical device and is itself software.",LEGACY_REWRITE,39b6ac
GB_HCW_007,HOW_COMPUTERS_WORK,HCW_C02_HARDWARE_SOFTWARE,HCW_F02_HARDWARE_VS_SOFTWARE,HCW_FAM02_HW_SW_CLASSIFICATION,HCW_RG_CLASSIFICATION,D1,REMEMBER,mcq_single,Which of these is software?,The operating system,The processor,The memory modules,The motherboard,A,The operating system,"An operating system is a set of instructions, however much it feels like part of the machine because it arrives with it. The other three are physical components.",LEGACY_REWRITE,3ed5c2
GB_HCW_008,HOW_COMPUTERS_WORK,HCW_C02_HARDWARE_SOFTWARE,HCW_F02_HARDWARE_VS_SOFTWARE,HCW_FAM02_HW_SW_CLASSIFICATION,HCW_RG_CLASSIFICATION,D1,REMEMBER,mcq_single,A printer driver is best described as which of these?,"Hardware, because it is part of the printer","Hardware, because it is installed with the printer","Software, because it is a set of instructions, even though its job is to operate hardware","Neither, because it sits between the two",C,"Software, because it is a set of instructions, even though its job is to operate hardware","What decides the classification is whether something is physical or is instructions, not what it works on or where it came from. A driver operates a device and is itself entirely made of instructions.",AUTHORED,
GB_HCW_009,HOW_COMPUTERS_WORK,HCW_C02_HARDWARE_SOFTWARE,HCW_F03_PROGRAM_IS_INSTRUCTIONS,HCW_FAM03_PROGRAM_NATURE,HCW_RG_CLASSIFICATION,D2,UNDERSTAND,mcq_single,A program is written to add two numbers. Someone gives it a word instead of a number. What does it do?,Works out that a number was meant and asks again,"Whatever its instructions say for that case, and if they say nothing it fails",Ignores the word and adds nothing,Corrects the word to the nearest number,B,"Whatever its instructions say for that case, and if they say nothing it fails",A program does exactly what it was told and nothing else; behaviour nobody wrote does not happen. Expecting it to infer what was meant is the belief that makes later debugging bewildering.,AUTHORED,
GB_HCW_010,HOW_COMPUTERS_WORK,HCW_C02_HARDWARE_SOFTWARE,HCW_F03_PROGRAM_IS_INSTRUCTIONS,HCW_FAM03_PROGRAM_NATURE,HCW_RG_CLASSIFICATION,D3,UNDERSTAND,mcq_single,A program handles every case its author thought of and behaves strangely on one they did not. What does that tell you about programs in general?,The program has learned a behaviour of its own,The machine substituted a reasonable default,The program is faulty in a way unrelated to its instructions,A program contains only the cases someone wrote; an unconsidered case has no defined behaviour,D,A program contains only the cases someone wrote; an unconsidered case has no defined behaviour,"There is no part of a program that was not written, so a case nobody handled falls through to whatever the surrounding instructions happen to do. That is why an unexpected input produces strange behaviour rather than a sensible one.",AUTHORED,
GB_HCW_011,HOW_COMPUTERS_WORK,HCW_C03_PROGRAM_VS_PROCESS,HCW_F04_PROGRAM_VS_PROCESS,HCW_FAM04_PROGRAM_PROCESS_DISTINCTION,HCW_RG_EXECUTION_MODEL,D2,ANALYZE,mcq_single,An application is closed. What is left on the machine?,"The application's files on storage, unchanged; what it held in working memory is gone",Nothing; closing an application removes it from the machine,"Everything, including what it held in working memory","Only the documents it created, not the application itself",A,"The application's files on storage, unchanged; what it held in working memory is gone","The files on storage are what was installed and they are untouched by closing. What ends is the running copy, along with whatever it was holding in memory at the time.",AUTHORED,
GB_HCW_012,HOW_COMPUTERS_WORK,HCW_C03_PROGRAM_VS_PROCESS,HCW_F04_PROGRAM_VS_PROCESS,HCW_FAM04_PROGRAM_PROCESS_DISTINCTION,HCW_RG_EXECUTION_MODEL,D3,ANALYZE,mcq_single,"The same application is started twice, so two windows are open. What exists on the machine?","One copy on storage and one running copy, shown in two windows",Two copies on storage and two running copies,"One copy on storage, and two running copies each with its own working memory",One copy on storage and two running copies sharing one block of memory,C,"One copy on storage, and two running copies each with its own working memory","Starting a program does not duplicate it on disk; it creates another running copy from the same stored one. Each running copy gets its own working memory, which is why one can be busy while the other is idle.",AUTHORED,
GB_HCW_013,HOW_COMPUTERS_WORK,HCW_C03_PROGRAM_VS_PROCESS,HCW_F04_PROGRAM_VS_PROCESS,HCW_FAM04_PROGRAM_PROCESS_DISTINCTION,HCW_RG_EXECUTION_MODEL,D4,ANALYZE,mcq_single,A machine is restarted. Afterwards the application is still installed but everything it had been showing is gone. The application was never uninstalled and its files were not deleted. What accounts for both facts?,The application was reinstalled automatically during the restart,The stored files survived the restart; the running copy and its working memory did not,The restart cleared the storage and the application was restored from a backup,The application saved its state and then deleted it,B,The stored files survived the restart; the running copy and its working memory did not,"Two things have to be explained at once: something survived and something did not, and the split falls exactly between storage and working memory. Nothing reinstalled or restored anything — the files were never gone.",AUTHORED,
GB_HCW_014,HOW_COMPUTERS_WORK,HCW_C03_PROGRAM_VS_PROCESS,HCW_F05_WORKING_MEMORY_ROLE,HCW_FAM05_WORKING_MEMORY_EFFECT,HCW_RG_EXECUTION_MODEL,D2,APPLY,mcq_single,Three programs are open and one of them is closed. What happens to the machine's available working memory?,"It stays the same, because memory is consumed permanently once used","It increases, but the space freed is on the disk rather than in memory","It stays the same, because each machine uses a fixed amount of memory whatever runs","It increases, because the memory that program was using is released",D,"It increases, because the memory that program was using is released","Working memory is lent to a running program and taken back when it ends. Nothing is consumed permanently, and the space released is memory rather than storage.",LEGACY_REWRITE,39e40a
GB_HCW_015,HOW_COMPUTERS_WORK,HCW_C03_PROGRAM_VS_PROCESS,HCW_F05_WORKING_MEMORY_ROLE,HCW_FAM05_WORKING_MEMORY_EFFECT,HCW_RG_EXECUTION_MODEL,D3,APPLY,mcq_single,A student opens many applications and the machine becomes slow. Which resource is most likely under pressure?,Working memory,The keyboard,The printer,The webcam,A,Working memory,"Each open application holds working memory, and once there is not enough the machine spends its time moving data in and out of storage. Nothing about opening applications loads the peripherals.",LEGACY_KEEP,38a79c
GB_HCW_016,HOW_COMPUTERS_WORK,HCW_C04_DATA_AND_FILES,HCW_F06_DIGITAL_REPRESENTATION,HCW_FAM06_DIGITAL_REPRESENTATION_RECOGNITION,HCW_RG_DATA_MODEL,D1,REMEMBER,mcq_single,How is a photograph stored on a computer?,As a very small physical picture,As a description in words of what the picture shows,As numbers describing the picture,Photographs cannot be stored; only their file names can,C,As numbers describing the picture,"Everything a computer holds is held as numbers, whatever it looks like when shown. The image a person sees is produced from those numbers when it is displayed.",AUTHORED,
GB_HCW_017,HOW_COMPUTERS_WORK,HCW_C04_DATA_AND_FILES,HCW_F06_DIGITAL_REPRESENTATION,HCW_FAM06_DIGITAL_REPRESENTATION_RECOGNITION,HCW_RG_DATA_MODEL,D1,REMEMBER,mcq_single,"Text, images and sound are stored on a computer in what form?","Text as letters, images as pictures, sound as waves",All three as numbers,"Text as numbers, and images and sound in their own separate forms",Only text as numbers; the rest are stored as files,B,All three as numbers,"A single kind of storage holds all of them, which is why one file can contain several and why any of them can be copied by the same mechanism. What differs is how the numbers are interpreted.",AUTHORED,
GB_HCW_018,HOW_COMPUTERS_WORK,HCW_C04_DATA_AND_FILES,HCW_F06_DIGITAL_REPRESENTATION,HCW_FAM06_DIGITAL_REPRESENTATION_RECOGNITION,HCW_RG_DATA_MODEL,D1,REMEMBER,mcq_single,"Two files hold the same numbers but are opened by different programs, and one shows an image while the other produces noise. How is that possible?",One of the two programs is faulty,The files must actually hold different numbers,The numbers change when a different program opens them,The numbers carry no meaning of their own; the program decides how to interpret them,D,The numbers carry no meaning of their own; the program decides how to interpret them,"Storage holds numbers and nothing more, so what those numbers represent is a matter of how they are read. This is exactly why opening a file with the wrong program produces nonsense rather than an error.",AUTHORED,
GB_HCW_019,HOW_COMPUTERS_WORK,HCW_C04_DATA_AND_FILES,HCW_F07_FILES_PERSIST,HCW_FAM07_PERSISTENCE_REASONING,HCW_RG_DATA_MODEL,D2,APPLY,mcq_single,Which of these normally keeps its contents after the power is switched off?,A solid-state drive,Working memory,The processor cache,A processor register,A,A solid-state drive,Storage is designed to hold data without power; the other three hold what is needed while the machine is running and lose it when it stops. That is the whole reason saving exists.,LEGACY_KEEP,3945d3
GB_HCW_020,HOW_COMPUTERS_WORK,HCW_C04_DATA_AND_FILES,HCW_F07_FILES_PERSIST,HCW_FAM07_PERSISTENCE_REASONING,HCW_RG_DATA_MODEL,D3,APPLY,mcq_single,A document was saved an hour ago and has been edited since without being saved again. The machine loses power. What is on the disk afterwards?,"The document with all the edits, saved automatically at shutdown","Nothing, because the document was open when the power failed",The version saved an hour ago; the later edits are gone,"The edits only, since they were the most recent change",C,The version saved an hour ago; the later edits are gone,"Saving is what puts data on storage, and edits that were never saved existed only in working memory. The saved version is untouched by the failure, which is why the loss is partial rather than total.",LEGACY_REWRITE,380965
GB_HCW_021,HOW_COMPUTERS_WORK,HCW_C05_OS_AND_APPS,HCW_F08_OS_MEDIATES,HCW_FAM08_OS_ROLE_IN_STACK,HCW_RG_SYSTEM_DATA_FLOW,D2,ANALYZE,mcq_single,Where does an application sit in relation to the operating system and the hardware?,"The application reaches the hardware, and the operating system watches","The application asks the operating system, which reaches the hardware","The hardware calls the application, which reports to the operating system","The application and the hardware deal with each other directly, with no operating system involved",B,"The application asks the operating system, which reaches the hardware",The operating system sits in the middle and is asked for everything an application cannot do itself. Leaving it out of the path is the commonest way the arrangement is misdescribed.,LEGACY_REWRITE,c67f3b
GB_HCW_022,HOW_COMPUTERS_WORK,HCW_C05_OS_AND_APPS,HCW_F08_OS_MEDIATES,HCW_FAM08_OS_ROLE_IN_STACK,HCW_RG_SYSTEM_DATA_FLOW,D3,ANALYZE,mcq_single,A word processor saves a document. Put the parts in the order the request passes through them.,"Word processor, storage device, operating system","Operating system, word processor, storage device","Word processor, storage device","Word processor, operating system, storage device",D,"Word processor, operating system, storage device","The application makes the request, the operating system carries it out, and the device does what it is told. Each other order either reverses two neighbours or removes the layer that makes the request possible.",AUTHORED,
GB_HCW_023,HOW_COMPUTERS_WORK,HCW_C05_OS_AND_APPS,HCW_F08_OS_MEDIATES,HCW_FAM08_OS_ROLE_IN_STACK,HCW_RG_SYSTEM_DATA_FLOW,D4,ANALYZE,mcq_single,"The same word processor saves documents to a hard disk on one machine and to a network location on another, and the application was not changed between them. What does that show about the arrangement?","The application asks for a save and the operating system decides how to carry it out, so the difference never reaches the application",The application contains code for both kinds of destination and chooses between them,The two machines run different versions of the application,A network location is treated as a hard disk by the hardware itself,A,"The application asks for a save and the operating system decides how to carry it out, so the difference never reaches the application","An unchanged application producing correct behaviour on two very different destinations means the difference is handled below it. If the application drove the hardware itself, it would need to know which kind it was talking to.",AUTHORED,
GB_HCW_024,HOW_COMPUTERS_WORK,HCW_C05_OS_AND_APPS,HCW_F09_APPLICATION_PURPOSE,HCW_FAM09_APP_VS_OS_SELECTION,HCW_RG_SYSTEM_SELECTION,D2,UNDERSTAND,mcq_single,Which responsibility belongs to the operating system rather than to an application?,Checking the spelling in a document,Drawing a chart from a table of figures,Deciding how much working memory each running program may use,Deciding what a document should say,C,Deciding how much working memory each running program may use,"Sharing the machine among every program is the operating system's job, and no single application could do it without affecting the others. The other three are jobs one application does for one person.",LEGACY_REWRITE,3e378b
GB_HCW_025,HOW_COMPUTERS_WORK,HCW_C05_OS_AND_APPS,HCW_F09_APPLICATION_PURPOSE,HCW_FAM09_APP_VS_OS_SELECTION,HCW_RG_SYSTEM_SELECTION,D3,UNDERSTAND,mcq_single,A file manager ships with the operating system and lets a person copy files. Is copying files the operating system's job or the file manager's?,"The file manager performs the copy itself, since it ships with the system",The file manager asks; the operating system performs the copy,"The operating system performs the copy, and the file manager is part of it",Neither; the storage device performs the copy on its own,B,The file manager asks; the operating system performs the copy,"Arriving with the system does not make a program part of it. The file manager is an application that presents the request, and the work of reading and writing belongs to the layer below.",AUTHORED,
GB_HCW_026,HOW_COMPUTERS_WORK,HCW_C06_BOOT,HCW_F10_BOOT_SEQUENCE,HCW_FAM10_BOOT_ORDERING,HCW_RG_ORDERING,D2,APPLY,mcq_single,Put the stages of starting a machine in order.,"The operating system loads, firmware checks the hardware, applications can start","Applications start, the operating system loads, firmware checks the hardware","The desktop appears, the operating system loads behind it, applications can start","Firmware checks the hardware, the operating system loads, applications can start",D,"Firmware checks the hardware, the operating system loads, applications can start","Nothing can run until the hardware has been checked and the operating system is in charge. The last option describes what a person sees rather than what happens, which is why it is believed.",AUTHORED,
GB_HCW_027,HOW_COMPUTERS_WORK,HCW_C06_BOOT,HCW_F10_BOOT_SEQUENCE,HCW_FAM10_BOOT_ORDERING,HCW_RG_ORDERING,D3,APPLY,mcq_single,"A machine has been switched on and the firmware checks have completed, but the operating system has not finished loading. What cannot have happened yet?",No application can have started,No hardware can have been powered,No data can have been read from storage,Nothing at all can have happened,A,No application can have started,"Applications depend on the operating system for everything, so none can run before it is ready. The hardware is already powered and storage has already been read — that is how the operating system is being loaded.",AUTHORED,
GB_HCW_028,HOW_COMPUTERS_WORK,HCW_C07_NETWORKS,HCW_F11_NETWORK_IS_CONNECTED_MACHINES,HCW_FAM11_NETWORK_SCOPE,HCW_RG_NETWORK_MODEL,D2,UNDERSTAND,mcq_single,Which statement about the internet and the web is correct?,The internet and the web are two names for the same thing,The internet is one service that runs on the web,The web is one service that runs on the internet,The web is the collection of cables and the internet is the pages carried over them,C,The web is one service that runs on the internet,"The internet is the network that connects machines; the web is one of the things carried over it, alongside email and much else. Treating the two as identical is close to universal and is why the distinction is worth measuring directly.",LEGACY_REWRITE,e456e9
GB_HCW_029,HOW_COMPUTERS_WORK,HCW_C07_NETWORKS,HCW_F11_NETWORK_IS_CONNECTED_MACHINES,HCW_FAM11_NETWORK_SCOPE,HCW_RG_NETWORK_MODEL,D3,UNDERSTAND,mcq_single,"Two machines in one office are connected so they can share files, with no connection to anything outside. Is that a network?",No; a network must be connected to the internet,"Yes; a network is machines connected so they can exchange data, whatever its size",No; two machines are too few to form a network,"Yes, but only while files are actually being transferred",B,"Yes; a network is machines connected so they can exchange data, whatever its size","What makes something a network is the connection and the exchange, not the scale or whether the outside world is reachable. The internet is a very large network of networks, which makes it an example rather than a requirement.",AUTHORED,
GB_HCW_030,HOW_COMPUTERS_WORK,HCW_C07_NETWORKS,HCW_F12_CLIENT_SERVER,HCW_FAM12_CLIENT_SERVER_ROLES,HCW_RG_NETWORK_MODEL,D2,ANALYZE,mcq_single,A browser requests a page and a remote machine sends it back. Which side is the client?,"The remote machine, because it holds the page","The browser, because it is running on the smaller machine",Neither; both are servers of the page,"The browser, because it made the request",D,"The browser, because it made the request",The roles are defined by who asks and who answers in a particular exchange. Size and which side owns the data are irrelevant to which is which.,LEGACY_REWRITE,e31a7b
GB_HCW_031,HOW_COMPUTERS_WORK,HCW_C07_NETWORKS,HCW_F12_CLIENT_SERVER,HCW_FAM12_CLIENT_SERVER_ROLES,HCW_RG_NETWORK_MODEL,D4,ANALYZE,mcq_single,"A machine answers requests for pages, and while doing so it requests records from a database on another machine. It is one machine taking part in two exchanges. What are its roles?",Server in the first exchange and client in the second,"Server in both, because it is a server machine","Client in both, because it is making a request","Neither, because a machine cannot hold two roles",A,Server in the first exchange and client in the second,"Role belongs to an exchange rather than to hardware, so one machine can be answering in one conversation and asking in another at the same moment. A model that fixes the role to the machine cannot describe this at all.",AUTHORED,
GB_HCW_032,HOW_COMPUTERS_WORK,HCW_C07_NETWORKS,HCW_F12_CLIENT_SERVER,HCW_FAM12_CLIENT_SERVER_ROLES,HCW_RG_NETWORK_MODEL,D4,ANALYZE,mcq_single,A laptop shares a folder so that a large office machine can read files from it. The office machine is far more powerful and is the one usually called a server. Which is the client here?,"The laptop, because it is the smaller machine","The office machine, because it is normally a server","The office machine, because in this exchange it is the one making the request",Neither; the roles cannot be assigned when a laptop shares files,C,"The office machine, because in this exchange it is the one making the request","The request decides it, and here the powerful machine is the one asking. Assigning the role by size or by habit gives the wrong answer, which is exactly what this arrangement is chosen to expose.",AUTHORED,
GB_HCW_033,HOW_COMPUTERS_WORK,HCW_C08_ABSTRACTION,HCW_F13_ABSTRACTION_HIDES_DETAIL,HCW_FAM13_ABSTRACTION_RECOGNITION,HCW_RG_ABSTRACTION,D3,EVALUATE,mcq_single,"A program saves a file without containing any instructions about what kind of disk it is being saved to. What detail is being hidden from it, and by what?",Nothing is hidden; every disk works identically,"How this particular device stores data, hidden by the operating system and the device driver","The file's contents, hidden by the operating system","The name of the file, hidden until the save completes",B,"How this particular device stores data, hidden by the operating system and the device driver","Devices differ considerably and the program is written as though they did not, which is only possible because a layer below it absorbs the difference. What is hidden is the mechanism, not the data.",AUTHORED,
GB_HCW_034,HOW_COMPUTERS_WORK,HCW_C08_ABSTRACTION,HCW_F13_ABSTRACTION_HIDES_DETAIL,HCW_FAM13_ABSTRACTION_RECOGNITION,HCW_RG_ABSTRACTION,D4,EVALUATE,mcq_single,"A team argues that hiding hardware detail from applications must lose capability, since less information is available. Applications on the system can still reach the lower detail when they ask for it explicitly. What does that show?","The team is right, and the capability is genuinely lost",The applications reaching the detail are breaking the arrangement,The detail is only reachable because the system is badly built,"The detail is hidden by default rather than made unavailable, so nothing is lost",D,"The detail is hidden by default rather than made unavailable, so nothing is lost","Hiding and removing are different things: the ordinary path does not require the detail, and a program that genuinely needs it can still ask. The argument assumes the two are the same.",AUTHORED,
GB_HCW_035,HOW_COMPUTERS_WORK,HCW_C08_ABSTRACTION,HCW_F13_ABSTRACTION_HIDES_DETAIL,HCW_FAM13_ABSTRACTION_RECOGNITION,HCW_RG_ABSTRACTION,D4,EVALUATE,mcq_single,A new kind of storage device is released. Existing applications save to it correctly without being modified. Only a driver was written for it. What does that demonstrate?,"The applications were written against what the layer below promises, not against any particular device",The new device was designed to imitate an older one exactly,The applications were updated automatically when the driver was installed,Storage devices have all worked the same way for a long time,A,"The applications were written against what the layer below promises, not against any particular device",Thousands of unchanged applications working with something that did not exist when they were written is only possible if none of them referred to a device directly. The single new driver is where the difference was absorbed.,AUTHORED,
GB_HCW_036,HOW_COMPUTERS_WORK,HCW_C08_ABSTRACTION,HCW_F13_ABSTRACTION_HIDES_DETAIL,HCW_FAM13_ABSTRACTION_RECOGNITION,HCW_RG_ABSTRACTION,D5,EVALUATE,mcq_single,What would change if every application had to know the make and model of the disk it wrote to?,"Applications would run faster, since a layer would be removed",Nothing much; applications could simply ask the user which device it is,"Every application would need updating for every new device, and a new device would be unusable until they were",Only the operating system would need to change,C,"Every application would need updating for every new device, and a new device would be unusable until they were","Removing the hidden layer moves its work into every program above it, so the cost is paid once per application rather than once per device. Asking the user does not help, because the application would still need the instructions for each kind.",AUTHORED,
GB_HCW_037,HOW_COMPUTERS_WORK,HCW_C08_ABSTRACTION,HCW_F13_ABSTRACTION_HIDES_DETAIL,HCW_FAM13_ABSTRACTION_RECOGNITION,HCW_RG_ABSTRACTION,D5,EVALUATE,mcq_single,"A layer that hides detail also costs something. What is the trade, and when is paying it not worth it?",It costs nothing; hiding detail is always the better choice,It costs some speed and some control at every crossing; it is not worth it where a program genuinely needs the detail the layer removes,"It costs storage, and is not worth it on small machines","It costs correctness, since hidden detail cannot be checked",B,It costs some speed and some control at every crossing; it is not worth it where a program genuinely needs the detail the layer removes,"Every request that crosses a boundary does a little more work and gives up some direct control, which almost every program is glad to trade away. The exception is code whose whole purpose is the detail — which is why drivers exist below the boundary rather than above it.",AUTHORED,
GB_HCW_038,HOW_COMPUTERS_WORK,HCW_C08_ABSTRACTION,HCW_F13_ABSTRACTION_HIDES_DETAIL,HCW_FAM13_ABSTRACTION_RECOGNITION,HCW_RG_ABSTRACTION,D5,EVALUATE,mcq_single,A person uses a phone app to send a message and knows nothing about how it travels. Is that the same kind of hiding as an application not knowing what disk it writes to?,"No; the person simply has not learned it, whereas the application genuinely cannot know","No; hiding from a person is convenience, and hiding from a program is a technical limit","Yes, but only because messages and files are both stored as numbers","Yes; in both cases a layer promises an outcome and absorbs the mechanism, and in both the detail exists and can be examined",D,"Yes; in both cases a layer promises an outcome and absorbs the mechanism, and in both the detail exists and can be examined","The pattern is the same at every level: something above relies on a promise and does not restate the mechanism. Whether the thing above is a person or a program changes who benefits, not what is happening.",AUTHORED,
GB_HCW_039,HOW_COMPUTERS_WORK,HCW_C09_DIAGNOSIS,HCW_F14_INCORRECT_MODEL_DIAGNOSIS,HCW_FAM14_MODEL_DIAGNOSIS,HCW_RG_DIAGNOSIS,D3,ANALYZE,mcq_single,"Someone explains: ""You type a letter, the keyboard sends it to the processor, the processor works out what you meant to type, and the letter appears on screen."" Which step is wrong?",The processor working out what was meant,The keyboard sending the letter,The processor being involved at all,The letter appearing on screen,A,The processor working out what was meant,Nothing in the machine infers intention; it carries out instructions about the character it was given. The other three steps are accurate descriptions of what happens.,AUTHORED,
GB_HCW_040,HOW_COMPUTERS_WORK,HCW_C09_DIAGNOSIS,HCW_F14_INCORRECT_MODEL_DIAGNOSIS,HCW_FAM14_MODEL_DIAGNOSIS,HCW_RG_DIAGNOSIS,D4,ANALYZE,mcq_single,"Someone explains: ""When you save, the application writes the bytes onto the disk itself, the operating system records the file name, and the disk keeps the data after shutdown."" Two of those three steps are correct. Which is wrong?",The operating system recording the file name,The disk keeping the data after shutdown,The application writing the bytes onto the disk itself,None; all three are correct,C,The application writing the bytes onto the disk itself,"Applications do not reach hardware; they ask the operating system, which does both the recording and the writing. The other two steps describe what genuinely happens, which is what makes locating the single wrong one the work.",AUTHORED,
GB_HCW_041,HOW_COMPUTERS_WORK,HCW_C09_DIAGNOSIS,HCW_F14_INCORRECT_MODEL_DIAGNOSIS,HCW_FAM14_MODEL_DIAGNOSIS,HCW_RG_DIAGNOSIS,D4,ANALYZE,mcq_single,"Someone explains: ""Closing a program frees its memory, deletes its temporary files, and removes the program from the disk so it must be reinstalled."" Each step is something that could be made to happen; only one happens automatically on closing. Which two are wrong?",Freeing memory and deleting temporary files,Deleting temporary files and removing the program from the disk,Freeing memory and removing the program from the disk,None; all three happen,B,Deleting temporary files and removing the program from the disk,"Releasing memory is automatic; tidying temporary files is something a program may choose to do and often does not; and nothing about closing uninstalls anything. The three are separated by who does them and when, not by whether they are possible.",AUTHORED,
GB_HCW_042,HOW_COMPUTERS_WORK,HCW_C09_DIAGNOSIS,HCW_F14_INCORRECT_MODEL_DIAGNOSIS,HCW_FAM14_MODEL_DIAGNOSIS,HCW_RG_DIAGNOSIS,D5,ANALYZE,mcq_single,"Someone explains: ""A file is stored as a picture on the disk, the operating system finds it by name, and the application displays it."" Which step is wrong, and what does believing it lead to later?",The finding step; believing it makes folders impossible to understand,The display step; believing it makes screens impossible to understand,"None is wrong, so nothing follows",The storage step; believing a file holds its appearance makes file formats and conversion impossible to understand,D,The storage step; believing a file holds its appearance makes file formats and conversion impossible to understand,"Storage holds numbers, and the picture is produced from them when displayed. A student who thinks the appearance is what is stored has no way to make sense of two formats holding the same image, or of a conversion that changes the numbers and not the picture.",AUTHORED,
GB_HCW_043,HOW_COMPUTERS_WORK,HCW_C09_DIAGNOSIS,HCW_F14_INCORRECT_MODEL_DIAGNOSIS,HCW_FAM14_MODEL_DIAGNOSIS,HCW_RG_DIAGNOSIS,D5,ANALYZE,mcq_single,"Someone explains: ""The machine is slow because the disk is full, so there is nowhere for the programs to run."" Which part of the model is confused?","Programs run in working memory, not on the disk; a full disk and a memory shortage are different problems",Nothing; a full disk does slow a machine,Disks do not become full; only memory does,"Programs do run on the disk, so the explanation is right",A,"Programs run in working memory, not on the disk; a full disk and a memory shortage are different problems","The conclusion may even be true — a full disk can slow a machine, because there is no room for the overflow that a memory shortage relies on. What is wrong is the reason given, which places running programs on the disk.",AUTHORED,
GB_HCW_044,HOW_COMPUTERS_WORK,HCW_C09_DIAGNOSIS,HCW_F14_INCORRECT_MODEL_DIAGNOSIS,HCW_FAM14_MODEL_DIAGNOSIS,HCW_RG_DIAGNOSIS,D5,ANALYZE,mcq_single,"Two explanations of the same behaviour both reach the correct conclusion, and one of them rests on a wrong model. Why does it matter which one a student holds?","It does not matter, since both reach the right conclusion",It matters only if the student has to explain the reasoning aloud,"A wrong model happens to agree here and will give wrong answers on the next case, which nobody will know to check","The wrong model is safer, since it is simpler",C,"A wrong model happens to agree here and will give wrong answers on the next case, which nobody will know to check","Models are used again, and one that agrees by coincidence on a familiar case has no reason to agree on an unfamiliar one. The danger is that the earlier success is taken as evidence the model works.",AUTHORED,
GB_HCW_045,HOW_COMPUTERS_WORK,HCW_C05_OS_AND_APPS,HCW_F09_APPLICATION_PURPOSE,HCW_FAM15_LAYER_OWNERSHIP_TRANSFER,HCW_RG_SYSTEM_SELECTION,D4,EVALUATE,mcq_single,A machine must limit how much of the network any single program may use. Every application could technically measure its own usage. Where does the capability belong?,"Each application, since each knows best what it needs","The operating system, since only it can see every program and enforce a limit across them","Each application, since it is simpler to implement there","The network hardware, since the limit concerns the network",B,"The operating system, since only it can see every program and enforce a limit across them",That every application could do it is exactly what makes the question worth asking. A limit across programs cannot be enforced by any one of them — a program that declined to measure itself would be unaffected — so it belongs where every program is visible.,AUTHORED,
GB_HCW_046,HOW_COMPUTERS_WORK,HCW_C05_OS_AND_APPS,HCW_F09_APPLICATION_PURPOSE,HCW_FAM15_LAYER_OWNERSHIP_TRANSFER,HCW_RG_SYSTEM_SELECTION,D5,EVALUATE,mcq_single,A machine should run a backup at 2 am whether or not anyone is logged in. Should that belong to an application or to the operating system?,"An application, since backing up is a particular job for a person","An application, since only it knows what to back up",Neither; a task with nobody present cannot be run,"The operating system, since running something at a time with nobody present is a service every application would otherwise reimplement",D,"The operating system, since running something at a time with nobody present is a service every application would otherwise reimplement","Two things are being placed, not one: what to copy is a job for an application, and running something at a time regardless of who is present is a general service. Splitting them is the reasoning, and it puts the scheduling below and the backup above.",AUTHORED,
GB_HCW_047,HOW_COMPUTERS_WORK,HCW_C05_OS_AND_APPS,HCW_F09_APPLICATION_PURPOSE,HCW_FAM15_LAYER_OWNERSHIP_TRANSFER,HCW_RG_SYSTEM_SELECTION,D5,EVALUATE,mcq_single,"A capability could be placed in the operating system, where every application gets it, or in a library each application chooses to use. What does each placement cost?",In the system it is available everywhere and hard to change; in a library it is easy to change and each application must adopt it,In the system it costs nothing; a library is always the worse choice,In a library it costs nothing; the system is always the worse choice,"They are equivalent, since the same code runs either way",A,In the system it is available everywhere and hard to change; in a library it is easy to change and each application must adopt it,"Placing something low makes it universal and slow to change, because everything above depends on it. Placing it in a library keeps it changeable at the price of applications that never adopt it — which is why the choice depends on how settled the capability is.",AUTHORED,
GB_HCW_048,HOW_COMPUTERS_WORK,HCW_C05_OS_AND_APPS,HCW_F08_OS_MEDIATES,HCW_FAM16_STACK_TRACE_TRANSFER,HCW_RG_SYSTEM_DATA_FLOW,D4,ANALYZE,mcq_single,A messaging application captures a photograph using the camera. Every route offered below is a coherent description of some arrangement. Which one describes what actually happens?,"Application, camera driver, operating system, camera","Application, camera","Application, operating system, camera driver, camera","Operating system, application, camera driver, camera",C,"Application, operating system, camera driver, camera","The request starts in the application, is passed to the operating system, and reaches the device through its driver. The second route reverses two neighbours, the third omits both middle layers, and the fourth has the operating system originating a request nobody made.",AUTHORED,
GB_HCW_049,HOW_COMPUTERS_WORK,HCW_C05_OS_AND_APPS,HCW_F08_OS_MEDIATES,HCW_FAM16_STACK_TRACE_TRANSFER,HCW_RG_SYSTEM_DATA_FLOW,D5,ANALYZE,mcq_single,"An application sends data over a network, a device it has never been shown. By the same reasoning used for saving a file, what path does the request take?","Application, network hardware","Application, operating system, network driver, network hardware","Application, network driver, network hardware","Network hardware, operating system, application",B,"Application, operating system, network driver, network hardware","The arrangement does not change with the device: the application asks, the operating system carries out, the driver knows the specifics. Reaching the driver without passing through the operating system would let an application address hardware directly, which is exactly what the arrangement prevents.",AUTHORED,
GB_HCW_050,HOW_COMPUTERS_WORK,HCW_C05_OS_AND_APPS,HCW_F08_OS_MEDIATES,HCW_FAM16_STACK_TRACE_TRANSFER,HCW_RG_SYSTEM_DATA_FLOW,D5,ANALYZE,mcq_single,"A new device is invented that fits none of the existing categories. Predict what has to be written for applications to use it, and what does not.",Every application has to be updated to recognise the device,The operating system has to be rewritten to include the new category,Nothing; a new device is usable as soon as it is connected,A driver has to be written; the operating system and the applications above it do not have to change,D,A driver has to be written; the operating system and the applications above it do not have to change,"The pattern generalises because the layers were arranged to make it generalise: the piece that knows a device is the driver, and everything above it was written against a promise rather than a device. A device with no driver is simply not usable, so something does have to be written.",AUTHORED,
GB_TC_001,TECHNICAL_COMMUNICATION,TC_C01_VOCABULARY,TC_F01_TERMS_HAVE_PRECISE_MEANINGS,TC_FAM01_TERM_MEANING,TC_RG_VOCABULARY,D1,REMEMBER,mcq_single,"In ""the program executes the instructions"", what does executes mean?",Deletes them,Carries them out,Prints them,Stores them permanently,B,Carries them out,"To execute an instruction is to perform it. The everyday sense of the word suggests removal, which is close to the opposite of what the technical term means.",LEGACY_KEEP,194246
GB_TC_002,TECHNICAL_COMMUNICATION,TC_C01_VOCABULARY,TC_F01_TERMS_HAVE_PRECISE_MEANINGS,TC_FAM01_TERM_MEANING,TC_RG_VOCABULARY,D1,REMEMBER,mcq_single,"In ""verify the result"", what does verify mean?",Record it for later,Accept it as given,Produce it again,Check that it is correct,D,Check that it is correct,Verification is a check against what was expected. Recording or repeating something are things one might do around a check without being the check itself.,LEGACY_KEEP,18a40f
GB_TC_003,TECHNICAL_COMMUNICATION,TC_C01_VOCABULARY,TC_F01_TERMS_HAVE_PRECISE_MEANINGS,TC_FAM01_TERM_MEANING,TC_RG_VOCABULARY,D1,REMEMBER,mcq_single,"In ""an efficient solution"", what does efficient mean?",It uses little time or few resources for what it achieves,It is short to write,It is correct,It is easy to understand,A,It uses little time or few resources for what it achieves,"Efficiency is about the resources consumed, not about length, correctness or clarity — all of which are real virtues and separate ones. A long, hard-to-read solution can be the efficient one.",LEGACY_KEEP,1c5959
GB_TC_004,TECHNICAL_COMMUNICATION,TC_C01_VOCABULARY,TC_F01_TERMS_HAVE_PRECISE_MEANINGS,TC_FAM01_TERM_MEANING,TC_RG_VOCABULARY,D1,REMEMBER,mcq_single,"In ""the system is reliable"", what does reliable mean?",It is fast,It is secure,It behaves as expected consistently over time,It recovers quickly when it fails,C,It behaves as expected consistently over time,"Reliability is about behaving as expected again and again. Speed, security and quick recovery are each desirable and each a different property — a system can recover quickly precisely because it fails often.",LEGACY_REWRITE,1805d8
GB_TC_005,TECHNICAL_COMMUNICATION,TC_C01_VOCABULARY,TC_F01_TERMS_HAVE_PRECISE_MEANINGS,TC_FAM01_TERM_MEANING,TC_RG_VOCABULARY,D2,REMEMBER,mcq_single,"In ""the data is consistent"", what does consistent mean?",It is correct,It follows the same rule or format throughout,It is complete,It has been checked,B,It follows the same rule or format throughout,"Consistency is about internal agreement, so data can be consistently wrong — every entry in the same wrong format. Correctness, completeness and having been checked are three further properties, none implied by this one.",LEGACY_REWRITE,1bbb22
GB_TC_006,TECHNICAL_COMMUNICATION,TC_C02_INSTRUCTIONS,TC_F02_INSTRUCTIONS_HAVE_AN_ORDER_AND_A_SCOPE,TC_FAM02_INSTRUCTION_READING,TC_RG_INSTRUCTIONS,D1,UNDERSTAND,mcq_single,A procedure reads: 1. Copy the folder. 2. Rename the copy. 3. Delete the original. What does step 2 act on?,The original folder,Both the original and the copy,Whichever folder is open,The copy made in step 1,D,The copy made in step 1,"Step 2 names the copy, and step 1 is what produced it. Applying it to the original would leave the copy unnamed and rename the thing step 3 then deletes.",LEGACY_KEEP,93f13c
GB_TC_007,TECHNICAL_COMMUNICATION,TC_C02_INSTRUCTIONS,TC_F02_INSTRUCTIONS_HAVE_AN_ORDER_AND_A_SCOPE,TC_FAM02_INSTRUCTION_READING,TC_RG_INSTRUCTIONS,D1,UNDERSTAND,mcq_single,A procedure reads: 1. Open the report. 2. Update the totals. 3. Save the report as a new file. What does step 3 act on?,The report as it stands after step 2,The report as it was before step 2,A new empty file,Both the original report and a new file,A,The report as it stands after step 2,"Steps run in order, so what step 3 saves includes the change step 2 made. Saving the earlier state would require the procedure to have kept it, which nothing here does.",AUTHORED,
GB_TC_008,TECHNICAL_COMMUNICATION,TC_C02_INSTRUCTIONS,TC_F02_INSTRUCTIONS_HAVE_AN_ORDER_AND_A_SCOPE,TC_FAM02_INSTRUCTION_READING,TC_RG_INSTRUCTIONS,D1,UNDERSTAND,mcq_single,A procedure reads: 1. Enter your name. 2. Enter your email address. 3. Check both entries. What does step 3 act on?,"Only the email address, being the most recent","Only the name, being the first entered",The name and the email address,Anything else on the form as well,C,The name and the email address,"The instruction names both, and its scope is exactly what it names. Reading it as applying to the last thing done, or to the whole form, changes what is checked.",AUTHORED,
GB_TC_009,TECHNICAL_COMMUNICATION,TC_C02_INSTRUCTIONS,TC_F02_INSTRUCTIONS_HAVE_AN_ORDER_AND_A_SCOPE,TC_FAM02_INSTRUCTION_READING,TC_RG_INSTRUCTIONS,D2,UNDERSTAND,mcq_single,"An instruction reads: ""Upload one PDF under 5 MB."" Which submission satisfies it?",One PDF of 6 MB,One PDF of 4 MB,One document file of 4 MB,Two PDFs of 2 MB each,B,One PDF of 4 MB,"Three conditions are stated together — one file, PDF format, under the size limit — and a submission has to meet all three. Each wrong option satisfies two of them and fails the third.",AUTHORED,
GB_TC_010,TECHNICAL_COMMUNICATION,TC_C03_PURPOSE,TC_F03_A_MESSAGE_HAS_A_PURPOSE,TC_FAM03_PURPOSE_RECOGNITION,TC_RG_PURPOSE,D1,UNDERSTAND,mcq_single,"A message reads: ""The nightly job finished at 03:12 and processed 4,200 records."" What is its purpose?",To request that something be done,To ask a question,To announce a decision that has been taken,To report what happened,D,To report what happened,The message states facts and asks for nothing. Reading a report as a request is what leaves everybody unsure whether action was expected of them.,AUTHORED,
GB_TC_011,TECHNICAL_COMMUNICATION,TC_C03_PURPOSE,TC_F03_A_MESSAGE_HAS_A_PURPOSE,TC_FAM03_PURPOSE_RECOGNITION,TC_RG_PURPOSE,D1,UNDERSTAND,mcq_single,"A message reads: ""Could you send me the sample file before Thursday?"" What is its purpose?",To request that something be done,To report what happened,To announce a decision,To offer an opinion about the file,A,To request that something be done,"The message asks for an action with a deadline, which is a request whatever its politeness. Nothing is being reported and nothing is being settled.",AUTHORED,
GB_TC_012,TECHNICAL_COMMUNICATION,TC_C03_PURPOSE,TC_F03_A_MESSAGE_HAS_A_PURPOSE,TC_FAM03_PURPOSE_RECOGNITION,TC_RG_PURPOSE,D1,UNDERSTAND,mcq_single,"A message reads: ""We will use the second approach; I have updated the plan accordingly."" What is its purpose?",To ask which approach to use,To request that the plan be updated,To announce a decision that has been taken,To report a fault,C,To announce a decision that has been taken,"The choice has already been made and the message says so, so nothing remains open. A message proposing the same approach would be a different thing entirely.",AUTHORED,
GB_TC_013,TECHNICAL_COMMUNICATION,TC_C03_PURPOSE,TC_F03_A_MESSAGE_HAS_A_PURPOSE,TC_FAM03_PURPOSE_RECOGNITION,TC_RG_PURPOSE,D2,UNDERSTAND,mcq_single,"A message reads: ""I think the second approach is better, but it is your call."" A reader treats it as a decision and stops discussing it. What went wrong?",The message was a decision and the reader was right to stop,The message offered an opinion and explicitly left the decision open; it was read as settling the matter,The message was a request and the reader should have acted,The message was a report and required no response,B,The message offered an opinion and explicitly left the decision open; it was read as settling the matter,"Its second half hands the choice to somebody else, which is exactly what a decision does not do. Purpose decides what a message obliges the reader to do, and here the obligation was to decide.",AUTHORED,
GB_TC_014,TECHNICAL_COMMUNICATION,TC_C02_INSTRUCTIONS,TC_F04_INSTRUCTIONS_PRODUCE_AN_OUTCOME,TC_FAM04_INSTRUCTION_OUTCOME,TC_RG_INSTRUCTIONS,D2,APPLY,mcq_single,"An instruction reads: ""Enter a positive integer from 1 to 100."" Which entry does it exclude?",1,50,100,0,D,0,"The excluded entry is 0, which is neither positive nor within the stated range and so fails on both counts. Both endpoints are included, because the instruction says from 1 to 100 rather than between them.",LEGACY_KEEP,95cbe1
GB_TC_015,TECHNICAL_COMMUNICATION,TC_C02_INSTRUCTIONS,TC_F04_INSTRUCTIONS_PRODUCE_AN_OUTCOME,TC_FAM04_INSTRUCTION_OUTCOME,TC_RG_INSTRUCTIONS,D3,APPLY,mcq_single,"An instruction reads: ""Submit before 5 pm."" Which submission time definitely satisfies it?",4:30 pm,5:00 pm,5:30 pm,Any time on the day,A,4:30 pm,"""Before"" excludes the time named, so five o'clock itself is too late. The boundary word is what decides it, and reading it as ""by"" would admit a submission the instruction rejects.",LEGACY_KEEP,97a686
GB_TC_016,TECHNICAL_COMMUNICATION,TC_C04_READING,TC_F05_A_PASSAGE_ANSWERS_SOME_QUESTIONS_AND_NOT_OTHERS,TC_FAM05_READING_FOR_FACT,TC_RG_READING,D2,UNDERSTAND,mcq_single,"A passage states: ""A strong password is usually long and unique. Reusing the same password across many services increases risk."" According to the passage, what increases risk?",Using a password that is too long,Using a different password for each service,Reusing the same password across services,Changing passwords too rarely,C,Reusing the same password across services,"The passage says reuse increases risk and says nothing about how often passwords are changed. Changing them rarely may well be risky, and the question asks what this passage states.",LEGACY_KEEP,935305
GB_TC_017,TECHNICAL_COMMUNICATION,TC_C04_READING,TC_F05_A_PASSAGE_ANSWERS_SOME_QUESTIONS_AND_NOT_OTHERS,TC_FAM05_READING_FOR_FACT,TC_RG_READING,D3,UNDERSTAND,mcq_single,"A passage states: ""Version control records changes to files over time and lets developers compare versions or work on the same project together."" Which of these does the passage actually claim?",That it prevents developers from making mistakes,That it keeps a record of changes made over time,That it is required for any project with more than one developer,That it makes projects finish faster,B,That it keeps a record of changes made over time,"Only the first is stated. The others are plausible and widely believed, and a passage saying something useful is not the same as a passage saying that particular thing.",LEGACY_REWRITE,952daa
GB_TC_018,TECHNICAL_COMMUNICATION,TC_C05_AMBIGUITY,TC_F06_AMBIGUITY_IS_LOCATABLE,TC_FAM06_AMBIGUITY_DETECTION,TC_RG_PRECISION,D2,ANALYZE,mcq_single,Which instruction permits two different actions?,"""Delete every file created before January.""","""Delete the file named report.txt.""","""Delete all files in the archive folder.""","""Delete the old files and folders.""",D,"""Delete the old files and folders.""","The first can mean old files together with all folders, or old files and old folders — two different sets. Each of the others names exactly what to act on, whatever else might be unclear about them.",AUTHORED,
GB_TC_019,TECHNICAL_COMMUNICATION,TC_C05_AMBIGUITY,TC_F06_AMBIGUITY_IS_LOCATABLE,TC_FAM06_AMBIGUITY_DETECTION,TC_RG_PRECISION,D3,ANALYZE,mcq_single,"An instruction reads: ""Send the report to the manager and the team lead if it is complete."" What are the two readings?","The condition applies to both recipients, or only to the team lead","The report is complete, or the manager is complete","Send it now, or send it later","Send one copy, or send two copies",A,"The condition applies to both recipients, or only to the team lead",Whether the closing condition governs the whole instruction or only its nearest part changes who receives the report when it is incomplete. Naming both readings is what shows the ambiguity was located rather than sensed.,AUTHORED,
GB_TC_020,TECHNICAL_COMMUNICATION,TC_C05_AMBIGUITY,TC_F06_AMBIGUITY_IS_LOCATABLE,TC_FAM06_AMBIGUITY_DETECTION,TC_RG_PRECISION,D4,ANALYZE,mcq_single,"An instruction reads: ""Back up the database weekly and the log files."" A reader backs up the logs once and never again, which the writer had not intended. The instruction is brief but not ungrammatical, and the reader followed it. Which wording permitted that?","""Back up"" is vague about what a backup is","""The log files"" does not say which log files","""Weekly"" sits between the two items, so it can be read as applying only to the first","""And"" should have been ""as well as""",C,"""Weekly"" sits between the two items, so it can be read as applying only to the first","The reader's action is the evidence, and it is exactly what the instruction says under one of its two readings. The other objections are real imprecisions that would not have produced this particular behaviour.",AUTHORED,
GB_TC_021,TECHNICAL_COMMUNICATION,TC_C06_COMPLETENESS,TC_F07_A_REPORT_CAN_OMIT_WHAT_IS_NEEDED,TC_FAM07_MISSING_INFORMATION,TC_RG_COMPLETENESS,D2,ANALYZE,mcq_single,"A report reads: ""The export failed this morning. I was using the usual settings."" What missing piece most prevents anyone acting on it?",The exact time it happened,What the failure looked like — the message shown or what happened instead,Which version of the software was in use,Whether it had worked the day before,B,What the failure looked like — the message shown or what happened instead,"Without knowing what happened, nobody can tell one failure from another or judge whether they have reproduced it. The other three would each help and none of them blocks a first step.",LEGACY_REWRITE,14508e
GB_TC_022,TECHNICAL_COMMUNICATION,TC_C06_COMPLETENESS,TC_F07_A_REPORT_CAN_OMIT_WHAT_IS_NEEDED,TC_FAM07_MISSING_INFORMATION,TC_RG_COMPLETENESS,D3,ANALYZE,mcq_single,"A report reads: ""When I click Submit on the registration page, the application closes immediately. It happens every time."" What missing piece most prevents anyone acting on it?",What the reporter expected to happen instead,Which page the problem occurs on,Whether the problem happens more than once,What was entered on the form before Submit was clicked,D,What was entered on the form before Submit was clicked,"The report already gives the page, the action and the fact that it repeats, and what happens is unmistakable. What nobody can reproduce without is the input — the failure may depend entirely on what was typed.",LEGACY_REWRITE,14eec5
GB_TC_023,TECHNICAL_COMMUNICATION,TC_C06_COMPLETENESS,TC_F07_A_REPORT_CAN_OMIT_WHAT_IS_NEEDED,TC_FAM07_MISSING_INFORMATION,TC_RG_COMPLETENESS,D4,ANALYZE,mcq_single,"A report gives the page, the exact steps, the input used and the message shown. A developer follows it exactly and the problem does not occur. Everything the report states is accurate. What was most likely omitted?","Something about the reporter's own situation — their account, settings or data — that the steps do not carry","The steps, which must have been incomplete","The message, which must have been misquoted",Nothing; the problem must have been fixed in between,A,"Something about the reporter's own situation — their account, settings or data — that the steps do not carry",Accurate steps that do not reproduce the problem point at a difference between the two environments rather than at the description. A report can be complete about what was done and silent about who did it and with what data.,AUTHORED,
GB_TC_024,TECHNICAL_COMMUNICATION,TC_C07_AUDIENCE,TC_F08_A_MESSAGE_ASSUMES_KNOWLEDGE,TC_FAM08_ASSUMED_KNOWLEDGE,TC_RG_AUDIENCE,D2,ANALYZE,mcq_single,"A message to a customer who has never written code reads: ""Your request failed validation because the payload was malformed."" Which word would that reader most likely not understand?",request,failed,payload,because,C,payload,"A payload is a technical term for the body of a message, and it has no everyday meaning that would carry the reader through. The other three words are ordinary English used ordinarily.",AUTHORED,
GB_TC_025,TECHNICAL_COMMUNICATION,TC_C07_AUDIENCE,TC_F08_A_MESSAGE_ASSUMES_KNOWLEDGE,TC_FAM08_ASSUMED_KNOWLEDGE,TC_RG_AUDIENCE,D3,ANALYZE,mcq_single,"An explanation written for a first-year student reads: ""The function is idempotent, so retrying is safe."" Which part assumes knowledge the reader will not have, and what follows?","""Function"", which a first-year student would not have met","""Idempotent""; without it the reader cannot see why retrying is safe, which is the whole point of the sentence","""Retrying"", which needs a definition",Nothing; the sentence explains itself,B,"""Idempotent""; without it the reader cannot see why retrying is safe, which is the whole point of the sentence","The unfamiliar term is carrying the reasoning, so not knowing it leaves the reader with a conclusion and no route to it. A term the reader cannot follow matters most when the argument runs through it.",LEGACY_REWRITE,49e41c
GB_TC_026,TECHNICAL_COMMUNICATION,TC_C07_AUDIENCE,TC_F08_A_MESSAGE_ASSUMES_KNOWLEDGE,TC_FAM08_ASSUMED_KNOWLEDGE,TC_RG_AUDIENCE,D4,ANALYZE,mcq_single,"A message to a new team member reads: ""Push to your branch, then open a request against main once the checks are green."" The reader has used version control before but is new to this team. Which part assumes knowledge they cannot have?","""Push"", which is a technical term","""Branch"", which requires knowing version control",Nothing; a reader with version control experience will follow all of it,"""Main"" and ""the checks"" refer to this team's particular arrangement, which no prior experience supplies",D,"""Main"" and ""the checks"" refer to this team's particular arrangement, which no prior experience supplies",The reader's stated experience covers the general vocabulary and cannot cover what this team happens to call things or which checks it runs. Naming the reader precisely is what makes the answer derivable rather than a matter of opinion.,AUTHORED,
GB_TC_027,TECHNICAL_COMMUNICATION,TC_C05_AMBIGUITY,TC_F09_PRECISION_CAN_BE_COMPARED,TC_FAM09_PRECISION_COMPARISON,TC_RG_PRECISION,D2,EVALUATE,mcq_single,A rule admits entries of exactly 10 and above. Which phrasing cannot be misread?,"""10 or more""","""More than 10""","""Around 10 and above""","""10 upwards, roughly""",A,"""10 or more""","Only ""10 or more"" states unambiguously that 10 itself qualifies. ""More than 10"" excludes it, and the two hedged phrasings leave the boundary undecided.",AUTHORED,
GB_TC_028,TECHNICAL_COMMUNICATION,TC_C05_AMBIGUITY,TC_F09_PRECISION_CAN_BE_COMPARED,TC_FAM09_PRECISION_COMPARISON,TC_RG_PRECISION,D3,EVALUATE,mcq_single,A limit is meant to reject anything heavier than 20 kg while accepting exactly 20. Which phrasing says that?,"""Under 20 kg""","""Up to 20 kg""","""Up to and including 20 kg""","""Around 20 kg or less""",C,"""Up to and including 20 kg""","""Up to"" is used both ways in ordinary speech, so it does not settle the boundary, and ""under"" plainly excludes it. Spelling out that the value itself is included is what removes the second reading.",AUTHORED,
GB_TC_029,TECHNICAL_COMMUNICATION,TC_C05_AMBIGUITY,TC_F09_PRECISION_CAN_BE_COMPARED,TC_FAM09_PRECISION_COMPARISON,TC_RG_PRECISION,D4,EVALUATE,mcq_single,"Two phrasings of one requirement are offered. One is a single short sentence and one is three sentences. The short one turned out to admit two readings and the long one admits only the intended reading. Which should be used, and what does the choice cost?","The shorter one, since brevity aids understanding","The longer one, since a phrasing that can be followed two ways is not a requirement; the cost is that it takes longer to read","The shorter one, with a note explaining the intended reading",Either; both describe the same requirement,B,"The longer one, since a phrasing that can be followed two ways is not a requirement; the cost is that it takes longer to read","A requirement exists to fix what must happen, so admitting two readings defeats its purpose however elegant it is. A note explaining the intended reading is an admission that the wording failed, and it will be separated from the wording eventually.",AUTHORED,
GB_TC_030,TECHNICAL_COMMUNICATION,TC_C08_STRUCTURE,TC_F10_INFORMATION_BELONGS_SOMEWHERE,TC_FAM10_INFORMATION_PLACEMENT,TC_RG_STRUCTURE,D2,APPLY,mcq_single,"A guide has sections called Requirements, Installation, Usage and Troubleshooting. Where does ""you will need an account before starting"" belong?",Installation,Usage,Troubleshooting,Requirements,D,Requirements,"Something needed before anything else begins belongs under Requirements, where a reader looks before beginning. Placed under Installation it is found only after the reader has started and failed.",AUTHORED,
GB_TC_031,TECHNICAL_COMMUNICATION,TC_C08_STRUCTURE,TC_F10_INFORMATION_BELONGS_SOMEWHERE,TC_FAM10_INFORMATION_PLACEMENT,TC_RG_STRUCTURE,D3,APPLY,mcq_single,"The same guide is being written. Where does ""the import ignores rows with an empty date column"" belong?","Usage, where the import is described, since it changes what the reader should expect from a normal run","Troubleshooting, since a reader will notice it only when rows go missing","Requirements, since the data must have dates","Installation, since it is a property of the software",A,"Usage, where the import is described, since it changes what the reader should expect from a normal run","A reader following the usage section needs to know this before running the import, not after wondering where their rows went. Placing a known behaviour under troubleshooting guarantees it is read too late.",AUTHORED,
GB_TC_032,TECHNICAL_COMMUNICATION,TC_C08_STRUCTURE,TC_F10_INFORMATION_BELONGS_SOMEWHERE,TC_FAM10_INFORMATION_PLACEMENT,TC_RG_STRUCTURE,D4,APPLY,mcq_single,"A known limitation is currently described in the Troubleshooting section, and readers keep meeting it and reporting it as a fault. The description itself is accurate and clear. What should change?","Its wording, which must be unclear",Nothing; readers should read the whole guide,"Its position: a limitation readers meet in normal use belongs where they read before using, not where they look after trouble","The software, since a limitation readers keep meeting should be removed",C,"Its position: a limitation readers meet in normal use belongs where they read before using, not where they look after trouble","Accurate and clear text producing repeated confusion points at where it sits rather than what it says. Troubleshooting is read after something has gone wrong, so anything placed there is by definition found late.",AUTHORED,
GB_TC_033,TECHNICAL_COMMUNICATION,TC_C09_ASKING,TC_F11_A_QUESTION_MUST_BE_ANSWERABLE,TC_FAM11_QUESTION_ANSWERABILITY,TC_RG_COMPLETENESS,D3,EVALUATE,mcq_single,Four help requests are received. Which can be answered as written?,"""Could you please help me with the import when you have a moment? Thank you.""","""Running the import with the sample file gives the message 'column not found'; I expected it to load 20 rows. What should I check?""","""The import gives an error. I have tried several times.""","""I expected the import to load 20 rows and it did not. What should I check?""",B,"""Running the import with the sample file gives the message 'column not found'; I expected it to load 20 rows. What should I check?""","Only the first states what was tried, what happened and what was expected, which is what makes an answer possible. The last is close and omits what actually happened, so nobody can tell which failure it is. Politeness is not the criterion; all four are civil.",LEGACY_REWRITE,13b257
GB_TC_034,TECHNICAL_COMMUNICATION,TC_C09_ASKING,TC_F11_A_QUESTION_MUST_BE_ANSWERABLE,TC_FAM11_QUESTION_ANSWERABILITY,TC_RG_COMPLETENESS,D4,EVALUATE,mcq_single,"A request states what was tried and what happened, in detail, and has gone unanswered for two days. Nothing about it is impolite and its detail is accurate. What is it most likely missing?",More detail about what was tried,A polite opening and closing,A deadline by which an answer is needed,"What the sender expected instead, without which nobody can tell whether the behaviour is even wrong",D,"What the sender expected instead, without which nobody can tell whether the behaviour is even wrong",A precise account of behaviour is not yet a question if the reader cannot see what would count as an answer. Adding detail to a report that is already detailed does not supply the one thing that is absent.,LEGACY_REWRITE,647b1e
GB_TC_035,TECHNICAL_COMMUNICATION,TC_C10_FEEDBACK,TC_F12_FEEDBACK_MUST_BE_ACTIONABLE,TC_FAM12_FEEDBACK_ACTIONABILITY,TC_RG_FEEDBACK,D3,EVALUATE,mcq_single,Four comments are made on the same piece of work. Which one tells the author what to change?,"""The function name says it validates, but it also saves — consider splitting the two.""","""This function is doing a bit much, I think.""","""Good effort overall, though it could be tidier.""","""I would have written this differently.""",A,"""The function name says it validates, but it also saves — consider splitting the two.""","Only the first names what is wrong and what to do about it. The other three are polite and leave the author guessing, which is what makes actionability rather than tone the criterion.",AUTHORED,
GB_TC_036,TECHNICAL_COMMUNICATION,TC_C10_FEEDBACK,TC_F12_FEEDBACK_MUST_BE_ACTIONABLE,TC_FAM12_FEEDBACK_ACTIONABILITY,TC_RG_FEEDBACK,D4,EVALUATE,mcq_single,"A reviewer writes: ""Rename this variable to itemCount."" The author does so and the reviewer then objects that the underlying problem remains. The instruction was followed exactly. What was wrong with the feedback?",It was too blunt in tone,It named a specific variable rather than describing the pattern,"It gave a direction without its reason, so the author could not tell what the change was meant to achieve",Nothing; the author should have asked what was meant,C,"It gave a direction without its reason, so the author could not tell what the change was meant to achieve","The change was made exactly as asked and did not achieve what the reviewer wanted, which means the instruction and the intent had come apart. Feedback carrying its reason lets an author reach the intent even when the specific instruction is imperfect.",AUTHORED,
GB_TC_037,TECHNICAL_COMMUNICATION,TC_C11_DIAGNOSIS,TC_F13_MISUNDERSTANDING_HAS_A_CAUSE_IN_THE_TEXT,TC_FAM13_MISUNDERSTANDING_DIAGNOSIS,TC_RG_DIAGNOSIS,D3,ANALYZE,mcq_single,"Instructions read: ""Clear the cache and restart the service."" A reader restarted the service without clearing anything. Which wording permitted that?","""Clear"", which could mean several things",Nothing did; the reader skipped a step the instruction states plainly,"""The cache"", which is not identified","""And"", which could join two alternatives",B,Nothing did; the reader skipped a step the instruction states plainly,"Both steps are stated and neither is optional, so this is a reader error rather than a text one. Being able to say that the text is not at fault is as much part of the skill as locating a fault when there is one.",AUTHORED,
GB_TC_038,TECHNICAL_COMMUNICATION,TC_C11_DIAGNOSIS,TC_F13_MISUNDERSTANDING_HAS_A_CAUSE_IN_THE_TEXT,TC_FAM13_MISUNDERSTANDING_DIAGNOSIS,TC_RG_DIAGNOSIS,D4,ANALYZE,mcq_single,"Instructions read: ""Copy the configuration file into the application directory and edit it to add your key."" A reader edited the original file instead of the copy. Every step in the instruction is present and in the right order. Which wording permitted that?","""Copy"", which could mean move","""The application directory"", which is not identified","""Your key"", which is not explained","""It"" does not say which of the two files, and the original was the last one clearly named",D,"""It"" does not say which of the two files, and the original was the last one clearly named","The reader's action is a reasonable reading of the pronoun, which is the only part of the sentence that leaves two candidates. The other imprecisions are real and would have produced different mistakes.",AUTHORED,
GB_TC_039,TECHNICAL_COMMUNICATION,TC_C11_DIAGNOSIS,TC_F13_MISUNDERSTANDING_HAS_A_CAUSE_IN_THE_TEXT,TC_FAM13_MISUNDERSTANDING_DIAGNOSIS,TC_RG_DIAGNOSIS,D5,ANALYZE,mcq_single,"Six readers follow the same instruction and four of them do the same unintended thing. What does the pattern tell you, and what does it not?","That the wording permits their reading; it does not tell you which words, and it does not show the readers were careless",That the four readers were careless,That the instruction is grammatically incorrect,That the two who got it right misread it,A,"That the wording permits their reading; it does not tell you which words, and it does not show the readers were careless","Several people independently reaching the same wrong reading is strong evidence that the reading is available in the text. Which words permit it still has to be found, and that a minority read it as intended shows only that the text admits both.",AUTHORED,
GB_TC_040,TECHNICAL_COMMUNICATION,TC_C11_DIAGNOSIS,TC_F13_MISUNDERSTANDING_HAS_A_CAUSE_IN_THE_TEXT,TC_FAM13_MISUNDERSTANDING_DIAGNOSIS,TC_RG_DIAGNOSIS,D5,ANALYZE,mcq_single,An instruction has been followed wrongly once in two years. Rewriting it would take an hour and would need every translated version updated. Should it be rewritten?,Yes; any wording that has ever been misread should be rewritten,No; one misreading in two years is within tolerance,"It depends on the cost of the wrong action; a single rare misreading of something harmless is not worth the cascade, and one that loses data is",Yes; clarity is always worth an hour,C,"It depends on the cost of the wrong action; a single rare misreading of something harmless is not worth the cascade, and one that loses data is",Whether to repair wording is not settled by how often it misleads alone — what matters is what happens when it does. A rule that fires on any single misreading ignores the cost of changing things that many people depend on.,AUTHORED,
GB_TC_041,TECHNICAL_COMMUNICATION,TC_C11_DIAGNOSIS,TC_F13_MISUNDERSTANDING_HAS_A_CAUSE_IN_THE_TEXT,TC_FAM13_MISUNDERSTANDING_DIAGNOSIS,TC_RG_DIAGNOSIS,D5,ANALYZE,mcq_single,"A writer says their instruction is fine because it is technically correct, and readers are getting it wrong. Is technical correctness a defence?",Yes; a correct instruction cannot be at fault,"No; an instruction exists to produce an action, so one that reliably produces the wrong action has failed whatever it technically says",No; instructions are never technically correct,"Yes, provided the readers were not the intended audience",B,"No; an instruction exists to produce an action, so one that reliably produces the wrong action has failed whatever it technically says",Correctness settles what the words mean and not whether they work. Text that is defensible word by word and reliably misread is a failure of the same kind as a program that is legal and does the wrong thing.,AUTHORED,
GB_TC_042,TECHNICAL_COMMUNICATION,TC_C11_DIAGNOSIS,TC_F14_A_DEFECT_HAS_A_MATCHING_REPAIR,TC_FAM14_MESSAGE_REPAIR,TC_RG_DIAGNOSIS,D4,EVALUATE,mcq_single,"A message reads: ""The report is late."" The named defect is that it does not say what is needed from the reader. The message is short, civil and accurate. Which rewrite removes that defect?","""Unfortunately the report is running late, and I apologise for the delay.""","""The report is late because the figures have not arrived.""","""The report is late. This has happened twice this month.""","""The report is late; could you send me the figures today so I can finish it?""",D,"""The report is late; could you send me the figures today so I can finish it?""","Only the first says what the reader should do. The second improves tone, the third supplies a cause and the fourth adds context — all genuine improvements that leave the named defect exactly where it was.",AUTHORED,
GB_TC_043,TECHNICAL_COMMUNICATION,TC_C11_DIAGNOSIS,TC_F14_A_DEFECT_HAS_A_MATCHING_REPAIR,TC_FAM14_MESSAGE_REPAIR,TC_RG_DIAGNOSIS,D5,EVALUATE,mcq_single,"A message reads: ""Please review this when you can."" The named defect is that it gives no deadline. Which rewrite removes that defect and introduces no new one?","""Please review this by Thursday; let me know if that is not possible.""","""Please review this urgently.""","""Please review this as soon as possible.""","""Please review this by Thursday or I will have to escalate.""",A,"""Please review this by Thursday; let me know if that is not possible.""","A date is what a deadline is, and offering a route to say no keeps the request civil. ""Urgently"" and ""as soon as possible"" are as unfixed as the original, and the fourth attaches a threat, which is a new defect.",AUTHORED,
GB_TC_044,TECHNICAL_COMMUNICATION,TC_C11_DIAGNOSIS,TC_F14_A_DEFECT_HAS_A_MATCHING_REPAIR,TC_FAM14_MESSAGE_REPAIR,TC_RG_DIAGNOSIS,D5,EVALUATE,mcq_single,"A message reads: ""The change broke the build."" The named defect is that it names no change and no failure. Which rewrite removes exactly that defect?","""Someone's change broke the build and it needs fixing quickly.""","""The build is broken; please look into it when you can.""","""The change to the date parser broke the build: the timezone tests now fail.""","""The change to the date parser broke the build.""",C,"""The change to the date parser broke the build: the timezone tests now fail.""","Both halves of the defect have to go, and only the first supplies the change and the failure. The last option repairs one half and leaves the other, which is the most tempting wrong answer because it plainly improves the message.",AUTHORED,
GB_TC_045,TECHNICAL_COMMUNICATION,TC_C11_DIAGNOSIS,TC_F14_A_DEFECT_HAS_A_MATCHING_REPAIR,TC_FAM14_MESSAGE_REPAIR,TC_RG_DIAGNOSIS,D5,EVALUATE,mcq_single,"A message has two defects: it is ambiguous about which file, and it is curt. Only one rewrite is possible before the message must be sent. Which defect should be repaired?","The curtness, because tone affects whether the message is acted on at all","The ambiguity, because it can cause the wrong action, whereas curtness costs goodwill",Neither; a message with two defects should not be sent,"Both are equally serious, so either choice is defensible",B,"The ambiguity, because it can cause the wrong action, whereas curtness costs goodwill","One defect risks the wrong file being touched and the other risks mild offence, and only the first has a consequence the message exists to prevent. Ranking defects by what they cause is what makes a single repair a decision rather than a guess.",AUTHORED,
GB_TC_046,TECHNICAL_COMMUNICATION,TC_C11_DIAGNOSIS,TC_F14_A_DEFECT_HAS_A_MATCHING_REPAIR,TC_FAM14_MESSAGE_REPAIR,TC_RG_DIAGNOSIS,D5,EVALUATE,mcq_single,A rewrite removes the named defect and makes the message twice as long. When is that a bad trade?,Always; a longer message is always worse,Never; removing a defect is always worth any length,When the original was already grammatical,When the length puts the essential part where a hurried reader will not reach it,D,When the length puts the essential part where a hurried reader will not reach it,"Length matters only through its effect on whether the message is read and acted on, so the question is where the important part now sits. A longer message that leads with what matters costs almost nothing.",AUTHORED,
GB_TC_047,TECHNICAL_COMMUNICATION,TC_C12_CHANNEL,TC_F15_THE_FORM_MUST_SUIT_THE_NEED,TC_FAM15_FORM_SELECTION,TC_RG_PURPOSE,D4,EVALUATE,mcq_single,"A decision must be recorded so that people who join later can find it, and it must reach four named people today. A written record is required and immediacy is not. Which form fits?","A written note in the shared document, with a message pointing the four people at it",A call with the four people,A message to the four people only,A note in the shared document only,A,"A written note in the shared document, with a message pointing the four people at it","Both constraints have to be met, and each single-channel option meets one. A call leaves no record, a message reaches the four and is unfindable later, and a document alone does not reach them today.",AUTHORED,
GB_TC_048,TECHNICAL_COMMUNICATION,TC_C12_CHANNEL,TC_F15_THE_FORM_MUST_SUIT_THE_NEED,TC_FAM15_FORM_SELECTION,TC_RG_PURPOSE,D5,EVALUATE,mcq_single,"A production system is failing now, three people must act within minutes, and a record is wanted afterwards. Which form fits, and in what order?","Write the record first, so nothing is forgotten","Write the record only, since it reaches everyone eventually","Reach the three immediately by whatever is fastest, then write the record once the failure is handled","Reach the three immediately, and treat the messages as the record",C,"Reach the three immediately by whatever is fastest, then write the record once the failure is handled","Both needs are real and one of them is urgent, so they are met in sequence rather than traded off. Treating the scattered messages as the record satisfies the letter of the requirement and leaves nothing anybody can find.",AUTHORED,
GB_TC_049,TECHNICAL_COMMUNICATION,TC_C12_CHANNEL,TC_F15_THE_FORM_MUST_SUIT_THE_NEED,TC_FAM15_FORM_SELECTION,TC_RG_PURPOSE,D5,EVALUATE,mcq_single,"A question needs an answer from one person, and the answer will matter to a team of twenty later. Asking privately is faster. What does each choice cost?","Privately costs nothing, since the answer can be shared afterwards",Privately is faster and the answer reaches nobody else; publicly is slower and the answer is there when the next person asks,"Publicly costs nothing, since it reaches everyone","They are equivalent, since one person answers either way",B,Privately is faster and the answer reaches nobody else; publicly is slower and the answer is there when the next person asks,"The two differ in what happens after the answer arrives. Sharing afterwards is possible and usually does not happen, which is the cost the private route actually carries.",AUTHORED,
GB_TC_050,TECHNICAL_COMMUNICATION,TC_C12_CHANNEL,TC_F15_THE_FORM_MUST_SUIT_THE_NEED,TC_FAM15_FORM_SELECTION,TC_RG_PURPOSE,D5,EVALUATE,mcq_single,"A message must reach someone who is unavailable for two days, and the matter cannot wait that long. What follows about the form?","Send it by every channel at once, so it arrives as soon as they return","Send it and wait, since the message has been delivered","Send it to the whole team, so somebody sees it","The form cannot solve it; the choice is to escalate to somebody available or to accept the delay, and that decision has to be made explicitly",D,"The form cannot solve it; the choice is to escalate to somebody available or to accept the delay, and that decision has to be made explicitly","When no channel meets the constraints, choosing a channel is not the decision to be made. Sending and waiting satisfies the form and not the need, and broadcasting to everyone is an escalation made without deciding to escalate.",AUTHORED,
GB_CC_001,C_BASICS,CC_C01_TYPES,CC_F01_VARIABLES_ARE_DECLARED_WITH_A_TYPE,CC_FAM01_DECLARATION_RECOGNITION,CC_RG_TYPES,D1,REMEMBER,mcq_single,Which of these is a well-formed C declaration?,count;,int count;,count = 0;,var count;,B,int count;,"A C declaration states a type before the name. A bare name, or an assignment with no type, is valid in some other languages and not here.",AUTHORED,
GB_CC_002,C_BASICS,CC_C01_TYPES,CC_F01_VARIABLES_ARE_DECLARED_WITH_A_TYPE,CC_FAM01_DECLARATION_RECOGNITION,CC_RG_TYPES,D1,REMEMBER,mcq_single,A C program contains: int total = 5; total = 2.7; What type does total hold afterwards?,"double, because a fractional value was assigned","int, and the program refuses to compile",Whichever type the most recent assignment used,"int, still; the fractional part is discarded on assignment",D,"int, still; the fractional part is discarded on assignment","A name's type is fixed at its declaration and no assignment changes it. The value is converted to fit, silently losing the fraction, which is why nothing is reported.",AUTHORED,
GB_CC_003,C_BASICS,CC_C01_TYPES,CC_F01_VARIABLES_ARE_DECLARED_WITH_A_TYPE,CC_FAM01_DECLARATION_RECOGNITION,CC_RG_TYPES,D1,REMEMBER,mcq_single,"What does the declaration int a, b; do?","Declares two variables, both of type int","Declares one variable whose name is a, b",Declares a as int and leaves b untyped,Is not valid; each name needs its own declaration,A,"Declares two variables, both of type int","One type may introduce several names separated by commas, and every name takes that type. Neither leaving one untyped nor requiring separate lines is the rule.",AUTHORED,
GB_CC_004,C_BASICS,CC_C01_TYPES,CC_F01_VARIABLES_ARE_DECLARED_WITH_A_TYPE,CC_FAM01_DECLARATION_RECOGNITION,CC_RG_TYPES,D1,REMEMBER,mcq_single,A C program uses the name total without any declaration of it anywhere. What happens?,The program runs and total starts at zero,The program runs and total holds an unpredictable value,The program does not compile; C requires a declaration before use,The compiler infers the type from the first assignment,C,The program does not compile; C requires a declaration before use,"A missing declaration is caught before the program runs at all. That is different from a declared variable never assigned to, which does compile and does hold an unpredictable value.",AUTHORED,
GB_CC_005,C_BASICS,CC_C01_TYPES,CC_F01_VARIABLES_ARE_DECLARED_WITH_A_TYPE,CC_FAM01_DECLARATION_RECOGNITION,CC_RG_TYPES,D2,REMEMBER,mcq_single,"A C program contains printf(""%d"", x) with no declaration of x. What is the problem?",printf cannot print whole numbers,"x must be declared, with a type, before it can be used",The specifier should be %s for a variable,Nothing; x is created by being used,B,"x must be declared, with a type, before it can be used",Every name in C needs a declaration that fixes its type before any use of it. Being created on first use is how some other languages work and is exactly the habit this catches.,LEGACY_REMAP,bf982e
GB_CC_006,C_BASICS,CC_C01_TYPES,CC_F02_TYPES_HAVE_SIZES_AND_RANGES,CC_FAM02_TYPE_CAPABILITY,CC_RG_TYPES,D1,REMEMBER,mcq_single,A variable is declared as int. Which value can it hold exactly?,2.5,"""hello""",'a' and 'b' together,-40,D,-40,"A whole-number type holds whole numbers, negative ones included. A fraction loses its fractional part, and text is a different kind of thing entirely.",AUTHORED,
GB_CC_007,C_BASICS,CC_C01_TYPES,CC_F02_TYPES_HAVE_SIZES_AND_RANGES,CC_FAM02_TYPE_CAPABILITY,CC_RG_TYPES,D1,REMEMBER,mcq_single,A variable is declared as char. What can it hold?,A single character,A word of any length,A whole number of any size,A fractional value,A,A single character,"A char holds one character. Storing a word needs an array of them, which is why text in C is handled differently from a single letter.",AUTHORED,
GB_CC_008,C_BASICS,CC_C01_TYPES,CC_F02_TYPES_HAVE_SIZES_AND_RANGES,CC_FAM02_TYPE_CAPABILITY,CC_RG_TYPES,D1,REMEMBER,mcq_single,A variable declared as int is given the value 3.9. What does it hold?,3.9,4,3,Nothing; the assignment is refused,C,3,"Conversion into a whole-number type discards the fraction rather than rounding it, so 3.9 becomes 3. Nothing is reported, which is what makes the loss easy to miss.",AUTHORED,
GB_CC_009,C_BASICS,CC_C01_TYPES,CC_F02_TYPES_HAVE_SIZES_AND_RANGES,CC_FAM02_TYPE_CAPABILITY,CC_RG_TYPES,D2,REMEMBER,mcq_single,A whole-number type is given a value far beyond the largest it can represent. What happens?,The program stops with an error,"The value wraps to something within range, and nothing is reported",The type grows to accommodate the value,"The value is stored exactly, since whole numbers have no limit",B,"The value wraps to something within range, and nothing is reported","A C whole-number type has a fixed size and therefore a fixed range, and exceeding it produces a value inside the range rather than a complaint. Assuming such types are unbounded is a habit brought from languages where they are.",AUTHORED,
GB_CC_010,C_BASICS,CC_C02_OUTPUT,CC_F03_OUTPUT_NEEDS_A_MATCHING_SPECIFIER,CC_FAM03_OUTPUT_SPECIFIER,CC_RG_OUTPUT,D1,REMEMBER,mcq_single,Which specifier prints a value declared as int?,%f,%c,%s,%d,D,%d,"Each specifier names a type, and %d is the one for a whole number. Using the wrong one does not convert the value; it reads the same bytes as though they were a different type.",LEGACY_REWRITE,95dee9
GB_CC_011,C_BASICS,CC_C02_OUTPUT,CC_F03_OUTPUT_NEEDS_A_MATCHING_SPECIFIER,CC_FAM03_OUTPUT_SPECIFIER,CC_RG_OUTPUT,D1,REMEMBER,mcq_single,"A program declares int x = 5 and then calls printf(""%f"", x). What happens?",It compiles and prints something meaningless; the mismatch is not corrected,"It prints 5.000000, converting automatically",It refuses to compile because the types differ,It prints 5 and ignores the specifier,A,It compiles and prints something meaningless; the mismatch is not corrected,"The specifier decides how the bytes are read, and nothing converts the value to match it. That a mismatch produces nonsense rather than an error is what makes it hard for a beginner to explain.",LEGACY_REWRITE,9540b2
GB_CC_012,C_BASICS,CC_C02_OUTPUT,CC_F03_OUTPUT_NEEDS_A_MATCHING_SPECIFIER,CC_FAM03_OUTPUT_SPECIFIER,CC_RG_OUTPUT,D1,REMEMBER,mcq_single,Which of these pairs a value with a specifier that matches it?,an int printed with %f,a char printed with %s,a double printed with %f,a double printed with %d,C,a double printed with %f,"A specifier has to name the type it is given. %s expects text ending in a terminator rather than a single character, and the two remaining pairs each read a value as though it were a different type.",AUTHORED,
GB_CC_013,C_BASICS,CC_C02_OUTPUT,CC_F03_OUTPUT_NEEDS_A_MATCHING_SPECIFIER,CC_FAM03_OUTPUT_SPECIFIER,CC_RG_OUTPUT,D2,REMEMBER,mcq_single,A program prints a double using %d and the output is a large unrelated number. The value stored is correct. What happened?,The value was corrupted when it was assigned,"The specifier read the value as though it were a whole number, so the bytes were interpreted wrongly",The value was rounded to the nearest whole number,printf converted the value and lost precision,B,"The specifier read the value as though it were a whole number, so the bytes were interpreted wrongly","The stored value is fine and the reading of it is not — a specifier is an instruction about interpretation, not a request to convert. Rounding would have produced a plausible number rather than an unrelated one.",AUTHORED,
GB_CC_014,C_BASICS,CC_C03_ASSIGNMENT,CC_F04_UNINITIALISED_IS_UNDEFINED,CC_FAM04_UNINITIALISED_BEHAVIOUR,CC_RG_STATE,D2,UNDERSTAND,mcq_single,A C program declares int total; and prints it without assigning anything. What is printed?,0,Nothing,An error message about an unassigned variable,Whatever happened to be in that memory — an unpredictable value,D,Whatever happened to be in that memory — an unpredictable value,"Declaring reserves space and does not clear it, so the variable holds whatever was there. Assuming zero is the belief that makes accumulator faults invisible.",AUTHORED,
GB_CC_015,C_BASICS,CC_C03_ASSIGNMENT,CC_F04_UNINITIALISED_IS_UNDEFINED,CC_FAM04_UNINITIALISED_BEHAVIOUR,CC_RG_STATE,D3,UNDERSTAND,mcq_single,A program that sums values into an undeclared starting total gives a different answer on different runs. What accounts for that?,"The total began at whatever was in memory, which differs from run to run",The values being summed differ from run to run,The addition is unreliable in C,The compiler optimises the loop differently each time,A,"The total began at whatever was in memory, which differs from run to run","An unassigned variable does not merely hold a wrong value; it holds an unpredictable one, so the same data gives different answers. That variability is the signature of an initialisation fault rather than an arithmetic one.",AUTHORED,
GB_CC_016,C_BASICS,CC_C04_ARITHMETIC,CC_F05_INTEGER_DIVISION_TRUNCATES,CC_FAM05_INTEGER_DIVISION,CC_RG_ARITHMETIC,D2,APPLY,mcq_single,"A C program prints the result of 17 / 5, where both values are whole numbers. What is printed?",3.4,4,3,2,C,3,"Dividing two whole numbers gives a whole number with the remainder discarded, so 3.4 becomes 3. Rounding would give 4, which is why an operand pair whose fraction exceeds a half is what separates the two rules.",LEGACY_REWRITE,8fb0c3
GB_CC_017,C_BASICS,CC_C04_ARITHMETIC,CC_F05_INTEGER_DIVISION_TRUNCATES,CC_FAM05_INTEGER_DIVISION,CC_RG_ARITHMETIC,D3,APPLY,mcq_single,A C program computes 9 / 2 and stores the result in a double. What does the double hold?,"4.5, because the destination is a fractional type","4.0, because the division truncated before the value was stored","4, and the type of the destination is irrelevant","5.0, because the result is rounded on conversion",B,"4.0, because the division truncated before the value was stored","The division happens first, between two whole numbers, and produces 4; storing that in a fractional type gives 4.0. What is lost before the assignment cannot be recovered by the assignment.",AUTHORED,
GB_CC_018,C_BASICS,CC_C04_ARITHMETIC,CC_F06_MIXED_ARITHMETIC_CONVERTS,CC_FAM06_MIXED_ARITHMETIC,CC_RG_ARITHMETIC,D2,APPLY,mcq_single,A C program computes 7 / 2.0. What is the result and its type?,"3, a whole number","4, a whole number","3.5, but stored as a whole number","3.5, a fractional value",D,"3.5, a fractional value","Because one operand is fractional, the other is converted before the division, so nothing is truncated. Writing 2 rather than 2.0 is the whole difference.",AUTHORED,
GB_CC_019,C_BASICS,CC_C04_ARITHMETIC,CC_F06_MIXED_ARITHMETIC_CONVERTS,CC_FAM06_MIXED_ARITHMETIC,CC_RG_ARITHMETIC,D3,APPLY,mcq_single,"A C program computes 1 + 7 / 2, with all values written as whole numbers. What is the result?",4,4.5,5,3.5,A,4,"The division runs first and truncates to 3, and adding 1 gives 4. Working the expression out in fractions throughout and then truncating would give 4 as well by coincidence here — but answering 4.5 shows the truncation was not applied at all.",AUTHORED,
GB_CC_020,C_BASICS,CC_C04_ARITHMETIC,CC_F06_MIXED_ARITHMETIC_CONVERTS,CC_FAM06_MIXED_ARITHMETIC,CC_RG_ARITHMETIC,D4,APPLY,mcq_single,"A C program computes (double)(sum / count), where sum and count are both whole numbers, and the result is always a whole number however the values are chosen. The conversion to double is present and correct. Why does it not help?",The conversion should be applied to the result of the assignment instead,A double cannot represent the fractional part of a division,The division has already truncated by the time the conversion happens,sum and count should be declared as long rather than int,C,The division has already truncated by the time the conversion happens,"The brackets place the conversion after the division, so it converts a value from which the fraction has already gone. Converting one operand before dividing is what changes the arithmetic.",AUTHORED,
GB_CC_021,C_BASICS,CC_C05_INPUT,CC_F07_INPUT_NEEDS_A_DESTINATION,CC_FAM07_INPUT_BEHAVIOUR,CC_RG_IO,D2,ANALYZE,mcq_single,A C read must be told two things about where the value goes. What are they?,"What type to expect, and how many characters to read","What type to expect, and the location to put it in","The location to put it in, and a default value",Only the location; the type is worked out from the input,B,"What type to expect, and the location to put it in","A read has to know how to interpret what arrives and where to place the result, and neither can be inferred. Nothing about the typed characters tells the program what type was intended.",AUTHORED,
GB_CC_022,C_BASICS,CC_C05_INPUT,CC_F07_INPUT_NEEDS_A_DESTINATION,CC_FAM07_INPUT_BEHAVIOUR,CC_RG_IO,D3,ANALYZE,mcq_single,A C read expecting a whole number is given text that is not a number. What happens to the variable?,It is set to zero,The program stops with an error,The text is converted to the number of characters it contains,It is left as it was; the read does not store anything,D,It is left as it was; the read does not store anything,"A failed read reports its failure and leaves the destination untouched, so the variable keeps whatever it had — which may be unpredictable if it was never assigned. Nothing halts, which is why the failure has to be checked for.",AUTHORED,
GB_CC_023,C_BASICS,CC_C05_INPUT,CC_F07_INPUT_NEEDS_A_DESTINATION,CC_FAM07_INPUT_BEHAVIOUR,CC_RG_IO,D4,ANALYZE,mcq_single,"A program reads a number and then behaves as though a completely different value had been typed. The read itself reports success, and the variable was declared but never assigned before the read. What is the likely fault?","The read was given the variable rather than its location, so the value went somewhere else",The variable was declared with the wrong type,The input contained characters that could not be converted,The value was correct and the later arithmetic is wrong,A,"The read was given the variable rather than its location, so the value went somewhere else",A read reporting success while the variable holds something unrelated points at where the value was sent rather than at what was read. The variable never having been assigned is what makes the leftover value look like a plausible reading.,AUTHORED,
GB_CC_024,C_BASICS,CC_C06_ARRAYS,CC_F08_ARRAYS_HAVE_FIXED_SIZE,CC_FAM08_ARRAY_BOUNDS,CC_RG_ARRAYS,D2,APPLY,mcq_single,"A C program declares int a[3] = {10, 20, 30} and prints a[1]. What is printed?",10,30,20,1,C,20,"Positions run from zero, so a[1] is the second item and 20 is printed. Reading a[0] would give the first item, which is what counting from one produces.",LEGACY_KEEP,93660d
GB_CC_025,C_BASICS,CC_C06_ARRAYS,CC_F08_ARRAYS_HAVE_FIXED_SIZE,CC_FAM08_ARRAY_BOUNDS,CC_RG_ARRAYS,D3,APPLY,mcq_single,An array is declared with size 8. Which positions are valid?,1 to 8,0 to 7,0 to 8,1 to 7,B,0 to 7,"A declared size of 8 gives eight positions beginning at zero, so the last is 7. Using the size itself as a position is the single commonest way to run past the end.",AUTHORED,
GB_CC_026,C_BASICS,CC_C06_ARRAYS,CC_F08_ARRAYS_HAVE_FIXED_SIZE,CC_FAM08_ARRAY_BOUNDS,CC_RG_ARRAYS,D4,APPLY,mcq_single,A loop over an array declared with size 5 runs from 0 to 5 inclusive and the program produces a wrong total. It compiles without complaint and runs to completion. What is wrong?,The array should have been declared with size 6,The loop should start at 1 rather than 0,The total was not initialised before the loop,"The loop reads one position past the end, adding whatever happens to be there",D,"The loop reads one position past the end, adding whatever happens to be there","Compiling and completing rules out anything the compiler would catch, and the extra pass reads memory beyond the array. Enlarging the array would remove the symptom while leaving the loop wrong for every other array.",AUTHORED,
GB_CC_027,C_BASICS,CC_C06_ARRAYS,CC_F09_OUT_OF_BOUNDS_IS_NOT_REPORTED,CC_FAM09_OUT_OF_BOUNDS_BEHAVIOUR,CC_RG_ARRAYS,D2,ANALYZE,mcq_single,A C program reads a position beyond the end of an array. What does it do?,It reads whatever is in that memory and carries on,It stops with an out-of-range error,It returns zero for any position beyond the end,It refuses to compile,A,It reads whatever is in that memory and carries on,"Nothing checks the position, so the read succeeds and produces meaningless data. The absence of a check is exactly what distinguishes C from languages that report this.",AUTHORED,
GB_CC_028,C_BASICS,CC_C06_ARRAYS,CC_F09_OUT_OF_BOUNDS_IS_NOT_REPORTED,CC_FAM09_OUT_OF_BOUNDS_BEHAVIOUR,CC_RG_ARRAYS,D3,ANALYZE,mcq_single,A program with an out-of-range array read appears to work correctly for weeks and then produces nonsense. What explains both?,The array grew over time and eventually ran out of space,The fault appears only when the program runs for a long time,"The memory beyond the array happened to hold harmless values, until something else was placed there",The compiler removed the check and later restored it,C,"The memory beyond the array happened to hold harmless values, until something else was placed there","An unchecked read produces whatever is in that memory, and that depends on what else the program is doing. Appearing to work is not evidence the access is valid, which is what makes this class of fault so long-lived.",AUTHORED,
GB_CC_029,C_BASICS,CC_C06_ARRAYS,CC_F09_OUT_OF_BOUNDS_IS_NOT_REPORTED,CC_FAM09_OUT_OF_BOUNDS_BEHAVIOUR,CC_RG_ARRAYS,D4,ANALYZE,mcq_single,"A program writes one position beyond an array and a different, unrelated variable changes value. The write reports nothing and the program continues. What happened?",The two variables were declared with the same name,"The write went into memory belonging to something else, which is not detected",The compiler placed the two variables in the same location deliberately,The array automatically grew into the neighbouring variable,B,"The write went into memory belonging to something else, which is not detected","Writing past the end puts data wherever that position lands, and neighbouring variables are often exactly what is there. Nothing reports it, which is why the symptom appears somewhere entirely unrelated to the fault.",AUTHORED,
GB_CC_030,C_BASICS,CC_C07_STRINGS,CC_F10_STRINGS_ARE_CHARACTER_ARRAYS_WITH_A_TERMINATOR,CC_FAM10_STRING_STORAGE,CC_RG_STRINGS,D2,APPLY,mcq_single,"How many positions are needed to store the text ""cat"" in C?",3,5,It depends on the machine,4,D,4,"Three characters need three positions, and the terminator that marks the end needs one more. Forgetting it is what produces text that runs on past its end.",AUTHORED,
GB_CC_031,C_BASICS,CC_C07_STRINGS,CC_F10_STRINGS_ARE_CHARACTER_ARRAYS_WITH_A_TERMINATOR,CC_FAM10_STRING_STORAGE,CC_RG_STRINGS,D3,APPLY,mcq_single,"An array is declared with size 5 and the text ""hello"" is copied into it. What is the problem?","There is no room for the terminator, so the text has no end marker",There is no problem; five characters fit in five positions,The text is one character too long and will be truncated,The array will grow by one position automatically,A,"There is no room for the terminator, so the text has no end marker","The five letters fill every position and leave nowhere for the terminator. Nothing truncates and nothing grows — the terminator is simply written past the end, or omitted, and the text has no recognised end.",AUTHORED,
GB_CC_032,C_BASICS,CC_C07_STRINGS,CC_F10_STRINGS_ARE_CHARACTER_ARRAYS_WITH_A_TERMINATOR,CC_FAM10_STRING_STORAGE,CC_RG_STRINGS,D4,APPLY,mcq_single,A program prints a piece of text and produces the expected characters followed by a run of meaningless ones. The characters themselves were copied correctly. What is wrong?,"The array is too large, so the extra positions are printed",The wrong specifier was used to print it,"The terminator is missing, so printing continues past the end of the text",The characters were copied one position too far along,C,"The terminator is missing, so printing continues past the end of the text","Correct characters followed by rubbish is the signature of a missing end marker: printing stops at a terminator and there is none. An oversized array is harmless, because the terminator would still stop the printing.",AUTHORED,
GB_CC_033,C_BASICS,CC_C08_TRACING,CC_F11_DECLARED_TYPES_AFFECT_THE_TRACE,CC_FAM11_TYPED_TRACE,CC_RG_TRACING,D3,APPLY,mcq_single,"A C program runs: int x = 10; double y = x / 4; printf(""%f"", y); What is printed?",2.500000,2.000000,2,3.000000,B,2.000000,"Both operands of the division are whole numbers, so the fraction is discarded before y is assigned and 2.000000 is printed. Declaring y as a fractional type changes how the value is stored and shown, not how it was computed.",LEGACY_REWRITE,92c7d6
GB_CC_034,C_BASICS,CC_C08_TRACING,CC_F11_DECLARED_TYPES_AFFECT_THE_TRACE,CC_FAM11_TYPED_TRACE,CC_RG_TRACING,D4,APPLY,mcq_single,"Two fragments differ only in one declaration: one has int a = 7, double b = 2; the other has double a = 7, int b = 2. Both compute a / b. Both compile and both produce the same answer. Why?","Because 7 divides by 2 exactly, so the types make no difference",Because the compiler chooses the fractional type in both cases regardless,Because the result is stored in the same type in both fragments,"Either declaration makes one operand fractional, so the other is converted before the division",D,"Either declaration makes one operand fractional, so the other is converted before the division","Conversion happens when the two operands differ, and which of the two is fractional does not matter. Had both been whole numbers the answer would differ, which is what makes the declaration the thing being measured.",AUTHORED,
GB_CC_035,C_BASICS,CC_C09_DIAGNOSIS,CC_F12_FAULTS_MAY_BE_SILENT,CC_FAM12_SILENT_FAULT_DIAGNOSIS,CC_RG_DIAGNOSIS,D3,ANALYZE,mcq_single,"A C program compiles without warnings, runs to completion, and prints a wrong total. What does the absence of any error message tell you?",Nothing about correctness; a C program can be entirely legal and produce the wrong answer,That the fault must be in the input rather than the program,"That the fault must be a truncation, since nothing else is silent",That the compiler failed to check the program properly,A,Nothing about correctness; a C program can be entirely legal and produce the wrong answer,"Compiling checks that the program is well formed and says nothing about what it computes. Truncation is one silent cause among several, so the absence of a message narrows nothing.",AUTHORED,
GB_CC_036,C_BASICS,CC_C09_DIAGNOSIS,CC_F12_FAULTS_MAY_BE_SILENT,CC_FAM12_SILENT_FAULT_DIAGNOSIS,CC_RG_DIAGNOSIS,D4,ANALYZE,mcq_single,A program sums an array and prints a total far larger than any plausible sum. The array values and the loop bounds are both correct. Which silent fault fits?,A truncation lost part of each value,The array was declared too small,"The running total was never assigned a starting value, so the sum began from rubbish",The output specifier did not match the type,C,"The running total was never assigned a starting value, so the sum began from rubbish","A total far too large points at a starting value that was never set, since truncation can only lose value and correct bounds rule out reading extra items. Distinguishing the two silent causes is what the symptom is for.",AUTHORED,
GB_CC_037,C_BASICS,CC_C04_ARITHMETIC,CC_F13_TRUNCATION_PROPAGATES,CC_FAM13_TRUNCATION_DIAGNOSIS,CC_RG_DIAGNOSIS,D3,ANALYZE,mcq_single,A C program averages whole-number marks and always reports a whole number. Where is the precision lost?,"In the printing, because the specifier is for whole numbers","In the division, because both the total and the count are whole numbers","In the addition, because whole numbers cannot hold fractions","In the declaration of the marks, which should be fractional",B,"In the division, because both the total and the count are whole numbers","Addition of whole numbers loses nothing, and printing cannot restore what is gone. The division is where a fraction would first arise and is where it is discarded.",AUTHORED,
GB_CC_038,C_BASICS,CC_C04_ARITHMETIC,CC_F13_TRUNCATION_PROPAGATES,CC_FAM13_TRUNCATION_DIAGNOSIS,CC_RG_DIAGNOSIS,D4,ANALYZE,mcq_single,A programmer changes the average variable from int to double and the answer is still a whole number. The change was made correctly and the program recompiled. Why did it not work?,double cannot hold the fractional part of an average,The variable needs to be declared before the marks are read,The output specifier still prints whole numbers,"The division still has two whole-number operands, so the fraction is gone before the assignment",D,"The division still has two whole-number operands, so the fraction is gone before the assignment","Changing where a value is stored does nothing about how it was computed. The fraction has to survive the division to be worth storing, which means converting an operand rather than the result.",AUTHORED,
GB_CC_039,C_BASICS,CC_C04_ARITHMETIC,CC_F13_TRUNCATION_PROPAGATES,CC_FAM13_TRUNCATION_DIAGNOSIS,CC_RG_DIAGNOSIS,D5,ANALYZE,mcq_single,"Three fixes are proposed for a whole-number average: store the result in a double, print it with a fractional specifier, or convert one operand before dividing. Which works, and why do the others not?",Converting an operand before dividing; the other two act after the fraction has already been discarded,Storing in a double; the destination type governs the arithmetic,Printing with a fractional specifier; the value was always fractional,"All three work, since each involves a fractional type",A,Converting an operand before dividing; the other two act after the fraction has already been discarded,"The order of events settles it: the division happens first, and only something that changes what the division sees can preserve the fraction. Both other fixes involve a fractional type and arrive too late to matter.",AUTHORED,
GB_CC_040,C_BASICS,CC_C04_ARITHMETIC,CC_F13_TRUNCATION_PROPAGATES,CC_FAM13_TRUNCATION_DIAGNOSIS,CC_RG_DIAGNOSIS,D5,ANALYZE,mcq_single,"A calculation divides by 100 early and multiplies by 100 later, using whole numbers throughout. The final answer is wrong even though the two operations should cancel. Why?",The multiplication overflowed the type,Dividing and multiplying by the same value never cancel in C,"The division discarded the fraction, and multiplying afterwards cannot restore what is no longer there",The operations were applied in the wrong order,C,"The division discarded the fraction, and multiplying afterwards cannot restore what is no longer there","The two operations do cancel in arithmetic and not in whole-number arithmetic, because the first loses information. Reordering them — multiplying first — would keep the value intact, which is why the order is worth noticing.",AUTHORED,
GB_CC_041,C_BASICS,CC_C04_ARITHMETIC,CC_F13_TRUNCATION_PROPAGATES,CC_FAM13_TRUNCATION_DIAGNOSIS,CC_RG_DIAGNOSIS,D5,ANALYZE,mcq_single,Whole-number arithmetic is faster and truncates; fractional arithmetic keeps the fraction and costs more. When is the whole-number choice wrong?,Never; whole numbers are always preferable when the inputs are whole,"Whenever the discarded fraction affects the answer that is actually needed — a count of items is fine, an average is not",Always; fractional types should be used throughout,"Whenever the values are large, since large values lose more",B,"Whenever the discarded fraction affects the answer that is actually needed — a count of items is fine, an average is not","The choice depends on what the result means rather than on what the inputs are. Counting produces a whole number by nature; averaging produces one only by accident, and the size of the values has nothing to do with it.",AUTHORED,
GB_CC_042,C_BASICS,CC_C10_EDGE_CASES,CC_F14_EDGE_VALUES_EXPOSE_TYPE_LIMITS,CC_FAM14_TYPE_LIMIT_BEHAVIOUR,CC_RG_ROBUSTNESS,D4,ANALYZE,mcq_single,"A C program computes -7 / 2 with whole numbers and prints -3. A programmer expected -4. The same program prints 3 for 7 / 2, which they expected. What rule is in force?",Whole-number division rounds to the nearest value,Whole-number division moves down to the next lower whole number,Negative division is undefined and the result cannot be relied on,"Whole-number division discards the fraction, moving toward zero in both directions",D,"Whole-number division discards the fraction, moving toward zero in both directions","Discarding the fraction from -3.5 gives -3, and from 3.5 gives 3 — both toward zero. Moving down would give -4, which is what some other languages do, and is exactly why the positive case alone cannot reveal the rule.",AUTHORED,
GB_CC_043,C_BASICS,CC_C10_EDGE_CASES,CC_F14_EDGE_VALUES_EXPOSE_TYPE_LIMITS,CC_FAM14_TYPE_LIMIT_BEHAVIOUR,CC_RG_ROBUSTNESS,D5,ANALYZE,mcq_single,A whole-number counter increases past the largest value its type can hold. What happens next?,"It wraps around to a large negative value, silently",It stops increasing and stays at the maximum,The program stops with an overflow error,The type widens automatically to hold the value,A,"It wraps around to a large negative value, silently","A fixed-size type has no room beyond its maximum, and the next increase produces a value at the other end of the range. Nothing reports it, so a counter can become negative while the program carries on as though nothing happened.",AUTHORED,
GB_CC_044,C_BASICS,CC_C10_EDGE_CASES,CC_F14_EDGE_VALUES_EXPOSE_TYPE_LIMITS,CC_FAM14_TYPE_LIMIT_BEHAVIOUR,CC_RG_ROBUSTNESS,D5,ANALYZE,mcq_single,"A C program divides by a value read from input. What should be checked before the division, and what happens if it is not?",That the value is positive; a negative divisor gives an unpredictable result,Nothing; C returns zero when dividing by zero,That the value is not zero; dividing by zero is not caught by the compiler and stops the program at run time,That the value fits the type; the compiler checks the rest,C,That the value is not zero; dividing by zero is not caught by the compiler and stops the program at run time,"A zero divisor is the one case the arithmetic cannot produce an answer for, and nothing before the program runs can know the input. Negative divisors are perfectly well defined, and no value is quietly returned.",AUTHORED,
GB_CC_045,C_BASICS,CC_C10_EDGE_CASES,CC_F14_EDGE_VALUES_EXPOSE_TYPE_LIMITS,CC_FAM14_TYPE_LIMIT_BEHAVIOUR,CC_RG_ROBUSTNESS,D5,ANALYZE,mcq_single,"Two C faults behave differently: dividing by zero stops the program, while writing past an array does not. Which is more dangerous in a program that runs unattended, and why?","The division, because a stopped program produces nothing at all","The array write, because the program carries on producing results that are quietly wrong","They are equally dangerous, since both are faults","The array write, because it is harder to find in the code",B,"The array write, because the program carries on producing results that are quietly wrong","A program that stops announces its own failure and whoever reads the log finds out. A silent wrong write leaves plausible output that is acted on, which is the more costly outcome even though it looks like the milder one.",AUTHORED,
GB_CC_046,C_BASICS,CC_C10_EDGE_CASES,CC_F14_EDGE_VALUES_EXPOSE_TYPE_LIMITS,CC_FAM14_TYPE_LIMIT_BEHAVIOUR,CC_RG_ROBUSTNESS,D5,ANALYZE,mcq_single,"A program works correctly for every input it has been tested with, all of them small positive whole numbers. Which untested inputs are most likely to expose a type limit?",Values in the middle of the tested range,"Repeated values, since repetition accumulates error","Values with many digits, since long numbers are harder to store","Zero, negative values, and values near the largest the type can hold",D,"Zero, negative values, and values near the largest the type can hold",Type limits show at the boundaries of what a type can represent and at the values arithmetic treats specially. Repetition and digit count are not what a fixed-size whole-number type is sensitive to.,AUTHORED,
GB_CC_047,C_BASICS,CC_C11_COMPARISON,CC_F15_C_AND_PYTHON_DIFFER_PREDICTABLY,CC_FAM15_CROSS_LANGUAGE_TRANSFER,CC_RG_TRANSFER,D4,EVALUATE,mcq_single,The same averaging algorithm is written in C and in Python. Both are correct transcriptions of each other. On whole-number input they disagree. Why?,C truncates the division of two whole numbers; Python's single slash produces a fractional result,"C is faster, so it rounds differently under time pressure",Python stores whole numbers with more precision,"The transcription must be wrong, since correct transcriptions agree",A,C truncates the division of two whole numbers; Python's single slash produces a fractional result,"The difference is in what the division operator means for two whole numbers, which is a property of the language rather than of the algorithm. A faithful transcription can still behave differently when the two languages define an operator differently.",AUTHORED,
GB_CC_048,C_BASICS,CC_C11_COMPARISON,CC_F15_C_AND_PYTHON_DIFFER_PREDICTABLY,CC_FAM15_CROSS_LANGUAGE_TRANSFER,CC_RG_TRANSFER,D5,EVALUATE,mcq_single,"The same loop reads one position past the end of a collection, in C and in Python. What happens in each?",Both stop with an error,Both read whatever is there and carry on,C reads whatever is there and carries on; Python stops with an error,C stops with an error; Python returns an empty value,C,C reads whatever is there and carries on; Python stops with an error,"Python checks the position and refuses; C does not check at all. The same mistake is therefore loud in one language and silent in the other, which is the difference most worth carrying between them.",AUTHORED,
GB_CC_049,C_BASICS,CC_C11_COMPARISON,CC_F15_C_AND_PYTHON_DIFFER_PREDICTABLY,CC_FAM15_CROSS_LANGUAGE_TRANSFER,CC_RG_TRANSFER,D5,EVALUATE,mcq_single,"A whole-number counter is increased far beyond a few billion, in C and in Python. Where do the two disagree?",Both wrap at the same point,C wraps once the type's range is exceeded; Python holds whole numbers of any size,Both hold whole numbers of any size,C holds any size; Python wraps at a fixed limit,B,C wraps once the type's range is exceeded; Python holds whole numbers of any size,"A C whole-number type has a fixed size, while Python's grows as needed. A program transcribed from Python can therefore be correct there and quietly wrong in C on exactly the inputs that exceed the type.",AUTHORED,
GB_CC_050,C_BASICS,CC_C11_COMPARISON,CC_F15_C_AND_PYTHON_DIFFER_PREDICTABLY,CC_FAM15_CROSS_LANGUAGE_TRANSFER,CC_RG_TRANSFER,D5,EVALUATE,mcq_single,"A team must choose whether to prototype in Python and rewrite in C, or write in C from the start. What does the first route buy, and what does it risk?",It buys nothing; a rewrite doubles the work,It risks nothing; a faithful transcription behaves identically,"It buys speed, since Python code runs faster once rewritten","It buys a working algorithm sooner, and risks a transcription that is faithful and behaves differently on division, array bounds and large values",D,"It buys a working algorithm sooner, and risks a transcription that is faithful and behaves differently on division, array bounds and large values","Getting the algorithm right first is a genuine gain, and the risk is precisely the places where a faithful transcription is not an equivalent program. Knowing which three places those are is what makes the route usable rather than dangerous.",AUTHORED,
GB_CF_001,C_CONTROL_FLOW,CF_C01_STRUCTURE,CF_F01_BLOCKS_ARE_BRACED,CF_FAM01_BLOCK_RECOGNITION,CF_RG_STRUCTURE,D1,REMEMBER,mcq_single,"A C fragment reads: if (x > 0) printf(""A""); printf(""B""); with both prints written on separate, equally indented lines. Which of them is controlled by the condition?","Both, because they are indented together",Only the first,"Neither, because there are no braces",Only the second,B,Only the first,"Without braces a conditional governs exactly one statement, which is the first. Indentation is invisible to the compiler, so lining the two up changes nothing about which is controlled.",AUTHORED,
GB_CF_002,C_CONTROL_FLOW,CF_C01_STRUCTURE,CF_F01_BLOCKS_ARE_BRACED,CF_FAM01_BLOCK_RECOGNITION,CF_RG_STRUCTURE,D1,REMEMBER,mcq_single,"A C fragment reads: if (x > 0) { printf(""A""); printf(""B""); } How many statements are controlled by the condition?","One, the first only","None, because braces separate them from the condition","Two, but only if they are indented",Two,D,Two,"Braces group statements into one block, and the whole block is what the condition governs. Indentation plays no part in either direction.",AUTHORED,
GB_CF_003,C_CONTROL_FLOW,CF_C01_STRUCTURE,CF_F01_BLOCKS_ARE_BRACED,CF_FAM01_BLOCK_RECOGNITION,CF_RG_STRUCTURE,D1,REMEMBER,mcq_single,Are braces compulsory after a C conditional?,No; without them the conditional governs the single statement that follows,Yes; a conditional without braces does not compile,"Yes, unless the body is on the same line",No; without them the conditional governs everything until the next blank line,A,No; without them the conditional governs the single statement that follows,"One statement needs no braces, which is precisely why adding a second line later is such a common way to break working code. Blank lines mean nothing to the compiler.",AUTHORED,
GB_CF_004,C_CONTROL_FLOW,CF_C01_STRUCTURE,CF_F01_BLOCKS_ARE_BRACED,CF_FAM01_BLOCK_RECOGNITION,CF_RG_STRUCTURE,D1,REMEMBER,mcq_single,"A C fragment reads: if (x > 0); printf(""A""); What does the condition control?","The print, which runs only when x is positive","Nothing, and the fragment does not compile",Nothing; the semicolon is an empty statement and is the whole body,"The print, which runs regardless of x",C,Nothing; the semicolon is an empty statement and is the whole body,"A semicolon on its own is a complete, empty statement, and the conditional takes it as its body. The print then sits outside the conditional and runs every time — legal, silent and almost never what was meant.",AUTHORED,
GB_CF_005,C_CONTROL_FLOW,CF_C01_STRUCTURE,CF_F01_BLOCKS_ARE_BRACED,CF_FAM01_BLOCK_RECOGNITION,CF_RG_STRUCTURE,D2,REMEMBER,mcq_single,A C fragment reads: while (i < 5); { total += i; i++; } The program never finishes and never prints anything. Why?,The braces are in the wrong place and the program does not compile,"The semicolon makes the loop body empty, so nothing ever changes i",The increment is inside the braces and so never runs,The condition should have used <= rather than <,B,"The semicolon makes the loop body empty, so nothing ever changes i","The loop repeats an empty statement forever, because nothing inside it can make the condition false. The braced block is a separate block that is never reached, which is why nothing prints either.",AUTHORED,
GB_CF_006,C_CONTROL_FLOW,CF_C02_CONDITIONS,CF_F02_CONDITIONS_ARE_NUMERIC,CF_FAM02_CONDITION_TRUTH,CF_RG_CONDITIONS,D1,REMEMBER,mcq_single,"In C, is the condition if (3) satisfied?",No; only the value 1 counts as true,No; a condition must be a comparison,It does not compile; 3 is not a condition,Yes; any value other than zero counts as true,D,Yes; any value other than zero counts as true,"A C condition is a number, and every non-zero value is treated as true. Requiring a comparison is a rule from other languages that C does not impose.",AUTHORED,
GB_CF_007,C_CONTROL_FLOW,CF_C02_CONDITIONS,CF_F02_CONDITIONS_ARE_NUMERIC,CF_FAM02_CONDITION_TRUTH,CF_RG_CONDITIONS,D1,REMEMBER,mcq_single,"A variable holds the result of 2 - 6. Used directly as a C condition, is it satisfied?","Yes; the result is -4, which is not zero, so it counts as true",No; a negative result counts as false,No; only a positive result counts as true,It cannot be used as a condition without a comparison,A,"Yes; the result is -4, which is not zero, so it counts as true","What matters is only whether the value differs from zero, so a negative result satisfies the test. Reading ""true"" as ""positive"" is the natural but wrong reading of a numeric condition.",AUTHORED,
GB_CF_008,C_CONTROL_FLOW,CF_C02_CONDITIONS,CF_F02_CONDITIONS_ARE_NUMERIC,CF_FAM02_CONDITION_TRUTH,CF_RG_CONDITIONS,D1,REMEMBER,mcq_single,"In C, is the condition if (0) satisfied?",Yes; zero is a valid value,No; and the compiler warns about it,No; zero is the only value that counts as false,It depends on whether the zero is written or computed,C,No; zero is the only value that counts as false,"Zero is false and everything else is true, whether the zero was written down or produced by a calculation. Nothing warns about it, which is why a computed zero can quietly disable a branch.",AUTHORED,
GB_CF_009,C_CONTROL_FLOW,CF_C02_CONDITIONS,CF_F02_CONDITIONS_ARE_NUMERIC,CF_FAM02_CONDITION_TRUTH,CF_RG_CONDITIONS,D2,REMEMBER,mcq_single,"A C fragment reads: int x = 7; if (x > 5) printf(""A""); else printf(""B""); What is printed?",B,A,7,"Nothing, since the condition is not stored anywhere",B,A,"The comparison produces a non-zero value, so the first branch runs and the second is skipped. A condition does not need to be stored to be acted on.",LEGACY_REMAP,92299f
GB_CF_010,C_CONTROL_FLOW,CF_C03_LOOP_FORMS,CF_F03_LOOP_FORMS_DIFFER_IN_WHEN_THEY_TEST,CF_FAM03_LOOP_FORM_RECOGNITION,CF_RG_LOOPS,D1,REMEMBER,mcq_single,Which C loop form always executes its body at least once?,while,for,None of them; every loop tests before running,do ... while,D,do ... while,"The do form tests after the body, so the body has already run by the time the condition is examined. Both other forms test first and may run zero times.",AUTHORED,
GB_CF_011,C_CONTROL_FLOW,CF_C03_LOOP_FORMS,CF_F03_LOOP_FORMS_DIFFER_IN_WHEN_THEY_TEST,CF_FAM03_LOOP_FORM_RECOGNITION,CF_RG_LOOPS,D1,REMEMBER,mcq_single,A C while loop is reached with its condition already false. How many times does the body run?,None,"Once, and then the condition is checked","Once, because a loop always runs its body",It does not compile,A,None,"A while loop checks before it runs, so a condition false at entry means the body is skipped entirely. Running once regardless is what the do form would do.",AUTHORED,
GB_CF_012,C_CONTROL_FLOW,CF_C03_LOOP_FORMS,CF_F03_LOOP_FORMS_DIFFER_IN_WHEN_THEY_TEST,CF_FAM03_LOOP_FORM_RECOGNITION,CF_RG_LOOPS,D1,REMEMBER,mcq_single,A menu must be shown and then repeated until the user chooses to quit. Which loop form fits most naturally?,"while, because the choice must be tested first","for, because the number of repetitions is known","do ... while, because the menu should appear before any choice exists to test",Any of them; the forms are interchangeable,C,"do ... while, because the menu should appear before any choice exists to test","There is nothing to test until the menu has been shown once, which is exactly the situation the test-after form exists for. A test-first loop would need a value invented before the first display.",AUTHORED,
GB_CF_013,C_CONTROL_FLOW,CF_C03_LOOP_FORMS,CF_F03_LOOP_FORMS_DIFFER_IN_WHEN_THEY_TEST,CF_FAM03_LOOP_FORM_RECOGNITION,CF_RG_LOOPS,D2,REMEMBER,mcq_single,A while loop and a do ... while loop have identical bodies and identical conditions. On what input do they behave differently?,Input for which the condition never becomes false,Input for which the condition is false at entry: one runs the body zero times and the other once,Input for which the body runs many times,They never behave differently,B,Input for which the condition is false at entry: one runs the body zero times and the other once,"Once the body has run at all, the two forms proceed identically. Their only difference is what happens before the first test, which is visible only when the condition starts out false.",AUTHORED,
GB_CF_014,C_CONTROL_FLOW,CF_C02_CONDITIONS,CF_F04_ASSIGNMENT_IN_A_CONDITION,CF_FAM04_ASSIGNMENT_IN_CONDITION,CF_RG_CONDITIONS,D2,ANALYZE,mcq_single,"A C fragment reads: int x = 0; if (x = 5) printf(""A""); What happens, and what does x hold afterwards?","Nothing is printed, and x holds 0","Nothing is printed, and x holds 5",The fragment does not compile,"A is printed, and x holds 5",D,"A is printed, and x holds 5","A single equals assigns and then yields the value assigned, which is non-zero and so satisfies the condition. Both effects happen, which is why answering only one of them misses half of what the line does.",AUTHORED,
GB_CF_015,C_CONTROL_FLOW,CF_C02_CONDITIONS,CF_F04_ASSIGNMENT_IN_A_CONDITION,CF_FAM04_ASSIGNMENT_IN_CONDITION,CF_RG_CONDITIONS,D3,ANALYZE,mcq_single,"A loop is written as: int n = 3; while (n = 0) { n--; } How many times does the body run, and what does n hold at the end?","Zero times, and n holds 0","Three times, and n holds 0","Zero times, and n holds 3","Endlessly, because n is set to 0 every time round",A,"Zero times, and n holds 0","The assignment stores 0 in n and yields 0, which is false, so the loop never enters its body. The variable is changed all the same — a comparison would have run the body three times, which is what a single equals silently costs here.",AUTHORED,
GB_CF_016,C_CONTROL_FLOW,CF_C04_BRANCHING,CF_F05_ELSE_BINDS_TO_THE_NEAREST_IF,CF_FAM05_ELSE_BINDING,CF_RG_STRUCTURE,D2,ANALYZE,mcq_single,"A C fragment reads: if (a > 0) if (b > 0) printf(""X""); else printf(""Y""); with the else indented to line up with the first if. Which if does the else belong to?","The outer one, on a, as the indentation shows","Both, since neither has braces","The inner one, on b",Neither; the fragment does not compile,C,"The inner one, on b","An else attaches to the nearest unmatched if, and indentation has no bearing on it. Lining the else up with the outer if makes the code read as something it is not.",AUTHORED,
GB_CF_017,C_CONTROL_FLOW,CF_C04_BRANCHING,CF_F05_ELSE_BINDS_TO_THE_NEAREST_IF,CF_FAM05_ELSE_BINDING,CF_RG_STRUCTURE,D3,ANALYZE,mcq_single,The same fragment runs with a = -1 and b = 5. What is printed?,"Y, because a is not positive",Nothing,"X, because b is positive",Both X and Y,B,Nothing,"The outer condition fails, so everything inside it is skipped — including the else, which belongs to the inner if. A reader who binds the else to the outer if expects Y, which is exactly what the misleading indentation invites.",AUTHORED,
GB_CF_018,C_CONTROL_FLOW,CF_C05_COUNTED_LOOPS,CF_F06_COUNTED_LOOP_HAS_THREE_PARTS,CF_FAM06_COUNTED_LOOP_COUNT,CF_RG_LOOPS,D2,APPLY,mcq_single,"A C fragment reads: for (int i = 0; i < 3; i++) printf(""%d "", i); What is printed?",1 2 3,0 1 2 3,3,0 1 2,D,0 1 2,"The counter starts at 0 and the loop stops before 3, so 0 1 2 appears. Reading the condition as inclusive adds a fourth value that never occurs.",LEGACY_REMAP,918b68
GB_CF_019,C_CONTROL_FLOW,CF_C05_COUNTED_LOOPS,CF_F06_COUNTED_LOOP_HAS_THREE_PARTS,CF_FAM06_COUNTED_LOOP_COUNT,CF_RG_LOOPS,D3,APPLY,mcq_single,How many times does the body run in: for (int i = 2; i <= 11; i += 3)?,4,3,9,10,A,4,"The counter takes 2, 5, 8 and 11, and the last of those satisfies the inclusive condition, so the body runs 4 times. With a step other than one the count is not the difference between the bounds, which is where 9 comes from.",AUTHORED,
GB_CF_020,C_CONTROL_FLOW,CF_C05_COUNTED_LOOPS,CF_F06_COUNTED_LOOP_HAS_THREE_PARTS,CF_FAM06_COUNTED_LOOP_COUNT,CF_RG_LOOPS,D4,APPLY,mcq_single,A C fragment reads: for (int i = 10; i > 0; i++) and the program never finishes. The condition and the starting value are both sensible on their own. What is wrong?,The starting value should be 0,The condition should be i >= 0,"The step moves away from the bound, so the condition can never become false",A for loop cannot count downwards,C,"The step moves away from the bound, so the condition can never become false","A counted loop only ends if its step drives the counter toward the bound, and here it drives it away. Both the start and the condition are perfectly reasonable — it is the relationship between the three parts that fails.",AUTHORED,
GB_CF_021,C_CONTROL_FLOW,CF_C05_COUNTED_LOOPS,CF_F07_LOOP_VARIABLE_AFTER_THE_LOOP,CF_FAM07_LOOP_VARIABLE_AFTER,CF_RG_LOOPS,D2,APPLY,mcq_single,A counter declared outside a loop runs: for (i = 0; i < 4; i++). What does i hold immediately after the loop?,3,4,0,5,B,4,"The loop ends when the condition first fails, which happens once i has reached 4. The last value used inside the body was 3, which is one less.",AUTHORED,
GB_CF_022,C_CONTROL_FLOW,CF_C05_COUNTED_LOOPS,CF_F07_LOOP_VARIABLE_AFTER_THE_LOOP,CF_FAM07_LOOP_VARIABLE_AFTER,CF_RG_LOOPS,D3,APPLY,mcq_single,A counter declared outside a loop runs: for (i = 1; i <= 6; i += 2). What does i hold immediately after the loop?,5,6,9,7,D,7,"The counter takes 1, 3 and 5 inside the body, and the step then makes it 7, which fails the condition. The bound itself is never reached, because the step passes over it.",AUTHORED,
GB_CF_023,C_CONTROL_FLOW,CF_C05_COUNTED_LOOPS,CF_F07_LOOP_VARIABLE_AFTER_THE_LOOP,CF_FAM07_LOOP_VARIABLE_AFTER,CF_RG_LOOPS,D4,APPLY,mcq_single,"A program uses the counter after the loop to report how many items were processed, and the figure is always one too high. Each item was processed exactly once. What is wrong?","The counter holds the value that failed the condition, which is one past the last item",The loop processes one item too many,The counter should have started at 1,The counter is being incremented twice per pass,A,"The counter holds the value that failed the condition, which is one past the last item","Every item being processed once rules out an extra pass, so the count is wrong rather than the work. The counter necessarily ends one beyond the last value it used, which is exactly the discrepancy reported.",AUTHORED,
GB_CF_024,C_CONTROL_FLOW,CF_C06_ACCUMULATION,CF_F08_ACCUMULATOR_NEEDS_INITIALISING,CF_FAM08_ACCUMULATOR_IN_C,CF_RG_ACCUMULATION,D2,ANALYZE,mcq_single,"A C fragment declares int sum; without assigning it, then adds three values to it in a loop. What does sum hold at the end?",The sum of the three values,"Zero, because sum was declared",The three values added to whatever was already in that memory,Nothing; the program does not compile,C,The three values added to whatever was already in that memory,"Declaring reserves space without clearing it, so the loop adds to rubbish. The program compiles and runs, which is what makes the wrong total so hard to account for.",AUTHORED,
GB_CF_025,C_CONTROL_FLOW,CF_C06_ACCUMULATION,CF_F08_ACCUMULATOR_NEEDS_INITIALISING,CF_FAM08_ACCUMULATOR_IN_C,CF_RG_ACCUMULATION,D3,ANALYZE,mcq_single,"A C function sets a running total to zero, then adds each whole number from 1 to 3 inclusive to it, then reports the total. What does it report?",3,6,9,0,B,6,"The values 1, 2 and 3 accumulate to 6. Answering 3 reports the last value added rather than the accumulated result, and 0 reports the starting value.",LEGACY_REMAP,90ed31
GB_CF_026,C_CONTROL_FLOW,CF_C06_ACCUMULATION,CF_F08_ACCUMULATOR_NEEDS_INITIALISING,CF_FAM08_ACCUMULATOR_IN_C,CF_RG_ACCUMULATION,D4,ANALYZE,mcq_single,"A C program sums an array and prints a plausible but wrong total, and prints a different wrong total each time it runs. The array and the loop bounds are correct. What is wrong?",The total is being initialised inside the loop,The array is being read one item past its end,The total is declared with too small a type,"The running total was never initialised, so each run starts from whatever was in that memory",D,"The running total was never initialised, so each run starts from whatever was in that memory","A different answer on each run is the signature of an unset starting value, since the code and the data are identical between runs. Initialising inside the loop would give the same wrong answer every time.",AUTHORED,
GB_CF_027,C_CONTROL_FLOW,CF_C07_EARLY_EXIT,CF_F09_BREAK_LEAVES_ONE_STRUCTURE,CF_FAM09_BREAK_SCOPE,CF_RG_EARLY_EXIT,D2,APPLY,mcq_single,A break is reached inside the inner of two nested C loops. Where does execution continue?,"Immediately after the inner loop, still inside the outer one",Immediately after the outer loop,At the next iteration of the inner loop,At the start of the outer loop,A,"Immediately after the inner loop, still inside the outer one","A break leaves exactly one enclosing structure, which is the innermost. Skipping one iteration is what a different instruction does, and leaving both loops needs something more than a plain break.",AUTHORED,
GB_CF_028,C_CONTROL_FLOW,CF_C07_EARLY_EXIT,CF_F09_BREAK_LEAVES_ONE_STRUCTURE,CF_FAM09_BREAK_SCOPE,CF_RG_EARLY_EXIT,D3,APPLY,mcq_single,"A search examines each row of a table, and within each row it abandons the row as soon as its second entry has been checked. The table has 3 rows of 4 entries. How many entries are checked?",12,2,6,3,C,6,"Two entries are checked in each row, because the pass that abandons the row has already examined that entry, and all 3 rows are still visited — 6 entries in all. Abandoning a row ends only the inner structure, so the outer traversal continues.",AUTHORED,
GB_CF_029,C_CONTROL_FLOW,CF_C07_EARLY_EXIT,CF_F09_BREAK_LEAVES_ONE_STRUCTURE,CF_FAM09_BREAK_SCOPE,CF_RG_EARLY_EXIT,D4,APPLY,mcq_single,"A search over a two-dimensional array is meant to stop entirely once a value is found, and it keeps searching later rows. The break is present and does execute. What is wrong?",The break is inside a conditional and never runs,"The break leaves only the inner loop, so the outer loop begins the next row","The comparison never matches, so the break is not reached",The break should have been placed after the inner loop,B,"The break leaves only the inner loop, so the outer loop begins the next row","The break executing rules out it being unreached, and later rows still being searched shows only one structure was left. Stopping both needs a flag the outer loop tests, or a return.",AUTHORED,
GB_CF_030,C_CONTROL_FLOW,CF_C08_MULTIWAY,CF_F10_CASES_FALL_THROUGH,CF_FAM10_FALL_THROUGH,CF_RG_MULTIWAY,D2,ANALYZE,mcq_single,"A multi-way selection on a value has a case for 1 and a case for 2, each ending with a break, and no default. The value is 2. Which cases run?",Only the case for 1,"Both cases, in the order written","None, because no default is present",Only the case for 2,D,Only the case for 2,"Execution enters at the matching case, and the break there leaves the structure before any other case is reached. A missing default is not an error; it means only that an unmatched value would do nothing.",LEGACY_REMAP,8f128c
GB_CF_031,C_CONTROL_FLOW,CF_C08_MULTIWAY,CF_F10_CASES_FALL_THROUGH,CF_FAM10_FALL_THROUGH,CF_RG_MULTIWAY,D3,ANALYZE,mcq_single,"A multi-way selection is written with three cases and the first of them has no break: int x = 1; switch (x) { case 1: printf(""A""); case 2: printf(""B""); break; case 3: printf(""C""); break; } What appears?",A then B,A,"A, B then C",B,A,A then B,"Execution enters at the matching case and continues until a break, so the missing break after the first case lets the second run too. It stops at the break before the third.",AUTHORED,
GB_CF_032,C_CONTROL_FLOW,CF_C08_MULTIWAY,CF_F10_CASES_FALL_THROUGH,CF_FAM10_FALL_THROUGH,CF_RG_MULTIWAY,D4,ANALYZE,mcq_single,"A multi-way selection is meant to handle three values separately, and two of them produce the output of the next case as well. The third behaves correctly. What is wrong?",The values being matched are wrong,The default case is missing,"The first two cases have no break, so execution continues into the following case",The cases are written in the wrong order,C,"The first two cases have no break, so execution continues into the following case","One case behaving correctly shows the structure and the matching work, and the other two producing extra output is exactly what falling through the end of a case does. Order does not affect which case is entered.",AUTHORED,
GB_CF_033,C_CONTROL_FLOW,CF_C09_NESTING,CF_F11_NESTED_LOOPS_MULTIPLY,CF_FAM11_NESTED_LOOP_TRACE,CF_RG_LOOPS,D3,APPLY,mcq_single,"A nested C pair prints i then j on each inner pass: for (i = 0; i < 2; i++) for (j = 0; j < 2; j++) printf(""%d%d "", i, j); What is printed?",00 11,00 01 10 11,00 01 11,01 10,B,00 01 10 11,"The inner loop runs fully for each value of i, so the pairs come out in the order 00 01 10 11. Answering 00 11 advances both counters together, which is what treating the pair as a single loop would do.",AUTHORED,
GB_CF_034,C_CONTROL_FLOW,CF_C09_NESTING,CF_F11_NESTED_LOOPS_MULTIPLY,CF_FAM11_NESTED_LOOP_TRACE,CF_RG_LOOPS,D4,APPLY,mcq_single,An inner counter is declared outside both loops and is not reset at the start of each outer pass. The outer loop runs 3 times and the inner condition is j < 4. The inner body runs 4 times in total rather than 12. Why?,The outer loop ran only once,The inner loop breaks on its fourth pass,The inner bound should have been 12,"The counter kept its value from the first pass, so the inner condition was already false afterwards",D,"The counter kept its value from the first pass, so the inner condition was already false afterwards","A counter left at 4 fails the condition immediately on every later outer pass, so the inner body never runs again. Declaring the counter inside the loop, or resetting it, is what makes the counts multiply.",AUTHORED,
GB_CF_035,C_CONTROL_FLOW,CF_C10_FUNCTIONS,CF_F12_RETURN_ENDS_THE_FUNCTION,CF_FAM12_RETURN_FROM_LOOP,CF_RG_FUNCTIONS,D3,ANALYZE,mcq_single,"A C function loops over an array and contains a return inside the loop body, not inside any conditional. How many items does it examine?",One; the return ends the function on the first pass,All of them; the loop finishes first,All of them; a return inside a loop acts as a break,None; the return is reached before the loop begins,A,One; the return ends the function on the first pass,"A return leaves the function immediately, so nothing after it runs and no later pass happens. It is stronger than a break, which leaves only the loop.",AUTHORED,
GB_CF_036,C_CONTROL_FLOW,CF_C10_FUNCTIONS,CF_F12_RETURN_ENDS_THE_FUNCTION,CF_FAM12_RETURN_FROM_LOOP,CF_RG_FUNCTIONS,D4,ANALYZE,mcq_single,A C function is meant to return the largest value in an array. It returns the first value every time. The comparison inside the loop is correct and the loop bounds are correct. What is wrong?,The comparison is the wrong way round,The running maximum starts at zero,The return sits inside the loop body rather than after it,The loop examines only the first item because of its bounds,C,The return sits inside the loop body rather than after it,"Correct bounds and a correct comparison leave only where the value is handed back. Returning on the first pass gives the first value whatever the rest of the array holds, which is exactly the symptom.",AUTHORED,
GB_CF_037,C_CONTROL_FLOW,CF_C11_DIAGNOSIS,CF_F13_CONTROL_FAULTS_ARE_SILENT,CF_FAM13_SILENT_CONTROL_FAULT,CF_RG_DIAGNOSIS,D3,ANALYZE,mcq_single,"A C loop is written as: for (int i = 0; i < 5; i++); { printf(""%d"", i); } It compiles, runs, and prints nothing about the loop. What is wrong?",The loop condition is never true,"The semicolon ends the loop body, so the braced block runs once, outside the loop",The braces are not allowed after a for statement,The printf uses the wrong specifier,B,"The semicolon ends the loop body, so the braced block runs once, outside the loop","The loop repeats an empty statement five times and then the block runs once on its own. It is entirely legal, which is why nothing is reported.",AUTHORED,
GB_CF_038,C_CONTROL_FLOW,CF_C11_DIAGNOSIS,CF_F13_CONTROL_FAULTS_ARE_SILENT,CF_FAM13_SILENT_CONTROL_FAULT,CF_RG_DIAGNOSIS,D4,ANALYZE,mcq_single,A C loop is meant to run a two-statement body and only the first statement repeats. It compiles cleanly and the two statements are indented identically. What is wrong?,A semicolon after the condition ended the body,The second statement is placed before the loop,The loop condition becomes false after one pass,"There are no braces, so the loop governs only the first statement",D,"There are no braces, so the loop governs only the first statement","Only the first statement repeating points at what the loop governs, and without braces that is exactly one statement. A semicolon after the condition would have made neither statement repeat.",AUTHORED,
GB_CF_039,C_CONTROL_FLOW,CF_C11_DIAGNOSIS,CF_F13_CONTROL_FAULTS_ARE_SILENT,CF_FAM13_SILENT_CONTROL_FAULT,CF_RG_DIAGNOSIS,D5,ANALYZE,mcq_single,"Three C faults are all silent: a semicolon after a loop condition, missing braces around a two-statement body, and an else bound to the wrong if. What do they have in common, and why is that dangerous?","Each produces a valid program with a different meaning, so the compiler has nothing to report and the code reads as intended",Each produces a compiler warning that is easy to ignore,Each causes the program to stop at run time,Each is caught by testing the ordinary cases,A,"Each produces a valid program with a different meaning, so the compiler has nothing to report and the code reads as intended","All three are legal C that means something other than what the layout suggests, which is why nothing complains and why reading the code does not reveal them. Testing may not catch them either, since the ordinary case can happen to give the right answer.",AUTHORED,
GB_CF_040,C_CONTROL_FLOW,CF_C11_DIAGNOSIS,CF_F13_CONTROL_FAULTS_ARE_SILENT,CF_FAM13_SILENT_CONTROL_FAULT,CF_RG_DIAGNOSIS,D5,ANALYZE,mcq_single,"A team adopts a rule that braces are always written, even around a single statement. What does that prevent, and what does it cost?","It prevents the semicolon fault, and costs nothing","It prevents nothing, since a single statement needs no braces",It prevents a later added line from silently falling outside the structure; it costs two lines of text per conditional,"It costs performance, since braces create a block",C,It prevents a later added line from silently falling outside the structure; it costs two lines of text per conditional,"The danger is not the code as first written but the line somebody adds to it later, which joins the block if braces are there and does not if they are not. Braces are free at run time; the cost is purely in text.",AUTHORED,
GB_CF_041,C_CONTROL_FLOW,CF_C11_DIAGNOSIS,CF_F13_CONTROL_FAULTS_ARE_SILENT,CF_FAM13_SILENT_CONTROL_FAULT,CF_RG_DIAGNOSIS,D5,ANALYZE,mcq_single,A C program behaves correctly on every test and contains a missing pair of braces around a two-statement conditional body. How can both be true?,The compiler inserted the braces automatically,The tests never exercised a case where the second statement should have been skipped,Missing braces have no effect when the body is short,"The tests are wrong, since the program cannot be correct",B,The tests never exercised a case where the second statement should have been skipped,"The second statement runs unconditionally, which is only visible on input where the condition is false. If every test satisfies the condition, the fault and the correct code behave identically.",AUTHORED,
GB_CF_042,C_CONTROL_FLOW,CF_C12_EDGE_CASES,CF_F14_ZERO_AND_BOUNDARY_ITERATIONS,CF_FAM14_LOOP_EDGE_BEHAVIOUR,CF_RG_ROBUSTNESS,D4,ANALYZE,mcq_single,"A C fragment declares int total; then runs a for loop whose condition is false at entry, then prints total. It prints a large unrelated number. The loop body is correct. What happened?",The loop ran once before the condition was checked,The loop ran and the body produced a wrong total,The program printed the loop counter rather than the total,"The loop ran zero times, so total kept the rubbish it was declared with",D,"The loop ran zero times, so total kept the rubbish it was declared with","Two facts combine: a test-first loop can run zero times, and a declared variable holds rubbish until assigned. Either alone would be harmless, and together they print a plausible-looking number that came from nowhere.",AUTHORED,
GB_CF_043,C_CONTROL_FLOW,CF_C12_EDGE_CASES,CF_F14_ZERO_AND_BOUNDARY_ITERATIONS,CF_FAM14_LOOP_EDGE_BEHAVIOUR,CF_RG_ROBUSTNESS,D5,ANALYZE,mcq_single,A do ... while loop is given input for which its condition is false from the very start. What does it produce?,"One pass of the body, since the condition is tested only afterwards","No passes, like a while loop","An error, since the condition was never true","Endless passes, since the condition was never true",A,"One pass of the body, since the condition is tested only afterwards","The test-after form has already run its body by the time the condition is examined. That single guaranteed pass is the whole difference between the two forms, and it appears only at this boundary.",AUTHORED,
GB_CF_044,C_CONTROL_FLOW,CF_C12_EDGE_CASES,CF_F14_ZERO_AND_BOUNDARY_ITERATIONS,CF_FAM14_LOOP_EDGE_BEHAVIOUR,CF_RG_ROBUSTNESS,D5,ANALYZE,mcq_single,A loop summing an array is given an array of size zero. The total was initialised to 0 before the loop. What is printed?,"An unpredictable value, since the loop never ran","An error, since an array cannot have size zero","0, which is correct and needs no special case",The value of the loop counter,C,"0, which is correct and needs no special case","The loop runs zero times and the total keeps the value it was given, which is the right answer for summing nothing. The initialisation is what makes the empty case safe — without it the same loop would print rubbish.",AUTHORED,
GB_CF_045,C_CONTROL_FLOW,CF_C12_EDGE_CASES,CF_F14_ZERO_AND_BOUNDARY_ITERATIONS,CF_FAM14_LOOP_EDGE_BEHAVIOUR,CF_RG_ROBUSTNESS,D5,ANALYZE,mcq_single,"A loop is meant to run a number of times read from input. What should be checked before it runs, and which loop form makes the check more urgent?","That the count is not zero; the test-first form, which would loop endlessly","That the count is not zero or negative; the test-after form, which runs once regardless",Nothing; a loop handles any count correctly,That the count is not too large; either form is equally affected,B,"That the count is not zero or negative; the test-after form, which runs once regardless","A test-first loop handles a count of zero correctly by running nothing, so it needs no guard for that case. A test-after loop runs once whatever the count says, which is wrong for zero and worse for a negative value.",AUTHORED,
GB_CF_046,C_CONTROL_FLOW,CF_C12_EDGE_CASES,CF_F14_ZERO_AND_BOUNDARY_ITERATIONS,CF_FAM14_LOOP_EDGE_BEHAVIOUR,CF_RG_ROBUSTNESS,D5,ANALYZE,mcq_single,Two C loops differ only in that one initialises its accumulator and one does not. On ordinary input they agree. Where do they part company?,"On large input, where the uninitialised one overflows","On negative input, where the uninitialised one wraps",Nowhere; the first pass assigns the accumulator either way,"On input that makes the loop run zero times, where one prints its starting value and the other prints rubbish",D,"On input that makes the loop run zero times, where one prints its starting value and the other prints rubbish","Once the loop runs at least once and the accumulator is assigned before being read, the two behave identically — which is why ordinary testing finds nothing. Only zero iterations leave the starting value visible.",AUTHORED,
GB_CF_047,C_CONTROL_FLOW,CF_C13_EQUIVALENCE,CF_F15_CONTROL_STRUCTURES_CAN_BE_REWRITTEN,CF_FAM15_CONTROL_EQUIVALENCE,CF_RG_LOOPS,D4,EVALUATE,mcq_single,A while loop is rewritten as a do ... while loop with the same body and condition. They agree on every input the program has been given. Are they equivalent?,No; they differ on input for which the condition is false at entry,Yes; the two forms are interchangeable,No; they differ whenever the loop runs more than once,No; they differ on input for which the loop never ends,A,No; they differ on input for which the condition is false at entry,"Every input tested happened to satisfy the condition at least once, which is where the two forms agree. The separating case is the one the testing never produced.",AUTHORED,
GB_CF_048,C_CONTROL_FLOW,CF_C13_EQUIVALENCE,CF_F15_CONTROL_STRUCTURES_CAN_BE_REWRITTEN,CF_FAM15_CONTROL_EQUIVALENCE,CF_RG_LOOPS,D5,EVALUATE,mcq_single,A chain of else-if branches is rewritten as three separate if statements with the same conditions and bodies. Are the two equivalent?,Yes; the same conditions select the same branches,No; separate statements cannot use the same conditions,"No; where two conditions both hold, the chain runs one branch and the separate statements run both","Yes, provided the conditions are written in the same order",C,"No; where two conditions both hold, the chain runs one branch and the separate statements run both","A chain stops at its first true condition and separate statements each test independently, so the two agree exactly when no two conditions can hold together. With disjoint conditions they are genuinely equivalent, which is what makes this worth checking rather than assuming.",AUTHORED,
GB_CF_049,C_CONTROL_FLOW,CF_C13_EQUIVALENCE,CF_F15_CONTROL_STRUCTURES_CAN_BE_REWRITTEN,CF_FAM15_CONTROL_EQUIVALENCE,CF_RG_LOOPS,D5,EVALUATE,mcq_single,A for loop is rewritten as a while loop with the initialisation before it and the step at the end of the body. Are they equivalent?,"Yes, in every case","Yes for an ordinary body, but not if the body contains a continue, which skips the step in the while version",No; a for loop can never be written as a while loop,"No; the counter is scoped differently, which changes the result",B,"Yes for an ordinary body, but not if the body contains a continue, which skips the step in the while version","The two forms run the same three parts in the same order until something jumps to the next pass. A continue in the for version still performs the step, and in the rewritten version it skips it, which turns a terminating loop into an endless one.",AUTHORED,
GB_CF_050,C_CONTROL_FLOW,CF_C13_EQUIVALENCE,CF_F15_CONTROL_STRUCTURES_CAN_BE_REWRITTEN,CF_FAM15_CONTROL_EQUIVALENCE,CF_RG_LOOPS,D5,EVALUATE,mcq_single,Two fragments are equivalent for every input. One uses a multi-way selection and one uses a chain of conditionals. On what grounds should the choice be made?,"On the multi-way selection, which is always faster","On the chain, which is always clearer",On neither; equivalent fragments are interchangeable in every respect,"On which states the intent more directly, since behaviour no longer separates them",D,"On which states the intent more directly, since behaviour no longer separates them","Equivalence settles correctness and leaves everything else open, so what remains is whether the next reader can see the structure of the decision. Neither form is universally clearer — a multi-way selection suits matching one value, a chain suits ranges.",AUTHORED,
GB_CA_001,COMPUTER_ARCHITECTURE,CA_C01_PROCESSOR,CA_F01_CPU_ROLE,CA_FAM01_CPU_ROLE_SELECT,CA_RG_COMPONENT_ROLES,D1,REMEMBER,mcq_single,Which of these jobs is done by the processor?,Keeping files so they survive a restart,Carrying out the instructions a program contains,Deciding which program is allowed to run next,Holding the pictures shown on the screen,B,Carrying out the instructions a program contains,"The processor executes instructions; that is what it is for. Keeping files is storage, deciding what runs next is the operating system's decision, and holding an image is memory.",AUTHORED,
GB_CA_002,COMPUTER_ARCHITECTURE,CA_C01_PROCESSOR,CA_F01_CPU_ROLE,CA_FAM01_CPU_ROLE_SELECT,CA_RG_COMPONENT_ROLES,D1,REMEMBER,mcq_single,Is the processor where a computer's files are kept?,Yes; the processor holds everything the machine has,"Yes, but only the files currently open",No; files are kept in the operating system,"No; files are kept on storage, and the processor holds almost nothing",D,"No; files are kept on storage, and the processor holds almost nothing",The processor works on values handed to it and keeps only a few at a time. Confusing it with storage makes the rest of the machine's arrangement impossible to explain.,AUTHORED,
GB_CA_003,COMPUTER_ARCHITECTURE,CA_C01_PROCESSOR,CA_F01_CPU_ROLE,CA_FAM01_CPU_ROLE_SELECT,CA_RG_COMPONENT_ROLES,D1,REMEMBER,mcq_single,Is the processor hardware or software?,Hardware; it is a physical component,Software; it is a set of instructions,Software; it is part of the operating system,Neither; it is a way of describing what a machine does,A,Hardware; it is a physical component,"The processor is a physical part that instructions are given to. Instructions are what run on it, which is exactly the distinction the question turns on.",AUTHORED,
GB_CA_004,COMPUTER_ARCHITECTURE,CA_C01_PROCESSOR,CA_F01_CPU_ROLE,CA_FAM01_CPU_ROLE_SELECT,CA_RG_COMPONENT_ROLES,D1,REMEMBER,mcq_single,A machine displays an image on screen. Which part of that is the processor's job?,Holding the image while it is displayed,Turning the values into light on the panel,Working out the values that describe the image,Deciding which application may use the screen,C,Working out the values that describe the image,"The processor computes; other parts hold the result, display it, and arbitrate access to it. Attributing everything the machine does to the processor is the error being probed.",AUTHORED,
GB_CA_005,COMPUTER_ARCHITECTURE,CA_C01_PROCESSOR,CA_F01_CPU_ROLE,CA_FAM01_CPU_ROLE_SELECT,CA_RG_COMPONENT_ROLES,D2,REMEMBER,mcq_single,Which component mainly executes program instructions?,Working memory,The processor,The storage drive,The keyboard,B,The processor,Instructions are fetched from memory and carried out by the processor. Memory holds them and storage keeps them between runs; neither performs them.,LEGACY_REMAP,3d6bf6
GB_CA_006,COMPUTER_ARCHITECTURE,CA_C01_PROCESSOR,CA_F02_ALU_ARITHMETIC_LOGIC,CA_FAM02_OPERATION_ROUTING,CA_RG_COMPONENT_ROLES,D2,APPLY,mcq_single,Two numbers are added together. Which unit performs the addition?,The control unit,Working memory,The operating system,The arithmetic and logic unit,D,The arithmetic and logic unit,"The arithmetic and logic unit is the part built to carry arithmetic out. The control unit decides what happens next, memory holds the values, and the operating system issues no arithmetic of its own here.",AUTHORED,
GB_CA_007,COMPUTER_ARCHITECTURE,CA_C01_PROCESSOR,CA_F02_ALU_ARITHMETIC_LOGIC,CA_FAM02_OPERATION_ROUTING,CA_RG_COMPONENT_ROLES,D3,APPLY,mcq_single,Two values are compared to see which is larger. Which unit performs the comparison?,"The arithmetic and logic unit, which handles logic as well as arithmetic","The control unit, since a comparison controls what happens next","Working memory, where the two values are held","The operating system, which decides the outcome",A,"The arithmetic and logic unit, which handles logic as well as arithmetic","The unit's name covers logic as well as arithmetic, and a comparison is a logic operation. That its result then influences what runs next is a separate step performed by the control unit.",AUTHORED,
GB_CA_008,COMPUTER_ARCHITECTURE,CA_C01_PROCESSOR,CA_F03_CONTROL_UNIT_DECODES,CA_FAM03_CONTROL_VS_COMPUTE,CA_RG_COMPONENT_ROLES,D2,UNDERSTAND,mcq_single,What does the control unit do?,Performs the calculations the instructions ask for,Holds the program while it runs,Works out what each instruction means and directs the other parts accordingly,Stores the results of each instruction,C,Works out what each instruction means and directs the other parts accordingly,"The control unit interprets and directs; it produces no values of its own. Reading ""control"" as ""does the work"" is exactly the misreading the name invites.",AUTHORED,
GB_CA_009,COMPUTER_ARCHITECTURE,CA_C01_PROCESSOR,CA_F03_CONTROL_UNIT_DECODES,CA_FAM03_CONTROL_VS_COMPUTE,CA_RG_COMPONENT_ROLES,D3,UNDERSTAND,mcq_single,"An instruction says to multiply two values. Which part decides that a multiplication is what is wanted, and which part produces the answer?",The arithmetic and logic unit decides and produces the answer,The control unit decides; the arithmetic and logic unit produces the answer,The control unit decides and produces the answer,Working memory decides; the control unit produces the answer,B,The control unit decides; the arithmetic and logic unit produces the answer,Interpreting the instruction and performing it are two jobs done by two parts. Assigning both to one of them collapses the distinction the two units exist to make.,AUTHORED,
GB_CA_010,COMPUTER_ARCHITECTURE,CA_C01_PROCESSOR,CA_F04_REGISTERS_WORKING_VALUES,CA_FAM04_REGISTER_PLACEMENT,CA_RG_MEMORY_HIERARCHY,D2,UNDERSTAND,mcq_single,What do registers hold?,The whole of the program currently running,Files that must survive a restart,A copy of everything in working memory,The few values the processor is working with at this moment,D,The few values the processor is working with at this moment,"Registers hold a very small number of values, right where the work happens. Anything larger lives further out, in memory or on storage.",AUTHORED,
GB_CA_011,COMPUTER_ARCHITECTURE,CA_C01_PROCESSOR,CA_F04_REGISTERS_WORKING_VALUES,CA_FAM04_REGISTER_PLACEMENT,CA_RG_MEMORY_HIERARCHY,D3,UNDERSTAND,mcq_single,How do registers compare with working memory?,Far faster and far smaller,Faster and larger,Slower and smaller,"The same speed, and simply nearer",A,Far faster and far smaller,"Speed and capacity run in opposite directions across the whole arrangement, and registers sit at the fast, tiny end of it. Being both faster and larger would remove the reason for having memory at all.",AUTHORED,
GB_CA_012,COMPUTER_ARCHITECTURE,CA_C02_MEMORY_STORAGE,CA_F05_RAM_VOLATILE_WORKING,CA_FAM05_RAM_PURPOSE,CA_RG_STORAGE_CHOICE,D1,REMEMBER,mcq_single,What happens to the contents of working memory when a machine is switched off?,They are kept until the machine is switched on again,They are written to storage automatically,They are lost,They are kept for a few hours and then lost,C,They are lost,Working memory holds what is needed while the machine runs and keeps nothing without power. That is precisely why saving a file writes it somewhere else.,AUTHORED,
GB_CA_013,COMPUTER_ARCHITECTURE,CA_C02_MEMORY_STORAGE,CA_F05_RAM_VOLATILE_WORKING,CA_FAM05_RAM_PURPOSE,CA_RG_STORAGE_CHOICE,D1,REMEMBER,mcq_single,Which of these is kept in working memory while a program runs?,"The program's files, permanently",The values the program is currently using,"The operating system's installation, permanently",Nothing; a running program uses only the processor,B,The values the program is currently using,"Working memory holds what is in use now, and gives it up when the program ends. Permanent copies of anything live on storage.",AUTHORED,
GB_CA_014,COMPUTER_ARCHITECTURE,CA_C02_MEMORY_STORAGE,CA_F05_RAM_VOLATILE_WORKING,CA_FAM05_RAM_PURPOSE,CA_RG_STORAGE_CHOICE,D1,REMEMBER,mcq_single,Does adding more working memory make the processor faster?,Yes; more memory means faster calculation,Yes; the processor runs at the speed of the memory,No; adding memory has no effect on anything,"No; it lets more be held at once, which is a different thing",D,"No; it lets more be held at once, which is a different thing","More memory removes the need to shuffle data to and from storage, which can make a machine feel much faster without the processor doing anything more quickly. The two are separate quantities.",AUTHORED,
GB_CA_015,COMPUTER_ARCHITECTURE,CA_C02_MEMORY_STORAGE,CA_F05_RAM_VOLATILE_WORKING,CA_FAM05_RAM_PURPOSE,CA_RG_STORAGE_CHOICE,D2,REMEMBER,mcq_single,A machine has plenty of storage and very little working memory. What is the likely effect?,"Programs run, but the machine spends much of its time moving data between memory and storage",Programs cannot be installed at all,"Programs run at full speed, since storage makes up the difference",The processor runs more slowly to compensate,A,"Programs run, but the machine spends much of its time moving data between memory and storage","Storage can stand in for memory and is far slower, so the work still happens and takes much longer. Installation depends on storage, which the machine has.",AUTHORED,
GB_CA_016,COMPUTER_ARCHITECTURE,CA_C02_MEMORY_STORAGE,CA_F06_SECONDARY_STORAGE_PERSISTS,CA_FAM06_STORAGE_SELECTION,CA_RG_STORAGE_CHOICE,D2,APPLY,mcq_single,A value must still be available after the machine has been switched off and on again. Where should it be kept?,In working memory,In a processor register,On storage,In the processor cache,C,On storage,Only storage keeps its contents without power. Each of the other three is faster and loses everything when the machine stops.,AUTHORED,
GB_CA_017,COMPUTER_ARCHITECTURE,CA_C02_MEMORY_STORAGE,CA_F06_SECONDARY_STORAGE_PERSISTS,CA_FAM06_STORAGE_SELECTION,CA_RG_STORAGE_CHOICE,D3,APPLY,mcq_single,A value is read millions of times while a program runs and does not need to survive the program ending. Where is it best kept?,"On storage, so that it is safe","In working memory, or nearer the processor still","On storage, since it is read so often",Nowhere; a value read that often should be recomputed each time,B,"In working memory, or nearer the processor still","The requirement is speed and not survival, which points inward rather than outward. Keeping it on storage would make every one of those millions of reads far slower for a guarantee nobody asked for.",AUTHORED,
GB_CA_018,COMPUTER_ARCHITECTURE,CA_C02_MEMORY_STORAGE,CA_F07_HIERARCHY_SPEED_CAPACITY_TRADE,CA_FAM07_HIERARCHY_ORDERING,CA_RG_MEMORY_HIERARCHY,D2,ANALYZE,mcq_single,"Order these from fastest to slowest: working memory, a processor register, a storage drive.","Working memory, register, storage drive","Storage drive, working memory, register","Register, storage drive, working memory","Register, working memory, storage drive",D,"Register, working memory, storage drive","Speed increases with nearness to the processor, so registers lead and storage trails. The ordering by capacity runs the other way.",AUTHORED,
GB_CA_019,COMPUTER_ARCHITECTURE,CA_C02_MEMORY_STORAGE,CA_F07_HIERARCHY_SPEED_CAPACITY_TRADE,CA_FAM07_HIERARCHY_ORDERING,CA_RG_MEMORY_HIERARCHY,D3,ANALYZE,mcq_single,Order the same three from largest capacity to smallest.,"Storage drive, working memory, register","Register, working memory, storage drive","Working memory, storage drive, register",They are all about the same size,A,"Storage drive, working memory, register","Capacity runs opposite to speed, so the slowest layer is the largest. Getting both orders the same way round is the answer that shows the trade-off has not landed.",AUTHORED,
GB_CA_020,COMPUTER_ARCHITECTURE,CA_C02_MEMORY_STORAGE,CA_F07_HIERARCHY_SPEED_CAPACITY_TRADE,CA_FAM07_HIERARCHY_ORDERING,CA_RG_MEMORY_HIERARCHY,D4,ANALYZE,mcq_single,Someone proposes building a machine whose memory is as fast as a register and as large as a storage drive. Every layer of the existing arrangement exists because no such thing is available. What is wrong with the proposal?,Nothing; such memory already exists and is simply not used,Registers cannot be made larger under any circumstances,Nothing is wrong with wanting it; the arrangement exists precisely because speed and capacity cannot both be maximised affordably,A single layer would be slower than several,C,Nothing is wrong with wanting it; the arrangement exists precisely because speed and capacity cannot both be maximised affordably,"The proposal describes exactly what would make the hierarchy unnecessary, which is why the hierarchy exists. The obstacle is cost and physics rather than an oversight in how machines are built.",AUTHORED,
GB_CA_021,COMPUTER_ARCHITECTURE,CA_C02_MEMORY_STORAGE,CA_F07_HIERARCHY_SPEED_CAPACITY_TRADE,CA_FAM07_HIERARCHY_ORDERING,CA_RG_MEMORY_HIERARCHY,D4,ANALYZE,mcq_single,A machine's cache is described as being larger than its working memory. Every other layer in the machine follows the usual arrangement. Why is that description suspect?,Cache and memory are the same thing under two names,"Cache sits nearer the processor than memory, so it is faster and correspondingly smaller",Cache is always exactly half the size of memory,Nothing is suspect; cache size varies freely,B,"Cache sits nearer the processor than memory, so it is faster and correspondingly smaller","Each layer trades capacity for speed against the one beyond it, and cache is on the fast side of memory. A layer that was both faster and larger would make the layer beyond it pointless.",AUTHORED,
GB_CA_022,COMPUTER_ARCHITECTURE,CA_C03_IO_AND_BUSES,CA_F08_IO_DIRECTION,CA_FAM08_IO_CLASSIFICATION,CA_RG_IO_AND_COMMS,D1,UNDERSTAND,mcq_single,Which pair contains one input device and one output device?,Monitor and speaker,Mouse and scanner,Printer and speaker,Keyboard and monitor,D,Keyboard and monitor,A keyboard brings data in and a monitor sends it out. Each of the other pairs has both devices travelling in the same direction.,LEGACY_REMAP,376b2e
GB_CA_023,COMPUTER_ARCHITECTURE,CA_C03_IO_AND_BUSES,CA_F08_IO_DIRECTION,CA_FAM08_IO_CLASSIFICATION,CA_RG_IO_AND_COMMS,D1,UNDERSTAND,mcq_single,A touchscreen displays images and registers where it is touched. How should it be classified?,Both input and output,"Output only, because it is a screen","Input only, because it is touched","Neither, because it does both",A,Both input and output,"Classification follows what the data does, and here it travels in both directions. Deciding from the device category rather than from the data is what makes a screen look like output only.",AUTHORED,
GB_CA_024,COMPUTER_ARCHITECTURE,CA_C03_IO_AND_BUSES,CA_F08_IO_DIRECTION,CA_FAM08_IO_CLASSIFICATION,CA_RG_IO_AND_COMMS,D1,UNDERSTAND,mcq_single,A storage drive has data written to it and read from it. How should it be classified?,Neither; storage is a separate category,"Output only, since data is written to it",Both input and output,"Input only, since data is read from it",C,Both input and output,"Data travels into the drive and back out of it, so both directions occur. Treating storage as a category outside the classification is the answer that avoids applying the rule at all.",AUTHORED,
GB_CA_025,COMPUTER_ARCHITECTURE,CA_C03_IO_AND_BUSES,CA_F09_BUSES_CARRY_SIGNALS,CA_FAM09_COMPONENT_COMMUNICATION,CA_RG_IO_AND_COMMS,D2,UNDERSTAND,mcq_single,What does a bus do?,Stores data on the way between components,Carries signals between components along a shared route,Connects exactly two components to each other,Converts data from one form to another,B,Carries signals between components along a shared route,"A bus is a route rather than a place, and several components share it. Storing anything is the job of memory, and a shared route is what makes a bus different from a direct connection.",AUTHORED,
GB_CA_026,COMPUTER_ARCHITECTURE,CA_C03_IO_AND_BUSES,CA_F09_BUSES_CARRY_SIGNALS,CA_FAM09_COMPONENT_COMMUNICATION,CA_RG_IO_AND_COMMS,D3,UNDERSTAND,mcq_single,"A value is read from memory into the processor. Besides the value itself, what else must travel?",Nothing else; the value alone is enough,"The whole of the surrounding memory, from which the value is picked",The instruction that asked for the value,"Which location is wanted, and a signal saying that a read is what is being asked for",D,"Which location is wanted, and a signal saying that a read is what is being asked for","Memory has to be told where to look and what to do, so an address and a control signal accompany the data. Believing only data travels is the half-formed model this measures.",AUTHORED,
GB_CA_027,COMPUTER_ARCHITECTURE,CA_C04_INSTRUCTION_CYCLE,CA_F10_FETCH_DECODE_EXECUTE_ORDER,CA_FAM10_CYCLE_ORDERING,CA_RG_INSTRUCTION_CYCLE,D2,APPLY,mcq_single,Put the stages of handling one instruction in order.,"Fetch, decode, execute","Decode, fetch, execute","Fetch, execute, decode","Execute, fetch, decode",A,"Fetch, decode, execute","An instruction has to be collected before it can be interpreted, and interpreted before it can be carried out. Decoding first would require understanding something not yet obtained.",AUTHORED,
GB_CA_028,COMPUTER_ARCHITECTURE,CA_C04_INSTRUCTION_CYCLE,CA_F10_FETCH_DECODE_EXECUTE_ORDER,CA_FAM10_CYCLE_ORDERING,CA_RG_INSTRUCTION_CYCLE,D3,APPLY,mcq_single,How many times does that sequence of stages run while a program of a thousand instructions executes?,"Once, covering the whole program","Three times, once per stage","About a thousand times, once for each instruction",Once per line of source code the programmer wrote,C,"About a thousand times, once for each instruction","The cycle handles a single instruction and repeats for the next, which is what makes a processor able to run a program of any length. Treating it as covering the whole program misses the repetition entirely.",AUTHORED,
GB_CA_029,COMPUTER_ARCHITECTURE,CA_C04_INSTRUCTION_CYCLE,CA_F11_CYCLE_DATA_MOVEMENT,CA_FAM11_DATA_FLOW_TRACE,CA_RG_INSTRUCTION_CYCLE,D3,ANALYZE,mcq_single,An instruction adds a value held in memory to one already in the processor. Where does the memory value go first?,Straight into the arithmetic and logic unit from memory,Into a register inside the processor,"Onto storage, and then into the processor","Into the control unit, which performs the addition",B,Into a register inside the processor,"Values are brought into registers before they are operated on, which is what registers are for. The arithmetic unit works on what the registers hold rather than reaching into memory itself.",AUTHORED,
GB_CA_030,COMPUTER_ARCHITECTURE,CA_C04_INSTRUCTION_CYCLE,CA_F11_CYCLE_DATA_MOVEMENT,CA_FAM11_DATA_FLOW_TRACE,CA_RG_INSTRUCTION_CYCLE,D4,ANALYZE,mcq_single,A result has just been computed. Someone says it is written directly to the storage drive. The program did not ask for anything to be saved. Where does it actually go?,"To the storage drive, as they said",Back into the control unit for checking,Nowhere; it is used and discarded within the arithmetic unit,"Into a register, and then to memory if the program keeps it",D,"Into a register, and then to memory if the program keeps it","Reaching storage requires an explicit request, and none was made. A computed value lands in a register and travels no further unless the program stores it.",AUTHORED,
GB_CA_031,COMPUTER_ARCHITECTURE,CA_C04_INSTRUCTION_CYCLE,CA_F11_CYCLE_DATA_MOVEMENT,CA_FAM11_DATA_FLOW_TRACE,CA_RG_INSTRUCTION_CYCLE,D4,ANALYZE,mcq_single,"A single instruction is traced and the value appears never to enter a register at all, going straight from memory to the arithmetic unit. Every other instruction in the trace does use a register. What is the likely explanation?",The trace has omitted the step; the register is where operands are held for the arithmetic unit,This instruction is a special kind that bypasses registers,The arithmetic unit contains its own memory for such cases,The value was small enough not to need a register,A,The trace has omitted the step; the register is where operands are held for the arithmetic unit,"One instruction behaving unlike every other in the same trace points at the record rather than at the machine. Operands reach the arithmetic unit through registers, and the size of a value does not change that.",AUTHORED,
GB_CA_032,COMPUTER_ARCHITECTURE,CA_C04_INSTRUCTION_CYCLE,CA_F11_CYCLE_DATA_MOVEMENT,CA_FAM11_DATA_FLOW_TRACE,CA_RG_INSTRUCTION_CYCLE,D5,ANALYZE,mcq_single,Trace where a value is at each point while one instruction adds it to another: it begins on the storage drive and the program has just started. What is the full path?,"Storage to the arithmetic unit, result to memory","Storage to a register, register to memory, memory to the arithmetic unit","Storage to memory, memory to a register, register to the arithmetic unit, result back to a register","Memory to the arithmetic unit, result to storage",C,"Storage to memory, memory to a register, register to the arithmetic unit, result back to a register","Each layer hands on to the next one inward, and the result comes back out the way it went in. Skipping memory or reaching the arithmetic unit from storage removes a step the machine cannot do without.",AUTHORED,
GB_CA_033,COMPUTER_ARCHITECTURE,CA_C04_INSTRUCTION_CYCLE,CA_F11_CYCLE_DATA_MOVEMENT,CA_FAM11_DATA_FLOW_TRACE,CA_RG_INSTRUCTION_CYCLE,D5,ANALYZE,mcq_single,"A value is used repeatedly by a tight piece of code. Where would you expect it to be after the first few uses, and why?","Written back to storage after each use, for safety","In a register or cache, because the machine keeps recently used values near the processor","In working memory, since that is where all values live","Recomputed each time, since holding it costs space",B,"In a register or cache, because the machine keeps recently used values near the processor","Repeated use is exactly the condition the inner layers exist for, so a value read again and again is kept close. Writing it out after each use would pay the largest cost available on every use.",AUTHORED,
GB_CA_034,COMPUTER_ARCHITECTURE,CA_C05_DATA_REPRESENTATION,CA_F12_EVERYTHING_IS_BINARY,CA_FAM12_REPRESENTATION_REASONING,CA_RG_REPRESENTATION,D2,UNDERSTAND,mcq_single,Which digit values are used in binary?,0 to 9,1 and 2,A and B,0 and 1,D,0 and 1,"Binary uses exactly two digit values. Everything a machine holds — numbers, text, images, sound — is built from them.",LEGACY_KEEP,ad1f40
GB_CA_035,COMPUTER_ARCHITECTURE,CA_C05_DATA_REPRESENTATION,CA_F12_EVERYTHING_IS_BINARY,CA_FAM12_REPRESENTATION_REASONING,CA_RG_REPRESENTATION,D3,UNDERSTAND,mcq_single,"The same pattern of bits is opened as a number by one program and as text by another, and each shows something different. How is that possible?",The bits carry no meaning of their own; what they represent is decided by how they are interpreted,One of the two programs has misread the bits,The bits change depending on which program opens them,"Text and numbers are stored in different ways, so one of the two is wrong",A,The bits carry no meaning of their own; what they represent is decided by how they are interpreted,"Storage holds patterns and nothing else, and meaning is supplied by whatever reads them. This is why opening a file with the wrong program shows nonsense rather than reporting an error.",LEGACY_REWRITE,b66479
GB_CA_036,COMPUTER_ARCHITECTURE,CA_C06_PERFORMANCE,CA_F13_SLOWEST_RESOURCE_LIMITS,CA_FAM13_BOTTLENECK_DIAGNOSIS,CA_RG_PERFORMANCE,D3,ANALYZE,mcq_single,A machine copying large files between drives shows the processor almost idle throughout. Which component limits the work?,The processor,Working memory,The drives,The display,C,The drives,An idle processor cannot be what is holding the work up. Copying moves data between drives and is limited by how fast they can read and write it.,AUTHORED,
GB_CA_037,COMPUTER_ARCHITECTURE,CA_C06_PERFORMANCE,CA_F13_SLOWEST_RESOURCE_LIMITS,CA_FAM13_BOTTLENECK_DIAGNOSIS,CA_RG_PERFORMANCE,D4,ANALYZE,mcq_single,"A task takes far longer than expected. The processor sits near idle, the drives are busy continuously, and there is ample free memory. Someone proposes a faster processor. Would it help?",Yes; a faster processor speeds up every task,"No; the processor is not what the work is waiting on, so a faster one would sit idle just as often",Yes; the drives would be driven harder by a faster processor,No; more memory is what is needed,B,"No; the processor is not what the work is waiting on, so a faster one would sit idle just as often","The evidence names the busy component and the idle one, which settles where the limit is. Adding memory would not help either, since the stem says there is already plenty.",AUTHORED,
GB_CA_038,COMPUTER_ARCHITECTURE,CA_C06_PERFORMANCE,CA_F13_SLOWEST_RESOURCE_LIMITS,CA_FAM13_BOTTLENECK_DIAGNOSIS,CA_RG_PERFORMANCE,D4,ANALYZE,mcq_single,"A calculation runs slowly. The processor is fully used, the drives are quiet and memory is largely free. Which change would help most?",A larger storage drive,More working memory,A faster network connection,"A faster processor, or spreading the work across more of them",D,"A faster processor, or spreading the work across more of them","The fully used component is the one holding the work up, and here it is the processor. Each other change addresses a resource the evidence shows is not under pressure.",AUTHORED,
GB_CA_039,COMPUTER_ARCHITECTURE,CA_C06_PERFORMANCE,CA_F13_SLOWEST_RESOURCE_LIMITS,CA_FAM13_BOTTLENECK_DIAGNOSIS,CA_RG_PERFORMANCE,D5,ANALYZE,mcq_single,"A machine is upgraded with a much faster processor and the task it was bought for runs barely faster. What does that tell you, and what should be measured next?",The processor was not the limit; measure which component is busy while the task runs,The upgrade was faulty and should be replaced,The task cannot be made faster by any hardware,The processor must be faster still,A,The processor was not the limit; measure which component is busy while the task runs,"An upgrade that changes nothing is evidence about where the limit is not, which narrows the search rather than exhausting it. Buying a faster version of the same component again is what the observation argues against.",AUTHORED,
GB_CA_040,COMPUTER_ARCHITECTURE,CA_C06_PERFORMANCE,CA_F13_SLOWEST_RESOURCE_LIMITS,CA_FAM13_BOTTLENECK_DIAGNOSIS,CA_RG_PERFORMANCE,D5,ANALYZE,mcq_single,"After a component is upgraded and the task speeds up, the same task is now limited by a different component. Is that a sign the upgrade was wrong?",Yes; a correct upgrade removes the limit entirely,Yes; the new limit shows the wrong component was chosen,"No; relieving one limit always exposes the next one, and the task did get faster","No, but the second limit means the first was not a limit at all",C,"No; relieving one limit always exposes the next one, and the task did get faster","Something is always the slowest part, so removing one bottleneck necessarily reveals another. Whether the upgrade was worth it is settled by how much faster the task became, not by whether a limit remains.",AUTHORED,
GB_CA_041,COMPUTER_ARCHITECTURE,CA_C06_PERFORMANCE,CA_F13_SLOWEST_RESOURCE_LIMITS,CA_FAM13_BOTTLENECK_DIAGNOSIS,CA_RG_PERFORMANCE,D5,ANALYZE,mcq_single,Two upgrades are affordable and only one can be bought. One removes a limit that costs the task ten minutes a day; the other removes a limit costing two minutes a day and is cheaper. How should the choice be made?,"Always the larger saving, since time matters most","By comparing what each buys against what each costs, since the larger saving is not automatically the better purchase","Always the cheaper one, since budgets are limited",Neither; both limits should be removed together,B,"By comparing what each buys against what each costs, since the larger saving is not automatically the better purchase","Two quantities are in play and neither dominates by itself, so the decision needs both. A rule that looks only at the saving, or only at the price, is a preference standing in for a calculation.",AUTHORED,
GB_CA_042,COMPUTER_ARCHITECTURE,CA_C06_PERFORMANCE,CA_F14_ARCHITECTURE_TRADEOFF,CA_FAM14_TRADEOFF_DECISION,CA_RG_PERFORMANCE,D4,EVALUATE,mcq_single,"A machine is needed to hold a very large archive that is read rarely, and the budget is tight. Speed is explicitly not a priority. Which configuration is defensible?","The fastest drive available, at whatever capacity fits the budget",A large amount of working memory instead of storage,"A configuration that is fastest, largest and cheapest at once","A large, slower drive, accepting that reads take longer",D,"A large, slower drive, accepting that reads take longer","The stated priorities are capacity and cost, and the answer gives up the thing that was said not to matter. The last option claims to win on every axis, which is what the trade-off says is unavailable.",AUTHORED,
GB_CA_043,COMPUTER_ARCHITECTURE,CA_C06_PERFORMANCE,CA_F14_ARCHITECTURE_TRADEOFF,CA_FAM14_TRADEOFF_DECISION,CA_RG_PERFORMANCE,D4,EVALUATE,mcq_single,"A machine must serve a small dataset to many users as quickly as possible, and capacity is not a concern. The whole dataset fits comfortably in memory. Which configuration is defensible?","Enough memory to hold the dataset, and a fast processor, with modest storage",The largest storage drive available,"Minimal memory, with the dataset read from storage each time",A configuration chosen for lowest cost across every component,A,"Enough memory to hold the dataset, and a fast processor, with modest storage","The stated priority is speed for a small dataset, and the stem confirms it fits in memory, which removes the reason to buy capacity. Reading from storage each time gives up exactly what was asked for.",AUTHORED,
GB_CA_044,COMPUTER_ARCHITECTURE,CA_C06_PERFORMANCE,CA_F14_ARCHITECTURE_TRADEOFF,CA_FAM14_TRADEOFF_DECISION,CA_RG_PERFORMANCE,D5,EVALUATE,mcq_single,"A supplier claims a configuration that is faster, larger and cheaper than every alternative. What is the first thing to check?",Nothing; a better configuration is simply better,Whether the price includes delivery,"What it gives up that the comparison did not measure — durability, reliability, or how the figures were obtained",Whether the components are from the same manufacturer,C,"What it gives up that the comparison did not measure — durability, reliability, or how the figures were obtained","Winning on every axis at once is what the trade-off says does not happen, so the claim points at an axis nobody compared. That is a reason to look harder rather than to reject it outright.",AUTHORED,
GB_CA_045,COMPUTER_ARCHITECTURE,CA_C06_PERFORMANCE,CA_F14_ARCHITECTURE_TRADEOFF,CA_FAM14_TRADEOFF_DECISION,CA_RG_PERFORMANCE,D5,EVALUATE,mcq_single,A budget can buy either much more memory or a much faster processor. The workload is not yet known. What follows?,"Buy the processor, since it affects everything",The choice cannot be made responsibly yet; what the workload spends its time on is what decides it,"Buy the memory, since it is more flexible",Split the budget evenly between the two,B,The choice cannot be made responsibly yet; what the workload spends its time on is what decides it,"Which component matters is a property of the work rather than of the machine, so an unknown workload leaves the question genuinely open. Splitting evenly is a way of avoiding the decision rather than making it.",AUTHORED,
GB_CA_046,COMPUTER_ARCHITECTURE,CA_C06_PERFORMANCE,CA_F14_ARCHITECTURE_TRADEOFF,CA_FAM14_TRADEOFF_DECISION,CA_RG_PERFORMANCE,D5,EVALUATE,mcq_single,A configuration is chosen for a workload and the workload later changes character entirely. What does that say about the original decision?,"It was wrong, since the configuration no longer suits the work","It was right, and the workload should be changed back","It says nothing, since hardware decisions cannot be judged","It may have been right when it was made; a decision is judged on what was known then, and the configuration should now be revisited",D,"It may have been right when it was made; a decision is judged on what was known then, and the configuration should now be revisited","A choice made well on the information available can be overtaken by events, and treating that as an error discourages making any decision at all. What follows is a fresh decision rather than a verdict on the old one.",AUTHORED,
GB_CA_047,COMPUTER_ARCHITECTURE,CA_C02_MEMORY_STORAGE,CA_F07_HIERARCHY_SPEED_CAPACITY_TRADE,CA_FAM15_HIERARCHY_TRANSFER,CA_RG_MEMORY_HIERARCHY,D4,EVALUATE,mcq_single,A workload reads one small table over and over while streaming a very large file past it once. The table is far smaller than memory and the file is far larger. Which layer does the work depend on most?,"Memory, to hold the small table, while the large file is read from storage as it goes","Storage, since the file dominates the data volume","Registers, since the table is small","Cache alone, since the table is read repeatedly",A,"Memory, to hold the small table, while the large file is read from storage as it goes",The two parts of the workload have different needs and each lands on a different layer. The table is what is read repeatedly and must therefore be held close; the file is read once and has nowhere else to be.,AUTHORED,
GB_CA_048,COMPUTER_ARCHITECTURE,CA_C02_MEMORY_STORAGE,CA_F07_HIERARCHY_SPEED_CAPACITY_TRADE,CA_FAM15_HIERARCHY_TRANSFER,CA_RG_MEMORY_HIERARCHY,D4,EVALUATE,mcq_single,A workload holds a dataset slightly larger than the machine's memory and touches all of it constantly. The processor is idle much of the time. Which layer decides how fast it runs?,"The processor, since it does the work","Registers, since every value passes through them","Storage, because the part that will not fit is fetched from there again and again","Memory, since the dataset is nearly small enough to fit",C,"Storage, because the part that will not fit is fetched from there again and again","Being slightly too large is the worst case: almost everything fits, and the small remainder is fetched from the slowest layer constantly. An idle processor confirms the wait is elsewhere.",AUTHORED,
GB_CA_049,COMPUTER_ARCHITECTURE,CA_C02_MEMORY_STORAGE,CA_F07_HIERARCHY_SPEED_CAPACITY_TRADE,CA_FAM15_HIERARCHY_TRANSFER,CA_RG_MEMORY_HIERARCHY,D5,EVALUATE,mcq_single,"A dataset just fits in memory, and it then grows by a few per cent. Performance falls off a cliff rather than degrading gently. Why?",Memory becomes slower as it fills,"The part that no longer fits is fetched from storage repeatedly, and storage is far slower rather than slightly slower",The processor throttles itself when memory is full,The growth was larger than reported,B,"The part that no longer fits is fetched from storage repeatedly, and storage is far slower rather than slightly slower","The layers differ by large factors rather than small ones, so crossing from one to the next is a step rather than a slope. A few per cent more data can move a large share of the accesses to a layer orders of magnitude slower.",AUTHORED,
GB_CA_050,COMPUTER_ARCHITECTURE,CA_C02_MEMORY_STORAGE,CA_F07_HIERARCHY_SPEED_CAPACITY_TRADE,CA_FAM15_HIERARCHY_TRANSFER,CA_RG_MEMORY_HIERARCHY,D5,EVALUATE,mcq_single,A colleague suggests that keeping data in the fastest available layer is always the right choice. When does that advice fail?,Never; faster is always better,"Whenever the data is read only once, since speed is wasted","Whenever the data must survive a restart, since fast layers are less reliable",Whenever the data does not fit; a layer that is faster and too small does not hold the data at all,D,Whenever the data does not fit; a layer that is faster and too small does not hold the data at all,"Capacity is a constraint rather than a preference, so the fastest layer is only a candidate if the data fits in it. Reading data once is a weaker objection — speed still helps, it simply helps less.",AUTHORED,
GB_DA_001,DSA_ARRAYS,DA_C01_STRUCTURE,DA_F01_ARRAY_IS_INDEXED_SEQUENCE,DA_FAM01_INDEX_RECOGNITION,DA_RG_ACCESS,D1,REMEMBER,mcq_single,"An array holds 40, 55, 62, 77. What value is at position 0?",55,40,77,There is no position 0,B,40,"Positions are counted from zero, so position 0 holds the first value. Counting from one would give the second value instead.",AUTHORED,
GB_DA_002,DSA_ARRAYS,DA_C01_STRUCTURE,DA_F01_ARRAY_IS_INDEXED_SEQUENCE,DA_FAM01_INDEX_RECOGNITION,DA_RG_ACCESS,D1,REMEMBER,mcq_single,"An array holds red, green, blue, white, black. At what position is white?",4,2,5,3,D,3,"Counting red as position 0 puts white at position 3. Answering 4 counts from one, which is the commonest source of an off-by-one fault later.",AUTHORED,
GB_DA_003,DSA_ARRAYS,DA_C01_STRUCTURE,DA_F01_ARRAY_IS_INDEXED_SEQUENCE,DA_FAM01_INDEX_RECOGNITION,DA_RG_ACCESS,D1,REMEMBER,mcq_single,"An array holds 9, 4, 7, 1, 6. What value is at the last valid position?",6,1,5,There is no last position until the array is full,A,6,"The last valid position holds the final value, which is 6. Answering 1 stops one position short, and 5 reports how many values there are rather than any of them.",AUTHORED,
GB_DA_004,DSA_ARRAYS,DA_C01_STRUCTURE,DA_F01_ARRAY_IS_INDEXED_SEQUENCE,DA_FAM01_INDEX_RECOGNITION,DA_RG_ACCESS,D1,REMEMBER,mcq_single,An array holds 3 values. Which of these is a valid position?,3,4,1,-2,C,1,"Three values occupy positions 0, 1 and 2, so 1 is inside the array and 3 is one past the end. Using the count as a position is the single commonest array fault.",AUTHORED,
GB_DA_005,DSA_ARRAYS,DA_C01_STRUCTURE,DA_F01_ARRAY_IS_INDEXED_SEQUENCE,DA_FAM01_INDEX_RECOGNITION,DA_RG_ACCESS,D2,REMEMBER,mcq_single,"A collection holds 10, 20, 30, and a program reads the value at position 1. What does it get?",10,20,30,1,B,20,"Counting from zero makes position 1 the second value, which is 20. Answering 10 counts from one, and 1 reports the position rather than what is stored there.",LEGACY_REMAP,661b00
GB_DA_006,DSA_ARRAYS,DA_C01_STRUCTURE,DA_F02_LENGTH_IS_NOT_LAST_INDEX,DA_FAM02_LENGTH_RECOGNITION,DA_RG_ACCESS,D1,REMEMBER,mcq_single,An array holds 6 values. What is its last valid position?,6,7,0,5,D,5,"Six values occupy positions 0 to 5, so the last is one below the count. Treating the length as a position reads one past the end.",AUTHORED,
GB_DA_007,DSA_ARRAYS,DA_C01_STRUCTURE,DA_F02_LENGTH_IS_NOT_LAST_INDEX,DA_FAM02_LENGTH_RECOGNITION,DA_RG_ACCESS,D1,REMEMBER,mcq_single,An array occupies positions 0 to 8. How many values does it hold?,9,8,10,7,A,9,"Positions 0 to 8 inclusive is 9 positions, because the count includes both ends. Subtracting the two numbers gives 8 and forgets that both ends are occupied.",AUTHORED,
GB_DA_008,DSA_ARRAYS,DA_C01_STRUCTURE,DA_F02_LENGTH_IS_NOT_LAST_INDEX,DA_FAM02_LENGTH_RECOGNITION,DA_RG_ACCESS,D1,REMEMBER,mcq_single,An array holds no values at all. What is its length?,1,Undefined,0,It cannot exist,C,0,"An empty array is a perfectly ordinary array whose length is zero. It has no valid positions at all, which is different from having one.",AUTHORED,
GB_DA_009,DSA_ARRAYS,DA_C01_STRUCTURE,DA_F02_LENGTH_IS_NOT_LAST_INDEX,DA_FAM02_LENGTH_RECOGNITION,DA_RG_ACCESS,D2,REMEMBER,mcq_single,Someone says an array's length and its last valid position are the same number. When is that true?,Always; both count the items,Never; the last position is always one below the length,When the array holds exactly one item,When the array is empty,B,Never; the last position is always one below the length,"Counting from zero puts the two exactly one apart for every array. A single item gives length 1 and last position 0, and an empty array has length 0 and no valid position at all.",AUTHORED,
GB_DA_010,DSA_ARRAYS,DA_C02_OPERATIONS,DA_F03_OPERATIONS_HAVE_NAMES,DA_FAM03_OPERATION_RECOGNITION,DA_RG_OPERATIONS,D1,REMEMBER,mcq_single,"A value already stored at a position is changed to a different value. What is the operation, and does the length change?","Inserting, and the length increases by one","Removing, and the length decreases by one","Searching, and the length does not change","Replacing, and the length does not change",D,"Replacing, and the length does not change","Replacing puts a new value where one already was, so nothing is added or lost. The length is what separates replacing from inserting.",AUTHORED,
GB_DA_011,DSA_ARRAYS,DA_C02_OPERATIONS,DA_F03_OPERATIONS_HAVE_NAMES,DA_FAM03_OPERATION_RECOGNITION,DA_RG_OPERATIONS,D1,REMEMBER,mcq_single,"A new value is put into the middle of an array without any existing value being lost. What is the operation, and does the length change?","Inserting, and the length increases by one","Replacing, and the length does not change","Inserting, and the length does not change","Removing, and the length decreases by one",A,"Inserting, and the length increases by one","Nothing being lost means nothing was overwritten, so the array must have grown. An insertion that did not change the length would have to have destroyed something.",AUTHORED,
GB_DA_012,DSA_ARRAYS,DA_C02_OPERATIONS,DA_F03_OPERATIONS_HAVE_NAMES,DA_FAM03_OPERATION_RECOGNITION,DA_RG_OPERATIONS,D1,REMEMBER,mcq_single,An array is examined to find whether a value is present. What happens to the array?,The found value is removed,The array is reordered so the value comes first,Nothing; searching reads and does not change anything,The length decreases by one,C,Nothing; searching reads and does not change anything,"A search reports where something is, or that it is absent, and leaves the data as it found it. An operation that changed the array while looking would make repeated searches unreliable.",AUTHORED,
GB_DA_013,DSA_ARRAYS,DA_C02_OPERATIONS,DA_F03_OPERATIONS_HAVE_NAMES,DA_FAM03_OPERATION_RECOGNITION,DA_RG_OPERATIONS,D2,REMEMBER,mcq_single,A value is removed from the middle of an array. What happens to the position it occupied?,The position is left empty and the length is unchanged,"The later items move down to close the gap, and the length decreases by one",The position is filled with zero and the length is unchanged,The later items keep their positions and the length decreases by one,B,"The later items move down to close the gap, and the length decreases by one","An array holds its items in consecutive positions, so removing one means everything after it moves. A gap left behind would break the rule that positions run without interruption.",AUTHORED,
GB_DA_014,DSA_ARRAYS,DA_C02_OPERATIONS,DA_F04_INSERTION_SHIFTS_ITEMS,DA_FAM04_SHIFT_EFFECT,DA_RG_OPERATIONS,D2,APPLY,mcq_single,"An array holds 5, 8, 12, 20. The value 9 is inserted at position 1. What does the array hold?","5, 9, 12, 20","9, 5, 8, 12, 20","5, 8, 9, 12, 20","5, 9, 8, 12, 20",D,"5, 9, 8, 12, 20","The new value takes position 1 and everything from there onward moves up one place, so nothing is lost. Overwriting the 8 would be replacing rather than inserting.",AUTHORED,
GB_DA_015,DSA_ARRAYS,DA_C02_OPERATIONS,DA_F04_INSERTION_SHIFTS_ITEMS,DA_FAM04_SHIFT_EFFECT,DA_RG_OPERATIONS,D3,APPLY,mcq_single,"An array holds 3, 7, 11, 15, 19. The value at position 1 is removed. Where is 15 afterwards?",Position 2,"Position 3, where it was",Position 4,Position 1,A,Position 2,"Removing an item moves everything after it down one place, so 15 falls from position 3 to position 2. Items keeping their old positions is what an array cannot do.",AUTHORED,
GB_DA_016,DSA_ARRAYS,DA_C03_TRAVERSAL,DA_F05_TRAVERSAL_VISITS_EACH_ITEM,DA_FAM05_TRAVERSAL_RESULT,DA_RG_TRAVERSAL,D2,APPLY,mcq_single,"A collection holds 4, 9, 2, 7, 5. A traversal counts how many values exceed 4. What is the result?",21,4,3,2,C,3,"The values 9, 7 and 5 exceed 4, so the count is 3. Answering 21 totals those values instead, and 4 counts the values that are 4 or more.",LEGACY_REMAP,1e5032
GB_DA_017,DSA_ARRAYS,DA_C03_TRAVERSAL,DA_F05_TRAVERSAL_VISITS_EACH_ITEM,DA_FAM05_TRAVERSAL_RESULT,DA_RG_TRAVERSAL,D3,APPLY,mcq_single,"A collection holds -8, -3, -12, -5. A traversal finds the largest value, starting from the first item. What is the result?",0,-3,-12,-8,B,-3,"Comparing each value against the running largest gives -3, which is the greatest of the four. Answering 0 is what a traversal starting from zero rather than from the first item would report — a value that never appears in the data.",LEGACY_REMAP,1eee69
GB_DA_018,DSA_ARRAYS,DA_C04_SEARCH,DA_F06_UNSORTED_SEARCH_CHECKS_EACH,DA_FAM06_LINEAR_SEARCH_WORK,DA_RG_SEARCH,D2,APPLY,mcq_single,"An unsorted array holds 6, 2, 9, 4, 7. A search checks each item in turn for the value 9. How many comparisons does it make?",1,5,2,3,D,3,"The search checks 6, then 2, then 9, stopping when it matches, which is 3 comparisons. Answering 2 gives the position rather than the number of comparisons.",AUTHORED,
GB_DA_019,DSA_ARRAYS,DA_C04_SEARCH,DA_F06_UNSORTED_SEARCH_CHECKS_EACH,DA_FAM06_LINEAR_SEARCH_WORK,DA_RG_SEARCH,D3,APPLY,mcq_single,An unsorted array of 20 items is searched for a value that is present as the very last item. How many comparisons does a check-each-in-turn search make?,20,19,1,10,A,20,"Every item is checked, including the last, so the count equals the length of 20. Answering 19 stops one short, and 10 assumes an average rather than this particular case.",AUTHORED,
GB_DA_020,DSA_ARRAYS,DA_C04_SEARCH,DA_F06_UNSORTED_SEARCH_CHECKS_EACH,DA_FAM06_LINEAR_SEARCH_WORK,DA_RG_SEARCH,D4,APPLY,mcq_single,An unsorted array of 20 items is searched for a value that is not present at all. Someone says the search stops early because there is nothing to find. How many comparisons are made?,"19, since the last item need not be checked","1, since the search stops as soon as it fails",20; every item must be checked before absence can be established,"0, since the value is not there to compare against",C,20; every item must be checked before absence can be established,"Absence can only be established by exhausting the array, so the absent case costs the most rather than the least. Nothing in an unsorted array allows an earlier conclusion.",AUTHORED,
GB_DA_021,DSA_ARRAYS,DA_C04_SEARCH,DA_F07_SORTED_SEARCH_DISCARDS_HALF,DA_FAM07_HALVING_SEARCH,DA_RG_SEARCH,D2,ANALYZE,mcq_single,"A sorted array holds 2, 5, 9, 14, 20, 27, 31. The middle value 14 is compared with a target of 27. Which items remain in consideration?","2, 5, 9","20, 27, 31","2, 5, 9, 14","20, 27",B,"20, 27, 31","The target is larger than the middle, so everything at or below the middle is discarded and the upper part remains. Discarding from the wrong side would throw away the item being sought.",AUTHORED,
GB_DA_022,DSA_ARRAYS,DA_C04_SEARCH,DA_F07_SORTED_SEARCH_DISCARDS_HALF,DA_FAM07_HALVING_SEARCH,DA_RG_SEARCH,D3,ANALYZE,mcq_single,A sorted array holds 64 items. At most how many comparisons does a halving search need?,32,64,8,7,D,7,"Each comparison halves what remains — 64, 32, 16, 8, 4, 2, 1 — which is 7 steps to reach a single item. Halving the length once gives 32, which is what one halving leaves rather than the number of steps.",AUTHORED,
GB_DA_023,DSA_ARRAYS,DA_C04_SEARCH,DA_F07_SORTED_SEARCH_DISCARDS_HALF,DA_FAM07_HALVING_SEARCH,DA_RG_SEARCH,D4,ANALYZE,mcq_single,A halving search is applied to an unsorted array of 100 items and reports that a value is absent. The value is in fact present. The search itself was implemented correctly. What is wrong?,"The method requires the data to be in order, and discarding half of unsorted data discards it arbitrarily",The array is too large for a halving search,The search should have made more comparisons,The value must have been in a position the search cannot reach,A,"The method requires the data to be in order, and discarding half of unsorted data discards it arbitrarily","Every step assumes that everything on the discarded side is smaller or larger, and unsorted data gives no such guarantee. A correct implementation of a method whose precondition fails is still wrong.",AUTHORED,
GB_DA_024,DSA_ARRAYS,DA_C05_SORTING,DA_F08_SORTING_PROCEEDS_IN_PASSES,DA_FAM08_SORT_PASS_STATE,DA_RG_SORTING,D2,APPLY,mcq_single,"An array holds 5, 1, 4, 2. A pass compares each adjacent pair from the left and swaps them when the left is larger. What does the array hold after one complete pass?","1, 2, 4, 5","5, 4, 2, 1","1, 4, 2, 5","1, 4, 5, 2",C,"1, 4, 2, 5",The largest value is carried to the end by successive swaps while the rest move down one place. Answering the fully sorted array reports the eventual outcome rather than the state after one pass.,AUTHORED,
GB_DA_025,DSA_ARRAYS,DA_C05_SORTING,DA_F08_SORTING_PROCEEDS_IN_PASSES,DA_FAM08_SORT_PASS_STATE,DA_RG_SORTING,D3,APPLY,mcq_single,"Continuing from 1, 4, 2, 5, a second pass of the same method runs. What does the array hold afterwards?","1, 4, 2, 5","1, 2, 4, 5","1, 2, 5, 4","2, 1, 4, 5",B,"1, 2, 4, 5","The second pass swaps 4 and 2 and leaves the rest, which happens to complete the ordering here. That it finishes early is a property of this data rather than of the method.",AUTHORED,
GB_DA_026,DSA_ARRAYS,DA_C05_SORTING,DA_F08_SORTING_PROCEEDS_IN_PASSES,DA_FAM08_SORT_PASS_STATE,DA_RG_SORTING,D4,APPLY,mcq_single,"After one pass of the same method over an array of 6 items, someone says nothing useful has been achieved because the array is still unsorted. What has in fact been guaranteed?",The smallest item is now at the front,The array is half sorted,Nothing at all is guaranteed after a single pass,The largest item is now in its final position at the end,D,The largest item is now in its final position at the end,"Each pass carries the largest remaining item all the way to the end, so one item is settled even when the rest look unchanged. That is exactly why later passes can examine one fewer item each time.",AUTHORED,
GB_DA_027,DSA_ARRAYS,DA_C06_WORK,DA_F09_WORK_GROWS_WITH_SIZE,DA_FAM09_WORK_COMPARISON,DA_RG_COST,D2,ANALYZE,mcq_single,"Reading the value at a stated position in an array of 10 items, and doing the same in an array of 10,000. Which does more work?","Neither; a position is reached directly, whatever the size","The larger array, since there is more to search through","The smaller array, since it is held differently",It cannot be said without knowing the values,A,"Neither; a position is reached directly, whatever the size","An array reaches a position by calculation rather than by looking through the items, so the size does not enter into it. That is the property that makes an array worth using.",AUTHORED,
GB_DA_028,DSA_ARRAYS,DA_C06_WORK,DA_F09_WORK_GROWS_WITH_SIZE,DA_FAM09_WORK_COMPARISON,DA_RG_COST,D3,ANALYZE,mcq_single,"Inserting an item at the end of an array, and inserting one at the front. Which does more work as the array grows?","At the end, because the array may have to grow",Neither; both are a single operation,"At the front, because every existing item has to move up one place","At the front, but only for arrays of more than a hundred items",C,"At the front, because every existing item has to move up one place","Inserting at the front shifts every item, so the work rises with the length; at the end nothing has to move. Both being one line of code is what makes the difference invisible in the source.",AUTHORED,
GB_DA_029,DSA_ARRAYS,DA_C06_WORK,DA_F09_WORK_GROWS_WITH_SIZE,DA_FAM09_WORK_COMPARISON,DA_RG_COST,D4,ANALYZE,mcq_single,"A program builds a list by inserting each new item at the front, and becomes dramatically slower as the list grows. Each insertion is a single statement and the code is unchanged throughout. What accounts for it?",The statement is being executed more slowly as memory fills,"Each insertion moves every item already present, so the work per insertion grows with the list",The insertions are correct but the list has grown too large to hold,Inserting is inherently slow regardless of position,B,"Each insertion moves every item already present, so the work per insertion grows with the list","Unchanging code that gets slower as the data grows points at work that depends on the data rather than at the statement. Inserting at the end would show no such effect, which is what makes the position the cause.",AUTHORED,
GB_DA_030,DSA_ARRAYS,DA_C07_BOUNDS,DA_F10_OUT_OF_RANGE_HAS_CONSEQUENCES,DA_FAM10_BOUNDS_BEHAVIOUR,DA_RG_BOUNDS,D2,ANALYZE,mcq_single,A loop over an array of 5 items runs from position 0 up to and including position 5. What does the last pass do?,It reads the last item a second time,It reads nothing and the loop ends,It wraps around and reads the first item,It reads a position that is not part of the array,D,It reads a position that is not part of the array,"Five items occupy positions 0 to 4, so position 5 is past the end. Nothing wraps around, and the pass does happen — which is why the fault is not simply an ignored extra step.",AUTHORED,
GB_DA_031,DSA_ARRAYS,DA_C07_BOUNDS,DA_F10_OUT_OF_RANGE_HAS_CONSEQUENCES,DA_FAM10_BOUNDS_BEHAVIOUR,DA_RG_BOUNDS,D3,ANALYZE,mcq_single,The same loop bound is used in two languages: one reports an error on the last pass and the other returns whatever is in that memory. What does that difference reflect?,Whether the language checks the position before using it,Whether the array was declared with a fixed size,Whether the loop counts from zero,Whether the array holds numbers or text,A,Whether the language checks the position before using it,"The fault is identical in both; what differs is whether anything is watching for it. A checked language turns a silent wrong answer into a stopped program, which is a difference in what happens rather than in what was written.",AUTHORED,
GB_DA_032,DSA_ARRAYS,DA_C07_BOUNDS,DA_F10_OUT_OF_RANGE_HAS_CONSEQUENCES,DA_FAM10_BOUNDS_BEHAVIOUR,DA_RG_BOUNDS,D4,ANALYZE,mcq_single,"A total computed over an array is slightly too large, and the amount by which it is wrong changes between runs. Every value in the array is correct and the addition is correct. What is wrong?",One of the values is being added twice,The total is not initialised before the loop,The loop reads one position past the end and adds whatever happens to be there,The array has grown since it was created,C,The loop reads one position past the end and adds whatever happens to be there,"A varying error with correct data and correct arithmetic points at something outside the array being included. An uninitialised total would give an error that varies too, but it would rarely be slight, and adding a value twice would give the same error every run.",AUTHORED,
GB_DA_033,DSA_ARRAYS,DA_C08_TWO_POINTER,DA_F11_TWO_POSITIONS_CAN_MOVE_TOGETHER,DA_FAM11_TWO_POSITION_TRACE,DA_RG_TRAVERSAL,D3,APPLY,mcq_single,"An array holds A, B, C, D, E. One position starts at the front and one at the back; they swap their values and then move toward each other. What does the array hold after two swaps?","E, B, C, D, A","E, D, C, B, A","A, D, C, B, E","E, D, C, A, B",B,"E, D, C, B, A","The first swap exchanges the ends and the second exchanges the pair inside them, leaving the middle alone. Two swaps is enough to reverse five items, because the middle item has nowhere to go.",AUTHORED,
GB_DA_034,DSA_ARRAYS,DA_C08_TWO_POINTER,DA_F11_TWO_POSITIONS_CAN_MOVE_TOGETHER,DA_FAM11_TWO_POSITION_TRACE,DA_RG_TRAVERSAL,D4,APPLY,mcq_single,A reversal using two positions moving toward each other is run on an array of 6 items and the array comes back exactly as it started. The swap itself is correct and both positions do move. What is wrong?,The swap is being applied to the same position twice,"The array has an even number of items, which the method cannot handle",The positions are moving in the same direction,"The positions continue past each other, so every swap is performed a second time and undone",D,"The positions continue past each other, so every swap is performed a second time and undone","Every pair being swapped twice returns the array to its original state, which is what running past the crossing point produces. An even count is handled perfectly well when the loop stops at the crossing.",AUTHORED,
GB_DA_035,DSA_ARRAYS,DA_C09_SELECTION,DA_F12_APPROACH_DEPENDS_ON_THE_DATA,DA_FAM12_APPROACH_SELECTION,DA_RG_COST,D3,EVALUATE,mcq_single,Marks for 60 students must be stored so that any one of them can be reached by its position. Which arrangement fits?,"One array of 60 values, reached by position","Sixty separate variables, one per student",One value holding all sixty marks together,One array holding only the highest mark,A,"One array of 60 values, reached by position","Reaching a value by position is exactly what an array offers, and it works whatever the count. Sixty separate names cannot be reached by a computed position and would have to be written out individually.",LEGACY_REMAP,1db1fb
GB_DA_036,DSA_ARRAYS,DA_C09_SELECTION,DA_F12_APPROACH_DEPENDS_ON_THE_DATA,DA_FAM12_APPROACH_SELECTION,DA_RG_COST,D4,EVALUATE,mcq_single,"A value must be found once in an unsorted array of 1,000 items. Someone proposes sorting the array first and then using a halving search. The proposal would give the correct answer. Is it a good choice?",Yes; a halving search is always faster than checking each item,Yes; sorted data is always preferable,"No; sorting costs far more than the single traversal it saves, and the array is used only once",No; a halving search cannot be used on data that was sorted afterwards,C,"No; sorting costs far more than the single traversal it saves, and the array is used only once","The proposal is correct and the question is cost. Sorting a thousand items to save one traversal of a thousand items loses; had many searches been needed, the same proposal would win.",AUTHORED,
GB_DA_037,DSA_ARRAYS,DA_C10_DIAGNOSIS,DA_F13_ARRAY_FAULTS_HAVE_SIGNATURES,DA_FAM13_ARRAY_FAULT_DIAGNOSIS,DA_RG_DIAGNOSIS,D3,ANALYZE,mcq_single,A traversal reports a total that is always short by exactly the first value. What is the fault?,The loop ends one position early,The loop begins at position 1 rather than position 0,The total is initialised inside the loop,The values are being read in reverse,B,The loop begins at position 1 rather than position 0,"Being short by exactly the first item points at where the loop starts. Ending early would omit the last item instead, and initialising inside the loop would leave only the final value.",AUTHORED,
GB_DA_038,DSA_ARRAYS,DA_C10_DIAGNOSIS,DA_F13_ARRAY_FAULTS_HAVE_SIGNATURES,DA_FAM13_ARRAY_FAULT_DIAGNOSIS,DA_RG_DIAGNOSIS,D4,ANALYZE,mcq_single,A traversal reports a total short by exactly the last value. The loop starts at position 0 and the addition is correct. What is the fault?,The loop starts one position too late,The last value is being read as zero,The total is initialised to the first value,The loop stops one position before the end,D,The loop stops one position before the end,"Which end the missing value came from identifies which bound is wrong, and the stem rules the start out. Initialising to the first value would give a total that is too large rather than too small.",AUTHORED,
GB_DA_039,DSA_ARRAYS,DA_C10_DIAGNOSIS,DA_F13_ARRAY_FAULTS_HAVE_SIGNATURES,DA_FAM13_ARRAY_FAULT_DIAGNOSIS,DA_RG_DIAGNOSIS,D5,ANALYZE,mcq_single,"A traversal finding the largest value reports 0 for an array in which every value is negative, and reports correctly for every array containing a positive value. What is the fault, and why did it survive testing?","The running largest starts at 0, which no negative value beats; every test array happened to contain something positive","The comparison is reversed, and the test arrays were sorted","The loop skips negative values, and the test arrays had none","The array cannot hold negative values, and the tests avoided them",A,"The running largest starts at 0, which no negative value beats; every test array happened to contain something positive","A value appears in the output that is not in the data, which places the fault in the starting value rather than in the comparison. Testing found nothing because a single positive value in an array hides the fault completely.",AUTHORED,
GB_DA_040,DSA_ARRAYS,DA_C10_DIAGNOSIS,DA_F13_ARRAY_FAULTS_HAVE_SIGNATURES,DA_FAM13_ARRAY_FAULT_DIAGNOSIS,DA_RG_DIAGNOSIS,D5,ANALYZE,mcq_single,"Two candidate starting values for a largest-value traversal are proposed: zero, and the first item of the array. Which is correct, and what does the other require?","Zero, because it is smaller than any value that could appear",Either; both give the same answer on any array,The first item; starting from zero is only safe if the data is guaranteed to contain a positive value,"Zero, provided the array is checked for negatives first",C,The first item; starting from zero is only safe if the data is guaranteed to contain a positive value,"A starting value taken from the data can never be beaten by the data being unusual, which is why it needs no guarantee. Zero imposes a condition on the input that nothing in the code states or checks.",AUTHORED,
GB_DA_041,DSA_ARRAYS,DA_C10_DIAGNOSIS,DA_F13_ARRAY_FAULTS_HAVE_SIGNATURES,DA_FAM13_ARRAY_FAULT_DIAGNOSIS,DA_RG_DIAGNOSIS,D5,ANALYZE,mcq_single,"An array fault produces a slightly wrong total, and another produces a wildly wrong one. Which is more likely to reach production, and why?","The wild one, because large numbers are harder to notice","The slight one, because a plausible total passes the informal checks people actually make","They are equally likely, since both are faults","The slight one, because small errors are harder to fix",B,"The slight one, because a plausible total passes the informal checks people actually make",What keeps a fault alive is not its size but whether anybody questions the output. A total that looks about right is accepted; one that is obviously absurd is investigated the first time it appears.,AUTHORED,
GB_DA_042,DSA_ARRAYS,DA_C11_EDGE_CASES,DA_F14_EMPTY_AND_SINGLE_ITEM_DATA,DA_FAM14_EDGE_DATA_BEHAVIOUR,DA_RG_ROBUSTNESS,D4,ANALYZE,mcq_single,An approach compares each item with the one after it. It behaves correctly on every array of two or more items that it has been given. Which input breaks it?,"An array of two items, where only one comparison is possible",An array with repeated values,An array in reverse order,"An array of exactly one item, where there is no following item to compare with",D,"An array of exactly one item, where there is no following item to compare with","Reading ahead by one needs a successor to exist, and only a single item leaves none. Two items give exactly one comparison, which is the smallest case that works rather than the smallest that fails.",AUTHORED,
GB_DA_043,DSA_ARRAYS,DA_C11_EDGE_CASES,DA_F14_EMPTY_AND_SINGLE_ITEM_DATA,DA_FAM14_EDGE_DATA_BEHAVIOUR,DA_RG_ROBUSTNESS,D5,ANALYZE,mcq_single,An approach compares each item with the one after it. What does it produce for an empty array?,"Nothing, and correctly so; there are no pairs and the loop runs zero times","A failure, because there is no first item to read",A single comparison against nothing,The same result as for a single item,A,"Nothing, and correctly so; there are no pairs and the loop runs zero times","With no items there is nothing to start from either, so the loop never begins and no access is attempted. Empty and single-item input fail in different ways here, which is why both are worth trying.",AUTHORED,
GB_DA_044,DSA_ARRAYS,DA_C11_EDGE_CASES,DA_F14_EMPTY_AND_SINGLE_ITEM_DATA,DA_FAM14_EDGE_DATA_BEHAVIOUR,DA_RG_ROBUSTNESS,D5,ANALYZE,mcq_single,"A search reports the position of a value. What should it report when the value is absent, and why not simply zero?","Zero, which is the natural empty answer","The length of the array, which is always safe","Something no valid position can be, since zero is itself a valid position and would be indistinguishable from a match at the front",Nothing; it should stop with an error instead,C,"Something no valid position can be, since zero is itself a valid position and would be indistinguishable from a match at the front","Counting from zero means the first position and the ""not found"" answer would collide, so the value has to lie outside the range of positions. Being absent is an expected outcome rather than a fault, so stopping is too strong.",AUTHORED,
GB_DA_045,DSA_ARRAYS,DA_C11_EDGE_CASES,DA_F14_EMPTY_AND_SINGLE_ITEM_DATA,DA_FAM14_EDGE_DATA_BEHAVIOUR,DA_RG_ROBUSTNESS,D5,ANALYZE,mcq_single,A reversal using two positions moving toward each other is run on an array of exactly one item. What happens?,The item is swapped with itself and lost,"Nothing; the two positions already meet, so no swap is performed and the array is correct","The method fails, because there is no pair to swap",The positions cross immediately and the loop runs endlessly,B,"Nothing; the two positions already meet, so no swap is performed and the array is correct","The stopping condition is already satisfied before any swap, so the loop does no work — and doing no work is exactly right for reversing one item. An edge case that needs no special handling is worth recognising as such.",AUTHORED,
GB_DA_046,DSA_ARRAYS,DA_C11_EDGE_CASES,DA_F14_EMPTY_AND_SINGLE_ITEM_DATA,DA_FAM14_EDGE_DATA_BEHAVIOUR,DA_RG_ROBUSTNESS,D5,ANALYZE,mcq_single,"An approach is correct for arrays of two or more items and wrong for one item. Two fixes are proposed: add a special case for a single item, or change the loop bound so the single-item case falls out correctly. Which is preferable?","The special case, because it leaves the working behaviour untouched",Either; both produce the right answer,"The special case, because loop bounds are harder to reason about","Changing the bound where it works, since a special case is another path that must stay correct as the code changes",D,"Changing the bound where it works, since a special case is another path that must stay correct as the code changes",Both fix the symptom and they leave different things behind. A bound that handles every size needs no upkeep; a special case has to be remembered by everyone who edits the code afterwards.,AUTHORED,
GB_DA_047,DSA_ARRAYS,DA_C06_WORK,DA_F15_COST_TRADES_AGAINST_COST,DA_FAM15_COST_TRADEOFF,DA_RG_COST,D4,EVALUATE,mcq_single,A collection is searched thousands of times a day and added to twice a day. Both keeping it sorted and leaving it unsorted would work. Which arrangement suits it?,"Keep it sorted, since the cost falls on the rare operation and the frequent one becomes much cheaper","Leave it unsorted, since sorting costs more than searching","Leave it unsorted, since insertions must stay fast",Either; the usage pattern does not affect the choice,A,"Keep it sorted, since the cost falls on the rare operation and the frequent one becomes much cheaper",The usage decides it: sorting is paid twice a day and repaid thousands of times. The same two arrangements would be ranked the other way round if the frequencies were reversed.,AUTHORED,
GB_DA_048,DSA_ARRAYS,DA_C06_WORK,DA_F15_COST_TRADES_AGAINST_COST,DA_FAM15_COST_TRADEOFF,DA_RG_COST,D5,EVALUATE,mcq_single,"A collection is added to constantly and searched once a week. Which arrangement suits it, and what does the choice cost?","Keep it sorted, so the weekly search is fast","Keep it sorted, since sorted data is always preferable","Leave it unsorted; the weekly search costs a full traversal, which is far less than keeping every insertion in order",Either; a weekly search is too rare to matter,C,"Leave it unsorted; the weekly search costs a full traversal, which is far less than keeping every insertion in order","Reversing the frequencies reverses the answer, which is the point: the cost of order is paid on every insertion, and here insertions are what dominate. The weekly traversal is a real cost and a small one.",AUTHORED,
GB_DA_049,DSA_ARRAYS,DA_C06_WORK,DA_F15_COST_TRADES_AGAINST_COST,DA_FAM15_COST_TRADEOFF,DA_RG_COST,D5,EVALUATE,mcq_single,"A collection is both added to and searched constantly, in roughly equal measure. What follows about the choice between sorted and unsorted?","Sorted, since searching is the more important operation","Neither arrangement is clearly better, and the answer depends on measuring the two costs rather than reasoning about them","Unsorted, since insertion is the more frequent operation","Sorted, since a tie should be broken in favour of order",B,"Neither arrangement is clearly better, and the answer depends on measuring the two costs rather than reasoning about them","The rule that decides the two lopsided cases gives no answer when neither dominates, and inventing a tiebreak dresses a guess as a principle. Recognising where a rule stops applying is part of using it.",AUTHORED,
GB_DA_050,DSA_ARRAYS,DA_C06_WORK,DA_F15_COST_TRADES_AGAINST_COST,DA_FAM15_COST_TRADEOFF,DA_RG_COST,D5,EVALUATE,mcq_single,"A team keeps a collection sorted so that searches are fast, and later discovers that almost all the searches are for the most recently added item. What does that change?",Nothing; sorted data is faster to search whatever is being sought,"The ordering becomes more valuable, since recent items are at one end",The collection should be sorted in the opposite direction,"The ordering buys much less than expected, since the newest item could be found immediately without it",D,"The ordering buys much less than expected, since the newest item could be found immediately without it","A cost decision rests on what the operations actually are, and ""search"" turned out to mean something narrower than assumed. Sorting by value does not put the newest item anywhere in particular, so reversing the order does not help either.",AUTHORED,
GB_DS_001,DSA_STRINGS,DS_C01_STRUCTURE,DS_F01_STRING_IS_A_SEQUENCE_OF_CHARACTERS,DS_FAM01_CHARACTER_POSITION,DS_RG_ACCESS,D1,REMEMBER,mcq_single,"The text is ""my code"". What character is at position 0?",y,m,c,There is no position 0,B,m,"Positions are counted from zero, so the first character sits at position 0. Counting from one would give the second character instead.",AUTHORED,
GB_DS_002,DSA_STRINGS,DS_C01_STRUCTURE,DS_F01_STRING_IS_A_SEQUENCE_OF_CHARACTERS,DS_FAM01_CHARACTER_POSITION,DS_RG_ACCESS,D1,REMEMBER,mcq_single,"The text is ""my code"". What character is at position 2?",c,y,o,A space,D,A space,"A space is a character like any other and occupies its own position, so it sits between the two words at position 2. Skipping it shifts every later position by one.",AUTHORED,
GB_DS_003,DSA_STRINGS,DS_C01_STRUCTURE,DS_F01_STRING_IS_A_SEQUENCE_OF_CHARACTERS,DS_FAM01_CHARACTER_POSITION,DS_RG_ACCESS,D1,REMEMBER,mcq_single,"The text is ""my code"". At what position is the letter c?",3,2,4,1,A,3,"Counting m as 0, y as 1 and the space as 2 puts c at position 3. Answering 2 is what ignoring the space produces.",AUTHORED,
GB_DS_004,DSA_STRINGS,DS_C01_STRUCTURE,DS_F01_STRING_IS_A_SEQUENCE_OF_CHARACTERS,DS_FAM01_CHARACTER_POSITION,DS_RG_ACCESS,D1,REMEMBER,mcq_single,"The text is ""go now"". What is at the last valid position?",o,A space,w,There is none until the text is complete,C,w,"The last valid position holds the final character, which is w. Answering o stops one short, which is what treating the length as the last position and then correcting twice produces.",AUTHORED,
GB_DS_005,DSA_STRINGS,DS_C01_STRUCTURE,DS_F01_STRING_IS_A_SEQUENCE_OF_CHARACTERS,DS_FAM01_CHARACTER_POSITION,DS_RG_ACCESS,D2,REMEMBER,mcq_single,"The text is ""a b c"", with single spaces between the letters. How many positions does it occupy, and what is at position 1?","Three positions, and position 1 holds b","Five positions, and position 1 holds a space","Five positions, and position 1 holds b","Three positions, and position 1 holds a space",B,"Five positions, and position 1 holds a space","Three letters and two spaces occupy five positions in all, and the first space follows the first letter. Counting only the letters gives three and moves every later character.",AUTHORED,
GB_DS_006,DSA_STRINGS,DS_C01_STRUCTURE,DS_F02_LENGTH_COUNTS_EVERYTHING,DS_FAM02_LENGTH_COUNTING,DS_RG_ACCESS,D1,REMEMBER,mcq_single,"What is the length of the text ""data set""?",7,2,9,8,D,8,"Seven letters and one space make a length of 8. Answering 7 omits the space, and 2 counts the words rather than the characters.",AUTHORED,
GB_DS_007,DSA_STRINGS,DS_C01_STRUCTURE,DS_F02_LENGTH_COUNTS_EVERYTHING,DS_FAM02_LENGTH_COUNTING,DS_RG_ACCESS,D1,REMEMBER,mcq_single,"What is the length of the text ""hi "" — the two letters followed by a single trailing space?",3,2,4,1,A,3,"A trailing space is a character and is counted, so the length is three. It is invisible when the text is displayed, which is exactly why it is missed.",AUTHORED,
GB_DS_008,DSA_STRINGS,DS_C01_STRUCTURE,DS_F02_LENGTH_COUNTS_EVERYTHING,DS_FAM02_LENGTH_COUNTING,DS_RG_ACCESS,D1,REMEMBER,mcq_single,What is the length of text containing no characters at all?,1,Undefined,0,It cannot exist,C,0,"Empty text is ordinary text whose length is zero, and it has no valid positions. That is different from text containing a single space, whose length is one.",AUTHORED,
GB_DS_009,DSA_STRINGS,DS_C01_STRUCTURE,DS_F02_LENGTH_COUNTS_EVERYTHING,DS_FAM02_LENGTH_COUNTING,DS_RG_ACCESS,D2,REMEMBER,mcq_single,"A program holds the text ""career"" and reports its length. What is reported?",5,6,7,career,B,6,"Six characters give a length of 6. Answering 5 or 7 is off by one at an end, and reporting the text itself answers a different question.",LEGACY_REMAP,67f5a5
GB_DS_010,DSA_STRINGS,DS_C02_CASE,DS_F03_CASE_MATTERS_IN_COMPARISON,DS_FAM03_CASE_COMPARISON,DS_RG_COMPARISON,D1,REMEMBER,mcq_single,"Do the two pieces of text ""Yes"" and ""yes"" compare as equal?",Yes; they spell the same word,Yes; comparison ignores case,It cannot be decided without knowing the language,No; the first characters differ,D,No; the first characters differ,"A comparison examines the characters, and an upper-case letter is a different character from its lower-case form. Spelling the same word is not the same as being the same text.",AUTHORED,
GB_DS_011,DSA_STRINGS,DS_C02_CASE,DS_F03_CASE_MATTERS_IN_COMPARISON,DS_FAM03_CASE_COMPARISON,DS_RG_COMPARISON,D1,REMEMBER,mcq_single,"Do the two pieces of text ""OK"" and ""OK"" compare as equal?",Yes; every character matches,No; identical text never compares equal,"Yes, but only if the two are stored in the same place",It depends on how the text was created,A,Yes; every character matches,"Comparison is about the characters and nothing else, so identical characters compare equal however each piece of text came to exist.",AUTHORED,
GB_DS_012,DSA_STRINGS,DS_C02_CASE,DS_F03_CASE_MATTERS_IN_COMPARISON,DS_FAM03_CASE_COMPARISON,DS_RG_COMPARISON,D1,REMEMBER,mcq_single,"Do the two pieces of text "" ok"" and ""ok"" compare as equal — the first with a single leading space?",Yes; a leading space is ignored,Yes; both contain the same letters,No; the first has an extra character at the front,No; the two have the same length but differ in case,C,No; the first has an extra character at the front,"A leading space is a character, so the two pieces differ in both length and content. Nothing strips spaces on the way into a comparison.",AUTHORED,
GB_DS_013,DSA_STRINGS,DS_C02_CASE,DS_F03_CASE_MATTERS_IN_COMPARISON,DS_FAM03_CASE_COMPARISON,DS_RG_COMPARISON,D2,REMEMBER,mcq_single,"A program compares a typed answer with the stored answer ""Blue"" and rejects ""blue"" as wrong. What change would accept both?",Compare the lengths instead of the characters,Convert both to the same case before comparing,Store the answer in lower case only,Nothing; the two are genuinely different answers,B,Convert both to the same case before comparing,Bringing both sides to a common case removes the distinction before the comparison sees it. Storing the answer in lower case alone would still reject a capitalised entry.,AUTHORED,
GB_DS_014,DSA_STRINGS,DS_C03_SLICING,DS_F04_A_RANGE_HAS_TWO_ENDS,DS_FAM04_RANGE_EXTRACTION,DS_RG_EXTRACTION,D2,APPLY,mcq_single,"The text is ""abcdef"". A range starts at position 1 and stops before position 4. What does it produce?",bcde,abcd,bc,bcd,D,bcd,"Positions 1, 2 and 3 are taken and position 4 is not, because the range stops before it. Including the end gives one character too many.",AUTHORED,
GB_DS_015,DSA_STRINGS,DS_C03_SLICING,DS_F04_A_RANGE_HAS_TWO_ENDS,DS_FAM04_RANGE_EXTRACTION,DS_RG_EXTRACTION,D3,APPLY,mcq_single,"The text is ""network"". A range starts at position 3 and stops before position 3. What does it produce?",Nothing; the range is empty,w,wo,The whole text,A,Nothing; the range is empty,"A range that starts where it stops contains no positions at all, so the result is empty. That is a legitimate outcome rather than an error, and it is what an off-by-one in the wrong direction quietly produces.",AUTHORED,
GB_DS_016,DSA_STRINGS,DS_C04_IMMUTABILITY,DS_F05_OPERATIONS_PRODUCE_NEW_TEXT,DS_FAM05_ORIGINAL_UNCHANGED,DS_RG_MUTATION,D2,UNDERSTAND,mcq_single,"A variable holds ""Report"". An operation converting it to upper case is performed, and its result is not stored anywhere. What does the variable hold afterwards?",REPORT,report,Report,Nothing; the value was consumed,C,Report,"The operation builds new text and hands it back, leaving the original untouched. Discarding the result therefore changes nothing at all.",AUTHORED,
GB_DS_017,DSA_STRINGS,DS_C04_IMMUTABILITY,DS_F05_OPERATIONS_PRODUCE_NEW_TEXT,DS_FAM05_ORIGINAL_UNCHANGED,DS_RG_MUTATION,D3,UNDERSTAND,mcq_single,"A variable holds "" total "" with a space at each end. A trimming operation is applied and its result is assigned to a second variable. What do the two variables hold?","Both hold ""total""","The first still holds "" total "" and the second holds ""total""","The first holds ""total"" and the second holds "" total ""","Both hold "" total """,B,"The first still holds "" total "" and the second holds ""total""","Trimming produces new text and the original is unchanged, so the two variables differ. Assigning the result is what makes the trimmed version available at all.",AUTHORED,
GB_DS_018,DSA_STRINGS,DS_C05_SEARCHING,DS_F06_SEARCH_RETURNS_A_POSITION_OR_NOTHING,DS_FAM06_SEARCH_RESULT,DS_RG_SEARCH,D2,APPLY,mcq_single,"The text is ""banana"". A search for ""an"" reports the position of the first match. What does it report?",3,2,0,1,D,1,"The first ""an"" begins at position 1, counting b as 0. Position 3 is where the second match begins, which is what reporting the last match would give.",AUTHORED,
GB_DS_019,DSA_STRINGS,DS_C05_SEARCHING,DS_F06_SEARCH_RETURNS_A_POSITION_OR_NOTHING,DS_FAM06_SEARCH_RESULT,DS_RG_SEARCH,D3,APPLY,mcq_single,"The text is ""banana"". A search for ""xy"" is performed. What should the result be?","A value that is not a valid position, marking absence","0, since nothing was found",The length of the text,"An error, since the search failed",A,"A value that is not a valid position, marking absence","Zero is a perfectly valid position and would be indistinguishable from a match at the front, so absence has to be reported by something outside the range of positions. Not finding something is an ordinary outcome rather than a failure.",AUTHORED,
GB_DS_020,DSA_STRINGS,DS_C05_SEARCHING,DS_F06_SEARCH_RETURNS_A_POSITION_OR_NOTHING,DS_FAM06_SEARCH_RESULT,DS_RG_SEARCH,D4,APPLY,mcq_single,"A program treats a search result of 0 as meaning ""not found"" and reports that a value is missing when it is actually the first thing in the text. The search itself returns the correct position. What is wrong?",The search is returning the wrong position,The value being searched for is empty,"Zero is a real position, so it cannot also stand for absence","The text has a leading space, shifting the position",C,"Zero is a real position, so it cannot also stand for absence","The search is stated to be correct, so the fault is in how its answer is read. A match at the very front is the one case where a valid position collides with the marker chosen for absence.",AUTHORED,
GB_DS_021,DSA_STRINGS,DS_C06_SPLITTING,DS_F07_SPLITTING_DEPENDS_ON_THE_SEPARATOR,DS_FAM07_SPLIT_RESULT,DS_RG_TRANSFORM,D2,APPLY,mcq_single,"The text ""red,green,blue"" is split on the comma. How many pieces result?",2,3,4,1,B,3,Two separators divide the text into three pieces. The count of pieces is always one more than the count of separators when none of them sit at an end.,AUTHORED,
GB_DS_022,DSA_STRINGS,DS_C06_SPLITTING,DS_F07_SPLITTING_DEPENDS_ON_THE_SEPARATOR,DS_FAM07_SPLIT_RESULT,DS_RG_TRANSFORM,D3,APPLY,mcq_single,"A line ends with the separator it uses: ""north;south;"" split on the semicolon. What is the final piece?","south, because a trailing separator is ignored","A semicolon, because the separator is kept",There is no final piece; the split yields two,"An empty piece, following the last semicolon",D,"An empty piece, following the last semicolon","A separator at the end still separates, so something follows it and that something is empty. The separator itself never appears inside any piece.",AUTHORED,
GB_DS_023,DSA_STRINGS,DS_C06_SPLITTING,DS_F07_SPLITTING_DEPENDS_ON_THE_SEPARATOR,DS_FAM07_SPLIT_RESULT,DS_RG_TRANSFORM,D4,APPLY,mcq_single,"The text ""a,,b"" is split on the comma and a program reports two pieces. It expects one piece per value and the two commas are genuinely present in the data. What has it done wrong?","It has discarded the empty piece between the two commas, which the split produces","It has treated the two commas as one separator, which is correct",It has included the comma in one of the pieces,It has split on the wrong character,A,"It has discarded the empty piece between the two commas, which the split produces","Consecutive separators produce an empty piece between them, so the split gives three. A program reporting two has dropped it, which loses the information that a value was missing there.",AUTHORED,
GB_DS_024,DSA_STRINGS,DS_C07_JOINING,DS_F08_JOINING_ADDS_SEPARATORS_BETWEEN,DS_FAM08_JOIN_RESULT,DS_RG_TRANSFORM,D2,APPLY,mcq_single,"The pieces red, green and blue are joined with a comma between them. What is produced?","red,green,blue,",",red,green,blue","red,green,blue",redgreenblue,C,"red,green,blue","Separators go between pieces, so three pieces need two separators and none at either end. A trailing separator is what building the text piece by piece without care produces.",AUTHORED,
GB_DS_025,DSA_STRINGS,DS_C07_JOINING,DS_F08_JOINING_ADDS_SEPARATORS_BETWEEN,DS_FAM08_JOIN_RESULT,DS_RG_TRANSFORM,D3,APPLY,mcq_single,Five pieces are joined with a separator between them. How many separators appear?,5,4,6,3,B,4,"Separators sit in the gaps between pieces, and five pieces have 4 gaps. Answering 5 places one after the last piece as well.",AUTHORED,
GB_DS_026,DSA_STRINGS,DS_C07_JOINING,DS_F08_JOINING_ADDS_SEPARATORS_BETWEEN,DS_FAM08_JOIN_RESULT,DS_RG_TRANSFORM,D4,APPLY,mcq_single,"A program builds a list by adding each value followed by a comma, and the result always ends with a stray comma. Every value is present and in the right order. What is the smallest change that fixes it?",Remove the last value as well as the comma,Add the values in reverse order,Use a different separator character,"Put the separator before each value except the first, rather than after each value",D,"Put the separator before each value except the first, rather than after each value",Every value being correct places the fault in where the separator goes rather than in the data. Moving it to precede each value except the first gives exactly one separator per gap and none at either end.,AUTHORED,
GB_DS_027,DSA_STRINGS,DS_C08_WHITESPACE,DS_F09_INVISIBLE_CHARACTERS_AFFECT_RESULTS,DS_FAM09_WHITESPACE_EFFECT,DS_RG_COMPARISON,D2,ANALYZE,mcq_single,"Two entries display as ""cat"" and ""cat"", and a comparison reports them as different. The second has a trailing space. Why do they not match?",The second contains one more character than the first,The two differ in case,The two have the same length and differ in content,A comparison cannot be relied on for text,A,The second contains one more character than the first,"A trailing space is a character that shows as nothing, so the two pieces differ in length while looking identical. Nothing about the comparison is unreliable.",AUTHORED,
GB_DS_028,DSA_STRINGS,DS_C08_WHITESPACE,DS_F09_INVISIBLE_CHARACTERS_AFFECT_RESULTS,DS_FAM09_WHITESPACE_EFFECT,DS_RG_COMPARISON,D3,ANALYZE,mcq_single,"Two entries both display as ""no data"" and both are seven characters long, yet they do not match. One uses a single space and the other uses a different invisible character of the same width. What is the cause?",One of them has a trailing space,The two differ in case somewhere,"The invisible characters differ, so the two are different text of the same length","Equal-length text always matches, so the report is wrong",C,"The invisible characters differ, so the two are different text of the same length","Equal length rules out a missing or extra character, and identical appearance rules out a visible difference — which leaves a character that is invisible and not the one expected. Length is a weaker check than it looks.",AUTHORED,
GB_DS_029,DSA_STRINGS,DS_C08_WHITESPACE,DS_F09_INVISIBLE_CHARACTERS_AFFECT_RESULTS,DS_FAM09_WHITESPACE_EFFECT,DS_RG_COMPARISON,D4,ANALYZE,mcq_single,A lookup fails for entries typed by hand and succeeds for the same entries loaded from a file. The values look identical in both cases and the lookup itself is correct. What is the likely cause?,The typed entries differ in case,The typed entries carry leading or trailing spaces that the file entries do not,The lookup is case-sensitive and the file is not,The file entries were converted to a different format,B,The typed entries carry leading or trailing spaces that the file entries do not,"Identical appearance with different behaviour, split cleanly by how the value arrived, points at something invisible that typing adds. Case would be visible in the comparison, and the lookup is stated to be correct.",AUTHORED,
GB_DS_030,DSA_STRINGS,DS_C09_TRAVERSAL,DS_F10_TRAVERSAL_COUNTS_AND_BUILDS,DS_FAM10_CHARACTER_TRAVERSAL,DS_RG_TRAVERSAL,D2,APPLY,mcq_single,"A traversal counts the vowels in ""open air"". How many does it find?",3,5,8,4,D,4,"The vowels are o, e, a and i, giving a count of 4. The space is not a vowel and the consonants are not counted, so 8 reports the length instead.",AUTHORED,
GB_DS_031,DSA_STRINGS,DS_C09_TRAVERSAL,DS_F10_TRAVERSAL_COUNTS_AND_BUILDS,DS_FAM10_CHARACTER_TRAVERSAL,DS_RG_TRAVERSAL,D3,APPLY,mcq_single,"A traversal counts characters in ""go on"" that are not spaces. How many does it find?",4,5,3,2,A,4,"Five positions hold four letters and one space, so the count excluding spaces is 4. Answering 5 counts everything, which is the length rather than the count asked for.",AUTHORED,
GB_DS_032,DSA_STRINGS,DS_C09_TRAVERSAL,DS_F10_TRAVERSAL_COUNTS_AND_BUILDS,DS_FAM10_CHARACTER_TRAVERSAL,DS_RG_TRAVERSAL,D4,APPLY,mcq_single,"A traversal building a reversed copy of ""abc"" produces ""cba"" correctly, and on ""ab c"" it produces ""c ba"". The traversal visits every position exactly once. Is that correct?",No; the space should have stayed where it was,No; the space should have been removed,"Yes; reversing includes the space, and ""c ba"" is the reverse of ""ab c""",No; the words should have been reversed rather than the characters,C,"Yes; reversing includes the space, and ""c ba"" is the reverse of ""ab c""","Reversing the characters moves every one of them, the space included, and the result is exactly what that gives. Expecting the space to stay put confuses reversing the characters with reversing the words.",AUTHORED,
GB_DS_033,DSA_STRINGS,DS_C10_REVERSAL,DS_F11_SYMMETRY_IS_CHECKED_BY_COMPARISON,DS_FAM11_SYMMETRY_CHECK,DS_RG_TRAVERSAL,D3,APPLY,mcq_single,"A check compares the first character with the last, the second with the second-last, and so on, treating case as significant and spaces as characters. Does ""Level"" pass?",Yes; the letters read the same in both directions,No; the first character is upper case and the last is lower case,No; the text has an odd number of characters,Yes; case is ignored in a symmetry check,B,No; the first character is upper case and the last is lower case,"The stem states that case is significant, and L does not match l. Reading the word as symmetric requires ignoring exactly the thing the check is told to respect.",AUTHORED,
GB_DS_034,DSA_STRINGS,DS_C10_REVERSAL,DS_F11_SYMMETRY_IS_CHECKED_BY_COMPARISON,DS_FAM11_SYMMETRY_CHECK,DS_RG_TRAVERSAL,D4,APPLY,mcq_single,"The same check is applied to ""abcba"", comparing from both ends inward. It reports success after 2 comparisons. Someone expects 5. Why is 2 correct?",The check stops as soon as it finds one match,The check compares only the outermost pair,The count should be 5; the report is wrong,"Each comparison settles two characters, and the middle character needs none",D,"Each comparison settles two characters, and the middle character needs none","Five characters form two pairs with one left in the middle, and a character compared with itself proves nothing. Expecting one comparison per character double-counts every pair.",AUTHORED,
GB_DS_035,DSA_STRINGS,DS_C11_COST,DS_F12_REPEATED_BUILDING_COSTS_MORE,DS_FAM12_BUILD_COST,DS_RG_COST,D3,ANALYZE,mcq_single,"Text is built by repeatedly adding one character to the end of existing text, producing new text each time. What happens to the work as the text grows?","It rises, because each addition copies everything built so far","It stays the same, since one character is added each time","It falls, since the text is already partly built","It stays the same, since the code is one line either way",A,"It rises, because each addition copies everything built so far","Each addition produces new text containing everything that came before, so the copying grows with the length. That both approaches are one line of code is exactly why the difference is invisible in the source.",AUTHORED,
GB_DS_036,DSA_STRINGS,DS_C11_COST,DS_F12_REPEATED_BUILDING_COSTS_MORE,DS_FAM12_BUILD_COST,DS_RG_COST,D4,ANALYZE,mcq_single,"Two methods build the same text and produce identical results. One adds to existing text repeatedly and the other collects the pieces and joins them once at the end. Which does more work, and why?","The join, because it must examine every piece at the end",Neither; identical results mean identical work,"The repeated addition, because every step copies what has already been built","The repeated addition, because it uses more lines of code",C,"The repeated addition, because every step copies what has already been built","Identical results settle correctness and say nothing about cost. Collecting and joining once copies each piece a single time, while repeated addition copies the growing result again at every step.",AUTHORED,
GB_DS_037,DSA_STRINGS,DS_C12_DIAGNOSIS,DS_F13_TEXT_FAULTS_HAVE_SIGNATURES,DS_FAM13_TEXT_FAULT_DIAGNOSIS,DS_RG_DIAGNOSIS,D3,ANALYZE,mcq_single,A traversal over text produces output missing its final character. What is the fault?,The loop starts one position too late,The loop stops one position before the end,The output is being built in reverse,The final character is a space and was skipped,B,The loop stops one position before the end,Which end the missing character came from identifies which bound is wrong. Starting late would drop the first character instead.,AUTHORED,
GB_DS_038,DSA_STRINGS,DS_C12_DIAGNOSIS,DS_F13_TEXT_FAULTS_HAVE_SIGNATURES,DS_FAM13_TEXT_FAULT_DIAGNOSIS,DS_RG_DIAGNOSIS,D4,ANALYZE,mcq_single,A program builds a comma-separated list and the output ends with a comma but is otherwise correct. Every value appears exactly once and in order. What is the fault?,"A separator is added before every value, including the first",The final value is missing and only its separator remains,The values are being joined in the wrong order,"A separator is added after every value, including the last",D,"A separator is added after every value, including the last","A trailing separator with every value present places the fault at the end rather than in the data. Adding the separator before each value would have produced a leading one instead, which is a distinguishable symptom.",AUTHORED,
GB_DS_039,DSA_STRINGS,DS_C12_DIAGNOSIS,DS_F13_TEXT_FAULTS_HAVE_SIGNATURES,DS_FAM13_TEXT_FAULT_DIAGNOSIS,DS_RG_DIAGNOSIS,D5,ANALYZE,mcq_single,"Two faults produce similar-looking output: one drops the last character of the text, and one adds a trailing separator. How can they be told apart from the output alone?","One output is shorter than it should be and the other longer, and only the second ends in a separator",They cannot be told apart from the output alone,Only the first changes the length of the output,Only the second affects the order of the values,A,"One output is shorter than it should be and the other longer, and only the second ends in a separator","Each fault leaves its own signature: a missing character shortens the result, and a stray separator lengthens it and is visible at the end. Reading the output carefully is what separates two faults that both look like an off-by-one.",AUTHORED,
GB_DS_040,DSA_STRINGS,DS_C12_DIAGNOSIS,DS_F13_TEXT_FAULTS_HAVE_SIGNATURES,DS_FAM13_TEXT_FAULT_DIAGNOSIS,DS_RG_DIAGNOSIS,D5,ANALYZE,mcq_single,"A program strips spaces from the ends of every entry and a lookup still fails for one of them. What is the next thing to check, and why?","Whether the lookup is case-sensitive, since stripping does not affect case","Whether the entry is longer than the others, since length affects matching","Whether the entry contains an invisible character that is not a space, since stripping removes only what it recognises",Whether stripping was applied to both sides of the comparison,C,"Whether the entry contains an invisible character that is not a space, since stripping removes only what it recognises","Stripping handles the spaces it knows about and leaves anything else, so an entry that still fails after stripping points at a character that looks like a space and is not. Case is worth checking too and would not have been masked by the stripping.",AUTHORED,
GB_DS_041,DSA_STRINGS,DS_C12_DIAGNOSIS,DS_F13_TEXT_FAULTS_HAVE_SIGNATURES,DS_FAM13_TEXT_FAULT_DIAGNOSIS,DS_RG_DIAGNOSIS,D5,ANALYZE,mcq_single,"A text fault produces output that is obviously mangled, and another produces output that looks right and is subtly wrong. Which costs more, and why?","The mangled one, because more of the output is affected","The subtle one, because mangled output is noticed immediately while plausible output is used","They cost the same, since both are faults","The subtle one, because it is harder to reproduce",B,"The subtle one, because mangled output is noticed immediately while plausible output is used",What limits the damage a fault does is whether anyone notices it. Obviously broken output is investigated the first time it appears; output that reads correctly travels onward and is acted on.,AUTHORED,
GB_DS_042,DSA_STRINGS,DS_C13_EDGE_CASES,DS_F14_EMPTY_AND_SINGLE_CHARACTER_TEXT,DS_FAM14_EDGE_TEXT_BEHAVIOUR,DS_RG_ROBUSTNESS,D4,ANALYZE,mcq_single,A symmetry check comparing from both ends inward is given empty text. It reports success without making any comparison. Is that correct?,"No; it should have failed, since there is nothing to check",No; it should have stopped with an error,"Yes, but only because the check does not handle empty text",Yes; empty text is trivially symmetric and there is nothing to compare,D,Yes; empty text is trivially symmetric and there is nothing to compare,"The check reports failure only when a pair disagrees, and with no pairs there is no disagreement. Reporting success is the right answer rather than an accident of how the loop is written.",AUTHORED,
GB_DS_043,DSA_STRINGS,DS_C13_EDGE_CASES,DS_F14_EMPTY_AND_SINGLE_CHARACTER_TEXT,DS_FAM14_EDGE_TEXT_BEHAVIOUR,DS_RG_ROBUSTNESS,D5,ANALYZE,mcq_single,A traversal counting vowels is given empty text. What does it produce?,"0, which is correct and needs no special case","A failure, because there is nothing to examine","Nothing at all, because the loop never runs","An error, because the counter was never used",A,"0, which is correct and needs no special case","The loop runs zero times and the counter keeps the zero it started at, which is the right answer for counting nothing. The initialisation is what makes the empty case safe.",AUTHORED,
GB_DS_044,DSA_STRINGS,DS_C13_EDGE_CASES,DS_F14_EMPTY_AND_SINGLE_CHARACTER_TEXT,DS_FAM14_EDGE_TEXT_BEHAVIOUR,DS_RG_ROBUSTNESS,D5,ANALYZE,mcq_single,An approach reads the first character of text in order to decide something. What does it do on empty text?,It reads an empty character and continues,It returns without doing anything,"It fails, because there is no first character to read","It reads a space, which stands in for the missing character",C,"It fails, because there is no first character to read","Reading position 0 requires a character to be there, and empty text has none. Nothing substitutes a blank on the program's behalf, which is why this case has to be handled deliberately.",AUTHORED,
GB_DS_045,DSA_STRINGS,DS_C13_EDGE_CASES,DS_F14_EMPTY_AND_SINGLE_CHARACTER_TEXT,DS_FAM14_EDGE_TEXT_BEHAVIOUR,DS_RG_ROBUSTNESS,D5,ANALYZE,mcq_single,Splitting empty text on a comma produces how many pieces?,None,"One, which is itself empty","Two, both empty","It fails, since there is nothing to split",B,"One, which is itself empty","A split always produces one more piece than the separators it finds, and finding none gives one piece — the whole of the input, which happens to be empty. Answering none confuses an empty piece with no piece.",AUTHORED,
GB_DS_046,DSA_STRINGS,DS_C13_EDGE_CASES,DS_F14_EMPTY_AND_SINGLE_CHARACTER_TEXT,DS_FAM14_EDGE_TEXT_BEHAVIOUR,DS_RG_ROBUSTNESS,D5,ANALYZE,mcq_single,"An approach works for text of two characters or more and fails for one character. Two fixes are proposed: a special case for single-character text, or a change to the loop bound. Which is preferable?","The special case, because it leaves working behaviour untouched",Either; both give the right answer,"The special case, because bounds are harder to reason about","The bound, where it can be made to cover the case, since a special case is another path to keep correct",D,"The bound, where it can be made to cover the case, since a special case is another path to keep correct",Both remove the symptom and they leave different things behind. A bound that handles every length needs no upkeep; a special case has to be remembered by everyone who edits the code afterwards.,AUTHORED,
GB_DS_047,DSA_STRINGS,DS_C14_APPROACH,DS_F15_APPROACH_DEPENDS_ON_THE_TASK,DS_FAM15_APPROACH_SELECTION,DS_RG_COST,D4,EVALUATE,mcq_single,"Values must be extracted from lines where fields are separated by commas, and some fields are empty so consecutive commas occur. Which approach handles it?","Split on the comma and keep every piece, empty ones included",Split on the comma and discard empty pieces,"Split on runs of commas, treating consecutive ones as one separator",Search for each field by position within the line,A,"Split on the comma and keep every piece, empty ones included","Empty fields have to survive, or later fields shift into the wrong positions. Both of the discarding approaches work on tidy data and silently corrupt exactly the lines the stem describes.",AUTHORED,
GB_DS_048,DSA_STRINGS,DS_C14_APPROACH,DS_F15_APPROACH_DEPENDS_ON_THE_TASK,DS_FAM15_APPROACH_SELECTION,DS_RG_COST,D5,EVALUATE,mcq_single,Words must be counted in a line where words may be separated by more than one space. Which approach handles it?,Split on a single space and count the pieces,Count the spaces and add one,"Split on runs of spaces, so that consecutive spaces produce no empty words",Count the characters and divide by the average word length,C,"Split on runs of spaces, so that consecutive spaces produce no empty words","Runs of spaces have to collapse here, which is the opposite of what the comma case needed — the awkward input decides which behaviour is wanted. Splitting on a single space would count an empty piece for each extra space.",AUTHORED,
GB_DS_049,DSA_STRINGS,DS_C14_APPROACH,DS_F15_APPROACH_DEPENDS_ON_THE_TASK,DS_FAM15_APPROACH_SELECTION,DS_RG_COST,D5,EVALUATE,mcq_single,"Two text tasks look alike: one must preserve empty pieces between separators, and one must ignore them. What does that show about choosing an approach?",One of the two tasks must have been described wrongly,"The right behaviour is decided by the task rather than by the operation, so the same split can be right in one and wrong in the other","The same approach should be used for both, for consistency","Empty pieces should always be discarded, since they carry no data",B,"The right behaviour is decided by the task rather than by the operation, so the same split can be right in one and wrong in the other",An empty field between two commas carries real information — that a value was missing — while an extra space between words carries none. The operation is identical and the requirement is not.,AUTHORED,
GB_DS_050,DSA_STRINGS,DS_C14_APPROACH,DS_F15_APPROACH_DEPENDS_ON_THE_TASK,DS_FAM15_APPROACH_SELECTION,DS_RG_COST,D5,EVALUATE,mcq_single,"A text task can be done with one traversal that does everything, or with three simple traversals in sequence. Both are correct. On what grounds should the choice be made?","On the single traversal, since fewer passes is always better","On the three traversals, since simpler code is always better",On neither; correct approaches are interchangeable,"On whether reading the data three times costs enough to matter, weighed against three simpler pieces of code",D,"On whether reading the data three times costs enough to matter, weighed against three simpler pieces of code","Correctness no longer separates them, so the remaining differences are cost and clarity, and which dominates depends on the size of the data. Neither ""fewer passes"" nor ""simpler code"" is a rule that holds without knowing that.",AUTHORED,
GB_PR_001,PATTERN_RECOGNITION,PR_C01_REPETITION,PR_F01_A_PATTERN_HAS_A_REPEATING_UNIT,PR_FAM01_REPEAT_UNIT,PR_RG_REPETITION,D1,REMEMBER,mcq_single,A sequence reads x y x y x y. What is the shortest unit that repeats?,x y x y,x y,x,x y x,B,x y,"Two symbols repeat three times, and no shorter unit does. The four-symbol unit repeats too, which is why the question asks for the shortest.",AUTHORED,
GB_PR_002,PATTERN_RECOGNITION,PR_C01_REPETITION,PR_F01_A_PATTERN_HAS_A_REPEATING_UNIT,PR_FAM01_REPEAT_UNIT,PR_RG_REPETITION,D1,REMEMBER,mcq_single,"A sequence reads p q r p q r p q r. Which unit, repeated, produces it, taken as short as possible?",p q r p q r,p q,p,p q r,D,p q r,"Three symbols repeat throughout. A two-symbol unit fits the opening and then fails, which is the shape of a unit inferred from the start alone.",AUTHORED,
GB_PR_003,PATTERN_RECOGNITION,PR_C01_REPETITION,PR_F01_A_PATTERN_HAS_A_REPEATING_UNIT,PR_FAM01_REPEAT_UNIT,PR_RG_REPETITION,D1,REMEMBER,mcq_single,"This sequence is built by repeating a single unit: a a b a a b a a b. Taken as short as it can be, what is that unit?",a a b,a b,a a,a a b a a b,A,a a b,"The unit a a b is three symbols long and includes the doubled opening symbol. Taking a b instead would produce a b a b, which is not what is shown.",AUTHORED,
GB_PR_004,PATTERN_RECOGNITION,PR_C01_REPETITION,PR_F01_A_PATTERN_HAS_A_REPEATING_UNIT,PR_FAM01_REPEAT_UNIT,PR_RG_REPETITION,D1,REMEMBER,mcq_single,A sequence reads m n n m n n m n n. How long is the shortest repeating unit?,Two symbols,Six symbols,Three symbols,One symbol,C,Three symbols,"The sequence is built from m n n repeated three times, so the shortest unit is Three symbols long. Six symbols also repeat, being twice the shortest unit rather than the unit itself.",AUTHORED,
GB_PR_005,PATTERN_RECOGNITION,PR_C01_REPETITION,PR_F01_A_PATTERN_HAS_A_REPEATING_UNIT,PR_FAM01_REPEAT_UNIT,PR_RG_REPETITION,D2,REMEMBER,mcq_single,"A sequence reads d e d e d e d. Does it have a repeating unit, and if so what is it?",No; the sequence does not divide evenly into units,"Yes, d e; the sequence stops part way through a repetition","Yes, d e d; the last symbol proves the unit is three long","Yes, d; every symbol is either d or e",B,"Yes, d e; the sequence stops part way through a repetition","A pattern may be cut short without ceasing to be a pattern, so ending mid-unit changes nothing. Reading the trailing d as evidence of a three-symbol unit contradicts the rest of the sequence.",AUTHORED,
GB_PR_006,PATTERN_RECOGNITION,PR_C02_SYMMETRY,PR_F02_SYMMETRY_IS_A_CORRESPONDENCE,PR_FAM02_SYMMETRY_RECOGNITION,PR_RG_SYMMETRY,D1,UNDERSTAND,mcq_single,"Is the arrangement a b c b a symmetric, and about what?",No; the symbols are not all the same,"Yes, about its first symbol",No; a symmetric arrangement must have an even number of symbols,"Yes, about its middle symbol",D,"Yes, about its middle symbol","Reading it from either end gives the same sequence, with c at the centre. An odd count is perfectly compatible with symmetry — it simply leaves one symbol in the middle.",AUTHORED,
GB_PR_007,PATTERN_RECOGNITION,PR_C02_SYMMETRY,PR_F02_SYMMETRY_IS_A_CORRESPONDENCE,PR_FAM02_SYMMETRY_RECOGNITION,PR_RG_SYMMETRY,D1,UNDERSTAND,mcq_single,Is the arrangement p q p q symmetric?,No; reading it backwards gives q p q p,Yes; it repeats regularly,Yes; it is symmetric about the gap in the middle,Yes; both halves contain the same symbols,A,No; reading it backwards gives q p q p,"Repetition and symmetry are different properties, and this arrangement has the first without the second. Containing the same symbols in each half is not the same as reading alike in both directions.",AUTHORED,
GB_PR_008,PATTERN_RECOGNITION,PR_C02_SYMMETRY,PR_F02_SYMMETRY_IS_A_CORRESPONDENCE,PR_FAM02_SYMMETRY_RECOGNITION,PR_RG_SYMMETRY,D1,UNDERSTAND,mcq_single,Is the arrangement w x y x w symmetric?,No; the middle symbol has no partner,No; five symbols cannot be symmetric,"Yes; the first and last match, and so do the second and fourth",Yes; every symbol appears twice,C,"Yes; the first and last match, and so do the second and fourth","Symmetry requires each symbol to match its partner counting inward from the ends, and the middle symbol needs none. The symbol y appears once, which is exactly what a centre looks like.",AUTHORED,
GB_PR_009,PATTERN_RECOGNITION,PR_C02_SYMMETRY,PR_F02_SYMMETRY_IS_A_CORRESPONDENCE,PR_FAM02_SYMMETRY_RECOGNITION,PR_RG_SYMMETRY,D2,UNDERSTAND,mcq_single,"An arrangement reads r s t s r except that one position has been changed, giving r s t r r. Is it still symmetric?",Yes; the ends still match,No; the fourth position no longer matches the second,Yes; only one position changed,No; symmetry requires all symbols to differ,B,No; the fourth position no longer matches the second,"Symmetry has to hold at every pair, so a single mismatched position breaks it however much of the rest survives. The ends matching is necessary and not sufficient.",AUTHORED,
GB_PR_010,PATTERN_RECOGNITION,PR_C03_TRANSFORMATIONS,PR_F03_TRANSFORMATIONS_HAVE_NAMES,PR_FAM03_TRANSFORMATION_NAMING,PR_RG_TRANSFORM,D1,REMEMBER,mcq_single,An arrangement a b c becomes c b a. Which transformation is that?,A shift,A repetition,No transformation; the two are the same,A mirror,D,A mirror,"A mirror is what reverses the order. A shift would move every symbol along and bring one round to the other end, which gives a different result.",AUTHORED,
GB_PR_011,PATTERN_RECOGNITION,PR_C03_TRANSFORMATIONS,PR_F03_TRANSFORMATIONS_HAVE_NAMES,PR_FAM03_TRANSFORMATION_NAMING,PR_RG_TRANSFORM,D1,REMEMBER,mcq_single,An arrangement a b c d becomes d a b c. Which transformation is that?,"A shift, with the last symbol brought to the front",A mirror,A swap of the two ends,A sort into reverse order,A,"A shift, with the last symbol brought to the front","Every symbol has moved one place along and the one that fell off the end has come round. Mirroring would have given d c b a, which is not what is shown.",AUTHORED,
GB_PR_012,PATTERN_RECOGNITION,PR_C03_TRANSFORMATIONS,PR_F03_TRANSFORMATIONS_HAVE_NAMES,PR_FAM03_TRANSFORMATION_NAMING,PR_RG_TRANSFORM,D1,REMEMBER,mcq_single,An arrangement a b c d becomes a c b d. Which transformation is that?,A mirror,A shift,A swap of the two middle symbols,A half-turn,C,A swap of the two middle symbols,"A swap of the two middle symbols is all that has happened: only those two moved, and they exchanged places. A mirror or a shift would have moved the outer symbols too.",AUTHORED,
GB_PR_013,PATTERN_RECOGNITION,PR_C03_TRANSFORMATIONS,PR_F03_TRANSFORMATIONS_HAVE_NAMES,PR_FAM03_TRANSFORMATION_NAMING,PR_RG_TRANSFORM,D2,REMEMBER,mcq_single,"Someone says an arrangement was mirrored, and someone else says it was given a half-turn. The arrangement is a b b a and both descriptions produce it. What follows?",One of the two must be wrong,"The two cannot be told apart on this input, because it is symmetric",A mirror and a half-turn are the same transformation,The arrangement was not transformed at all,B,"The two cannot be told apart on this input, because it is symmetric","Two different transformations agree on an input that is already symmetric, so this input cannot distinguish them. Testing on an arrangement that is not symmetric is what would settle it.",AUTHORED,
GB_PR_014,PATTERN_RECOGNITION,PR_C01_REPETITION,PR_F04_THE_UNIT_PREDICTS_A_POSITION,PR_FAM04_POSITION_PREDICTION,PR_RG_REPETITION,D2,APPLY,mcq_single,"A sequence repeats the unit triangle circle, beginning triangle circle triangle circle triangle. What comes next?",triangle,square,The sequence ends here,circle,D,circle,"Five symbols have been shown and the unit is two long, so the sixth completes the third repetition. Nothing new enters a repeating sequence.",LEGACY_KEEP,58366e
GB_PR_015,PATTERN_RECOGNITION,PR_C01_REPETITION,PR_F04_THE_UNIT_PREDICTS_A_POSITION,PR_FAM04_POSITION_PREDICTION,PR_RG_REPETITION,D3,APPLY,mcq_single,"A sequence repeats the unit a b c. What is at position 10, counting the first symbol as position 0?",b,a,c,It cannot be found without writing the sequence out,A,b,"Position 10 divided by the unit length of 3 leaves a remainder of 1, and the symbol at that place in the unit is b . Counting from one instead would give a, which is the neighbouring answer.",AUTHORED,
GB_PR_016,PATTERN_RECOGNITION,PR_C04_STRUCTURE,PR_F05_ITEMS_CAN_SHARE_A_STRUCTURE,PR_FAM05_STRUCTURAL_ODD_ONE,PR_RG_STRUCTURE,D2,ANALYZE,mcq_single,"Four arrangements: a a b, m m n, p p q, r s s. Which has a different structure?",a a b,m m n,r s s,p p q,C,r s s,"Three of them double the first symbol and end with a different one; the fourth doubles the second. The letters differ throughout, so only the structure can decide it.",AUTHORED,
GB_PR_017,PATTERN_RECOGNITION,PR_C04_STRUCTURE,PR_F05_ITEMS_CAN_SHARE_A_STRUCTURE,PR_FAM05_STRUCTURAL_ODD_ONE,PR_RG_STRUCTURE,D3,ANALYZE,mcq_single,"Four arrangements: x y x, k l k, d e d, f g h. Which has a different structure?",x y x,f g h,k l k,d e d,B,f g h,"Three arrangements return to their opening symbol and one does not. Every arrangement uses different letters, so content cannot be the discriminator.",AUTHORED,
GB_PR_018,PATTERN_RECOGNITION,PR_C03_TRANSFORMATIONS,PR_F06_A_TURN_HAS_A_PREDICTABLE_RESULT,PR_FAM06_ROTATION_RESULT,PR_RG_TRANSFORM,D2,APPLY,mcq_single,"On a two-by-two grid with positions named top-left, top-right, bottom-right, bottom-left, one mark sits at top-left. After a quarter turn clockwise, where is it?",Bottom-left,Bottom-right,"Top-left, unchanged",Top-right,D,Top-right,A quarter turn clockwise moves each corner to the next one round in that direction. Answering bottom-left turns it the other way.,AUTHORED,
GB_PR_019,PATTERN_RECOGNITION,PR_C03_TRANSFORMATIONS,PR_F06_A_TURN_HAS_A_PREDICTABLE_RESULT,PR_FAM06_ROTATION_RESULT,PR_RG_TRANSFORM,D3,APPLY,mcq_single,"On the same grid, marks sit at top-left and bottom-right. After a quarter turn clockwise, where are they?",Top-right and bottom-left,"Top-left and bottom-right, unchanged","Bottom-left and top-right, which is a quarter turn the other way",Top-left and bottom-left,A,Top-right and bottom-left,"Each mark moves to the next corner clockwise, so the pair moves from one diagonal to the other. The second and third options name the same pair of corners, which is why the direction has to be reasoned about rather than recognised.",AUTHORED,
GB_PR_020,PATTERN_RECOGNITION,PR_C03_TRANSFORMATIONS,PR_F06_A_TURN_HAS_A_PREDICTABLE_RESULT,PR_FAM06_ROTATION_RESULT,PR_RG_TRANSFORM,D4,APPLY,mcq_single,"A mark at top-left is given a quarter turn clockwise, then another, then another. Someone says three quarter turns leave it where it started. Where is it in fact?","Top-left, as they said",Top-right,Bottom-left,Bottom-right,C,Bottom-left,"Three quarter turns is a three-quarter turn, which lands one corner short of a full circle. Four would return it to the start, which is what the claim confuses it with.",AUTHORED,
GB_PR_021,PATTERN_RECOGNITION,PR_C03_TRANSFORMATIONS,PR_F07_A_MIRROR_HAS_AN_AXIS,PR_FAM07_REFLECTION_RESULT,PR_RG_TRANSFORM,D2,APPLY,mcq_single,A row reads a b c d. It is mirrored about a vertical line down its middle. What does it read afterwards?,"a b c d, unchanged",d c b a,b a d c,d a b c,B,d c b a,"Mirroring about a vertical line exchanges the ends and works inward, reversing the order to give d c b a . Exchanging only adjacent pairs would give b a d c.",AUTHORED,
GB_PR_022,PATTERN_RECOGNITION,PR_C03_TRANSFORMATIONS,PR_F07_A_MIRROR_HAS_AN_AXIS,PR_FAM07_REFLECTION_RESULT,PR_RG_TRANSFORM,D3,APPLY,mcq_single,On a two-by-two grid a mark sits at top-left. It is mirrored about a vertical line down the middle. Where is it?,Bottom-left,Bottom-right,"Top-left, unchanged",Top-right,D,Top-right,A vertical mirror exchanges left and right and leaves top and bottom alone. Answering bottom-left mirrors about a horizontal line instead.,AUTHORED,
GB_PR_023,PATTERN_RECOGNITION,PR_C03_TRANSFORMATIONS,PR_F07_A_MIRROR_HAS_AN_AXIS,PR_FAM07_REFLECTION_RESULT,PR_RG_TRANSFORM,D4,APPLY,mcq_single,"An arrangement is mirrored about a vertical line, and the result is mirrored about the same line again. Someone expects a different arrangement each time. What is the final result?","The original arrangement, unchanged",The mirrored arrangement,An arrangement mirrored about a horizontal line,An arrangement turned by a quarter,A,"The original arrangement, unchanged","Mirroring twice about the same line undoes itself, whatever the arrangement was. Expecting each transformation to change things again treats the operations as accumulating when they cancel.",AUTHORED,
GB_PR_024,PATTERN_RECOGNITION,PR_C05_GRID_MOVEMENT,PR_F08_MOVEMENT_ACCUMULATES,PR_FAM08_MOVEMENT_TRACKING,PR_RG_SPATIAL,D2,APPLY,mcq_single,"Facing north, a person turns right. Which direction are they now facing?",West,South,East,North,C,East,"A right turn from north faces east. Answering west turns the other way, and south would need two turns.",LEGACY_KEEP,d2dc38
GB_PR_025,PATTERN_RECOGNITION,PR_C05_GRID_MOVEMENT,PR_F08_MOVEMENT_ACCUMULATES,PR_FAM08_MOVEMENT_TRACKING,PR_RG_SPATIAL,D3,APPLY,mcq_single,"Starting at a point, a marker moves 3 steps east and then 2 steps west. Where is it relative to where it began?",5 steps east,1 step east,1 step west,Back where it began,B,1 step east,"Movements in opposite directions partly cancel, leaving the difference. Adding both distances together ignores the directions entirely.",AUTHORED,
GB_PR_026,PATTERN_RECOGNITION,PR_C05_GRID_MOVEMENT,PR_F08_MOVEMENT_ACCUMULATES,PR_FAM08_MOVEMENT_TRACKING,PR_RG_SPATIAL,D4,APPLY,mcq_single,"Facing north, a marker moves 2 steps forward, turns right, and moves 2 steps forward. Someone says it has moved 4 steps north. The turn happens between the two moves. Where is it?",4 steps north,4 steps east,Back where it began,2 steps north and 2 steps east of where it began,D,2 steps north and 2 steps east of where it began,"The turn changes what ""forward"" means, so the two moves go in different directions. Summing the distances without accounting for the turn is exactly the error the claim makes.",AUTHORED,
GB_PR_027,PATTERN_RECOGNITION,PR_C06_NESTING,PR_F09_PATTERNS_CAN_NEST,PR_FAM09_NESTED_PATTERN,PR_RG_STRUCTURE,D2,ANALYZE,mcq_single,A sequence reads a a b b a a b b. It has an inner pattern of doubled symbols and an outer pattern alternating between a and b. What comes next?,a,b,a a,b b,A,a,"The doubled b has just completed, so the outer pattern moves on to a and its first copy comes next. Answering b continues the inner doubling one step too far.",AUTHORED,
GB_PR_028,PATTERN_RECOGNITION,PR_C06_NESTING,PR_F09_PATTERNS_CAN_NEST,PR_FAM09_NESTED_PATTERN,PR_RG_STRUCTURE,D3,ANALYZE,mcq_single,A sequence reads x y y x y y x. The outer pattern places an x and the inner pattern follows it with two y symbols. What are the next two?,x y,y x,y y,x x,C,y y,"An x has just been placed, so the inner pattern supplies its two y symbols before the outer pattern comes round again. Continuing the outer pattern first applies the two rules in the wrong order.",AUTHORED,
GB_PR_029,PATTERN_RECOGNITION,PR_C06_NESTING,PR_F09_PATTERNS_CAN_NEST,PR_FAM09_NESTED_PATTERN,PR_RG_STRUCTURE,D4,ANALYZE,mcq_single,"A sequence reads p q q r p q q r. Someone continues it as p q q r p q q r p, which continues the outer pattern. The question asks what comes next at the inner level. What is the answer?","p, continuing the outer pattern","q, because the inner pattern follows each p with two q symbols","r, because the unit ends with r",Nothing; the inner pattern has no next element,B,"q, because the inner pattern follows each p with two q symbols","Two patterns are running at once, and the question names which one it is asking about. Continuing the outer pattern is a correct answer to a different question, which is what makes reading the question part of the work.",AUTHORED,
GB_PR_030,PATTERN_RECOGNITION,PR_C04_STRUCTURE,PR_F10_A_STRUCTURE_CAN_BE_STATED,PR_FAM10_STRUCTURE_STATEMENT,PR_RG_STRUCTURE,D2,ANALYZE,mcq_single,"Three arrangements: a b a, c d c, e f e. What structural rule do they all satisfy?","They all contain the letters a, b and c",They are all three symbols long,They all begin with a vowel,The first and third symbols are the same and the middle one differs,D,The first and third symbols are the same and the middle one differs,The rule has to hold for every arrangement and describe the arrangement rather than its contents. Being three symbols long is true and too weak to distinguish them from anything else of that length.,AUTHORED,
GB_PR_031,PATTERN_RECOGNITION,PR_C04_STRUCTURE,PR_F10_A_STRUCTURE_CAN_BE_STATED,PR_FAM10_STRUCTURE_STATEMENT,PR_RG_STRUCTURE,D3,ANALYZE,mcq_single,"Three arrangements: m m n p, k k l q, r r s t. What structural rule do they all satisfy?","The first symbol is doubled, and the remaining two differ from it and from each other",They all begin with a consonant,The first two symbols are the same,They are all four symbols long,A,"The first symbol is doubled, and the remaining two differ from it and from each other","Saying only that the first two match is true and misses that the last two are distinct, which is also common to all three. A rule that is true and incomplete describes more arrangements than the ones shown.",AUTHORED,
GB_PR_032,PATTERN_RECOGNITION,PR_C04_STRUCTURE,PR_F10_A_STRUCTURE_CAN_BE_STATED,PR_FAM10_STRUCTURE_STATEMENT,PR_RG_STRUCTURE,D4,ANALYZE,mcq_single,"Three arrangements: a b b a, m n n m, x y y x. Someone states the rule as ""the first and last symbols match"". That is true of all three. Why is it not the best statement of the rule?",It is false for one of the three,It is stronger than the arrangements support,"It is weaker than the arrangements support; the middle pair also matches, and the arrangements are fully symmetric",It describes the content rather than the structure,C,"It is weaker than the arrangements support; the middle pair also matches, and the arrangements are fully symmetric","The proposed rule holds and admits arrangements the examples do not include, such as a b c a. Stating the strongest rule the examples support is what makes it a description of these arrangements rather than of a wider family.",AUTHORED,
GB_PR_033,PATTERN_RECOGNITION,PR_C07_MULTI_ATTRIBUTE,PR_F11_ATTRIBUTES_VARY_INDEPENDENTLY,PR_FAM11_MULTI_ATTRIBUTE_PATTERN,PR_RG_MULTI,D3,ANALYZE,mcq_single,"Items are described by shape and size: small circle, large circle, small square, large square, small circle. What comes next?",Small square,Large circle,Large square,Small circle,B,Large circle,"The size alternates small and large on every item while the shape changes every two items, and the sequence has just returned to its start. Each wrong option continues one attribute and freezes or misreads the other.",AUTHORED,
GB_PR_034,PATTERN_RECOGNITION,PR_C07_MULTI_ATTRIBUTE,PR_F11_ATTRIBUTES_VARY_INDEPENDENTLY,PR_FAM11_MULTI_ATTRIBUTE_PATTERN,PR_RG_MULTI,D4,ANALYZE,mcq_single,"Items vary in colour and count: one red, two blue, three red, four blue, five red. Someone answers six red, continuing the count and freezing the colour. Both attributes follow their own rule. What comes next?",Six red,Five blue,Seven blue,Six blue,D,Six blue,"The count rises by one each time and the colour alternates, so both move together. Freezing one attribute while advancing the other is the commonest way a two-attribute pattern is misread.",AUTHORED,
GB_PR_035,PATTERN_RECOGNITION,PR_C08_GROWTH,PR_F12_GROWTH_HAS_A_COUNTABLE_RULE,PR_FAM12_GROWTH_COUNTING,PR_RG_GROWTH,D3,APPLY,mcq_single,"A growing arrangement has 1 element at stage 1, 3 at stage 2, 5 at stage 3 and 7 at stage 4. How many at stage 10?",19,9,17,20,A,19,"Each stage adds two, so the count is twice the stage number less one, giving 19 at stage 10. Answering 9 reports the stage-5 count, and 17 stops one stage short.",AUTHORED,
GB_PR_036,PATTERN_RECOGNITION,PR_C08_GROWTH,PR_F12_GROWTH_HAS_A_COUNTABLE_RULE,PR_FAM12_GROWTH_COUNTING,PR_RG_GROWTH,D4,APPLY,mcq_single,"A growing arrangement has 2 elements at stage 1, 6 at stage 2, 12 at stage 3 and 20 at stage 4. Someone continues by adding the last increment of 8 again. The increments are 4, 6 and 8, which themselves grow. How many elements at stage 6?",28,36,42,30,C,42,"The increments rise by two each time, so stage 5 adds 10 and stage 6 adds 12, giving 30 and then 42. Reusing the last increment gives 28, which is what continuing by the difference rather than by the rule produces.",AUTHORED,
GB_PR_037,PATTERN_RECOGNITION,PR_C09_BREAK,PR_F13_A_BREAK_HAS_A_LOCATION,PR_FAM13_BREAK_LOCATION,PR_RG_DIAGNOSIS,D3,ANALYZE,mcq_single,"A sequence built from the unit a b c reads a b c a b c a c c a b c. Where is the break, and what should be there?","The ninth symbol, which should be b","The eighth symbol, which should be b rather than c","The seventh symbol, which should be b","The last symbol, which should be a",B,"The eighth symbol, which should be b rather than c","The unit repeats cleanly except in the third repetition, where the middle symbol is wrong. Naming the position after the break is the commonest slip, because that is where the sequence first looks unfamiliar.",AUTHORED,
GB_PR_038,PATTERN_RECOGNITION,PR_C09_BREAK,PR_F13_A_BREAK_HAS_A_LOCATION,PR_FAM13_BREAK_LOCATION,PR_RG_DIAGNOSIS,D4,ANALYZE,mcq_single,"A sequence reads m n m n m m m n m n. Someone identifies the last symbol as the break, on the grounds that it is where they stopped reading. The rule is inferable from the unbroken part alone. Where is the break?","The last symbol, as they said","The fifth symbol, which should be n","The seventh symbol, which should be n","The sixth symbol, which should be n rather than m",D,"The sixth symbol, which should be n rather than m","The unit m n repeats throughout except for one extra m in the middle, and the sequence resumes correctly afterwards. Suspecting the end by default is a habit worth resisting, since the closing symbols here fit perfectly.",AUTHORED,
GB_PR_039,PATTERN_RECOGNITION,PR_C09_BREAK,PR_F13_A_BREAK_HAS_A_LOCATION,PR_FAM13_BREAK_LOCATION,PR_RG_DIAGNOSIS,D5,ANALYZE,mcq_single,"A sequence contains exactly one break. Two different rules each fit the unbroken part, and they disagree about which symbol is the break. What follows?","The break cannot be located until the rule is settled, and the sequence shown does not settle it",Whichever rule is simpler identifies the true break,"Both breaks are genuine, since both rules fit",The sequence contains no break after all,A,"The break cannot be located until the rule is settled, and the sequence shown does not settle it","A break is a deviation from a rule, so it has no location until the rule is fixed. Two rules fitting equally well is exactly the situation where more of the sequence is needed rather than a preference between them.",AUTHORED,
GB_PR_040,PATTERN_RECOGNITION,PR_C09_BREAK,PR_F13_A_BREAK_HAS_A_LOCATION,PR_FAM13_BREAK_LOCATION,PR_RG_DIAGNOSIS,D5,ANALYZE,mcq_single,A sequence has a break at its very first symbol. Why is that harder to detect than a break in the middle?,A break at the start is not a break at all,The first symbol has no predecessor to compare with,"The rule is inferred from what is read first, so a wrong opening symbol is taken as part of the rule",It is not harder; every position is equally visible,C,"The rule is inferred from what is read first, so a wrong opening symbol is taken as part of the rule","Reading a sequence builds an expectation from its opening, so a fault there is absorbed into the expectation rather than measured against it. The lack of a predecessor is a real point and not the reason — a break in the second symbol has a predecessor and is also easy to absorb.",AUTHORED,
GB_PR_041,PATTERN_RECOGNITION,PR_C09_BREAK,PR_F13_A_BREAK_HAS_A_LOCATION,PR_FAM13_BREAK_LOCATION,PR_RG_DIAGNOSIS,D5,ANALYZE,mcq_single,"A long sequence contains one break. Checking every position takes time; checking only where the sequence ""looks wrong"" is quick. What does the quick approach risk?",Nothing; a break is always visible where it occurs,"Missing a break that the reader's own expectation has absorbed, and stopping at a position that merely follows the break",Finding too many breaks rather than too few,Taking longer than checking every position,B,"Missing a break that the reader's own expectation has absorbed, and stopping at a position that merely follows the break","Where a sequence looks wrong is often one position after where it went wrong, and a break the reader has already fitted into their rule never looks wrong at all. The quick approach is often right and its failures are systematic rather than random.",AUTHORED,
GB_PR_042,PATTERN_RECOGNITION,PR_C04_STRUCTURE,PR_F14_STRUCTURE_TRANSFERS_ACROSS_CONTENT,PR_FAM14_STRUCTURE_TRANSFER,PR_RG_STRUCTURE,D4,EVALUATE,mcq_single,An arrangement of letters reads a b b a. Which arrangement of numbers shares its structure? The content shares nothing with the original.,7 4 7 4,7 7 4 4,7 4 4 9,7 4 4 7,D,7 4 4 7,"The structure is first and last matching with a matched pair inside, and only one option has it. Each other option is a plausible four-item arrangement with a different structure.",AUTHORED,
GB_PR_043,PATTERN_RECOGNITION,PR_C04_STRUCTURE,PR_F14_STRUCTURE_TRANSFERS_ACROSS_CONTENT,PR_FAM14_STRUCTURE_TRANSFER,PR_RG_STRUCTURE,D5,EVALUATE,mcq_single,A sequence of colours reads red red blue. Which sequence of words shares its structure?,up up down,up down down,up down up,up up up,A,up up down,"The structure is a doubled first item followed by a different one, and only one option matches it. Recognising a structure across entirely different content is what makes it a structure rather than a description of the items.",AUTHORED,
GB_PR_044,PATTERN_RECOGNITION,PR_C04_STRUCTURE,PR_F14_STRUCTURE_TRANSFERS_ACROSS_CONTENT,PR_FAM14_STRUCTURE_TRANSFER,PR_RG_STRUCTURE,D5,EVALUATE,mcq_single,A sequence of sizes reads small large small large. Which of these shares its structure?,A sequence of numbers reading 2 9 9 2,A sequence of numbers reading 2 2 9 9,A sequence of numbers reading 2 9 2 9,A sequence of sizes reading small small large large,C,A sequence of numbers reading 2 9 2 9,"The structure is two items alternating, and only one option alternates. The last option shares the original's content entirely and has a different structure, which is exactly the trap.",AUTHORED,
GB_PR_045,PATTERN_RECOGNITION,PR_C04_STRUCTURE,PR_F14_STRUCTURE_TRANSFERS_ACROSS_CONTENT,PR_FAM14_STRUCTURE_TRANSFER,PR_RG_STRUCTURE,D5,EVALUATE,mcq_single,Two arrangements share a structure. Does that mean they will behave the same way when the same rule is applied to each?,"Yes, in every case","Yes for any rule that depends only on the structure, and not for one that depends on the content",No; sharing a structure says nothing about behaviour,"Yes, provided the two use the same kind of item",B,"Yes for any rule that depends only on the structure, and not for one that depends on the content","A rule about positions and repetitions sees only the structure and treats the two identically. A rule that asks which item is larger, or which comes first alphabetically, reaches past the structure into the content.",AUTHORED,
GB_PR_046,PATTERN_RECOGNITION,PR_C04_STRUCTURE,PR_F14_STRUCTURE_TRANSFERS_ACROSS_CONTENT,PR_FAM14_STRUCTURE_TRANSFER,PR_RG_STRUCTURE,D5,EVALUATE,mcq_single,Recognising structure across different content is useful and can mislead. When does it mislead?,Never; shared structure always means shared behaviour,Whenever the two contents are of different kinds,Whenever the arrangements have different lengths,When the shared structure is superficial and the content is what the problem actually turns on,D,When the shared structure is superficial and the content is what the problem actually turns on,"Seeing that two problems have the same shape is what lets a solution transfer, and it fails exactly when the shape was not the important thing. Different kinds of content and different lengths are not themselves obstacles.",AUTHORED,
GB_PR_047,PATTERN_RECOGNITION,PR_C10_AMBIGUITY,PR_F15_MORE_THAN_ONE_STRUCTURE_MAY_FIT,PR_FAM15_COMPETING_STRUCTURE,PR_RG_DIAGNOSIS,D4,EVALUATE,mcq_single,"A sequence reads a b a b. It fits both ""a and b alternating"" and ""the unit a b repeated"". Someone says the two are different structures that happen to agree. What would distinguish them?",Nothing; on this kind of sequence the two descriptions are the same structure in different words,A longer sequence would separate them,A sequence starting with b would separate them,The two disagree from the fifth symbol onward,A,Nothing; on this kind of sequence the two descriptions are the same structure in different words,"Alternating two symbols and repeating a two-symbol unit describe identical sequences, so no continuation can separate them. Recognising that two descriptions are one structure is as useful as separating two that genuinely differ.",AUTHORED,
GB_PR_048,PATTERN_RECOGNITION,PR_C10_AMBIGUITY,PR_F15_MORE_THAN_ONE_STRUCTURE_MAY_FIT,PR_FAM15_COMPETING_STRUCTURE,PR_RG_DIAGNOSIS,D5,EVALUATE,mcq_single,"A sequence reads a b b a. It fits both ""symmetric about its middle"" and ""the unit a b followed by that unit mirrored"". What continuation would distinguish the two?",No continuation can distinguish them,A shorter sequence would distinguish them,"A longer sequence: symmetry constrains the whole arrangement, while a mirrored-unit rule predicts a b b a a b b a",Changing the letters would distinguish them,C,"A longer sequence: symmetry constrains the whole arrangement, while a mirrored-unit rule predicts a b b a a b b a","The two agree on what has been shown and make different predictions about what follows, so the continuation is where they part. Changing the content leaves both structures intact and settles nothing.",AUTHORED,
GB_PR_049,PATTERN_RECOGNITION,PR_C10_AMBIGUITY,PR_F15_MORE_THAN_ONE_STRUCTURE_MAY_FIT,PR_FAM15_COMPETING_STRUCTURE,PR_RG_DIAGNOSIS,D5,EVALUATE,mcq_single,"Two structures fit an arrangement, and one is much simpler to state. Is simplicity a reason to prefer it?",Yes; the simpler structure is always the real one,It is a practical preference and not evidence; only an observation the two disagree about settles it,No; the more detailed structure explains more and is better,Yes; a simpler structure is easier to test,B,It is a practical preference and not evidence; only an observation the two disagree about settles it,"Simplicity makes a structure easier to state and to use, and neither of those makes it the one behind the arrangement. What decides between two structures is a case they predict differently.",AUTHORED,
GB_PR_050,PATTERN_RECOGNITION,PR_C10_AMBIGUITY,PR_F15_MORE_THAN_ONE_STRUCTURE_MAY_FIT,PR_FAM15_COMPETING_STRUCTURE,PR_RG_DIAGNOSIS,D5,EVALUATE,mcq_single,"Someone proposes extending an arrangement to test which of two structures holds, and chooses an extension both structures predict. What has the test achieved?",It has confirmed both structures,It has confirmed the simpler structure,It has ruled out any third structure,Nothing; an observation both structures predict cannot tell them apart,D,Nothing; an observation both structures predict cannot tell them apart,"A test is informative only where the competing explanations disagree, and this one was chosen where they agree. It is the same reasoning as choosing a test input that a correct and a faulty program would answer identically.",AUTHORED,
