questionId,skillKey,conceptId,factId,familyId,reassessmentGroup,difficulty,cognitiveLevel,questionType,prompt,optionA,optionB,optionC,optionD,correctOption,correctAnswerText,explanation,provenance,sourceQuestionId
GB_BA_001,BOOLEAN_ALGEBRA,BA_C01_NOTATION,BA_F01_VARIABLES_TAKE_TWO_VALUES,BA_FAM01_VALUES_AND_VARIABLES,BA_RG_NOTATION,D1,REMEMBER,mcq_single,Which of these quantities can be held directly in a Boolean variable?,The number of items in a basket,Whether a switch is on,The temperature of a room,"A traffic light showing red, amber or green",B,Whether a switch is on,"A switch is on or it is not, which is exactly two states. The other three take more than two values and cannot be squeezed into one variable without losing something.",AUTHORED,
GB_BA_002,BOOLEAN_ALGEBRA,BA_C01_NOTATION,BA_F01_VARIABLES_TAKE_TWO_VALUES,BA_FAM01_VALUES_AND_VARIABLES,BA_RG_NOTATION,D1,REMEMBER,mcq_single,How many different values can a Boolean variable take?,One,Ten,Any number at all,Two,D,Two,A Boolean variable holds 0 or 1 and nothing else. Every operation in this algebra is defined on that basis.,AUTHORED,
GB_BA_003,BOOLEAN_ALGEBRA,BA_C01_NOTATION,BA_F01_VARIABLES_TAKE_TWO_VALUES,BA_FAM01_VALUES_AND_VARIABLES,BA_RG_NOTATION,D1,REMEMBER,mcq_single,A door sensor reports open or closed and nothing else. Can its reading be held in a Boolean variable?,"Yes, because it has exactly two states","No, because open and closed are words rather than numbers","No, because the reading changes over time",Only once the two states have been renamed 0 and 1,A,"Yes, because it has exactly two states","What matters is the number of states, not what they are called. Renaming them is a presentation choice made after the decision, not a condition on it.",AUTHORED,
GB_BA_004,BOOLEAN_ALGEBRA,BA_C01_NOTATION,BA_F01_VARIABLES_TAKE_TWO_VALUES,BA_FAM01_VALUES_AND_VARIABLES,BA_RG_NOTATION,D1,REMEMBER,mcq_single,An expression is built only from Boolean variables. What values can the expression itself take?,Any whole number,Any value between 0 and 1,Only 0 or 1,It depends how many variables it contains,C,Only 0 or 1,"Every operation in this algebra returns 0 or 1, so combining Boolean values can never produce anything else however long the expression grows.",AUTHORED,
GB_BA_005,BOOLEAN_ALGEBRA,BA_C01_NOTATION,BA_F01_VARIABLES_TAKE_TWO_VALUES,BA_FAM01_VALUES_AND_VARIABLES,BA_RG_NOTATION,D2,REMEMBER,mcq_single,"A student stores a traffic light state in one Boolean variable, reasoning that a light is either red or not red. What is lost?",Nothing; a light really is either red or not red,"The difference between amber and green, which both count as not red",The ability to record whether the light is red,The order in which the three colours follow each other,B,"The difference between amber and green, which both count as not red",The two-state reading is accurate and throws away two thirds of the information. Anything needing to act differently on amber and green cannot be built on this variable.,AUTHORED,
GB_BA_006,BOOLEAN_ALGEBRA,BA_C01_NOTATION,BA_F02_SYMBOLS_STAND_FOR_OPERATIONS,BA_FAM02_NOTATION_READING,BA_RG_NOTATION,D1,REMEMBER,mcq_single,In Boolean notation the plus sign stands for one of the operations. Which?,AND,NOT,Ordinary addition,OR,D,OR,The plus sign is borrowed from arithmetic and means OR here. Keeping the arithmetic reading is the single most productive mistake in the topic.,AUTHORED,
GB_BA_007,BOOLEAN_ALGEBRA,BA_C01_NOTATION,BA_F02_SYMBOLS_STAND_FOR_OPERATIONS,BA_FAM02_NOTATION_READING,BA_RG_NOTATION,D1,REMEMBER,mcq_single,"In Boolean algebra, what is 1 + 1?",1,2,0,10,A,1,"The plus is an OR, and an OR of two ones is 1. There is no value 2 anywhere in this algebra for the arithmetic answer to land on.",AUTHORED,
GB_BA_008,BOOLEAN_ALGEBRA,BA_C01_NOTATION,BA_F02_SYMBOLS_STAND_FOR_OPERATIONS,BA_FAM02_NOTATION_READING,BA_RG_NOTATION,D1,REMEMBER,mcq_single,"In Boolean notation, two variables written side by side as AB mean what?",A OR B,A multiplied by B in the ordinary sense,A AND B,A followed by B in time,C,A AND B,"Adjacency stands for the product, which in this algebra is AND. The notation is borrowed from arithmetic and the meaning is not.",AUTHORED,
GB_BA_009,BOOLEAN_ALGEBRA,BA_C01_NOTATION,BA_F02_SYMBOLS_STAND_FOR_OPERATIONS,BA_FAM02_NOTATION_READING,BA_RG_NOTATION,D2,REMEMBER,mcq_single,A student evaluates the Boolean expression 1 + 1 + 1 and writes 3. What has gone wrong?,Nothing; 1 + 1 + 1 really is 3,"The plus sign means OR here, and an OR comes to 1 as soon as any part is 1","The plus sign means AND, so the answer should be 1",The expression is not well formed and cannot be evaluated,B,"The plus sign means OR here, and an OR comes to 1 as soon as any part is 1","Adding more ones cannot push the value past 1, because the operation is not addition. The answer would be 1 for any number of terms.",AUTHORED,
GB_BA_010,BOOLEAN_ALGEBRA,BA_C02_GATES,BA_F03_EACH_GATE_HAS_ONE_BEHAVIOUR,BA_FAM03_GATE_BEHAVIOUR,BA_RG_GATES,D1,REMEMBER,mcq_single,An AND gate is given the inputs 1 and 0. What does it output?,1,Both 0 and 1,"Nothing, because the inputs disagree",0,D,0,"An AND gate outputs 1 only when every input is 1, so a single 0 forces the output to 0.",AUTHORED,
GB_BA_011,BOOLEAN_ALGEBRA,BA_C02_GATES,BA_F03_EACH_GATE_HAS_ONE_BEHAVIOUR,BA_FAM03_GATE_BEHAVIOUR,BA_RG_GATES,D1,REMEMBER,mcq_single,A gate outputs 1 exactly when its two inputs differ from each other. What is it called?,XOR,OR,AND,NAND,A,XOR,Outputting 1 on differing inputs and 0 on matching ones is what XOR does. An OR would also output 1 when both inputs are 1.,AUTHORED,
GB_BA_012,BOOLEAN_ALGEBRA,BA_C02_GATES,BA_F03_EACH_GATE_HAS_ONE_BEHAVIOUR,BA_FAM03_GATE_BEHAVIOUR,BA_RG_GATES,D1,REMEMBER,mcq_single,An OR gate and an XOR gate are given the same two inputs. In which case do they disagree?,When both inputs are 0,When exactly one input is 1,When both inputs are 1,They never disagree,C,When both inputs are 1,"The two agree on three of the four input combinations. Both inputs being 1 is the only case that separates them, which is why it is the case worth testing.",AUTHORED,
GB_BA_013,BOOLEAN_ALGEBRA,BA_C02_GATES,BA_F03_EACH_GATE_HAS_ONE_BEHAVIOUR,BA_FAM03_GATE_BEHAVIOUR,BA_RG_GATES,D2,REMEMBER,mcq_single,"A NAND gate is given the inputs 1 and 1, and a student answers 1 by treating it as an AND. What is the output, and why?","1, because both of its inputs are 1","0, because NAND is an AND followed by an inversion","1, because NAND behaves like an OR in this case","0, because a NAND gate always outputs 0",B,"0, because NAND is an AND followed by an inversion",The AND part gives 1 and the inversion turns it into 0. A NAND does not always output 0; it outputs 0 only when an AND would have output 1.,AUTHORED,
GB_BA_014,BOOLEAN_ALGEBRA,BA_C03_EVALUATION,BA_F04_PRODUCT_BINDS_BEFORE_SUM,BA_FAM04_EXPRESSION_EVALUATION,BA_RG_EVALUATION,D2,UNDERSTAND,mcq_single,"Evaluate A + BC with A = 1, B = 1 and C = 0, given that the product binds before the sum.",0,2,It cannot be determined,1,D,1,"The product BC comes to 0, and 1 + 0 is 1. Working strictly left to right would give 0 instead, which is why the binding has to be respected.",AUTHORED,
GB_BA_015,BOOLEAN_ALGEBRA,BA_C03_EVALUATION,BA_F04_PRODUCT_BINDS_BEFORE_SUM,BA_FAM04_EXPRESSION_EVALUATION,BA_RG_EVALUATION,D3,UNDERSTAND,mcq_single,"Evaluate AB + XY with A = 1, B = 1, X = 1 and Y = 0, given that products bind before sums.",1,0,2,It cannot be determined,A,1,"The first product comes to 1 and the second to 0, and 1 + 0 is 1. Taken strictly left to right the expression would come to 0, so the two readings genuinely differ here.",AUTHORED,
GB_BA_016,BOOLEAN_ALGEBRA,BA_C04_LAWS,BA_F05_CONSTANTS_COLLAPSE_EXPRESSIONS,BA_FAM05_CONSTANT_LAWS,BA_RG_LAWS,D2,UNDERSTAND,mcq_single,"A simplification reaches the term A + 1, in which 1 is the constant. What does that term become?",A,0,1,It cannot be simplified any further,C,1,"An OR is 1 as soon as any part is 1, and one part here is already 1, so the value is 1 whatever A happens to be. It is A · 1 that leaves A untouched.",AUTHORED,
GB_BA_017,BOOLEAN_ALGEBRA,BA_C04_LAWS,BA_F05_CONSTANTS_COLLAPSE_EXPRESSIONS,BA_FAM05_CONSTANT_LAWS,BA_RG_LAWS,D3,UNDERSTAND,mcq_single,"A working line reads A · 0 + B · 1, where 0 and 1 are the constants. Which single variable does the line reduce to?",A + B,B,0,1,B,B,"The first product is 0 whatever A is, and the second leaves B alone, so the whole reduces to B. The two constants behave in opposite ways and are easy to exchange.",AUTHORED,
GB_BA_018,BOOLEAN_ALGEBRA,BA_C04_LAWS,BA_F06_A_VARIABLE_WITH_ITSELF_IS_SPECIAL,BA_FAM06_SELF_AND_COMPLEMENT_LAWS,BA_RG_LAWS,D2,APPLY,mcq_single,"During a rewrite the same variable turns up twice joined by a sum, as A + A. What does that collapse to?",2A,1,0,A,D,A,"Combining a value with itself under OR changes nothing, so the result is A. There is no value 2A in this algebra for the arithmetic answer to be.",AUTHORED,
GB_BA_019,BOOLEAN_ALGEBRA,BA_C04_LAWS,BA_F06_A_VARIABLE_WITH_ITSELF_IS_SPECIAL,BA_FAM06_SELF_AND_COMPLEMENT_LAWS,BA_RG_LAWS,D3,APPLY,mcq_single,"A line of working contains A · A′, in which A′ is the complement of A. What does that product come to?",0,1,A,A′,A,0,"One of the two is 0 in every case, and a product with a 0 in it is 0. The companion law, with a sum in place of the product, gives 1.",AUTHORED,
GB_BA_020,BOOLEAN_ALGEBRA,BA_C04_LAWS,BA_F06_A_VARIABLE_WITH_ITSELF_IS_SPECIAL,BA_FAM06_SELF_AND_COMPLEMENT_LAWS,BA_RG_LAWS,D4,APPLY,mcq_single,"A student simplifies A + A′ to A, reasoning that combining a variable with itself leaves it unchanged. A and A′ are not the same variable: one of them is 1 whenever the other is 0, so their sum is 1 in every case. What is the correct result?",A,0,1,A′,C,1,"The step the student used applies to A + A, where both terms really are the same. Here the terms are opposites, so between them they always supply a 1.",AUTHORED,
GB_BA_021,BOOLEAN_ALGEBRA,BA_C05_REWRITING,BA_F07_BOTH_OPERATIONS_DISTRIBUTE,BA_FAM07_DISTRIBUTION,BA_RG_REWRITING,D2,APPLY,mcq_single,Expand A(B + C).,AB + C,AB + AC,A + BC,ABC,B,AB + AC,"The A multiplies each term inside the bracket, giving AB + AC. Leaving the C without its A is the commonest slip and changes the value.",AUTHORED,
GB_BA_022,BOOLEAN_ALGEBRA,BA_C05_REWRITING,BA_F07_BOTH_OPERATIONS_DISTRIBUTE,BA_FAM07_DISTRIBUTION,BA_RG_REWRITING,D3,APPLY,mcq_single,Which expression is equivalent to A + BC?,AB + AC,(A + B)C,A + B + C,(A + B)(A + C),D,(A + B)(A + C),"The sum distributes over the product here, giving (A + B)(A + C). This direction has no counterpart in ordinary arithmetic, which is why it looks wrong at first.",AUTHORED,
GB_BA_023,BOOLEAN_ALGEBRA,BA_C05_REWRITING,BA_F07_BOTH_OPERATIONS_DISTRIBUTE,BA_FAM07_DISTRIBUTION,BA_RG_REWRITING,D4,APPLY,mcq_single,"A student refuses to accept that A + BC equals (A + B)(A + C), on the grounds that ordinary arithmetic has no such rule. Boolean algebra allows the sum to distribute over the product as well as the product over the sum, which ordinary arithmetic does not. Is the equality correct?","Yes, and the arithmetic analogy is exactly what misleads here",No; the student is right that no such rule exists,"Yes, but only in the cases where A is 1",No; the correct expansion is AB + AC,A,"Yes, and the arithmetic analogy is exactly what misleads here","Checking all eight combinations confirms it. The algebra is only borrowing arithmetic notation, and it is not obliged to borrow arithmetic limitations with it.",AUTHORED,
GB_BA_024,BOOLEAN_ALGEBRA,BA_C05_REWRITING,BA_F08_A_TERM_MAY_BE_ABSORBED,BA_FAM08_ABSORPTION,BA_RG_REWRITING,D2,APPLY,mcq_single,"An expression is written as A + AB, so that its second term is the product of the first variable with another. What does the whole reduce to?",AB,A + B,A,B,C,A,"Whenever AB is 1, A is already 1, so the second term never adds a case. The whole expression therefore reduces to A.",AUTHORED,
GB_BA_025,BOOLEAN_ALGEBRA,BA_C05_REWRITING,BA_F08_A_TERM_MAY_BE_ABSORBED,BA_FAM08_ABSORPTION,BA_RG_REWRITING,D3,APPLY,mcq_single,An expression reads X(X + Y). Which single variable is it equal to?,Y,X,XY,X + Y,B,X,"The bracket is 1 whenever X is 1, so the product is 1 exactly when X is, and 0 otherwise. The same absorption appears here with the two operations exchanged.",AUTHORED,
GB_BA_026,BOOLEAN_ALGEBRA,BA_C05_REWRITING,BA_F08_A_TERM_MAY_BE_ABSORBED,BA_FAM08_ABSORPTION,BA_RG_REWRITING,D4,APPLY,mcq_single,"A student simplifies A + A′B to A, using the step that turns A + AB into A. The second term here contains A′ rather than A, so the two terms do not share a variable in the way that step requires. What does A + A′B equal?",A,A′B,AB,A + B,D,A + B,"When A is 0 the expression comes to B, so the result is A + B rather than A alone. Absorption needs the same variable in both terms, and a complement is a different variable.",AUTHORED,
GB_BA_027,BOOLEAN_ALGEBRA,BA_C06_JUSTIFICATION,BA_F09_EVERY_STEP_HAS_A_NAMED_LAW,BA_FAM09_STEP_JUSTIFICATION,BA_RG_JUSTIFICATION,D2,APPLY,mcq_single,A line of working turns A · 1 into A. Which law licenses it?,The identity law for the product,The complement law,The absorption law,The distributive law,A,The identity law for the product,"Multiplying by 1 leaves a value unchanged, which is what the identity law states. The others are all real laws that say nothing about this step.",AUTHORED,
GB_BA_028,BOOLEAN_ALGEBRA,BA_C06_JUSTIFICATION,BA_F09_EVERY_STEP_HAS_A_NAMED_LAW,BA_FAM09_STEP_JUSTIFICATION,BA_RG_JUSTIFICATION,D3,APPLY,mcq_single,A line of working turns A(B + C) into AB + AC. Which law licenses it?,The absorption law,The identity law,The distributive law,The complement law,C,The distributive law,Spreading a factor across a sum is distribution. Absorption would remove a term rather than expand one.,AUTHORED,
GB_BA_029,BOOLEAN_ALGEBRA,BA_C06_JUSTIFICATION,BA_F09_EVERY_STEP_HAS_A_NAMED_LAW,BA_FAM09_STEP_JUSTIFICATION,BA_RG_JUSTIFICATION,D4,APPLY,mcq_single,"A line of working turns A + A′ into 1, and a student names the idempotent law, which is the law turning A + A into A. The term being combined here is A′ rather than a second copy of A, so the idempotent law does not reach it. Which law licenses the step?",The idempotent law,The complement law,The absorption law,The distributive law,B,The complement law,"A variable together with its complement covers both cases, and recording that is precisely what the complement law does. The other law named would have given A rather than 1, so it is the wrong answer as well as the wrong justification.",AUTHORED,
GB_BA_030,BOOLEAN_ALGEBRA,BA_C02_GATES,BA_F10_A_CIRCUIT_IS_AN_EXPRESSION,BA_FAM10_CIRCUIT_TO_EXPRESSION,BA_RG_GATES,D2,APPLY,mcq_single,"Inputs A and B are fed to an AND gate, and the output of that gate is fed to an inverter. What does the circuit compute?",AB,A′B′,A′ + B,(AB)′,D,(AB)′,"The AND is formed first and the inversion is applied to its result, which is written (AB)′. Inverting the inputs instead would be a different circuit.",AUTHORED,
GB_BA_031,BOOLEAN_ALGEBRA,BA_C02_GATES,BA_F10_A_CIRCUIT_IS_AN_EXPRESSION,BA_FAM10_CIRCUIT_TO_EXPRESSION,BA_RG_GATES,D3,APPLY,mcq_single,"Inputs A and B are each passed through their own inverter, and the two inverter outputs are then fed to an OR gate. What does the circuit compute?",A′ + B′,A + B,(A + B)′,A′B′,A,A′ + B′,"Each input is complemented before the combining, and the combining is a sum, giving A′ + B′. Where the inversion sits relative to the gate is the whole of the difference.",AUTHORED,
GB_BA_032,BOOLEAN_ALGEBRA,BA_C02_GATES,BA_F10_A_CIRCUIT_IS_AN_EXPRESSION,BA_FAM10_CIRCUIT_TO_EXPRESSION,BA_RG_GATES,D4,APPLY,mcq_single,"One circuit inverts A and B separately and then combines them with an AND gate. Another combines A and B with an OR gate and then inverts the result. The inversion happens before the combining in the first circuit and after it in the second, which is the only structural difference. What is true of the two?",The first computes A′B′ and the second computes A′ + B′,The second computes AB,They compute the same thing,They differ whenever A and B differ from each other,C,They compute the same thing,"The first is A′B′ and the second is (A + B)′, and pushing the complement inward turns the second into the first. This is the case where moving the inversion across the gate happens to cost nothing, provided the gate changes with it.",AUTHORED,
GB_BA_033,BOOLEAN_ALGEBRA,BA_C07_ERRORS,BA_F11_AN_INVALID_STEP_LOOKS_LIKE_A_VALID_ONE,BA_FAM11_INVALID_STEP_DIAGNOSIS,BA_RG_ERRORS,D3,ANALYZE,mcq_single,"A simplification reads: Step 1, A + AB. Step 2, A(1 + B). Step 3, A · B. Step 4, AB. Which step is not licensed?",Step 2,Step 3,Step 4,No step is wrong,B,Step 3,"The bracket comes to 1, so Step 3 should have produced A · 1 and then A. The factoring before it is legitimate, and the line after it merely tidies a result that was already wrong.",AUTHORED,
GB_BA_034,BOOLEAN_ALGEBRA,BA_C07_ERRORS,BA_F11_AN_INVALID_STEP_LOOKS_LIKE_A_VALID_ONE,BA_FAM11_INVALID_STEP_DIAGNOSIS,BA_RG_ERRORS,D4,ANALYZE,mcq_single,"A simplification reads: Step 1, A + A. Step 2, 2A. Step 3, A. The final answer is right, and step 2 imports a rule from ordinary arithmetic under which no Boolean variable can ever take the value 2. Which step is not licensed?",Step 1,Step 3,"None of them, since the answer is correct",Step 2,D,Step 2,Passing through a value the algebra does not contain is not licensed however the working lands. A correct answer reached by an unavailable route will not stay correct on the next expression.,AUTHORED,
GB_BA_035,BOOLEAN_ALGEBRA,BA_C06_JUSTIFICATION,BA_F12_EQUIVALENCE_CAN_BE_CHECKED_EXHAUSTIVELY,BA_FAM12_EQUIVALENCE_VERIFICATION,BA_RG_JUSTIFICATION,D3,ANALYZE,mcq_single,"A rewrite turns A + AB into A. It has been checked with A = 1 and B = 0, and with A = 1 and B = 1, and the two forms agreed both times. What still needs checking?",The rows where A is 0,Nothing; two agreeing rows are enough,The rows where B is 0,"Nothing, because the rewrite applies a known law",A,The rows where A is 0,"Only half the combinations have been tried, and both tried have A set to 1. The rows where A is 0 are untouched and are where a faulty absorption would show.",AUTHORED,
GB_BA_036,BOOLEAN_ALGEBRA,BA_C06_JUSTIFICATION,BA_F12_EQUIVALENCE_CAN_BE_CHECKED_EXHAUSTIVELY,BA_FAM12_EQUIVALENCE_VERIFICATION,BA_RG_JUSTIFICATION,D4,ANALYZE,mcq_single,"A rewrite turns A + A′B into AB. On the row where A = 1 and B = 1 the two forms agree. On the row where A = 1 and B = 0 the original comes to 1 and the rewrite comes to 0, so the two differ. Is the rewrite correct?","Yes, since they agree where both variables are 1",Yes; the two are the same law written two ways,"No, and that row shows it",It cannot be decided until all four rows have been checked,C,"No, and that row shows it","A single disagreeing row settles the question, and the remaining rows cannot rescue it. Checking every row is thorough and is not required once a failure has been found.",AUTHORED,
GB_BA_037,BOOLEAN_ALGEBRA,BA_C08_DE_MORGAN,BA_F13_A_BAR_OVER_A_GROUP_SWAPS_THE_OPERATION,BA_FAM13_DE_MORGAN_REWRITE,BA_RG_DE_MORGAN,D3,ANALYZE,mcq_single,Rewrite (AB)′ with the complement pushed inward.,A′B′,A′ + B′,(A + B)′,AB,B,A′ + B′,"Pushing a complement through a product turns it into a sum of complements, giving A′ + B′. Complementing the variables and leaving the product alone is the half-done version.",AUTHORED,
GB_BA_038,BOOLEAN_ALGEBRA,BA_C08_DE_MORGAN,BA_F13_A_BAR_OVER_A_GROUP_SWAPS_THE_OPERATION,BA_FAM13_DE_MORGAN_REWRITE,BA_RG_DE_MORGAN,D4,ANALYZE,mcq_single,"A student rewrites (A + B)′ as A′ + B′, complementing each variable and leaving the sum as it was. Pushing a complement inward changes the operation as well as the variables, and the sum here has been left unchanged. What is the correct rewrite?",A′ + B′,(AB)′,AB,A′B′,D,A′B′,"The sum has to become a product as the complement moves inside, giving A′B′. With A true and B false the original is 0 and the student form is 1, which shows the two apart.",AUTHORED,
GB_BA_039,BOOLEAN_ALGEBRA,BA_C08_DE_MORGAN,BA_F13_A_BAR_OVER_A_GROUP_SWAPS_THE_OPERATION,BA_FAM13_DE_MORGAN_REWRITE,BA_RG_DE_MORGAN,D5,ANALYZE,mcq_single,"An expression reads (A′)′. A student says a complement can only be pushed inward when it covers a group of two or more variables, so this one cannot be simplified. A complement over a single complemented variable simply returns the variable, since reversing a two-valued quantity twice restores it. What does it equal?",A,A′,1,0,A,A,"Two reversals cancel, so the expression is just A. The rule about groups is about which operation changes; it never made a lone complement immovable.",AUTHORED,
GB_BA_040,BOOLEAN_ALGEBRA,BA_C08_DE_MORGAN,BA_F13_A_BAR_OVER_A_GROUP_SWAPS_THE_OPERATION,BA_FAM13_DE_MORGAN_REWRITE,BA_RG_DE_MORGAN,D5,ANALYZE,mcq_single,"A requirement is described as: it is not the case that the account is active and the balance is positive. A team must restate it as two checks, each about a single fact, joined by one operation. The complement covers both facts together, so pushing it inward will change the operation that joins them. What do they get?","The account is not active, and the balance is not positive","The account is active, or the balance is positive","The account is not active, or the balance is not positive","The account is not active, and the balance is positive",C,"The account is not active, or the balance is not positive","Denying a requirement of both leaves a requirement of either failure, so the joining operation becomes a sum. Keeping it as a product would exclude an active account with a negative balance, which the original clearly covers.",AUTHORED,
GB_BA_041,BOOLEAN_ALGEBRA,BA_C08_DE_MORGAN,BA_F13_A_BAR_OVER_A_GROUP_SWAPS_THE_OPERATION,BA_FAM13_DE_MORGAN_REWRITE,BA_RG_DE_MORGAN,D5,ANALYZE,mcq_single,"An expression reads (A + B + C)′. A student pushes complements inward two variables at a time and is unsure whether the rule reaches three. The rule applies however many parts the group has, because a group of three can be treated as one part joined to another and the step repeated. What does the expression equal?",A′ + B′ + C′,A′B′C′,A′B′ + C′,(ABC)′,B,A′B′C′,"Grouping two of the three, applying the step, and applying it again to the remaining pair gives A′B′C′. The number of parts never mattered; only the operation joining them does.",AUTHORED,
GB_BA_042,BOOLEAN_ALGEBRA,BA_C09_DESIGN,BA_F14_SIMPLEST_IS_A_JUDGEMENT_AGAINST_A_CRITERION,BA_FAM14_FORM_CHOICE,BA_RG_DESIGN,D4,EVALUATE,mcq_single,"Four forms are offered as simplifications of A + AB, and the criterion is the fewest variables. Any form offered must first be equal to the original, and one of the forms below is shorter than the rest and is not equal to A + AB. Which form should be chosen?",B,A + B,AB,A,D,A,"A + AB reduces to A, so A is both correct and the shortest correct option. B is shorter still and is simply a different expression, which is why equality has to be settled before length is considered.",AUTHORED,
GB_BA_043,BOOLEAN_ALGEBRA,BA_C09_DESIGN,BA_F14_SIMPLEST_IS_A_JUDGEMENT_AGAINST_A_CRITERION,BA_FAM14_FORM_CHOICE,BA_RG_DESIGN,D5,EVALUATE,mcq_single,"Two equivalent forms of a condition are available. One uses three gates of a kind the board has in abundance. The other uses two gates, one of them a kind the board has only one of, already committed elsewhere. Both forms compute exactly the same thing. Which should be built?","The three-gate form, because the two-gate form needs a part that is not available","The two-gate form, because fewer gates is always the better outcome","The two-gate form, with the committed gate shared between the two uses",Neither; the condition should be redesigned from scratch,A,"The three-gate form, because the two-gate form needs a part that is not available","Gate count is a proxy for cost, and here the real cost is a part that does not exist to be used. Sharing a committed gate would change what the other circuit does.",AUTHORED,
GB_BA_044,BOOLEAN_ALGEBRA,BA_C09_DESIGN,BA_F14_SIMPLEST_IS_A_JUDGEMENT_AGAINST_A_CRITERION,BA_FAM14_FORM_CHOICE,BA_RG_DESIGN,D5,EVALUATE,mcq_single,"A condition can be written in a long form that follows the requirement sentence by sentence, or in a shorter equivalent form that no longer resembles it. The requirement changes about twice a year, and each change is checked against the written condition by a non-specialist. Which form fits?","The short form, because shorter expressions contain fewer mistakes","The short form, because it evaluates more quickly","The long form, because a non-specialist has to be able to check it against the requirement","Either, since the two are equivalent",C,"The long form, because a non-specialist has to be able to check it against the requirement","Equivalence means the machine cannot tell them apart, and the reader can. The work being optimised here is the twice-yearly check, not the evaluation.",AUTHORED,
GB_BA_045,BOOLEAN_ALGEBRA,BA_C09_DESIGN,BA_F14_SIMPLEST_IS_A_JUDGEMENT_AGAINST_A_CRITERION,BA_FAM14_FORM_CHOICE,BA_RG_DESIGN,D5,EVALUATE,mcq_single,"A team simplifies a condition and reaches a form containing only one of the three original variables. They suspect an error, since a variable has vanished. A variable vanishes exactly when the expression turns out not to depend on it, which is a legitimate result rather than a sign of a mistake. What should they do?","Reject the simplification, since no variable may disappear","Check the simplification against every combination, and accept it if it holds",Put the missing variables back into the form,"Accept it without checking, since the laws were applied correctly",B,"Check the simplification against every combination, and accept it if it holds","A vanishing variable is a finding worth having: it says the condition never depended on it. The way to tell a finding from a mistake is to check, not to assume either way.",AUTHORED,
GB_BA_046,BOOLEAN_ALGEBRA,BA_C09_DESIGN,BA_F14_SIMPLEST_IS_A_JUDGEMENT_AGAINST_A_CRITERION,BA_FAM14_FORM_CHOICE,BA_RG_DESIGN,D5,EVALUATE,mcq_single,"A rule set is being reduced, and one proposed reduction removes a rule on the grounds that it never changes the outcome. The rule fires only in a case another rule already covers with the same outcome, and no case exists where the two disagree. Is the removal safe?","No, because removing any rule changes behaviour","Yes, but only if the rules are evaluated in a fixed order","No, unless the rule is first shown to be unreachable","Yes, because the rule settles no case the others do not settle the same way",D,"Yes, because the rule settles no case the others do not settle the same way","This is absorption in another costume: a term wholly inside another adds nothing. The rule need not be unreachable, only redundant, which is a weaker and easier thing to establish.",AUTHORED,
GB_BA_047,BOOLEAN_ALGEBRA,BA_C09_DESIGN,BA_F15_SIMPLIFICATION_APPLIES_BEYOND_CIRCUITS,BA_FAM15_SIMPLIFICATION_TRANSFER,BA_RG_DESIGN,D4,EVALUATE,mcq_single,"An eligibility rule admits anyone who is a resident, and also admits anyone who is both a resident and employed. The second group lies entirely inside the first, and it adds nobody the first does not already admit. Who does the rule admit?",Exactly the residents,Residents who are also employed,"Residents, plus employed people who are not residents",Employed people,A,Exactly the residents,The second clause is decorative: everyone it names is already admitted. The rule is longer than it needs to be and admits exactly the same people as its first clause alone.,AUTHORED,
GB_BA_048,BOOLEAN_ALGEBRA,BA_C09_DESIGN,BA_F15_SIMPLIFICATION_APPLIES_BEYOND_CIRCUITS,BA_FAM15_SIMPLIFICATION_TRANSFER,BA_RG_DESIGN,D5,EVALUATE,mcq_single,"A form has one field recording whether a customer has consented and a second recording whether they have not. Between them the two fields always cover every customer, and no customer can be recorded under both. What follows about storing both?","Both must be kept, since they record different facts","Both must be kept, in case a customer falls under neither","One of the two is redundant, since each is fully determined by the other","Neither can be dropped, because consent is legally significant",C,"One of the two is redundant, since each is fully determined by the other","Covering every case with no overlap is exactly the relationship between a value and its complement. Storing both invites the two to disagree, which is a state the data model says cannot happen.",AUTHORED,
GB_BA_049,BOOLEAN_ALGEBRA,BA_C09_DESIGN,BA_F15_SIMPLIFICATION_APPLIES_BEYOND_CIRCUITS,BA_FAM15_SIMPLIFICATION_TRANSFER,BA_RG_DESIGN,D5,EVALUATE,mcq_single,"A rule set has a rule for requests that are internal and another for requests that are not internal. A third rule is proposed for requests that are neither. Every request is either internal or not internal, with no third possibility, so the proposed rule can never fire. What does it contribute to the decision the rule set makes?",It covers a case the other two miss,"Nothing, because no request can ever reach it",It makes the rule set safer against unexpected input,It changes the outcome for requests that are internal,B,"Nothing, because no request can ever reach it","A value and its complement exhaust the possibilities between them, leaving no third case to catch. The rule is not harmful so much as inert, and it will mislead the next reader into thinking a third case exists.",AUTHORED,
GB_BA_050,BOOLEAN_ALGEBRA,BA_C09_DESIGN,BA_F15_SIMPLIFICATION_APPLIES_BEYOND_CIRCUITS,BA_FAM15_SIMPLIFICATION_TRANSFER,BA_RG_DESIGN,D5,EVALUATE,mcq_single,"A set of eight overlapping rules can be reduced to three that decide every case identically. The three are compact and correspond to nothing in the written policy, while the eight each match a policy clause by name. The policy is audited annually against the implementation. Which set should be kept?","The three, because fewer rules mean fewer mistakes","The three, because they decide identically and evaluate faster","Either, since the decisions they reach are the same","The eight, because each one has to be traced back to a policy clause at audit",D,"The eight, because each one has to be traced back to a policy clause at audit","Reduction is worth having when nothing depends on the original shape, and here the annual audit depends on exactly that. The compact set would have to be re-expanded once a year to be checked at all.",AUTHORED,
GB_MX_001,MATRICES,MX_C01_SHAPE,MX_F01_DIMENSIONS_ARE_ROWS_THEN_COLUMNS,MX_FAM01_DIMENSION_READING,MX_RG_SHAPE,D1,REMEMBER,mcq_single,A matrix has the rows [1 2 3] and [4 5 6]. What are its dimensions?,3 by 2,2 by 3,6 by 1,2 by 2,B,2 by 3,"There are two rows and three entries in each, so it is 2 by 3. Quoting the two counts the other way round describes a different shape entirely.",AUTHORED,
GB_MX_002,MATRICES,MX_C01_SHAPE,MX_F01_DIMENSIONS_ARE_ROWS_THEN_COLUMNS,MX_FAM01_DIMENSION_READING,MX_RG_SHAPE,D1,REMEMBER,mcq_single,"A table of results has 3 rows and 5 columns. Written as dimensions in the usual order, what is it?",5 by 3,15 by 1,3 by 3,3 by 5,D,3 by 5,"Rows are quoted first, so 3 rows and 5 columns is 3 by 5. The total of fifteen entries is a consequence of the shape rather than the shape itself.",AUTHORED,
GB_MX_003,MATRICES,MX_C01_SHAPE,MX_F01_DIMENSIONS_ARE_ROWS_THEN_COLUMNS,MX_FAM01_DIMENSION_READING,MX_RG_SHAPE,D1,REMEMBER,mcq_single,"When dimensions are quoted, which count is given first?",The number of rows,The number of columns,The larger of the two counts,The total number of entries,A,The number of rows,"Rows come first by convention, always. Quoting the larger first would make the notation depend on the values, which would leave it unable to describe a shape at all.",AUTHORED,
GB_MX_004,MATRICES,MX_C01_SHAPE,MX_F01_DIMENSIONS_ARE_ROWS_THEN_COLUMNS,MX_FAM01_DIMENSION_READING,MX_RG_SHAPE,D1,REMEMBER,mcq_single,A matrix has 4 rows and 2 columns. How many entries does it hold altogether?,6,4,8,2,C,8,"Every row has an entry in every column, so the total is four times two, which is 8. Adding the two counts gives 6 and describes nothing.",AUTHORED,
GB_MX_005,MATRICES,MX_C01_SHAPE,MX_F01_DIMENSIONS_ARE_ROWS_THEN_COLUMNS,MX_FAM01_DIMENSION_READING,MX_RG_SHAPE,D2,REMEMBER,mcq_single,A student describes the matrix with rows [1 2 3 4] and [5 6 7 8] as 4 by 2. What has gone wrong?,Nothing; 4 by 2 is the right description,The two counts have been given in the wrong order; the matrix is 2 by 4,The total number of entries should have been quoted instead,A matrix that is not square has no dimensions to quote,B,The two counts have been given in the wrong order; the matrix is 2 by 4,"There are two rows of four entries each, so the description is exactly reversed. Both numbers are right and neither is in the right place.",AUTHORED,
GB_MX_006,MATRICES,MX_C01_SHAPE,MX_F02_AN_ENTRY_IS_FOUND_BY_ROW_THEN_COLUMN,MX_FAM02_ENTRY_INDEXING,MX_RG_SHAPE,D1,REMEMBER,mcq_single,"A matrix has the rows [1 2 3], [4 5 6] and [7 8 9], with rows and columns counted from 1. What is the entry at row 2, column 3?",8,5,2,6,D,6,"The second row is [4 5 6] and its third entry is 6. Taking row 3, column 2 instead would give 8, which is the position with the two counts exchanged.",AUTHORED,
GB_MX_007,MATRICES,MX_C01_SHAPE,MX_F02_AN_ENTRY_IS_FOUND_BY_ROW_THEN_COLUMN,MX_FAM02_ENTRY_INDEXING,MX_RG_SHAPE,D1,REMEMBER,mcq_single,"An entry is described as being at row 1, column 2. Which of these describes the same position?",The second entry along the top row,The first entry of the second row,The second entry of the second column,The entry where the two counts happen to be equal,A,The second entry along the top row,Row 1 places it on the top row and column 2 places it second along. Reading the counts the other way round lands on a different entry unless the matrix happens to be symmetric.,AUTHORED,
GB_MX_008,MATRICES,MX_C01_SHAPE,MX_F02_AN_ENTRY_IS_FOUND_BY_ROW_THEN_COLUMN,MX_FAM02_ENTRY_INDEXING,MX_RG_SHAPE,D1,REMEMBER,mcq_single,"When an entry is located by two counts, which is applied first?",The column,Whichever of the two is smaller,The row,"Either, since it makes no difference",C,The row,"The row is always taken first. It matters because the two counts generally point at different entries, so the order is what makes the address mean anything.",AUTHORED,
GB_MX_009,MATRICES,MX_C01_SHAPE,MX_F02_AN_ENTRY_IS_FOUND_BY_ROW_THEN_COLUMN,MX_FAM02_ENTRY_INDEXING,MX_RG_SHAPE,D2,REMEMBER,mcq_single,"A matrix has the rows [2 9] and [4 7], with counting starting at 1 on both sides. A developer asks for row 1, column 2 and the system returns 4. What has happened?",The counting is starting at 0 rather than 1,"The two counts are being exchanged, so row 2, column 1 was returned",The matrix has been stored with its rows in the wrong order,"Nothing; the entry at row 1, column 2 really is 4",B,"The two counts are being exchanged, so row 2, column 1 was returned","Row 1, column 2 holds 9, and 4 sits at row 2, column 1. Counting from 0 would have returned 7 instead, so that explanation does not fit what was seen.",AUTHORED,
GB_MX_010,MATRICES,MX_C02_SPECIAL,MX_F03_SOME_SHAPES_HAVE_NAMES,MX_FAM03_SPECIAL_RECOGNITION,MX_RG_SHAPE,D1,REMEMBER,mcq_single,A matrix has the rows [1 0] and [0 1]. What is it called?,A zero matrix,A matrix of all ones,A square of no particular name,An identity matrix,D,An identity matrix,An identity matrix is exactly this: ones down the diagonal and zeros everywhere else. A grid of nothing but zeros would have no ones in it at all.,AUTHORED,
GB_MX_011,MATRICES,MX_C02_SPECIAL,MX_F03_SOME_SHAPES_HAVE_NAMES,MX_FAM03_SPECIAL_RECOGNITION,MX_RG_SHAPE,D1,REMEMBER,mcq_single,A matrix has the rows [1 1] and [1 1]. Is it an identity matrix?,No; an identity has ones on the diagonal and zeros elsewhere,"Yes, because every one of its entries is 1","Yes, because it is square and contains only ones","No, because it is not square",A,No; an identity has ones on the diagonal and zeros elsewhere,"Being full of ones is not the same as being an identity, which needs zeros off the diagonal. The matrix is square, so that is not what disqualifies it.",AUTHORED,
GB_MX_012,MATRICES,MX_C02_SPECIAL,MX_F03_SOME_SHAPES_HAVE_NAMES,MX_FAM03_SPECIAL_RECOGNITION,MX_RG_SHAPE,D1,REMEMBER,mcq_single,What makes a matrix square?,Having every entry the same,Having an even number of entries,Having as many rows as columns,Having ones along its diagonal,C,Having as many rows as columns,Squareness is purely about the two counts matching. What the entries happen to be has nothing to do with it.,AUTHORED,
GB_MX_013,MATRICES,MX_C02_SPECIAL,MX_F03_SOME_SHAPES_HAVE_NAMES,MX_FAM03_SPECIAL_RECOGNITION,MX_RG_SHAPE,D2,REMEMBER,mcq_single,A matrix has the rows [5 0] and [0 3]. A student calls it an identity because everything off the diagonal is zero. What is wrong?,Nothing; zeros off the diagonal are what make an identity,"An identity needs ones on the diagonal, and these are 5 and 3; this is a diagonal matrix",It is a zero matrix rather than an identity,"It is not square, so neither name applies to it",B,"An identity needs ones on the diagonal, and these are 5 and 3; this is a diagonal matrix","Half the definition has been met and half has not. The name for a matrix with zeros off the diagonal and anything on it is diagonal, and identity is the special case where those entries are all 1.",AUTHORED,
GB_MX_014,MATRICES,MX_C03_ADDITION,MX_F04_ADDITION_NEEDS_MATCHING_SHAPES,MX_FAM04_ADDITION,MX_RG_ADDITION,D2,UNDERSTAND,mcq_single,Add the matrix with rows [1 2] and [3 4] to the matrix with rows [5 6] and [7 8].,Rows [6 8] and [10 11],Rows [4 4] and [4 4],Rows [6 10] and [8 12],Rows [6 8] and [10 12],D,Rows [6 8] and [10 12],"Entries in matching positions are added, giving [6 8] on top and [10 12] below. Pairing entries across the two rows instead produces the last option.",AUTHORED,
GB_MX_015,MATRICES,MX_C03_ADDITION,MX_F04_ADDITION_NEEDS_MATCHING_SHAPES,MX_FAM04_ADDITION,MX_RG_ADDITION,D3,UNDERSTAND,mcq_single,A matrix with rows [3 1 4] and [1 5 9] is to be added to a matrix with rows [2 6] and [5 3]. What is the result?,"Undefined, because the two do not have the same dimensions",Rows [5 7 4] and [6 8 9],Rows [5 7] and [6 8],Rows [2 6] and [5 3],A,"Undefined, because the two do not have the same dimensions","Addition needs an entry in the second matrix for every entry in the first, and a 2 by 3 has positions a 2 by 2 does not. Padding or truncating to force an answer invents data.",AUTHORED,
GB_MX_016,MATRICES,MX_C03_ADDITION,MX_F05_A_SCALAR_MULTIPLIES_EVERY_ENTRY,MX_FAM05_SCALAR_MULTIPLY,MX_RG_ADDITION,D2,UNDERSTAND,mcq_single,Multiply the matrix with rows [1 2] and [3 4] by the number 3.,Rows [3 2] and [3 4],Rows [4 5] and [6 7],Rows [3 6] and [9 12],Rows [3 6] and [3 12],C,Rows [3 6] and [9 12],"Every entry is multiplied, so the result is rows [3 6] and [9 12]. Multiplying only the first column, or adding 3 to each entry, are the two ways this usually goes wrong.",AUTHORED,
GB_MX_017,MATRICES,MX_C03_ADDITION,MX_F05_A_SCALAR_MULTIPLIES_EVERY_ENTRY,MX_FAM05_SCALAR_MULTIPLY,MX_RG_ADDITION,D3,UNDERSTAND,mcq_single,A matrix with rows [2 0] and [1 5] is multiplied by the number 0. What is the result?,The single value 0,"Rows [0 0] and [0 0], with the shape unchanged",Rows [2 0] and [1 5],Undefined,B,"Rows [0 0] and [0 0], with the shape unchanged","Each entry becomes zero and the shape is untouched, so a 2 by 2 stays a 2 by 2. Collapsing to a single value would lose the shape, which this operation never does.",AUTHORED,
GB_MX_018,MATRICES,MX_C04_TRANSPOSE,MX_F06_TRANSPOSE_EXCHANGES_ROWS_AND_COLUMNS,MX_FAM06_TRANSPOSE,MX_RG_TRANSPOSE,D2,APPLY,mcq_single,What is the transpose of the matrix with rows [2 7 1] and [9 4 6]?,Rows [1 7 2] and [6 4 9],Rows [9 4 6] and [2 7 1],Rows [2 7 1] and [9 4 6],"Rows [2 9], [7 4] and [1 6]",D,"Rows [2 9], [7 4] and [1 6]","Each row becomes a column, so the result has three rows of two entries: [2 9], [7 4] and [1 6]. Reversing the entries inside each row leaves the shape alone and is a different operation altogether.",AUTHORED,
GB_MX_019,MATRICES,MX_C04_TRANSPOSE,MX_F06_TRANSPOSE_EXCHANGES_ROWS_AND_COLUMNS,MX_FAM06_TRANSPOSE,MX_RG_TRANSPOSE,D3,APPLY,mcq_single,A matrix is 5 by 2. What are the dimensions of its transpose?,2 by 5,5 by 2,5 by 5,2 by 2,A,2 by 5,"The two counts exchange, so 5 by 2 becomes 2 by 5. The shape is unchanged only when the matrix was square to begin with.",AUTHORED,
GB_MX_020,MATRICES,MX_C04_TRANSPOSE,MX_F06_TRANSPOSE_EXCHANGES_ROWS_AND_COLUMNS,MX_FAM06_TRANSPOSE,MX_RG_TRANSPOSE,D4,APPLY,mcq_single,"A student transposes the matrix with rows [1 2] and [3 4] and writes rows [2 1] and [4 3]. Transposing turns each row into a column, whereas the answer written keeps both rows and merely reverses the order within each. What is the transpose?",Rows [2 1] and [4 3],Rows [3 4] and [1 2],Rows [1 3] and [2 4],Rows [4 3] and [2 1],C,Rows [1 3] and [2 4],"The first row [1 2] becomes the first column, giving rows [1 3] and [2 4]. A square matrix hides the shape change, which is why the wrong operation survives here undetected.",AUTHORED,
GB_MX_021,MATRICES,MX_C05_MULTIPLICATION,MX_F07_THE_INNER_DIMENSIONS_MUST_AGREE,MX_FAM07_PRODUCT_SHAPE,MX_RG_MULTIPLICATION,D2,APPLY,mcq_single,A 2 by 3 matrix multiplies a 3 by 4 matrix. What are the dimensions of the product?,3 by 3,2 by 4,2 by 3,4 by 2,B,2 by 4,"The inner counts, both 3, agree so the product exists, and the outer counts give the result, which is 2 by 4. The inner counts never appear in the answer.",AUTHORED,
GB_MX_022,MATRICES,MX_C05_MULTIPLICATION,MX_F07_THE_INNER_DIMENSIONS_MUST_AGREE,MX_FAM07_PRODUCT_SHAPE,MX_RG_MULTIPLICATION,D3,APPLY,mcq_single,"A 3 by 2 matrix is to multiply another 3 by 2 matrix, in that order. Is the product defined?","Yes, and the product is 3 by 2","Yes, and the product is 2 by 3","Yes, and the product is 3 by 3","No, because the inner counts of 2 and 3 do not agree",D,"No, because the inner counts of 2 and 3 do not agree","The columns of the first must match the rows of the second, and 2 does not match 3. Identical shapes are neither necessary nor sufficient for a product to exist.",AUTHORED,
GB_MX_023,MATRICES,MX_C05_MULTIPLICATION,MX_F07_THE_INNER_DIMENSIONS_MUST_AGREE,MX_FAM07_PRODUCT_SHAPE,MX_RG_MULTIPLICATION,D4,APPLY,mcq_single,"A team holds a 4 by 3 matrix and a 3 by 4 matrix, and finds that one order yields a 4 by 4 result and the other a 3 by 3 result. The inner counts agree in both orders here, which is why both products exist and have different shapes. Which order yields the 3 by 3 result?",The 3 by 4 matrix multiplying the 4 by 3 matrix,The 4 by 3 matrix multiplying the 3 by 4 matrix,Neither; only one of the two products exists,"Both, since the two products are equal to each other",A,The 3 by 4 matrix multiplying the 4 by 3 matrix,"The outer counts of the 3 by 4 and the 4 by 3, taken in that order, are 3 and 3. The same two matrices in the other order give 4 and 4, which is a different matrix of a different size.",AUTHORED,
GB_MX_024,MATRICES,MX_C05_MULTIPLICATION,MX_F08_AN_ENTRY_COMES_FROM_A_ROW_AND_A_COLUMN,MX_FAM08_PRODUCT_ENTRY,MX_RG_MULTIPLICATION,D2,APPLY,mcq_single,"Matrix R has the rows [1 0] and [2 1]. Matrix S has the rows [3 4] and [5 6]. In the product R times S, what is the entry at row 1, column 1?",4,8,3,1,C,3,"The first row of R is [1 0] and the first column of S is [3 5]; combining them gives one times 3 plus nought times 5, which is 3. Multiplying the entries at that position alone would have given the same first factor and dropped the rest.",AUTHORED,
GB_MX_025,MATRICES,MX_C05_MULTIPLICATION,MX_F08_AN_ENTRY_COMES_FROM_A_ROW_AND_A_COLUMN,MX_FAM08_PRODUCT_ENTRY,MX_RG_MULTIPLICATION,D3,APPLY,mcq_single,"Two matrices are multiplied. The first holds the rows [2 0] and [1 3]; the second holds the rows [4 1] and [5 2]. Which combination yields the result entry at row 2, column 2, and what does it come to?","The second row against the second row, giving 11","The second row against the second column, giving 7","The two entries sitting at that position multiplied together, giving 6","The first row against the second column, giving 2",B,"The second row against the second column, giving 7","A result entry pairs a whole row of one with a whole column of the other, so [1 3] against [1 2] gives one plus six. Pairing row with row, or taking the entries already at that position, are the two shortcuts that produce a plausible wrong number.",AUTHORED,
GB_MX_026,MATRICES,MX_C05_MULTIPLICATION,MX_F08_AN_ENTRY_COMES_FROM_A_ROW_AND_A_COLUMN,MX_FAM08_PRODUCT_ENTRY,MX_RG_MULTIPLICATION,D4,APPLY,mcq_single,"Matrix P has the rows [1 2] and [3 4], and matrix Q has the rows [5 6] and [7 8]. A student computes the entry of P times Q at row 1, column 1 as 5, by multiplying the two entries sitting in that position. An entry of a product is built from a whole row of the first and a whole column of the second, not from the two entries at that position. What is the correct value?",5,6,11,19,D,19,"The first row [1 2] against the first column [5 7] gives five plus fourteen, which is 19. The entrywise product is a real operation and simply is not this one.",AUTHORED,
GB_MX_027,MATRICES,MX_C05_MULTIPLICATION,MX_F09_ORDER_CHANGES_THE_PRODUCT,MX_FAM09_ORDER_MATTERS,MX_RG_MULTIPLICATION,D2,APPLY,mcq_single,"For two square matrices A and B of the same size, is A times B always equal to B times A?",No; the two products generally differ,"Yes, exactly as in ordinary arithmetic","Yes, provided the two are the same size",Only when every entry is a whole number,A,No; the two products generally differ,"Order changes the result in general, which is one of the sharpest differences from ordinary arithmetic. Being the same size makes both products exist and does not make them equal.",AUTHORED,
GB_MX_028,MATRICES,MX_C05_MULTIPLICATION,MX_F09_ORDER_CHANGES_THE_PRODUCT,MX_FAM09_ORDER_MATTERS,MX_RG_MULTIPLICATION,D3,APPLY,mcq_single,A 2 by 5 matrix and a 5 by 2 matrix are multiplied in both orders. What is true?,Only one of the two products exists,Both exist and are equal to each other,"Both products exist, and they have different dimensions",Neither of the two products exists,C,"Both products exist, and they have different dimensions","Taken one way the outer counts give 2 by 2 and the other way 5 by 5. Two matrices of different sizes cannot be equal, so the order matters here before any entry is computed.",AUTHORED,
GB_MX_029,MATRICES,MX_C05_MULTIPLICATION,MX_F09_ORDER_CHANGES_THE_PRODUCT,MX_FAM09_ORDER_MATTERS,MX_RG_MULTIPLICATION,D4,APPLY,mcq_single,"A team computes A times B and B times A for two square matrices of the same size and gets different results. They suspect an arithmetic error, since both products have the same dimensions. Having the same dimensions makes both products defined and says nothing about whether they are equal. What should they conclude?",One of the two computations must contain an error,Nothing is wrong; the order genuinely changes the result,The two matrices cannot have been square after all,The two results should be averaged to get the true product,B,Nothing is wrong; the order genuinely changes the result,"Differing results are the expected outcome rather than a symptom. Equal shapes are what makes the two comparable at all, and comparability is not equality.",AUTHORED,
GB_MX_030,MATRICES,MX_C06_APPLIED,MX_F10_A_GRID_OF_VALUES_IS_A_MATRIX,MX_FAM10_GRID_ADDRESSING,MX_RG_APPLIED,D2,APPLY,mcq_single,"An image is held as a grid addressed row then column, both counted from 1. A pixel is described as being at row 3, column 7. How far down and how far across does it sit?",Seven down and three across,"Three across and seven down, since the across count comes first",It cannot be told without knowing the size of the image,Three down and seven across,D,Three down and seven across,"Rows run down and columns run across, and the row count is quoted first. The size of the image would only matter if the question were whether the position exists.",AUTHORED,
GB_MX_031,MATRICES,MX_C06_APPLIED,MX_F10_A_GRID_OF_VALUES_IS_A_MATRIX,MX_FAM10_GRID_ADDRESSING,MX_RG_APPLIED,D3,APPLY,mcq_single,"A graphics library addresses pixels as a pair with the across count first, and a matrix library addresses the same grid row first, with rows running down. The point written as (2, 5) in the graphics library sits where in matrix terms?","Row 5, column 2","Row 2, column 5","Row 5, column 5","Row 2, column 2",A,"Row 5, column 2","The graphics pair is two across and five down, and the matrix address quotes the down count first, giving row 5, column 2. The two conventions are both standard, which is exactly why the translation has to be made deliberately.",AUTHORED,
GB_MX_032,MATRICES,MX_C06_APPLIED,MX_F10_A_GRID_OF_VALUES_IS_A_MATRIX,MX_FAM10_GRID_ADDRESSING,MX_RG_APPLIED,D4,APPLY,mcq_single,"A board is held as a grid addressed row then column, counted from 1. A program asks for row 2, column 4 of a board with 3 rows and 5 columns and gets an error. Both row 2 and column 4 lie inside a board of that shape, so neither count is out of range as written. What is the most likely cause?",The board has been stored with its rows and columns the right way round,"The program is counting from 0, which puts column 4 outside the board","The two counts are being exchanged, and row 4 lies outside a board of 3 rows",The board is empty and has no entries to return,C,"The two counts are being exchanged, and row 4 lies outside a board of 3 rows","Exchanging the counts asks for row 4 of a board that has three rows, which is out of range and produces exactly the error seen. Counting from 0 would place column 4 at the fifth column, which is still inside.",AUTHORED,
GB_MX_033,MATRICES,MX_C07_ERRORS,MX_F11_AN_UNDEFINED_OPERATION_HAS_A_REASON,MX_FAM11_UNDEFINED_DIAGNOSIS,MX_RG_ERRORS,D3,ANALYZE,mcq_single,An attempt to add a 2 by 3 matrix to a 3 by 2 matrix fails. Which requirement has not been met?,Addition needs the inner counts to agree,Addition needs the two matrices to have identical dimensions,Addition needs both matrices to be square,Addition needs the entries to be whole numbers,B,Addition needs the two matrices to have identical dimensions,"Adding works position by position, so every position must exist in both. The rule about inner counts belongs to multiplication and is being borrowed here from the wrong operation.",AUTHORED,
GB_MX_034,MATRICES,MX_C07_ERRORS,MX_F11_AN_UNDEFINED_OPERATION_HAS_A_REASON,MX_FAM11_UNDEFINED_DIAGNOSIS,MX_RG_ERRORS,D4,ANALYZE,mcq_single,"An attempt to multiply a 2 by 3 matrix by another 2 by 3 matrix fails, and a colleague objects that the shapes are identical so it ought to have worked. Multiplication requires the columns of the first to match the rows of the second, which is 3 against 2 here, and identical shapes do not guarantee that. Which requirement has not been met?",The two matrices must have identical dimensions,Both matrices must be square before they can be multiplied,The entries of the two must be of the same kind,The columns of the first must equal the rows of the second,D,The columns of the first must equal the rows of the second,"Identical shapes are what addition wants and are close to irrelevant to multiplication. Here they actively guarantee failure, since 3 and 2 can never agree.",AUTHORED,
GB_MX_035,MATRICES,MX_C07_ERRORS,MX_F12_A_TRANSPOSED_READING_PRODUCES_PLAUSIBLE_VALUES,MX_FAM12_INDEX_SWAP_DIAGNOSIS,MX_RG_ERRORS,D3,ANALYZE,mcq_single,"A lookup into a square grid holding 1 to 9 in order, three to a line, is meant to return the top-right entry and returns the bottom-left one instead. What has happened?","The two counts were exchanged, turning row 1, column 3 into row 3, column 1",The counting began at 0 rather than at 1,The grid was filled a column at a time rather than a line at a time,The lookup asked for the wrong entry to begin with,A,"The two counts were exchanged, turning row 1, column 3 into row 3, column 1","Top-right is row 1, column 3 and bottom-left is row 3, column 1, which is that address with its two counts swapped. What comes back is a real entry from the wrong place, so nothing about the output looks broken.",AUTHORED,
GB_MX_036,MATRICES,MX_C07_ERRORS,MX_F12_A_TRANSPOSED_READING_PRODUCES_PLAUSIBLE_VALUES,MX_FAM12_INDEX_SWAP_DIAGNOSIS,MX_RG_ERRORS,D4,ANALYZE,mcq_single,"A grid has the rows [2 9 4], [7 5 3] and [6 1 8], addressed row then column from 1. A program asks for row 2, column 3 and prints 1. The entry at row 2, column 3 is 3, and the value 1 sits at row 3, column 2, which is exactly the position with the two counts exchanged. What has happened?",The program is counting from 0 rather than from 1,The rows of the grid have been stored in reverse order,The row and column counts are being exchanged,The grid has been populated with the wrong values,C,The row and column counts are being exchanged,"The observed value sits precisely at the exchanged position, which rules the alternatives out. Counting from 0 would have returned 8, and reversed rows would have returned 1 from a different place.",AUTHORED,
GB_MX_037,MATRICES,MX_C08_REASONING,MX_F13_STRUCTURE_DETERMINES_PART_OF_A_RESULT,MX_FAM13_STRUCTURAL_REASONING,MX_RG_REASONING,D3,ANALYZE,mcq_single,A 3 by 3 identity matrix multiplies a 3 by 3 matrix M. What is the result?,The identity matrix,"M itself, unchanged",A matrix of all ones,A 3 by 3 matrix of zeros,B,"M itself, unchanged","The identity is built so that multiplying by it changes nothing, which is where its name comes from. No entry of M needs to be computed to know this.",AUTHORED,
GB_MX_038,MATRICES,MX_C08_REASONING,MX_F13_STRUCTURE_DETERMINES_PART_OF_A_RESULT,MX_FAM13_STRUCTURAL_REASONING,MX_RG_REASONING,D4,ANALYZE,mcq_single,"A 4 by 3 matrix is multiplied by a 3 by 3 matrix of zeros. Every entry of a product is built by combining a row with a column, and every column of the second matrix here holds nothing but zeros. What is the result?",A 3 by 3 matrix of zeros,A single zero,Undefined,A 4 by 3 matrix of zeros,D,A 4 by 3 matrix of zeros,"Each combination has a zero in every term, so every entry comes to zero, and the outer counts give the shape as 4 by 3. The shape follows from the two matrices regardless of what the entries turn out to be.",AUTHORED,
GB_MX_039,MATRICES,MX_C08_REASONING,MX_F13_STRUCTURE_DETERMINES_PART_OF_A_RESULT,MX_FAM13_STRUCTURAL_REASONING,MX_RG_REASONING,D5,ANALYZE,mcq_single,"A team wants the shape of the product of a 6 by 2 matrix and a 2 by 6 matrix, in that order, without computing a single entry. The outer counts give the shape of the result and the inner ones only decide whether it exists at all. What is the shape?",6 by 6,2 by 2,6 by 2,2 by 6,A,6 by 6,"The outer counts are 6 and 6, so the product is 6 by 6 — larger than either matrix that went into it. Taken in the other order the same two would give 2 by 2, which is much smaller.",AUTHORED,
GB_MX_040,MATRICES,MX_C08_REASONING,MX_F13_STRUCTURE_DETERMINES_PART_OF_A_RESULT,MX_FAM13_STRUCTURAL_REASONING,MX_RG_REASONING,D5,ANALYZE,mcq_single,"An identity matrix is said to leave a matrix unchanged. A team tries to multiply a 3 by 3 identity by a 2 by 4 matrix and the operation fails. Leaving a matrix unchanged only applies when the identity has a size the shapes allow, and 3 against 2 does not. What is needed to leave the 2 by 4 matrix unchanged from the left?",A 4 by 4 identity,A 3 by 3 identity,A 2 by 2 identity,No identity can leave a matrix that is not square unchanged,C,A 2 by 2 identity,"Multiplying from the left needs the identity columns to match the 2 rows, so A 2 by 2 identity is the one that fits. An identity sized to the 4 would do the same job from the right, which is a different operation.",AUTHORED,
GB_MX_041,MATRICES,MX_C08_REASONING,MX_F13_STRUCTURE_DETERMINES_PART_OF_A_RESULT,MX_FAM13_STRUCTURAL_REASONING,MX_RG_REASONING,D5,ANALYZE,mcq_single,"Two matrices are multiplied and the result is all zeros, though neither of the two held only zeros. A team concludes that one of them must secretly have been a zero matrix. A product entry combines a whole row with a whole column, and such a combination can come to zero without either of them being all zeros. Is the conclusion right?","Yes, one of the two must have been a zero matrix",No; a product of two matrices that are not zero can still be all zeros,"Yes, unless the two matrices were not square","No, but only when the two matrices are the same size",B,No; a product of two matrices that are not zero can still be all zeros,"Terms in a combination can cancel, so an entry reaches zero without every term being zero. Ordinary numbers do not behave this way, which is why the conclusion feels safe and is not.",AUTHORED,
GB_MX_042,MATRICES,MX_C09_DESIGN,MX_F14_A_MATRIX_SUITS_SOME_DATA_AND_NOT_OTHERS,MX_FAM14_REPRESENTATION_CHOICE,MX_RG_DESIGN,D4,EVALUATE,mcq_single,"A team must hold exam marks for 30 students across 5 subjects, where every student sits every subject and every mark is a number. Every student has a mark in every subject, so the data is genuinely rectangular with no gaps. Is a matrix an appropriate representation?","No, because students and subjects are different kinds of thing","No, because 30 by 5 is too large to hold this way","Yes, but only if every mark is a whole number","Yes, because the data is rectangular and uniformly typed",D,"Yes, because the data is rectangular and uniformly typed",Rows and columns standing for different kinds of thing is the normal case rather than an objection. What matters is that every position exists and every entry is the same kind of value.,AUTHORED,
GB_MX_043,MATRICES,MX_C09_DESIGN,MX_F14_A_MATRIX_SUITS_SOME_DATA_AND_NOT_OTHERS,MX_FAM14_REPRESENTATION_CHOICE,MX_RG_DESIGN,D5,EVALUATE,mcq_single,"A team must hold, for each of 200 customers, the orders that customer placed. Customers have between zero and several hundred orders each. Padding every customer out to the largest count would build a rectangle mostly full of entries standing for no order at all. Is a matrix appropriate?","No, because the data is ragged and padding would invent orders that do not exist","Yes, once every customer has been padded to the same length","Yes, because 200 rows is a perfectly manageable size","No, because orders are not numbers",A,"No, because the data is ragged and padding would invent orders that do not exist","Padding is a real technique and it changes what the data says, which is the objection here rather than the size. Anything later counting entries would count the padding too.",AUTHORED,
GB_MX_044,MATRICES,MX_C09_DESIGN,MX_F14_A_MATRIX_SUITS_SOME_DATA_AND_NOT_OTHERS,MX_FAM14_REPRESENTATION_CHOICE,MX_RG_DESIGN,D5,EVALUATE,mcq_single,"A grid of 1,000 by 1,000 cells is almost entirely zero, with about 3,000 cells holding a value. Storing it in full means holding a million entries in order to record three thousand facts. Which representation fits better?","The full grid, since addressing by row and column is simpler","The full grid, since a million entries is not a large number","A list of the positions that hold a value, together with those values","A list of every position, whether it holds a value or not",C,"A list of the positions that hold a value, together with those values","The list records what is there and infers the rest, which is a saving of more than two hundred to one. Listing every position saves nothing at all and loses the direct addressing as well.",AUTHORED,
GB_MX_045,MATRICES,MX_C09_DESIGN,MX_F14_A_MATRIX_SUITS_SOME_DATA_AND_NOT_OTHERS,MX_FAM14_REPRESENTATION_CHOICE,MX_RG_DESIGN,D5,EVALUATE,mcq_single,"A team holds a table with a row per student and a column per subject. One student did not sit one subject, and the gap is filled with 0. A mark of 0 and a subject not sat are different facts, and every later average will treat the two the same way. What is the problem?",Nothing; 0 is the natural value for an entry that is missing,The filler is indistinguishable from a real mark and will corrupt every summary computed from the table,The table should have been turned on its side instead,The student should be removed from the table altogether,B,The filler is indistinguishable from a real mark and will corrupt every summary computed from the table,"A rectangle demands a value in every position, and the only honest values here are outside the range of marks. Recording absence needs somewhere to record it, which this shape does not provide.",AUTHORED,
GB_MX_046,MATRICES,MX_C09_DESIGN,MX_F14_A_MATRIX_SUITS_SOME_DATA_AND_NOT_OTHERS,MX_FAM14_REPRESENTATION_CHOICE,MX_RG_DESIGN,D5,EVALUATE,mcq_single,"The same data can be held with students as rows and subjects as columns, or the other way round, and the two hold identical information. Almost every report walks all subjects for one student at a time, and rows are stored contiguously. Which layout fits?","Subjects as rows, because there are fewer subjects than students","Either, since the two hold identical information","Both, stored twice so that each report gets the layout it prefers","Students as rows, so that one report reads a single contiguous row",D,"Students as rows, so that one report reads a single contiguous row","Identical information is exactly why correctness cannot decide it, and the access pattern can. Storing both would settle it at the cost of keeping two copies in step.",AUTHORED,
GB_MX_047,MATRICES,MX_C09_DESIGN,MX_F15_GRID_REASONING_TRANSFERS,MX_FAM15_GRID_TRANSFER,MX_RG_DESIGN,D4,EVALUATE,mcq_single,"A seating plan is written out as a grid of rows and seats. A teacher wants, for each seat number, the list of pupils sitting in that seat across all the rows. The information wanted runs down the grid rather than across it, so it has to be read column by column instead of row by row. What operation gives it?","Turning the grid on its side, so that its columns become rows",Reversing the order of the rows,Reversing the order of the pupils within each row,Sorting the pupils by name,A,"Turning the grid on its side, so that its columns become rows",The values are all present and are grouped the wrong way for the question. Turning the grid regroups them without changing a single one.,AUTHORED,
GB_MX_048,MATRICES,MX_C09_DESIGN,MX_F15_GRID_REASONING_TRANSFERS,MX_FAM15_GRID_TRANSFER,MX_RG_DESIGN,D5,EVALUATE,mcq_single,"A spreadsheet holds monthly sales with months along the top and shops down the side. A report is wanted with months down the side and shops along the top, holding exactly the same numbers. No value may change, only where it sits. What is being asked for?",The rows of the original being sorted into a different order,The values being totalled by month,Each row of the original becoming a column of the report,The report holding one row for every individual value,C,Each row of the original becoming a column of the report,"Nothing is added, removed or combined, so this is a regrouping rather than a calculation. Sorting rearranges whole rows and would leave months along the top.",AUTHORED,
GB_MX_049,MATRICES,MX_C09_DESIGN,MX_F15_GRID_REASONING_TRANSFERS,MX_FAM15_GRID_TRANSFER,MX_RG_DESIGN,D5,EVALUATE,mcq_single,"A grid has the same number of rows as seats, and a team notices that turning one particular grid on its side leaves it looking exactly as it did. They conclude that turning a grid on its side never changes anything when the two counts are equal. Equal counts keep the shape the same and say nothing about where the individual values end up. Is the conclusion right?",Yes; when the two counts are equal nothing changes,"No; the shape is preserved but the values still move, unless the grid happens to be symmetric","Yes, provided the values are numbers rather than names",No; the shape changes as well as the values,B,"No; the shape is preserved but the values still move, unless the grid happens to be symmetric","The one grid they looked at was symmetric, which is a property of its values rather than of its shape. A square grid with different values will move them and keep its outline.",AUTHORED,
GB_MX_050,MATRICES,MX_C09_DESIGN,MX_F15_GRID_REASONING_TRANSFERS,MX_FAM15_GRID_TRANSFER,MX_RG_DESIGN,D5,EVALUATE,mcq_single,"A weekly timetable is held as a grid of days and periods, and can be stored one day at a time or one period at a time. Almost every question asked of it is what happens on a given day, and whichever way it is stored, reading across the other direction is far slower. How should it be stored?","One period at a time, since there are fewer periods than days","Either way, since the same information is held in both","Both ways at once, so that every question is fast","One day at a time, so that the common question reads what is stored together",D,"One day at a time, so that the common question reads what is stored together","The two hold the same facts, so the access pattern is the only thing left to decide it. Holding both is a real option and pays for it by having two copies to keep in agreement.",AUTHORED,
GB_NS_001,NUMBER_SYSTEMS_BINARY,NS_C01_BASES,NS_F01_BASE_FIXES_THE_DIGITS,NS_FAM01_LEGAL_DIGITS,NS_RG_BASES,D1,REMEMBER,mcq_single,A number is written as 1021 with no base stated. Which base can it certainly not be in?,Base 8,Base 2,Base 10,Base 16,B,Base 2,"Base 2 allows only the digits 0 and 1, and this number contains a 2. Every digit here is below 8, so the other three bases all allow it.",AUTHORED,
GB_NS_002,NUMBER_SYSTEMS_BINARY,NS_C01_BASES,NS_F01_BASE_FIXES_THE_DIGITS,NS_FAM01_LEGAL_DIGITS,NS_RG_BASES,D1,REMEMBER,mcq_single,A number is written as 892. Which base can it certainly not be in?,Base 10,Base 12,Base 16,Base 8,D,Base 8,"Base 8 allows the digits 0 to 7 only, and this number contains both an 8 and a 9. Bases 10, 12 and 16 all allow digits that large.",AUTHORED,
GB_NS_003,NUMBER_SYSTEMS_BINARY,NS_C01_BASES,NS_F01_BASE_FIXES_THE_DIGITS,NS_FAM01_LEGAL_DIGITS,NS_RG_BASES,D1,REMEMBER,mcq_single,A value is written as 3F2. Which base is it in?,Base 16,Base 10,Base 8,Base 2,A,Base 16,"Only base 16 needs digits beyond 9, and it writes them as the letters A to F. A letter appearing as a digit is what identifies the base here.",AUTHORED,
GB_NS_004,NUMBER_SYSTEMS_BINARY,NS_C01_BASES,NS_F01_BASE_FIXES_THE_DIGITS,NS_FAM01_LEGAL_DIGITS,NS_RG_BASES,D1,REMEMBER,mcq_single,Which of these is a valid binary number?,10211,1A01,10011,1092,C,10011,A binary number may contain nothing but 0 and 1. The other three each contain a digit or letter that base 2 has no room for.,AUTHORED,
GB_NS_005,NUMBER_SYSTEMS_BINARY,NS_C01_BASES,NS_F01_BASE_FIXES_THE_DIGITS,NS_FAM01_LEGAL_DIGITS,NS_RG_BASES,D2,REMEMBER,mcq_single,A configuration value is recorded as 778 and labelled as octal. What is wrong?,Nothing is wrong; 778 is a valid octal value,"Octal has no digit 8, so the value cannot be octal as labelled",Octal values may not be three digits long,"Octal has no digit 7, so the first two digits are the problem",B,"Octal has no digit 8, so the value cannot be octal as labelled","Base 8 runs from 0 to 7. The two sevens are perfectly legal; the 8 is not, which means the label and the value disagree.",AUTHORED,
GB_NS_006,NUMBER_SYSTEMS_BINARY,NS_C01_BASES,NS_F02_POSITION_CARRIES_A_WEIGHT,NS_FAM02_PLACE_VALUE,NS_RG_BASES,D1,REMEMBER,mcq_single,Positions in a binary number are counted from the right starting at zero. What is the weight of position 3?,4,16,3,8,D,8,"The weight of a position is two raised to the position number, so position 3 is worth 8. Position 2 is worth 4 and position 4 is worth 16.",AUTHORED,
GB_NS_007,NUMBER_SYSTEMS_BINARY,NS_C01_BASES,NS_F02_POSITION_CARRIES_A_WEIGHT,NS_FAM02_PLACE_VALUE,NS_RG_BASES,D1,REMEMBER,mcq_single,What is the weight of the rightmost position of a binary number?,1,0,2,10,A,1,"The rightmost position is position zero, and two raised to the power zero is one. It is the only position whose weight does not depend on the length of the number.",AUTHORED,
GB_NS_008,NUMBER_SYSTEMS_BINARY,NS_C01_BASES,NS_F02_POSITION_CARRIES_A_WEIGHT,NS_FAM02_PLACE_VALUE,NS_RG_BASES,D1,REMEMBER,mcq_single,"In the binary number 10000, positions are counted from the right starting at zero. Which position holds the single 1?",Position 5,Position 1,Position 4,Position 0,C,Position 4,"There are four zeros to the right of the 1, occupying positions 0 to 3, so the 1 sits at position 4. Counting the digits rather than the positions gives 5 and is the usual slip.",AUTHORED,
GB_NS_009,NUMBER_SYSTEMS_BINARY,NS_C01_BASES,NS_F02_POSITION_CARRIES_A_WEIGHT,NS_FAM02_PLACE_VALUE,NS_RG_BASES,D2,REMEMBER,mcq_single,"A student says the leftmost digit of the binary number 1001 has a weight of 3, because it sits in the fourth position. What has gone wrong?",Nothing; the leftmost weight really is 3,"Positions are numbered from zero and each weight is a power of two, so the leftmost digit here is worth 8","The positions should be counted from the left, which gives a weight of 1",The leftmost digit has no weight of its own because it is a 1,B,"Positions are numbered from zero and each weight is a power of two, so the leftmost digit here is worth 8","Two errors compound: the position is 3 rather than 4, and a position number is not a weight. The weight is two raised to the position, which is 8.",AUTHORED,
GB_NS_010,NUMBER_SYSTEMS_BINARY,NS_C02_UNITS,NS_F03_A_BIT_IS_ONE_OF_TWO,NS_FAM03_BIT_BYTE_UNITS,NS_RG_BASES,D1,REMEMBER,mcq_single,How many different values can be distinguished using 3 bits?,6,7,9,8,D,8,"Each bit doubles the number of values, so three bits give two times two times two, which is eight. Multiplying three by two gives six and is the commonest wrong route.",AUTHORED,
GB_NS_011,NUMBER_SYSTEMS_BINARY,NS_C02_UNITS,NS_F03_A_BIT_IS_ONE_OF_TWO,NS_FAM03_BIT_BYTE_UNITS,NS_RG_BASES,D1,REMEMBER,mcq_single,A single character is stored in one byte. How much space does it occupy?,8 bits,1 bit,16 bits,4 bits,A,8 bits,"A byte is eight bits by definition, so one byte of storage is eight bits of storage.",AUTHORED,
GB_NS_012,NUMBER_SYSTEMS_BINARY,NS_C02_UNITS,NS_F03_A_BIT_IS_ONE_OF_TWO,NS_FAM03_BIT_BYTE_UNITS,NS_RG_BASES,D1,REMEMBER,mcq_single,A field is 4 bits wide. How many distinct values can it hold?,8,4,16,15,C,16,"Four bits give two to the fourth power, which is sixteen. Fifteen is the largest value the field can hold, which is one fewer than the number of values.",AUTHORED,
GB_NS_013,NUMBER_SYSTEMS_BINARY,NS_C02_UNITS,NS_F03_A_BIT_IS_ONE_OF_TWO,NS_FAM03_BIT_BYTE_UNITS,NS_RG_BASES,D2,REMEMBER,mcq_single,A student says that 5 bits can distinguish 10 different values. What is the mistake?,Nothing; 5 bits do give 10 values,"Each extra bit doubles the count rather than adding two, so 5 bits give 32 values","Each bit adds one value, so the answer should be 6","The answer should be 25, since bits are squared",B,"Each extra bit doubles the count rather than adding two, so 5 bits give 32 values",Doubling five times gives 32. Multiplying the width by two gives 10 and squaring it gives 25; both treat the width as though it scaled the count directly.,AUTHORED,
GB_NS_014,NUMBER_SYSTEMS_BINARY,NS_C03_CONVERSION,NS_F04_BINARY_TO_DECIMAL_SUMS_WEIGHTS,NS_FAM04_BINARY_TO_DECIMAL,NS_RG_CONVERSION,D2,UNDERSTAND,mcq_single,What is the decimal value of the binary number 1011?,13,3,23,11,D,11,"The positions holding a 1 are worth 8, 2 and 1, which total 11. Reading the digits from the other end gives 1101, which is 13.",AUTHORED,
GB_NS_015,NUMBER_SYSTEMS_BINARY,NS_C03_CONVERSION,NS_F04_BINARY_TO_DECIMAL_SUMS_WEIGHTS,NS_FAM04_BINARY_TO_DECIMAL,NS_RG_CONVERSION,D3,UNDERSTAND,mcq_single,What is the decimal value of the binary number 101100?,44,13,22,45,A,44,"The positions holding a 1 are worth 32, 8 and 4, which total 44. Reading the digits in the reverse order gives 001101, which is 13, and is the error this number is chosen to expose.",AUTHORED,
GB_NS_016,NUMBER_SYSTEMS_BINARY,NS_C03_CONVERSION,NS_F05_DECIMAL_TO_BINARY_TAKES_LARGEST_WEIGHTS,NS_FAM05_DECIMAL_TO_BINARY,NS_RG_CONVERSION,D2,UNDERSTAND,mcq_single,What is 13 written in binary?,1011,1110,1101,1001,C,1101,"Thirteen is 8 plus 4 plus 1, giving 1101. Writing the division remainders in the order they were produced rather than reversing them gives 1011.",AUTHORED,
GB_NS_017,NUMBER_SYSTEMS_BINARY,NS_C03_CONVERSION,NS_F05_DECIMAL_TO_BINARY_TAKES_LARGEST_WEIGHTS,NS_FAM05_DECIMAL_TO_BINARY,NS_RG_CONVERSION,D3,UNDERSTAND,mcq_single,What is 37 written in binary?,101001,100101,100111,110010,B,100101,"Thirty-seven is 32 plus 4 plus 1, giving 100101. The remainders taken in the order produced rather than reversed give 101001, which is 41.",AUTHORED,
GB_NS_018,NUMBER_SYSTEMS_BINARY,NS_C03_CONVERSION,NS_F06_HEX_GROUPS_FOUR_BITS,NS_FAM06_HEX_GROUPING,NS_RG_CONVERSION,D2,APPLY,mcq_single,The hex value 2F is written out in binary as eight bits. What is it?,00100110,11110010,01001111,00101111,D,00101111,"Each hex digit becomes exactly four bits: 2 becomes 0010 and F, which is fifteen, becomes 1111. Joining them in the same order gives 00101111.",AUTHORED,
GB_NS_019,NUMBER_SYSTEMS_BINARY,NS_C03_CONVERSION,NS_F06_HEX_GROUPS_FOUR_BITS,NS_FAM06_HEX_GROUPING,NS_RG_CONVERSION,D3,APPLY,mcq_single,The binary string 110101101 is written in hex by grouping its bits in fours from the right. What is the result?,1AD,D61,1AB,35D,A,1AD,"Padded to twelve bits the string is 0001 1010 1101, whose four-bit groups read as 1AD. Grouping from the left instead splits it as 1101 0110 1 and produces D61.",AUTHORED,
GB_NS_020,NUMBER_SYSTEMS_BINARY,NS_C03_CONVERSION,NS_F06_HEX_GROUPS_FOUR_BITS,NS_FAM06_HEX_GROUPING,NS_RG_CONVERSION,D4,APPLY,mcq_single,"A student converts the eight-bit string 10110110 to hex and correctly gets B6. They then convert the seven-bit string 1011011 the same way and get B3. On the seven-bit string the bits were grouped from the left rather than from the right, which is the only difference between the two attempts. What is the correct hex value of the seven-bit string?",B3,5D,5B,BB,C,5B,"Grouping from the right and padding on the left gives 0101 1011, which is 5B. The eight-bit string worked either way because its length is already a multiple of four, which is exactly why the fault stayed hidden until the length was odd.",AUTHORED,
GB_NS_021,NUMBER_SYSTEMS_BINARY,NS_C03_CONVERSION,NS_F07_OCTAL_GROUPS_THREE_BITS,NS_FAM07_OCTAL_GROUPING,NS_RG_CONVERSION,D2,APPLY,mcq_single,The octal value 27 is written out in binary as six bits. What is it?,011111,010111,001111,100111,B,010111,Each octal digit becomes exactly three bits: 2 becomes 010 and 7 becomes 111. Joining them in order gives 010111.,AUTHORED,
GB_NS_022,NUMBER_SYSTEMS_BINARY,NS_C03_CONVERSION,NS_F07_OCTAL_GROUPS_THREE_BITS,NS_FAM07_OCTAL_GROUPING,NS_RG_CONVERSION,D3,APPLY,mcq_single,The binary string 11010110 is written in octal by grouping its bits in threes from the right. What is the result?,652,D6,324,326,D,326,"From the right the groups are 11, 010 and 110, which read as 326. Grouping from the left gives 110, 101 and 10, producing 652; grouping in fours produces the hex value D6 instead.",AUTHORED,
GB_NS_023,NUMBER_SYSTEMS_BINARY,NS_C03_CONVERSION,NS_F07_OCTAL_GROUPS_THREE_BITS,NS_FAM07_OCTAL_GROUPING,NS_RG_CONVERSION,D4,APPLY,mcq_single,"Two students convert the binary string 1011010 to octal. One reports 132 and the other 550. Only one of them grouped the bits in threes starting from the rightmost bit, which is what octal requires. Which answer is correct?",132,550,272,1320,A,132,"From the right the groups are 1, 011 and 010, giving 132. Starting from the left splits the string as 101, 101 and 0, which produces 550 and silently pads the wrong end.",AUTHORED,
GB_NS_024,NUMBER_SYSTEMS_BINARY,NS_C04_ARITHMETIC,NS_F08_BINARY_ADDITION_CARRIES_AT_TWO,NS_FAM08_BINARY_ADDITION,NS_RG_ARITHMETIC,D2,APPLY,mcq_single,What is 101 + 011 in binary?,111,110,1000,100,C,1000,"Five plus three is eight, which is 1000. Combining the numbers bit by bit without carrying gives 111, which is what an OR would produce rather than an addition.",AUTHORED,
GB_NS_025,NUMBER_SYSTEMS_BINARY,NS_C04_ARITHMETIC,NS_F08_BINARY_ADDITION_CARRIES_AT_TWO,NS_FAM08_BINARY_ADDITION,NS_RG_ARITHMETIC,D3,APPLY,mcq_single,What is 1011 + 0110 in binary?,1111,10001,1101,10101,B,10001,"Eleven plus six is seventeen, which is 10001. The answer 1111 is what results from combining the bits without ever carrying.",AUTHORED,
GB_NS_026,NUMBER_SYSTEMS_BINARY,NS_C04_ARITHMETIC,NS_F08_BINARY_ADDITION_CARRIES_AT_TWO,NS_FAM08_BINARY_ADDITION,NS_RG_ARITHMETIC,D4,APPLY,mcq_single,"A student adds the binary numbers 1101 and 1111 and writes 1111. The two numbers have a 1 in the same column three times over, and every one of those columns must produce a carry. What is the correct sum?",1111,10100,11110,11100,D,11100,"Thirteen plus fifteen is twenty-eight, which is 11100. The answer written down is what the two numbers give when each column is combined without carrying, which is why it is never longer than the longer input.",AUTHORED,
GB_NS_027,NUMBER_SYSTEMS_BINARY,NS_C05_WIDTH,NS_F09_WIDTH_BOUNDS_THE_RANGE,NS_FAM09_RANGE_FROM_WIDTH,NS_RG_WIDTH,D2,APPLY,mcq_single,What is the largest value an unsigned 4-bit field can hold?,15,16,14,8,A,15,"Four bits hold sixteen different values, and because the smallest is zero the largest is fifteen. Sixteen is the count of values, not the largest of them.",AUTHORED,
GB_NS_028,NUMBER_SYSTEMS_BINARY,NS_C05_WIDTH,NS_F09_WIDTH_BOUNDS_THE_RANGE,NS_FAM09_RANGE_FROM_WIDTH,NS_RG_WIDTH,D3,APPLY,mcq_single,A counter must store values from 0 up to 1000. What is the smallest number of bits that will hold it?,9,11,10,1000,C,10,"Nine bits reach 511, which is short, and ten bits reach 1023, which is enough. Each extra bit roughly doubles the reach, so the answer grows very slowly as the limit rises.",AUTHORED,
GB_NS_029,NUMBER_SYSTEMS_BINARY,NS_C05_WIDTH,NS_F09_WIDTH_BOUNDS_THE_RANGE,NS_FAM09_RANGE_FROM_WIDTH,NS_RG_WIDTH,D4,APPLY,mcq_single,"A field must store the values 0 to 256 inclusive. A student chooses 8 bits, reasoning that 8 bits hold 256 values. The stated range contains 257 distinct values, one more than the student counted. How many bits are needed?",8,9,10,16,B,9,"Eight bits cover 0 to 255. Including 256 needs one more value than that, and there is no half a bit, so the width goes to nine. Ranges quoted inclusively on a power of two are where this error almost always happens.",AUTHORED,
GB_NS_030,NUMBER_SYSTEMS_BINARY,NS_C04_ARITHMETIC,NS_F10_SHIFTING_SCALES_BY_TWO,NS_FAM10_SHIFT_EFFECT,NS_RG_ARITHMETIC,D2,APPLY,mcq_single,The binary value 0011 is shifted one place to the left. What is the result?,0001,1100,0011,0110,D,0110,"Shifting left moves every bit one position up in weight, which doubles the value: three becomes six. Shifting right instead would have halved it.",AUTHORED,
GB_NS_031,NUMBER_SYSTEMS_BINARY,NS_C04_ARITHMETIC,NS_F10_SHIFTING_SCALES_BY_TWO,NS_FAM10_SHIFT_EFFECT,NS_RG_ARITHMETIC,D3,APPLY,mcq_single,"The value 13 is shifted one place to the right, and the bit that falls off the end is discarded. What is the result?",6,6.5,7,26,A,6,"Thirteen is 1101; dropping the rightmost bit leaves 110, which is six. The discarded bit is lost rather than rounded, so the half is gone rather than carried into the answer.",AUTHORED,
GB_NS_032,NUMBER_SYSTEMS_BINARY,NS_C04_ARITHMETIC,NS_F10_SHIFTING_SCALES_BY_TWO,NS_FAM10_SHIFT_EFFECT,NS_RG_ARITHMETIC,D4,APPLY,mcq_single,"A student shifts the value 9 one place to the right and reports 5, having rounded the result up. The bit that falls off the end is discarded rather than rounded, and 9 is odd so a bit does fall off. What is the result?",5,4.5,4,18,C,4,"Nine is 1001; dropping the rightmost bit leaves 100, which is four. Shifting right is only the same as halving when the value is even, which is what makes odd values the case worth asking about.",AUTHORED,
GB_NS_033,NUMBER_SYSTEMS_BINARY,NS_C06_ERRORS,NS_F11_A_CONVERSION_FAILS_AT_ONE_STEP,NS_FAM11_CONVERSION_ERROR_DIAGNOSIS,NS_RG_ERRORS,D3,ANALYZE,mcq_single,"A student converts 22 to binary by repeated division by two. Step 1: 22 divided by 2 is 11, remainder 0. Step 2: 11 divided by 2 is 5, remainder 1. Step 3: 5 divided by 2 is 2, remainder 0. Step 4: 2 divided by 2 is 1, remainder 0. Step 5: 1 divided by 2 is 0, remainder 1. Step 6: reading the remainders from the last to the first gives 10010. At which step was the error made?",Step 6,Step 3,Step 4,Step 5,B,Step 3,"Five divided by two leaves a remainder of 1, not 0. Every later step is carried out correctly on the wrong value, so step 6 is where the wrong answer appears rather than where it was made.",AUTHORED,
GB_NS_034,NUMBER_SYSTEMS_BINARY,NS_C06_ERRORS,NS_F11_A_CONVERSION_FAILS_AT_ONE_STEP,NS_FAM11_CONVERSION_ERROR_DIAGNOSIS,NS_RG_ERRORS,D4,ANALYZE,mcq_single,"A student converts the hex value 4C to binary. Step 1: 4 becomes 0100. Step 2: C becomes 1010. Step 3: joining them gives 01001010. Each hex digit expands to exactly four bits, and the value of C is twelve, which is not what step 2 produced. At which step was the error made?",Step 1,Step 3,No step is wrong,Step 2,D,Step 2,"Twelve is 1100, not 1010, which is ten, so Step 2 is where the expansion goes wrong. The join that follows is carried out correctly and simply passes the mistake on.",AUTHORED,
GB_NS_035,NUMBER_SYSTEMS_BINARY,NS_C06_ERRORS,NS_F12_DIGITS_ARE_MEANINGLESS_WITHOUT_A_BASE,NS_FAM12_BASE_AMBIGUITY_DIAGNOSIS,NS_RG_ERRORS,D3,ANALYZE,mcq_single,"A configuration file records a value as 20. One program reads it as decimal and another as hex, and the two disagree about what the setting means. Which explanation fits?","The digits 20 are legal in both bases and mean different values, so the file is ambiguous without a stated base",One of the two programs has an arithmetic fault,"The value 20 is not valid in hex, so that program is simply wrong","Both programs should read it as decimal, so the second one is misconfigured",A,"The digits 20 are legal in both bases and mean different values, so the file is ambiguous without a stated base","Twenty in decimal and 20 in hex are different numbers, and nothing in the file distinguishes them. Neither program is computing anything incorrectly; the file does not say what it means.",AUTHORED,
GB_NS_036,NUMBER_SYSTEMS_BINARY,NS_C06_ERRORS,NS_F12_DIGITS_ARE_MEANINGLESS_WITHOUT_A_BASE,NS_FAM12_BASE_AMBIGUITY_DIAGNOSIS,NS_RG_ERRORS,D4,ANALYZE,mcq_single,"A field is expected to hold seventeen. A program reads the stored characters 11 and reports three. The characters 11 are legal in binary, octal, decimal and hex, and only one of those four bases gives the value that was reported. Which base did the program assume?",Octal,Decimal,Binary,Hexadecimal,C,Binary,"In binary 11 is three, which is what was reported. The other three give nine, eleven and seventeen — and the last of those is the value that was actually wanted, which is what makes the stored characters so misleading.",AUTHORED,
GB_NS_037,NUMBER_SYSTEMS_BINARY,NS_C05_WIDTH,NS_F13_EXCEEDING_A_WIDTH_WRAPS,NS_FAM13_OVERFLOW_REASONING,NS_RG_WIDTH,D3,ANALYZE,mcq_single,"An unsigned 4-bit field currently holds 15. One is added, and any bit that does not fit is discarded. What does the field hold now?",16,0,15,1,B,0,"Sixteen needs a fifth bit, and the field has only four. The four bits that remain are all zero, so the field wraps to nothing rather than growing or stopping at its maximum.",AUTHORED,
GB_NS_038,NUMBER_SYSTEMS_BINARY,NS_C05_WIDTH,NS_F13_EXCEEDING_A_WIDTH_WRAPS,NS_FAM13_OVERFLOW_REASONING,NS_RG_WIDTH,D4,ANALYZE,mcq_single,An unsigned 8-bit counter holds 250 and ten is added. The field keeps only the lowest eight bits of the result and the ninth bit is discarded rather than the value stopping at its maximum. What does the counter hold?,260,255,0,4,D,4,"Two hundred and sixty is 100000100; the lowest eight bits are 00000100, which is 4. Stopping at 255 is a real behaviour in some hardware, which is why it has to be ruled out by the question rather than by intuition.",AUTHORED,
GB_NS_039,NUMBER_SYSTEMS_BINARY,NS_C05_WIDTH,NS_F13_EXCEEDING_A_WIDTH_WRAPS,NS_FAM13_OVERFLOW_REASONING,NS_RG_WIDTH,D5,ANALYZE,mcq_single,"A sensor adds a reading to a running total once a second. The readings average about 40, and the total is an unsigned 16-bit field that keeps only its lowest sixteen bits when it exceeds them. Roughly how long until the total first comes out smaller than it was a second earlier?",After about 27 minutes,After about 27 hours,"Never, because a running total only grows","After about 65,536 seconds",A,After about 27 minutes,"Sixteen bits reach 65,535, and at 40 per second that takes roughly 1,600 seconds, which is a little under half an hour. The wrap is not an error the program will notice — the total simply becomes wrong and stays wrong.",AUTHORED,
GB_NS_040,NUMBER_SYSTEMS_BINARY,NS_C05_WIDTH,NS_F13_EXCEEDING_A_WIDTH_WRAPS,NS_FAM13_OVERFLOW_REASONING,NS_RG_WIDTH,D5,ANALYZE,mcq_single,"An unsigned 8-bit field holds 0 and one is subtracted. The field keeps only the lowest eight bits of the result, exactly as it does when a value grows too large. What does the field hold?",0,Minus 1,255,1,C,255,"The wrap works in both directions: going below zero lands at the top of the range just as going above the maximum lands at the bottom. An unsigned field has nowhere to record a negative value, so it does not.",AUTHORED,
GB_NS_041,NUMBER_SYSTEMS_BINARY,NS_C05_WIDTH,NS_F13_EXCEEDING_A_WIDTH_WRAPS,NS_FAM13_OVERFLOW_REASONING,NS_RG_WIDTH,D5,ANALYZE,mcq_single,"A running total that will reach about 70,000 is being stored. Widening its field from sixteen bits to thirty-two removes any risk of wrapping, but doubles the space every record occupies, and there are several million records. Which choice is defensible?","Keep sixteen bits, because the space saved across several million records outweighs a rare wrap","Widen the field, because a wrapped total is silently wrong and no saving in space repairs that","Keep sixteen bits, and check after each update whether the total has decreased","Widen to sixty-four bits, since the cost of widening is being paid anyway",B,"Widen the field, because a wrapped total is silently wrong and no saving in space repairs that","Seventy thousand does not fit in sixteen bits at all, so the wrap is certain rather than rare. Detecting it afterwards salvages nothing, because by then the total that was meant to be recorded is gone.",AUTHORED,
GB_NS_042,NUMBER_SYSTEMS_BINARY,NS_C07_CHOICE,NS_F14_WIDTH_AND_BASE_ARE_DECISIONS,NS_FAM14_REPRESENTATION_CHOICE,NS_RG_CHOICE,D4,EVALUATE,mcq_single,"A field must hold a count that is at most 900 today and is expected to roughly double over the next two years. The narrowest width that will still hold the expected value is wanted. Allowing for the doubling means the field must accommodate about 1,800 rather than 900. Which width should be chosen?",10 bits,16 bits,12 bits,11 bits,D,11 bits,"Ten bits reach 1,023, which covers today and not the expectation; eleven reach 2,047, which covers both. Sixteen would also work but is wider than the requirement asks for.",AUTHORED,
GB_NS_043,NUMBER_SYSTEMS_BINARY,NS_C07_CHOICE,NS_F14_WIDTH_AND_BASE_ARE_DECISIONS,NS_FAM14_REPRESENTATION_CHOICE,NS_RG_CHOICE,D5,EVALUATE,mcq_single,"A value that will never exceed 200 must be stored in a message that is sent millions of times a day over a metered link, so every extra byte has a running cost. One engineer proposes 8 bits and another proposes 32 for safety. Which is the better choice?","Eight bits, because the stated maximum of 200 already fits and the extra bytes are paid for on every message","Thirty-two bits, because it is safer and the difference is only three bytes","Thirty-two bits, because 200 is uncomfortably close to the eight-bit limit","Eight bits, because thirty-two-bit values are harder for a reader to interpret",A,"Eight bits, because the stated maximum of 200 already fits and the extra bytes are paid for on every message","Safety margin is worth buying when the cost is paid once; here it is paid on every message. The limit of 200 is stated rather than estimated, so the margin is guarding against nothing.",AUTHORED,
GB_NS_044,NUMBER_SYSTEMS_BINARY,NS_C07_CHOICE,NS_F14_WIDTH_AND_BASE_ARE_DECISIONS,NS_FAM14_REPRESENTATION_CHOICE,NS_RG_CHOICE,D5,EVALUATE,mcq_single,"A diagnostic log must let a human reader find a single wrong bit in each byte. Hex is more compact than binary, but a hex digit hides which of its four bits differ. Which representation should the log use?","Hex, because it is more compact and the reader can convert as needed","Decimal, because it is the representation most readers are fluent in","Binary, because the reader is looking for one wrong bit and hex would conceal which bit it is","Octal, as a compromise between compactness and readability",C,"Binary, because the reader is looking for one wrong bit and hex would conceal which bit it is","The log has one job, and compactness is not it. Asking the reader to convert reintroduces by hand exactly the step the representation was supposed to remove.",AUTHORED,
GB_NS_045,NUMBER_SYSTEMS_BINARY,NS_C07_CHOICE,NS_F14_WIDTH_AND_BASE_ARE_DECISIONS,NS_FAM14_REPRESENTATION_CHOICE,NS_RG_CHOICE,D5,EVALUATE,mcq_single,"A field is specified as holding a value from 1 to 16. A student chooses 4 bits, reasoning that 4 bits hold 16 values. The range starts at 1 rather than 0, so the value 16 must be representable as well. Is 4 bits enough?","Yes, because 4 bits hold exactly 16 values","No, because 16 cannot be represented in 4 bits unless the stored value is offset by one","No, because 4 bits hold only 15 values","Yes, because the range contains 16 values and 4 bits hold 16",B,"No, because 16 cannot be represented in 4 bits unless the stored value is offset by one","The count is right and the range is not: four bits hold 0 to 15, and the value wanted at the top is 16. Storing the value minus one is the standard repair and is what makes four bits workable after all.",AUTHORED,
GB_NS_046,NUMBER_SYSTEMS_BINARY,NS_C07_CHOICE,NS_F14_WIDTH_AND_BASE_ARE_DECISIONS,NS_FAM14_REPRESENTATION_CHOICE,NS_RG_CHOICE,D5,EVALUATE,mcq_single,"A version number is packed into a single 16-bit value as three fields: 4 bits for major, 6 for minor and 6 for patch. Patch numbers must now reach 100. The whole packed value is fixed at 16 bits, so any widening must come from another field. What follows?","Nothing needs to change, because 6 bits reach 100",The packed value must grow beyond 16 bits,The patch field must gain four bits to reach 100,"The patch field must gain at least one bit, taken from major or minor, since 6 bits stop at 63",D,"The patch field must gain at least one bit, taken from major or minor, since 6 bits stop at 63","Six bits reach 63 and seven reach 127, so one extra bit is enough. The total is fixed, which turns this from a question about patch numbers into a question about which other field can afford to shrink.",AUTHORED,
GB_NS_047,NUMBER_SYSTEMS_BINARY,NS_C07_CHOICE,NS_F15_BITS_ENCODE_MORE_THAN_NUMBERS,NS_FAM15_ENCODING_TRANSFER,NS_RG_CHOICE,D4,EVALUATE,mcq_single,"A device reports its state in one byte where each bit is an independent flag: bit 0 means powered, bit 1 means connected, bit 2 means error, and the remaining bits are unused. The byte read back is 00000101. Each bit is independent, so a bit set to 1 means its flag is on regardless of the others. Which flags are on?",Powered and error,Connected only,Powered and connected,None; the byte holds the number five rather than a set of flags,A,Powered and error,"Bits 0 and 2 are set, which are powered and error. The byte does also equal five as a number, but reading it that way discards the only structure it has.",AUTHORED,
GB_NS_048,NUMBER_SYSTEMS_BINARY,NS_C07_CHOICE,NS_F15_BITS_ENCODE_MORE_THAN_NUMBERS,NS_FAM15_ENCODING_TRANSFER,NS_RG_CHOICE,D5,EVALUATE,mcq_single,"A permission byte uses bit 2 for read, bit 1 for write and bit 0 for execute, with bit 2 the leftmost of the three. A file must allow read and execute but not write. The three bits are independent and their order is exactly as stated, so the pattern is determined. What are the three bits, from bit 2 down to bit 0?",110,011,101,111,C,101,"Read is on, write is off and execute is on, which written from bit 2 downwards is 101. Reading the bits in the opposite order gives the same pattern here only by accident of symmetry, which is why the order is stated rather than assumed.",AUTHORED,
GB_NS_049,NUMBER_SYSTEMS_BINARY,NS_C07_CHOICE,NS_F15_BITS_ENCODE_MORE_THAN_NUMBERS,NS_FAM15_ENCODING_TRANSFER,NS_RG_CHOICE,D5,EVALUATE,mcq_single,"A status byte uses each of its eight bits as an independent flag. A reader converts the byte to decimal, gets 0, and concludes that the device is off. A decimal value of 0 means every one of the eight flags is clear, which is not the same claim as any single flag being off. What has the reader actually established?",That the device is off,"That all eight flags are clear, which is a stronger claim than the device being off and may not mean it",That the powered flag is clear and the other seven are unknown,"Nothing, because zero is not a meaningful value for a status byte",B,"That all eight flags are clear, which is a stronger claim than the device being off and may not mean it","Zero is the one value that settles every flag at once. Whether ""all flags clear"" means the device is off depends on what the flags were defined to mean, and the reader has not consulted that.",AUTHORED,
GB_NS_050,NUMBER_SYSTEMS_BINARY,NS_C07_CHOICE,NS_F15_BITS_ENCODE_MORE_THAN_NUMBERS,NS_FAM15_ENCODING_TRANSFER,NS_RG_CHOICE,D5,EVALUATE,mcq_single,"Eight independent yes-or-no settings must be stored. One design gives each a separate byte; another packs all eight into the bits of a single byte. The packed form uses one eighth of the space, but every read and write must isolate a single bit rather than handle a whole field. The settings are read once at start-up. Which design is preferable?","The packed byte, because using one eighth of the space is always worth having","The packed byte, because the settings are read rarely so the extra handling costs little",Neither; eight settings should be stored as text so they can be read directly,"The eight separate fields, because the space saved is negligible here and the bit handling is a permanent cost",D,"The eight separate fields, because the space saved is negligible here and the bit handling is a permanent cost","Packing earns its cost where the volume is large or the space is constrained, and one start-up read is neither. The saving is seven bytes once; the bit handling is in every piece of code that touches the settings from now on.",AUTHORED,
GB_PB_001,PROBABILITY_STATISTICS,PB_C01_OUTCOMES,PB_F01_THE_SAMPLE_SPACE_LISTS_EVERY_OUTCOME,PB_FAM01_SAMPLE_SPACE,PB_RG_OUTCOMES,D1,REMEMBER,mcq_single,A fair coin is tossed once. What outcomes could it produce?,Heads only,Heads and tails,"Heads, tails and neither",The number of times it was tossed,B,Heads and tails,"A single toss produces heads or tails, and those two possibilities are the whole of what could happen. Nothing else belongs on the list.",AUTHORED,
GB_PB_002,PROBABILITY_STATISTICS,PB_C01_OUTCOMES,PB_F01_THE_SAMPLE_SPACE_LISTS_EVERY_OUTCOME,PB_FAM01_SAMPLE_SPACE,PB_RG_OUTCOMES,D1,REMEMBER,mcq_single,An ordinary six-sided die is rolled once. How many different outcomes are possible?,1,12,36,6,D,6,"Each face is one outcome and there are six faces, so the answer is 6. Twelve and thirty-six belong to two dice rather than one.",AUTHORED,
GB_PB_003,PROBABILITY_STATISTICS,PB_C01_OUTCOMES,PB_F01_THE_SAMPLE_SPACE_LISTS_EVERY_OUTCOME,PB_FAM01_SAMPLE_SPACE,PB_RG_OUTCOMES,D1,REMEMBER,mcq_single,"A bag holds one red, one blue and one green ball, and a single ball is taken out. What could the result be?","Red, blue or green",Red or blue only,"Red, blue, green, or no ball at all",The number of balls left in the bag,A,"Red, blue or green","Three balls give three possible results, one for each colour. Drawing nothing is not among them, because a ball is taken.",AUTHORED,
GB_PB_004,PROBABILITY_STATISTICS,PB_C01_OUTCOMES,PB_F01_THE_SAMPLE_SPACE_LISTS_EVERY_OUTCOME,PB_FAM01_SAMPLE_SPACE,PB_RG_OUTCOMES,D1,REMEMBER,mcq_single,What does a sample space set out?,Only the outcomes that are reasonably likely,Only the outcomes somebody is interested in,"Every outcome that could occur, each appearing once",The probability attached to each outcome,C,"Every outcome that could occur, each appearing once",Completeness is the point: leaving out an unlikely outcome makes every probability computed from the list wrong. The probabilities themselves are a separate matter.,AUTHORED,
GB_PB_005,PROBABILITY_STATISTICS,PB_C01_OUTCOMES,PB_F01_THE_SAMPLE_SPACE_LISTS_EVERY_OUTCOME,PB_FAM01_SAMPLE_SPACE,PB_RG_OUTCOMES,D2,REMEMBER,mcq_single,"Two coins are tossed. A student says there are three possible results: two heads, two tails, and one of each. What has been missed?",Nothing; there really are three possible results,"One of each can happen in two distinct ways, so there are four results rather than three",The result where neither coin lands at all,"Nothing, since the order of the two coins does not matter",B,"One of each can happen in two distinct ways, so there are four results rather than three","Head-then-tail and tail-then-head are different results even when nobody cares which coin did which. Collapsing them makes one of each look as likely as two heads, and it is twice as likely.",AUTHORED,
GB_PB_006,PROBABILITY_STATISTICS,PB_C01_OUTCOMES,PB_F02_AN_EVENT_IS_A_GROUP_OF_OUTCOMES,PB_FAM02_EVENT_RECOGNITION,PB_RG_OUTCOMES,D1,REMEMBER,mcq_single,An ordinary die is rolled. Which results make up the event described as an even number?,"1, 3 and 5",2 and 4,Every result from 1 to 6,"2, 4 and 6",D,"2, 4 and 6","Three of the six faces are even, so the event covers 2, 4 and 6. An event may hold several results at once, and this one holds three.",AUTHORED,
GB_PB_007,PROBABILITY_STATISTICS,PB_C01_OUTCOMES,PB_F02_AN_EVENT_IS_A_GROUP_OF_OUTCOMES,PB_FAM02_EVENT_RECOGNITION,PB_RG_OUTCOMES,D1,REMEMBER,mcq_single,A card is taken from a pack holding only the numbers 1 to 10. The event of interest is described as more than 7. Which numbers does it cover?,"8, 9 and 10","7, 8, 9 and 10",9 and 10,1 to 7,A,"8, 9 and 10","More than 7 leaves 7 itself out and takes everything above it, giving 8, 9 and 10. The boundary value is where this kind of description is most often misread.",AUTHORED,
GB_PB_008,PROBABILITY_STATISTICS,PB_C01_OUTCOMES,PB_F02_AN_EVENT_IS_A_GROUP_OF_OUTCOMES,PB_FAM02_EVENT_RECOGNITION,PB_RG_OUTCOMES,D1,REMEMBER,mcq_single,How many results can a single event cover?,Exactly one,At least two,"Any number, from none of them up to all of them",At most half of what could happen,C,"Any number, from none of them up to all of them","An event is simply a group of results, and a group may be empty, may hold one, or may hold everything. Nothing restricts its size.",AUTHORED,
GB_PB_009,PROBABILITY_STATISTICS,PB_C01_OUTCOMES,PB_F02_AN_EVENT_IS_A_GROUP_OF_OUTCOMES,PB_FAM02_EVENT_RECOGNITION,PB_RG_OUTCOMES,D2,REMEMBER,mcq_single,"A die is rolled and the event is described as at least 3. A student lists 4, 5 and 6. What is wrong?",Nothing; at least 3 does mean above 3,"At least 3 takes in 3 itself, so the event is 3, 4, 5 and 6","The event should have been listed as 1, 2 and 3",At least 3 means exactly 3 and nothing else,B,"At least 3 takes in 3 itself, so the event is 3, 4, 5 and 6","At least includes the value named, and more than excludes it. One face is the whole of the difference, and it changes the probability from a half to two thirds.",AUTHORED,
GB_PB_010,PROBABILITY_STATISTICS,PB_C02_SCALE,PB_F03_PROBABILITIES_LIE_BETWEEN_ZERO_AND_ONE,PB_FAM03_VALID_PROBABILITY,PB_RG_SCALE,D1,REMEMBER,mcq_single,Which of these could not be a probability?,0,0.5,1,1.4,D,1.4,"Nothing can be more certain than certain, and 1 is certainty, so 1.4 is impossible. Zero and one are both perfectly ordinary probabilities.",AUTHORED,
GB_PB_011,PROBABILITY_STATISTICS,PB_C02_SCALE,PB_F03_PROBABILITIES_LIE_BETWEEN_ZERO_AND_ONE,PB_FAM03_VALID_PROBABILITY,PB_RG_SCALE,D1,REMEMBER,mcq_single,The probabilities of all the possible results of a trial are added up. What must the total come to?,1,0,100,The number of possible results,A,1,"Something must happen, and the results cover everything that could, so the total is 1. A percentage is the same figure differently written.",AUTHORED,
GB_PB_012,PROBABILITY_STATISTICS,PB_C02_SCALE,PB_F03_PROBABILITIES_LIE_BETWEEN_ZERO_AND_ONE,PB_FAM03_VALID_PROBABILITY,PB_RG_SCALE,D1,REMEMBER,mcq_single,"A trial has three possible results, with probabilities given as 0.5, 0.3 and 0.1. Can that be right?","Yes, because each one lies between 0 and 1","Yes, because there are three results and three figures","No, because they total 0.9 rather than 1","No, because three results cannot have three different probabilities",C,"No, because they total 0.9 rather than 1",Every figure is individually plausible and together they leave a tenth unaccounted for. Checking each value in isolation is exactly what lets this through.,AUTHORED,
GB_PB_013,PROBABILITY_STATISTICS,PB_C02_SCALE,PB_F03_PROBABILITIES_LIE_BETWEEN_ZERO_AND_ONE,PB_FAM03_VALID_PROBABILITY,PB_RG_SCALE,D2,REMEMBER,mcq_single,"A student defends a probability of 120 percent, saying percentages are allowed to exceed 100. What is wrong?",Nothing; percentages above 100 are perfectly normal,"A probability can never pass the certainty of 1, however it happens to be written",It should have been written as a fraction instead,Percentages may not be used for probabilities at all,B,"A probability can never pass the certainty of 1, however it happens to be written","Percentages above 100 are fine for growth and for comparisons, and a probability is neither. The limit belongs to the quantity, not to the notation.",AUTHORED,
GB_PB_014,PROBABILITY_STATISTICS,PB_C03_SIMPLE_PROBABILITY,PB_F04_EQUALLY_LIKELY_OUTCOMES_DIVIDE_EVENLY,PB_FAM04_SIMPLE_PROBABILITY,PB_RG_PROBABILITY,D2,UNDERSTAND,mcq_single,An ordinary die is rolled once. What is the probability of an even number?,1/3,1/6,2/3,1/2,D,1/2,"Three of the six faces are even, and 3 out of 6 is 1/2. Dividing the three favourable faces by the three unfavourable ones would give odds rather than a probability.",AUTHORED,
GB_PB_015,PROBABILITY_STATISTICS,PB_C03_SIMPLE_PROBABILITY,PB_F04_EQUALLY_LIKELY_OUTCOMES_DIVIDE_EVENLY,PB_FAM04_SIMPLE_PROBABILITY,PB_RG_PROBABILITY,D3,UNDERSTAND,mcq_single,"A bag holds 3 red and 5 blue balls, each equally likely to be picked. What is the probability of picking a red one?",3/8,3/5,5/8,1/3,A,3/8,"There are eight balls altogether and three of them are red, giving 3/8. Dividing the reds by the blues gives 3/5, which counts against the wrong total.",AUTHORED,
GB_PB_016,PROBABILITY_STATISTICS,PB_C03_SIMPLE_PROBABILITY,PB_F05_NOT_HAPPENING_IS_THE_REST,PB_FAM05_COMPLEMENT_RULE,PB_RG_PROBABILITY,D2,UNDERSTAND,mcq_single,The probability that a train is late is 0.2. What is the probability that it is not late?,0.2,1.2,0.8,5,C,0.8,"The two possibilities together must come to 1, so the other is 0.8. Subtracting from 1 is the whole of the rule.",AUTHORED,
GB_PB_017,PROBABILITY_STATISTICS,PB_C03_SIMPLE_PROBABILITY,PB_F05_NOT_HAPPENING_IS_THE_REST,PB_FAM05_COMPLEMENT_RULE,PB_RG_PROBABILITY,D3,UNDERSTAND,mcq_single,"Two dice are rolled. Counting the ways of getting at least one six is awkward, but the probability of getting no six at all is known to be 25/36. What is the probability of at least one six?",25/36,11/36,1/36,1/6,B,11/36,"At least one six is everything that is not no six, so it is 1 less 25/36, which is 11/36. The rule earns its keep exactly where the direct count is the harder one.",AUTHORED,
GB_PB_018,PROBABILITY_STATISTICS,PB_C04_CENTRE,PB_F06_THE_MEAN_SHARES_THE_TOTAL_OUT,PB_FAM06_MEAN,PB_RG_CENTRE,D2,APPLY,mcq_single,"Five values are recorded: 4, 8, 6, 2 and 10. What is their mean?",30,7.5,5,6,D,6,"The five total 30, and 30 shared among five is 6. Dividing by four instead would give 7.5.",AUTHORED,
GB_PB_019,PROBABILITY_STATISTICS,PB_C04_CENTRE,PB_F06_THE_MEAN_SHARES_THE_TOTAL_OUT,PB_FAM06_MEAN,PB_RG_CENTRE,D3,APPLY,mcq_single,Six values add up to 48 in total. What is their mean?,8,48,6,7,A,8,"Sharing 48 among six gives 8. The individual values are not needed, because the mean depends on the total and the count and on nothing else about them.",AUTHORED,
GB_PB_020,PROBABILITY_STATISTICS,PB_C04_CENTRE,PB_F06_THE_MEAN_SHARES_THE_TOTAL_OUT,PB_FAM06_MEAN,PB_RG_CENTRE,D4,APPLY,mcq_single,"A set of five values has a mean of 10. One of the values is increased by 20 and nothing else changes. The total rises by 20 and is still shared among the same five values, so the mean rises by 20 divided by 5. What is the new mean?",30,10,14,12,C,14,"The mean climbs by four, from 10 to 14. Adding the whole 20 to the mean would be treating the change as though it happened to every value rather than to one.",AUTHORED,
GB_PB_021,PROBABILITY_STATISTICS,PB_C04_CENTRE,PB_F07_THE_MIDDLE_AND_THE_COMMONEST_ARE_DIFFERENT,PB_FAM07_MEDIAN_AND_MODE,PB_RG_CENTRE,D2,APPLY,mcq_single,"The values 7, 2, 9, 4 and 5 are recorded in that order. What is their median?",9,5,4,7,B,5,"Sorted they run 2, 4, 5, 7, 9, and the middle one is 5. Taking the middle of the list as written would have given 9, which is the largest value of the five.",AUTHORED,
GB_PB_022,PROBABILITY_STATISTICS,PB_C04_CENTRE,PB_F07_THE_MIDDLE_AND_THE_COMMONEST_ARE_DIFFERENT,PB_FAM07_MEDIAN_AND_MODE,PB_RG_CENTRE,D3,APPLY,mcq_single,"Four readings are taken, in this order: 6, 1, 8 and 3. What is the median?",3,6,8,4.5,D,4.5,"Sorted they run 1, 3, 6, 8, and with an even count the median is halfway between the two middle values, giving 4.5. Picking either middle value on its own is the usual shortcut.",AUTHORED,
GB_PB_023,PROBABILITY_STATISTICS,PB_C04_CENTRE,PB_F07_THE_MIDDLE_AND_THE_COMMONEST_ARE_DIFFERENT,PB_FAM07_MEDIAN_AND_MODE,PB_RG_CENTRE,D4,APPLY,mcq_single,"The values 5, 2, 9, 2 and 7 are recorded in that order, and a student reports the median as 9 by taking the middle of the list as it stands. The median is the middle value once the list has been sorted, and this list is not in order. What is the median?",5,9,2,4.6,A,5,"Sorted the values run 2, 2, 5, 7, 9, so the middle one is 5. The figure 4.6 is the mean, which answers a different question about the same values.",AUTHORED,
GB_PB_024,PROBABILITY_STATISTICS,PB_C05_SPREAD,PB_F08_SPREAD_IS_NOT_CENTRE,PB_FAM08_SPREAD,PB_RG_SPREAD,D2,APPLY,mcq_single,"Two groups of five values have the same mean. The first is 9, 10, 10, 10, 11 and the second is 2, 6, 10, 14, 18. Which is more spread out?",The first,Neither; an equal mean means an equal spread,The second,It cannot be told from what is given,C,The second,"Both average 10, and the second reaches from 2 to 18 where the first barely leaves 10. The shared mean is precisely what makes the difference here visible as spread.",AUTHORED,
GB_PB_025,PROBABILITY_STATISTICS,PB_C05_SPREAD,PB_F08_SPREAD_IS_NOT_CENTRE,PB_FAM08_SPREAD,PB_RG_SPREAD,D3,APPLY,mcq_single,Two groups each have a mean of 20. One runs from 19 to 21 and the other from 5 to 35. What does the mean on its own tell you about how varied they are?,That the two are equally varied,Nothing; the mean is identical while the variation is entirely different,That the first is the more varied of the two,That the second contains more values than the first,B,Nothing; the mean is identical while the variation is entirely different,A centre says where values sit and says nothing about how far they scatter around it. Any question about variation needs a figure that measures variation.,AUTHORED,
GB_PB_026,PROBABILITY_STATISTICS,PB_C05_SPREAD,PB_F08_SPREAD_IS_NOT_CENTRE,PB_FAM08_SPREAD,PB_RG_SPREAD,D4,APPLY,mcq_single,"Two delivery teams report the same mean time of 30 minutes. One delivers between 28 and 32 minutes and the other between 5 and 55. A customer wants to know whether a delivery might take an hour, and the mean is identical for the two teams while their longest times are not. Which figure answers the customer?","The mean, since it summarises both teams in one number",The number of deliveries each team has made,Neither; the question cannot be answered from figures like these,"A figure describing the spread, since the means cannot tell the two teams apart",D,"A figure describing the spread, since the means cannot tell the two teams apart","The customer is asking about the far end of the range, and the two teams differ entirely there while agreeing exactly at the centre. Reporting only the mean would answer a question nobody asked.",AUTHORED,
GB_PB_027,PROBABILITY_STATISTICS,PB_C06_COMBINING,PB_F09_OVERLAPPING_EVENTS_CANNOT_SIMPLY_BE_ADDED,PB_FAM09_ADDITION_RULE,PB_RG_COMBINING,D2,APPLY,mcq_single,"A die is rolled. The probability of a 1 is 1/6 and of a 2 is 1/6, and the two cannot both happen on one roll. What is the probability of a 1 or a 2?",1/3,1/36,1/6,2/3,A,1/3,"Results that cannot both occur simply add, giving 2/6, which is 1/3. Multiplying them would answer a question about two rolls rather than one.",AUTHORED,
GB_PB_028,PROBABILITY_STATISTICS,PB_C06_COMBINING,PB_F09_OVERLAPPING_EVENTS_CANNOT_SIMPLY_BE_ADDED,PB_FAM09_ADDITION_RULE,PB_RG_COMBINING,D3,APPLY,mcq_single,"In a group, the probability that someone plays cricket is 0.6 and that they play football is 0.5. A student adds the two and reports 1.1. What is wrong?",Nothing; 1.1 is a perfectly valid probability,The two figures should have been multiplied rather than added,"The two can both be true of one person, so adding counts those who play both twice",The two figures given must themselves be wrong,C,"The two can both be true of one person, so adding counts those who play both twice","A total above 1 is the visible symptom, and the cause is that adding assumes the two cannot happen together. Here they plainly can.",AUTHORED,
GB_PB_029,PROBABILITY_STATISTICS,PB_C06_COMBINING,PB_F09_OVERLAPPING_EVENTS_CANNOT_SIMPLY_BE_ADDED,PB_FAM09_ADDITION_RULE,PB_RG_COMBINING,D4,APPLY,mcq_single,"The probability that a customer buys tea is 0.4, that they buy coffee is 0.3, and that they buy both is 0.1. Adding 0.4 and 0.3 counts the 0.1 who buy both once in each figure, so one copy of them has to come off. What is the probability that a customer buys at least one of the two?",0.7,0.6,0.12,0.1,B,0.6,"Seven tenths less one tenth leaves 0.6. Multiplying the two figures would give 0.12 and answers a question about independence, which nothing here has claimed.",AUTHORED,
GB_PB_030,PROBABILITY_STATISTICS,PB_C06_COMBINING,PB_F10_INDEPENDENT_EVENTS_MULTIPLY,PB_FAM10_INDEPENDENCE,PB_RG_COMBINING,D2,APPLY,mcq_single,"A coin is tossed twice, and neither toss affects the other. What is the probability of two heads?",1/2,1,3/4,1/4,D,1/4,"Two independent halves multiply, giving 1/4. Adding the two instead would make two heads certain, which no pair of coin tosses is.",AUTHORED,
GB_PB_031,PROBABILITY_STATISTICS,PB_C06_COMBINING,PB_F10_INDEPENDENT_EVENTS_MULTIPLY,PB_FAM10_INDEPENDENCE,PB_RG_COMBINING,D3,APPLY,mcq_single,"A bag holds 4 red and 6 blue balls. One ball is drawn and put back, and then a second is drawn. Are the two draws independent of each other?","Yes, because replacing the ball restores the bag to how it started","No, because the same bag is used on both occasions","No, because the first draw changes what is left",Only when the two balls drawn are the same colour,A,"Yes, because replacing the ball restores the bag to how it started",Replacement is what makes the second draw face exactly the situation the first did. Without it the counts would have changed and the draws would not be independent.,AUTHORED,
GB_PB_032,PROBABILITY_STATISTICS,PB_C06_COMBINING,PB_F10_INDEPENDENT_EVENTS_MULTIPLY,PB_FAM10_INDEPENDENCE,PB_RG_COMBINING,D4,APPLY,mcq_single,"A bag holds 3 red and 7 blue balls, and two are drawn without replacement. A student computes the probability of two reds as 3/10 times 3/10. The first ball is not put back, so by the second draw the bag holds 9 balls of which at most 2 are red. What is the correct probability?",9/100,3/10,1/15,1/5,C,1/15,"The second draw faces 2 reds among 9, so the answer is 3/10 times 2/9, which is 1/15. Multiplying is right and the second figure is not.",AUTHORED,
GB_PB_033,PROBABILITY_STATISTICS,PB_C07_ERRORS,PB_F11_ONE_EXTREME_VALUE_MOVES_THE_MEAN,PB_FAM11_OUTLIER_EFFECT,PB_RG_ERRORS,D3,ANALYZE,mcq_single,"Nine people earn 20,000 each and one earns 500,000. Which summary better describes what a typical person earns?","The mean, because it takes every earner into account","The median, because one enormous value drags the mean away from everybody",Neither; the two give the same answer here,"The largest value, since it is the most striking figure",B,"The median, because one enormous value drags the mean away from everybody","The mean comes out near 68,000, which nobody earns. The median stays at 20,000, which nine of the ten actually earn.",AUTHORED,
GB_PB_034,PROBABILITY_STATISTICS,PB_C07_ERRORS,PB_F11_ONE_EXTREME_VALUE_MOVES_THE_MEAN,PB_FAM11_OUTLIER_EFFECT,PB_RG_ERRORS,D4,ANALYZE,mcq_single,A set of values has a mean of 12 and a median of 11. One further value of 300 is added to it. A single value far above the rest moves the mean substantially and shifts the median by at most one position. What happens to the two summaries?,Both of them rise sharply,The median rises sharply and the mean barely moves,"Neither changes, since one extra value cannot matter",The mean rises sharply and the median barely moves,D,The mean rises sharply and the median barely moves,The mean absorbs the whole of the 300 and shares it out; the median only steps along the sorted list by one place. That difference is what makes the median the safer summary for skewed data.,AUTHORED,
GB_PB_035,PROBABILITY_STATISTICS,PB_C07_ERRORS,PB_F12_PAST_TRIALS_DO_NOT_CHANGE_THE_NEXT_ONE,PB_FAM12_INDEPENDENCE_FALLACY,PB_RG_ERRORS,D3,ANALYZE,mcq_single,A fair coin has landed heads six times running. A gambler says tails is now due. Is that right?,No; the coin has no memory and the next toss is still an even chance,"Yes, because results have to balance out in the end","Yes, because a run of six is very unlikely to continue",It depends on how carefully the coin is being tossed,A,No; the coin has no memory and the next toss is still an even chance,"Six heads in a row is unlikely in advance and has already happened, which changes nothing about the seventh toss. The coin carries no record of what it did before.",AUTHORED,
GB_PB_036,PROBABILITY_STATISTICS,PB_C07_ERRORS,PB_F12_PAST_TRIALS_DO_NOT_CHANGE_THE_NEXT_ONE,PB_FAM12_INDEPENDENCE_FALLACY,PB_RG_ERRORS,D4,ANALYZE,mcq_single,"Cards are dealt from a single pack without replacement, and all four aces have already appeared. A player says a further ace is now less likely. Because the cards are not put back, every ace dealt is one fewer ace remaining in the pack. Is the player right?",No; each deal is independent of the ones before it,No; the probability of an ace never changes,"Yes; with no aces left the probability is now zero, because the deals are not independent","Yes, but only because the pack is reshuffled between deals",C,"Yes; with no aces left the probability is now zero, because the deals are not independent","This is the case where the same-sounding claim is correct, and what makes it correct is that the cards are not replaced. A coin would have been a different matter entirely.",AUTHORED,
GB_PB_037,PROBABILITY_STATISTICS,PB_C08_LIMITS,PB_F13_ONE_NUMBER_CANNOT_DESCRIBE_A_DISTRIBUTION,PB_FAM13_SUMMARY_HIDES_SHAPE,PB_RG_LIMITS,D3,ANALYZE,mcq_single,Two collections of values turn out to have the same mean. What follows about the individual values in them?,They must contain the same values as each other,Very little; the two may look entirely unlike each other,They must contain the same number of values,At least one value must appear in both,B,Very little; the two may look entirely unlike each other,"A mean constrains the total and leaves everything else free. Two collections sharing one can differ in size, in spread and in every individual value.",AUTHORED,
GB_PB_038,PROBABILITY_STATISTICS,PB_C08_LIMITS,PB_F13_ONE_NUMBER_CANNOT_DESCRIBE_A_DISTRIBUTION,PB_FAM13_SUMMARY_HIDES_SHAPE,PB_RG_LIMITS,D4,ANALYZE,mcq_single,"A class has a mean mark of 50, and a student concludes that somebody must have scored close to 50. A mean of 50 can be produced by marks of 0 and 100 alone, with nobody anywhere near the middle. Is the conclusion sound?",Yes; the mean is always near at least one of the values,"Yes, provided the class is reasonably large","No, but only when the class has an even number of students",No; the mean need not be close to any individual value,D,No; the mean need not be close to any individual value,"The mean is where the values balance, not where any of them sits. A class split between two extremes has a mean nobody scored.",AUTHORED,
GB_PB_039,PROBABILITY_STATISTICS,PB_C08_LIMITS,PB_F13_ONE_NUMBER_CANNOT_DESCRIBE_A_DISTRIBUTION,PB_FAM13_SUMMARY_HIDES_SHAPE,PB_RG_LIMITS,D5,ANALYZE,mcq_single,"Two collections of five values share both a mean of 10 and a median of 10, and a team concludes that the two must be identical. Sharing a centre and a middle value still leaves the values on either side free to be anything at all. Is the conclusion right?",No; two very different collections can share both figures,Yes; a shared mean and median together fix the values,"Yes, provided both collections hold five values","No, but only if the two collections are of different sizes",A,No; two very different collections can share both figures,"The set 10, 10, 10, 10, 10 and the set 0, 5, 10, 15, 20 agree on both figures and agree on nothing else. Two summaries pin down two things, and five values need more than two.",AUTHORED,
GB_PB_040,PROBABILITY_STATISTICS,PB_C08_LIMITS,PB_F13_ONE_NUMBER_CANNOT_DESCRIBE_A_DISTRIBUTION,PB_FAM13_SUMMARY_HIDES_SHAPE,PB_RG_LIMITS,D5,ANALYZE,mcq_single,"A dashboard reports one average response time of 200 milliseconds, and users complain of long waits. The average covers every request, and a small fraction of very slow requests barely moves an average taken over a great many fast ones. What should be reported instead?","The same average, recomputed more frequently",The total number of requests handled,"A figure describing the slow end, such as the worst few percent",The fastest response time on record,C,"A figure describing the slow end, such as the worst few percent",The complaints are about the tail and the average is dominated by the body. Reporting the worst few percent measures the thing users are actually experiencing.,AUTHORED,
GB_PB_041,PROBABILITY_STATISTICS,PB_C08_LIMITS,PB_F13_ONE_NUMBER_CANNOT_DESCRIBE_A_DISTRIBUTION,PB_FAM13_SUMMARY_HIDES_SHAPE,PB_RG_LIMITS,D5,ANALYZE,mcq_single,"A report states that the mean number of children per family is 2.3, and a reader objects that no family has 2.3 children. A mean is a total shared out and need not be a value any individual could take. Is the objection sound?",Yes; the figure should have been rounded to 2,No; a mean need not be a value that any individual could have,Yes; a mean is not a valid summary for things that are counted,"No, though the median would suffer from the same problem",B,No; a mean need not be a value that any individual could have,"The figure describes the group rather than any family in it, and rounding it would lose real information about the group. The median here would be a whole number, which is exactly why it does not have this problem.",AUTHORED,
GB_PB_042,PROBABILITY_STATISTICS,PB_C09_CHOICE,PB_F14_THE_RIGHT_SUMMARY_DEPENDS_ON_THE_QUESTION,PB_FAM14_MEASURE_CHOICE,PB_RG_CHOICE,D4,EVALUATE,mcq_single,"A town reports house prices. Most houses sell for between 20 and 40 lakh and three sell for over 500 lakh. Someone asks what a typical house costs, and the three very expensive sales pull the mean well above anything most buyers will see. Which summary should be reported?","The mean, because it takes every sale into account","The mode, because it names the price that came up most often","The highest price, since it shows how far the market reaches","The median, because it is not dragged upwards by the three extreme sales",D,"The median, because it is not dragged upwards by the three extreme sales","Every option is correctly computed and only one answers the question asked. Typical is what the median is for, and skew is exactly when the two summaries part company.",AUTHORED,
GB_PB_043,PROBABILITY_STATISTICS,PB_C09_CHOICE,PB_F14_THE_RIGHT_SUMMARY_DEPENDS_ON_THE_QUESTION,PB_FAM14_MEASURE_CHOICE,PB_RG_CHOICE,D5,EVALUATE,mcq_single,A hospital must publish a summary of waiting times. The mean is easy to explain to the public; the worst few percent is what determines whether anyone waits dangerously long. Both figures are correct. Which should lead the report?,"The worst few percent, because the decision the report informs is about dangerous waits","The mean, because the public will understand it more readily","The mean, because it takes every waiting time into account",Neither; the raw waiting times should be published without any summary,A,"The worst few percent, because the decision the report informs is about dangerous waits",What the report is for decides which figure leads. Understandability matters and cannot outrank answering the question the report exists to answer.,AUTHORED,
GB_PB_044,PROBABILITY_STATISTICS,PB_C09_CHOICE,PB_F14_THE_RIGHT_SUMMARY_DEPENDS_ON_THE_QUESTION,PB_FAM14_MEASURE_CHOICE,PB_RG_CHOICE,D5,EVALUATE,mcq_single,"A shop wants to know which shirt size to stock most heavily, and has the size of every sale. The question is about the single size that comes up most often rather than about a centre or a spread. Which summary answers it?",The mean,The median,The mode,The range,C,The mode,"Stocking is decided by what sells most, which is what the mode reports. A mean of the sizes could easily name a size nobody buys.",AUTHORED,
GB_PB_045,PROBABILITY_STATISTICS,PB_C09_CHOICE,PB_F14_THE_RIGHT_SUMMARY_DEPENDS_ON_THE_QUESTION,PB_FAM14_MEASURE_CHOICE,PB_RG_CHOICE,D5,EVALUATE,mcq_single,"A team reports the mode of a set of times, each measured to the nearest thousandth of a second. Almost no two of the values repeat, and the mode turns out to be a value that happened to occur twice. What is wrong with reporting it?",Nothing; the mode is always a valid thing to report,"A mode means little where values hardly ever repeat, and this one is a coincidence",The values should have been rounded before the mode was taken,A mean should never be used for measurements of time,B,"A mode means little where values hardly ever repeat, and this one is a coincidence","A mode is informative when repetition is meaningful, and at that precision it is not. Rounding first would produce a mode worth reporting and is a different decision that has to be made deliberately.",AUTHORED,
GB_PB_046,PROBABILITY_STATISTICS,PB_C09_CHOICE,PB_F14_THE_RIGHT_SUMMARY_DEPENDS_ON_THE_QUESTION,PB_FAM14_MEASURE_CHOICE,PB_RG_CHOICE,D5,EVALUATE,mcq_single,A monthly report can carry one summary figure or three. One fits the front page and hides how varied the month was; three fill a section that few readers will study. The report is read by managers who act on it the same day. What is the reasonable choice?,"One figure, because managers have no time to study three","Three figures, because more information is always better","One figure, provided that the figure chosen is the mean","A centre and a spread together, since one figure alone would hide what the managers must act on",D,"A centre and a spread together, since one figure alone would hide what the managers must act on","Two figures answer both where the month sat and how varied it was, which is what acting on it requires. More is not automatically better, and neither is less.",AUTHORED,
GB_PB_047,PROBABILITY_STATISTICS,PB_C09_CHOICE,PB_F15_A_SMALL_SAMPLE_SUPPORTS_LITTLE,PB_FAM15_INFERENCE_LIMIT,PB_RG_CHOICE,D4,EVALUATE,mcq_single,"A survey of 12 students in one class finds that 75 percent prefer online classes, and the result is reported as the view of the university. All twelve come from a single class, and nothing about that class was chosen to resemble the university as a whole. Is the conclusion warranted?","No, because the students surveyed were not chosen to represent the university","Yes, because 75 percent is a clear majority","Yes, because the arithmetic behind the percentage is correct","No, purely because twelve students is too small a number",A,"No, because the students surveyed were not chosen to represent the university",Selection is the fault here rather than size. Twelve students chosen at random from across the university would support a weak conclusion; twelve from one class support none.,AUTHORED,
GB_PB_048,PROBABILITY_STATISTICS,PB_C09_CHOICE,PB_F15_A_SMALL_SAMPLE_SUPPORTS_LITTLE,PB_FAM15_INFERENCE_LIMIT,PB_RG_CHOICE,D5,EVALUATE,mcq_single,"A website invites visitors to rate it, and 90 percent of those who respond rate it highly. The team reports that 90 percent of visitors are satisfied. Only visitors who chose to respond are counted, and whether someone chooses to respond may itself depend on how satisfied they are. What is wrong?",Nothing; 90 percent of respondents is 90 percent of visitors,The number of respondents is too small to report,"The respondents selected themselves, so they need not resemble visitors as a whole",The rating scale must have been designed badly,C,"The respondents selected themselves, so they need not resemble visitors as a whole",The people who answer are a group shaped by the very thing being measured. The figure is a true statement about respondents and an unsupported one about visitors.,AUTHORED,
GB_PB_049,PROBABILITY_STATISTICS,PB_C09_CHOICE,PB_F15_A_SMALL_SAMPLE_SUPPORTS_LITTLE,PB_FAM15_INFERENCE_LIMIT,PB_RG_CHOICE,D5,EVALUATE,mcq_single,"A trial of a new process runs on 2,000 randomly chosen orders and shows a small improvement. A reviewer rejects the finding on the grounds that all sampling is unreliable. The sample is large and was chosen at random, which is precisely the situation in which a sample does support a conclusion. Is the rejection reasonable?",Yes; no sample can support a conclusion about the whole,No; a large random sample is exactly what makes a conclusion supportable,"Yes, unless every order was included in the trial","No, but only if the improvement had been larger",B,No; a large random sample is exactly what makes a conclusion supportable,"Rejecting every sample is as unreasoning as accepting every one. This sample has both of the properties that make sampling work, and the reviewer has engaged with neither.",AUTHORED,
GB_PB_050,PROBABILITY_STATISTICS,PB_C09_CHOICE,PB_F15_A_SMALL_SAMPLE_SUPPORTS_LITTLE,PB_FAM15_INFERENCE_LIMIT,PB_RG_CHOICE,D5,EVALUATE,mcq_single,"A team can survey 100 people chosen at random at real cost, or 10,000 volunteers reached through a link at almost none. The larger group is not chosen at random and the smaller one is, and the question is what the whole population thinks. Which is the better basis?","The 10,000, because a larger sample is always the more reliable","The 10,000, because the money saved can fund further surveys","Either, since both are samples drawn from the same population","The 100 chosen at random, because size cannot repair a group that was never chosen to represent",D,"The 100 chosen at random, because size cannot repair a group that was never chosen to represent","A bigger unrepresentative sample measures its own bias more precisely and gets no closer to the population. Random selection is what buys the link to the whole, and nothing else substitutes for it.",AUTHORED,
GB_PL_001,PROPOSITIONAL_LOGIC,PL_C01_PROPOSITIONS,PL_F01_A_PROPOSITION_IS_TRUE_OR_FALSE,PL_FAM01_PROPOSITION_RECOGNITION,PL_RG_BASICS,D1,REMEMBER,mcq_single,Which of these is a statement that is either true or false?,Close the door,The number 7 is greater than 5,What time does the train leave?,Please try again later,B,The number 7 is greater than 5,"Only the first makes a claim that could be checked and found right or wrong. A command and a question assert nothing, so there is nothing in them to be true.",AUTHORED,
GB_PL_002,PROPOSITIONAL_LOGIC,PL_C01_PROPOSITIONS,PL_F01_A_PROPOSITION_IS_TRUE_OR_FALSE,PL_FAM01_PROPOSITION_RECOGNITION,PL_RG_BASICS,D1,REMEMBER,mcq_single,Which of these carries no truth value at all?,The report was sent yesterday,The report has 12 pages,No report was sent,Please send the report,D,Please send the report,"A request is not a claim about how things are, so it cannot be true or false. The other three all assert something that could turn out either way.",AUTHORED,
GB_PL_003,PROPOSITIONAL_LOGIC,PL_C01_PROPOSITIONS,PL_F01_A_PROPOSITION_IS_TRUE_OR_FALSE,PL_FAM01_PROPOSITION_RECOGNITION,PL_RG_BASICS,D1,REMEMBER,mcq_single,"Is ""It will rain in Chennai tomorrow"" a statement that is either true or false?","Yes, though which of the two it is cannot yet be known","No, because nobody knows yet","No, because it is about the future rather than the present","Yes, and as things stand it is true",A,"Yes, though which of the two it is cannot yet be known","The sentence makes a definite claim, and tomorrow will settle it one way or the other. Not knowing the answer is a fact about us, not about the sentence.",AUTHORED,
GB_PL_004,PROPOSITIONAL_LOGIC,PL_C01_PROPOSITIONS,PL_F01_A_PROPOSITION_IS_TRUE_OR_FALSE,PL_FAM01_PROPOSITION_RECOGNITION,PL_RG_BASICS,D1,REMEMBER,mcq_single,A sentence qualifies when it makes a claim that is either true or false. Which of the following qualifies?,Restart the server at midnight,Should the server restart at midnight?,The server restarted at midnight,Restarting servers at midnight is inconvenient,C,The server restarted at midnight,"Only the first reports something that either happened or did not. The last is an expression of preference, which cannot be settled by checking anything.",AUTHORED,
GB_PL_005,PROPOSITIONAL_LOGIC,PL_C01_PROPOSITIONS,PL_F01_A_PROPOSITION_IS_TRUE_OR_FALSE,PL_FAM01_PROPOSITION_RECOGNITION,PL_RG_BASICS,D2,REMEMBER,mcq_single,"A student says that ""The millionth digit of pi is 7"" does not count, because nobody in the room knows whether it is true. What is wrong with that?",Nothing; a sentence nobody can check does not count,Having a truth value is not the same as anyone knowing it; the sentence is one or the other regardless,"It does not count, but for a different reason entirely",It counts only once somebody has actually computed the digit,B,Having a truth value is not the same as anyone knowing it; the sentence is one or the other regardless,"The digit is whatever it is, and the sentence is true or false accordingly. Availability of the answer is a separate matter from the existence of one.",AUTHORED,
GB_PL_006,PROPOSITIONAL_LOGIC,PL_C02_CONNECTIVES,PL_F02_CONNECTIVES_HAVE_FIXED_MEANINGS,PL_FAM02_CONNECTIVE_MEANING,PL_RG_BASICS,D1,REMEMBER,mcq_single,A rule applies when a customer is a member and also holds a voucher. Which connective does that use?,OR,NOT,It uses no connective at all,AND,D,AND,"Both requirements have to hold of the same customer, which is what AND expresses. OR would admit members with no voucher.",AUTHORED,
GB_PL_007,PROPOSITIONAL_LOGIC,PL_C02_CONNECTIVES,PL_F02_CONNECTIVES_HAVE_FIXED_MEANINGS,PL_FAM02_CONNECTIVE_MEANING,PL_RG_BASICS,D1,REMEMBER,mcq_single,A discount is offered to anyone who is a student or a pensioner. Someone is both. Does the discount apply to them?,Yes; OR in logic includes the case where both parts hold,"No, because or means one or the other but not both",Only if the offer explicitly adds the words or both,It cannot be decided from the offer as written,A,Yes; OR in logic includes the case where both parts hold,"The OR of logic asks for at least one, so satisfying two is more than enough. Everyday speech often means the exclusive version, which is the source of the confusion.",AUTHORED,
GB_PL_008,PROPOSITIONAL_LOGIC,PL_C02_CONNECTIVES,PL_F02_CONNECTIVES_HAVE_FIXED_MEANINGS,PL_FAM02_CONNECTIVE_MEANING,PL_RG_BASICS,D1,REMEMBER,mcq_single,Which connective reverses the truth value of whatever it is applied to?,AND,OR,NOT,IF,C,NOT,"NOT turns true into false and false into true, and is the only one of the four that acts on a single statement rather than joining two.",AUTHORED,
GB_PL_009,PROPOSITIONAL_LOGIC,PL_C02_CONNECTIVES,PL_F02_CONNECTIVES_HAVE_FIXED_MEANINGS,PL_FAM02_CONNECTIVE_MEANING,PL_RG_BASICS,D2,REMEMBER,mcq_single,"A sign reads: free entry for children or seniors. A child who is also a senior is turned away, on the grounds that the word or excludes anyone who is both. Is the refusal supported by logic?","Yes, because or always excludes the case where both hold",No; the OR of logic admits those who satisfy both conditions,"Yes, because no person can genuinely be in both categories",It depends on which of the two categories the sign listed first,B,No; the OR of logic admits those who satisfy both conditions,"Satisfying either condition is what the sign asks for, and this person satisfies two. The exclusive reading is a habit of speech rather than anything the wording requires.",AUTHORED,
GB_PL_010,PROPOSITIONAL_LOGIC,PL_C03_TABLES,PL_F03_A_TABLE_LISTS_EVERY_COMBINATION,PL_FAM03_TABLE_SHAPE,PL_RG_TABLES,D1,REMEMBER,mcq_single,A truth table is drawn up for a statement with 2 variables. How many rows does it have?,2,3,8,4,D,4,"Each variable can be true or false independently, giving two times two, which is 4. The number of variables is not itself the number of rows.",AUTHORED,
GB_PL_011,PROPOSITIONAL_LOGIC,PL_C03_TABLES,PL_F03_A_TABLE_LISTS_EVERY_COMBINATION,PL_FAM03_TABLE_SHAPE,PL_RG_TABLES,D1,REMEMBER,mcq_single,How does the number of rows in a truth table change when one more variable is added?,It doubles,It increases by one,It increases by two,It stays the same,A,It doubles,"Every existing combination appears twice over, once with the new variable true and once with it false, so the count doubles. That is why tables become unwieldy so quickly.",AUTHORED,
GB_PL_012,PROPOSITIONAL_LOGIC,PL_C03_TABLES,PL_F03_A_TABLE_LISTS_EVERY_COMBINATION,PL_FAM03_TABLE_SHAPE,PL_RG_TABLES,D1,REMEMBER,mcq_single,A truth table lists every combination of values its variables can take. What must be true of its rows?,Only the combinations making the statement true appear,The rows may be as many or as few as convenient,Every combination appears exactly once,The combination where every variable is false is left out,C,Every combination appears exactly once,Completeness is the point of the table: leaving a combination out is exactly how an expression gets mistaken for one it merely resembles.,AUTHORED,
GB_PL_013,PROPOSITIONAL_LOGIC,PL_C03_TABLES,PL_F03_A_TABLE_LISTS_EVERY_COMBINATION,PL_FAM03_TABLE_SHAPE,PL_RG_TABLES,D2,REMEMBER,mcq_single,A student draws a table for a statement with 3 variables and writes 6 rows. What has gone wrong?,Nothing; 6 rows is right for 3 variables,"Each variable doubles the count, so 3 variables need 8 rows",The student should have written 9 rows,"The student should have written 3 rows, one for each variable",B,"Each variable doubles the count, so 3 variables need 8 rows",Multiplying the variable count by two gives 6 and squaring it gives 9; neither is how the combinations grow. Doubling three times from a single row is what gives 8.,AUTHORED,
GB_PL_014,PROPOSITIONAL_LOGIC,PL_C04_EVALUATION,PL_F04_A_COMPOUND_EVALUATES_FROM_ITS_PARTS,PL_FAM04_COMPOUND_EVALUATION,PL_RG_EVALUATION,D2,UNDERSTAND,mcq_single,"A system keeps two flags for each order, shipped and invoiced. For one order the shipped flag holds and the invoiced flag does not. What does the combined requirement shipped and invoiced come to for that order?",True,It cannot be determined,Both outcomes at once,False,D,False,"A requirement of both parts fails as soon as one fails, so the answer is False. Both flags have been given values, which leaves nothing undetermined.",AUTHORED,
GB_PL_015,PROPOSITIONAL_LOGIC,PL_C04_EVALUATION,PL_F04_A_COMPOUND_EVALUATES_FROM_ITS_PARTS,PL_FAM04_COMPOUND_EVALUATION,PL_RG_EVALUATION,D3,UNDERSTAND,mcq_single,"Three flags describe a booking: paid holds, cancelled does not, and confirmed holds. What does the requirement paid, together with either cancelled or confirmed, come to?",True,False,It cannot be determined,It depends which of the two inner flags is checked first,A,True,"Either of the inner flags is enough and confirmed holds, so the inner part succeeds; paid holds as well, so the whole comes to True. Checking order cannot change a result the grouping has already fixed.",AUTHORED,
GB_PL_016,PROPOSITIONAL_LOGIC,PL_C04_EVALUATION,PL_F05_NOT_APPLIES_TO_WHAT_IT_ENCLOSES,PL_FAM05_NEGATION_SCOPE,PL_RG_EVALUATION,D2,UNDERSTAND,mcq_single,Two sensors are wired so that an engineer can ask whether it is not the case that both report a fault. On this occasion both sensors do report a fault. What does that denial come to?,True,It cannot be determined,False,It depends which of the two sensors is considered,C,False,"The statement being denied holds, so the denial of it is False. The denial covers the pair taken together rather than either sensor on its own.",AUTHORED,
GB_PL_017,PROPOSITIONAL_LOGIC,PL_C04_EVALUATION,PL_F05_NOT_APPLIES_TO_WHAT_IT_ENCLOSES,PL_FAM05_NEGATION_SCOPE,PL_RG_EVALUATION,D3,UNDERSTAND,mcq_single,A condition is written so that a negation covers only the first of two parts joined by AND. The first part is true and the second is false. What does the whole condition come to?,True,False,It cannot be determined without knowing the connective,It would be false only if the negation had covered both parts,B,False,"Negating the true first part gives false, and false joined by AND to anything is False. Both halves fail here, which is why the answer is unaffected by the second part.",AUTHORED,
GB_PL_018,PROPOSITIONAL_LOGIC,PL_C05_IMPLICATION,PL_F06_AN_IMPLICATION_FAILS_ONLY_ONE_WAY,PL_FAM06_IMPLICATION_VALUE,PL_RG_IMPLICATION,D2,APPLY,mcq_single,"The statement is: if it is raining then the match is cancelled. It is not raining, and the match went ahead. Is the statement false?","Yes, because the match was not cancelled","Yes, because the two parts of the statement disagree",It cannot be decided from a single day,No; a statement of this form is not broken when its first part is false,D,No; a statement of this form is not broken when its first part is false,The statement promises something only about rainy days. A dry day on which the match is played is not a case it ever spoke about.,AUTHORED,
GB_PL_019,PROPOSITIONAL_LOGIC,PL_C05_IMPLICATION,PL_F06_AN_IMPLICATION_FAILS_ONLY_ONE_WAY,PL_FAM06_IMPLICATION_VALUE,PL_RG_IMPLICATION,D3,APPLY,mcq_single,The statement is: if the light is red then the car stops. The light is green and the car stops anyway. Has the statement been broken?,"No; the first part is false, so nothing was promised about this case","Yes, because the car stopped when the light was not red","Yes, because a green light should mean the car does not stop",It cannot be decided without watching more cars,A,"No; the first part is false, so nothing was promised about this case",Only a red light followed by a car that fails to stop would break it. Stopping at green is unremarkable and outside what the statement covers.,AUTHORED,
GB_PL_020,PROPOSITIONAL_LOGIC,PL_C05_IMPLICATION,PL_F06_AN_IMPLICATION_FAILS_ONLY_ONE_WAY,PL_FAM06_IMPLICATION_VALUE,PL_RG_IMPLICATION,D4,APPLY,mcq_single,"A rule reads: if a form is late then a fee is charged. A form arrived on time and a fee was charged anyway. A statement of this form is false only when the first part is true and the second is false, and here the first part is false. Has the rule been broken?","Yes, because a fee was charged without any lateness","Yes, because the rule implies that punctual forms attract no fee","No, because the rule says nothing about forms that arrive on time",It cannot be decided from a single form,C,"No, because the rule says nothing about forms that arrive on time","Reading the rule as forbidding a fee on punctual forms is reading its converse, which it does not assert. The fee may be unfair, and it is not a breach of this rule.",AUTHORED,
GB_PL_021,PROPOSITIONAL_LOGIC,PL_C03_TABLES,PL_F07_A_ROW_IS_A_CASE,PL_FAM07_TABLE_COMPLETION,PL_RG_TABLES,D2,APPLY,mcq_single,Take the four rows for P and Q in this order: both true; P true and Q false; P false and Q true; both false. What is the column for P OR Q?,"True, False, False, False","True, True, True, False","False, True, True, True","True, True, False, False",B,"True, True, True, False","OR is true wherever at least one part is true, which is the first three rows, and false only in the last: True, True, True, False.",AUTHORED,
GB_PL_022,PROPOSITIONAL_LOGIC,PL_C03_TABLES,PL_F07_A_ROW_IS_A_CASE,PL_FAM07_TABLE_COMPLETION,PL_RG_TABLES,D3,APPLY,mcq_single,"Over the four rows taken in the order both true, P only, Q only, neither, one column reads True, False, False, False. Which expression produces it?",P OR Q,NOT (P AND Q),P on its own,P AND Q,D,P AND Q,Being true in the single row where both hold is the signature of P AND Q. P on its own would also be true in the row where only P holds.,AUTHORED,
GB_PL_023,PROPOSITIONAL_LOGIC,PL_C03_TABLES,PL_F07_A_ROW_IS_A_CASE,PL_FAM07_TABLE_COMPLETION,PL_RG_TABLES,D4,APPLY,mcq_single,"A column over the rows both true, P only, Q only, neither reads True, True, True, False. A colleague calls it the column for P AND Q. The column is true in three rows out of four, whereas an AND is true only in the row where both parts hold. Which expression is it?",P OR Q,P AND Q,NOT P,P AND NOT Q,A,P OR Q,"Three true rows out of four is what OR gives, and one true row is what AND gives. Counting the true rows is enough to rule the claim out before checking any row individually.",AUTHORED,
GB_PL_024,PROPOSITIONAL_LOGIC,PL_C06_EQUIVALENCE,PL_F08_EQUIVALENCE_IS_AGREEMENT_ON_EVERY_ROW,PL_FAM08_EQUIVALENCE_CHECK,PL_RG_EQUIVALENCE,D2,APPLY,mcq_single,Are P AND Q and Q AND P equivalent?,"No, because the two parts are written in a different order",Only when P and Q happen to have the same value,"Yes, they agree on every row",It cannot be decided without being given values,C,"Yes, they agree on every row","Requiring both parts does not depend on which is named first, so the two columns match everywhere. Equivalence is settled by the table, not by appearance.",AUTHORED,
GB_PL_025,PROPOSITIONAL_LOGIC,PL_C06_EQUIVALENCE,PL_F08_EQUIVALENCE_IS_AGREEMENT_ON_EVERY_ROW,PL_FAM08_EQUIVALENCE_CHECK,PL_RG_EQUIVALENCE,D3,APPLY,mcq_single,Are NOT (P AND Q) and NOT P AND NOT Q equivalent?,"Yes, since a negation passes through an AND unchanged",No; they differ whenever exactly one of P and Q is true,"Yes, they agree on all four rows",No; they differ only in the row where both are true,B,No; they differ whenever exactly one of P and Q is true,"With P true and Q false the first comes to true and the second to false. In the row where both are true the two agree, which is why checking that row alone proves nothing.",AUTHORED,
GB_PL_026,PROPOSITIONAL_LOGIC,PL_C06_EQUIVALENCE,PL_F08_EQUIVALENCE_IS_AGREEMENT_ON_EVERY_ROW,PL_FAM08_EQUIVALENCE_CHECK,PL_RG_EQUIVALENCE,D4,APPLY,mcq_single,"A developer checks whether P OR (P AND Q) is equivalent to P by trying three cases: both true, P true with Q false, and both false. The three cases tried leave out the row where P is false and Q is true, which is the only row where the two could have come apart. What has the check established?","That the two are equivalent, since three rows out of four agreed",That the two are not equivalent,That the two are equivalent whenever P is true,"Nothing conclusive, because the row the check needed is the one it omitted",D,"Nothing conclusive, because the row the check needed is the one it omitted","The three rows tried were never in doubt. Whether the claim happens to be true is a separate question from whether this check settled it, and it did not.",AUTHORED,
GB_PL_027,PROPOSITIONAL_LOGIC,PL_C05_IMPLICATION,PL_F09_ONLY_THE_CONTRAPOSITIVE_IS_EQUIVALENT,PL_FAM09_CONVERSE_AND_CONTRAPOSITIVE,PL_RG_IMPLICATION,D2,APPLY,mcq_single,The statement is: if a number is a multiple of 4 then it is even. What is its converse?,If a number is even then it is a multiple of 4,If a number is not a multiple of 4 then it is not even,If a number is not even then it is not a multiple of 4,A number is a multiple of 4 and is also even,A,If a number is even then it is a multiple of 4,"The converse swaps the two parts and leaves them unnegated. It is a different claim, and here a false one, since 6 is even and is not a multiple of 4.",AUTHORED,
GB_PL_028,PROPOSITIONAL_LOGIC,PL_C05_IMPLICATION,PL_F09_ONLY_THE_CONTRAPOSITIVE_IS_EQUIVALENT,PL_FAM09_CONVERSE_AND_CONTRAPOSITIVE,PL_RG_IMPLICATION,D3,APPLY,mcq_single,"Which restatement of ""if it is a dog then it is a mammal"" says exactly the same thing?",If it is a mammal then it is a dog,If it is not a dog then it is not a mammal,If it is not a mammal then it is not a dog,It is a dog and it is a mammal,C,If it is not a mammal then it is not a dog,Swapping the parts and negating both leaves the meaning untouched. Doing only one of those two operations changes what is being claimed.,AUTHORED,
GB_PL_029,PROPOSITIONAL_LOGIC,PL_C05_IMPLICATION,PL_F09_ONLY_THE_CONTRAPOSITIVE_IS_EQUIVALENT,PL_FAM09_CONVERSE_AND_CONTRAPOSITIVE,PL_RG_IMPLICATION,D4,APPLY,mcq_single,"A policy says: if an account is dormant then it is archived. A team implements it by treating every archived account as dormant. Treating every archived account as dormant is the converse of the policy, which the policy does not assert. What has gone wrong?",The contrapositive has been implemented in place of the policy,The converse has been implemented as though it followed from the policy,Nothing; reversing a policy says the same thing,The policy as written is self-contradictory,B,The converse has been implemented as though it followed from the policy,"Accounts may be archived for reasons other than dormancy, and the policy leaves room for that. The contrapositive, that anything not archived is not dormant, would have been sound.",AUTHORED,
GB_PL_030,PROPOSITIONAL_LOGIC,PL_C07_APPLIED,PL_F10_A_BRANCH_RUNS_WHEN_ITS_CONDITION_IS_TRUE,PL_FAM10_CONDITION_OUTCOME,PL_RG_APPLIED,D2,APPLY,mcq_single,A branch runs when a user is logged in and has confirmed their email address. A user is logged in but has not confirmed. Does the branch run?,"Yes, because one of the two parts holds","Yes, because being logged in is the more important requirement",It cannot be decided from what is given,"No, because both parts must hold",D,"No, because both parts must hold",A requirement of both fails as soon as one part fails. Neither part outranks the other; they are simply both required.,AUTHORED,
GB_PL_031,PROPOSITIONAL_LOGIC,PL_C07_APPLIED,PL_F10_A_BRANCH_RUNS_WHEN_ITS_CONDITION_IS_TRUE,PL_FAM10_CONDITION_OUTCOME,PL_RG_APPLIED,D3,APPLY,mcq_single,"A branch runs when an order is overdue or flagged. An order is neither overdue nor flagged, though it is unusually large. Does the branch run?","No, because neither of the two named parts holds","Yes, because the order is unusually large","Yes, because a requirement of either kind needs only one thing to be true",It cannot be decided without knowing the order value,A,"No, because neither of the two named parts holds","Size is not one of the two conditions, so it cannot satisfy either. Needing only one part is true and useless when neither part is present.",AUTHORED,
GB_PL_032,PROPOSITIONAL_LOGIC,PL_C07_APPLIED,PL_F10_A_BRANCH_RUNS_WHEN_ITS_CONDITION_IS_TRUE,PL_FAM10_CONDITION_OUTCOME,PL_RG_APPLIED,D4,APPLY,mcq_single,"A branch is meant to run for users who are either administrators or auditors, and it is running for every user in the system. Every user satisfies at least one of the two conditions as they are currently written, because the auditor condition was written so that it holds of everyone. Why does the branch always run?",Because AND was used where OR was intended,Because the administrator condition is true of every user,"Because one of the two parts is true of every user, and only one is needed",Because any branch with two conditions runs for everyone,C,"Because one of the two parts is true of every user, and only one is needed","An always-true part makes the whole always true, whatever the other part does. Using AND would have produced too few users rather than too many.",AUTHORED,
GB_PL_033,PROPOSITIONAL_LOGIC,PL_C06_EQUIVALENCE,PL_F11_SOME_EXPRESSIONS_NEVER_CHANGE_VALUE,PL_FAM11_ALWAYS_TRUE_OR_FALSE,PL_RG_EQUIVALENCE,D3,ANALYZE,mcq_single,What is the value of P OR NOT P?,"False, whatever P is","True, whatever P is",True only when P is true,It depends on the value of P,B,"True, whatever P is","One of the two parts holds in each of the two possible cases, so the whole comes to True either way. There is no value of P that makes both parts fail.",AUTHORED,
GB_PL_034,PROPOSITIONAL_LOGIC,PL_C06_EQUIVALENCE,PL_F11_SOME_EXPRESSIONS_NEVER_CHANGE_VALUE,PL_FAM11_ALWAYS_TRUE_OR_FALSE,PL_RG_EQUIVALENCE,D4,ANALYZE,mcq_single,"An expression built from P and Q comes out true on three of its four rows and false on the fourth. A developer describes it as always true. Being false on one row is enough to make a claim of always true wrong, however many rows agree. Which description is correct?",It is always true,It is always false,It is true whenever P is true,It depends on the values of P and Q,D,It depends on the values of P and Q,"Three rows out of four is not every row, and an expression that varies at all depends on its variables. Which row fails has not been stated, so nothing more specific can be said.",AUTHORED,
GB_PL_035,PROPOSITIONAL_LOGIC,PL_C08_ERRORS,PL_F12_A_WRONG_CONNECTIVE_STILL_RUNS,PL_FAM12_CONDITION_FAULT_DIAGNOSIS,PL_RG_ERRORS,D3,ANALYZE,mcq_single,"A filter should show orders that are urgent and unpaid. It is showing urgent orders, paid ones included. Which fault fits?",The unpaid part is not being applied,The urgent part is not being applied,A requirement of either was used where both were needed,Both parts have been negated,A,The unpaid part is not being applied,"Everything shown is urgent, so that part is working. Paid orders getting through means the second requirement is having no effect at all.",AUTHORED,
GB_PL_036,PROPOSITIONAL_LOGIC,PL_C08_ERRORS,PL_F12_A_WRONG_CONNECTIVE_STILL_RUNS,PL_FAM12_CONDITION_FAULT_DIAGNOSIS,PL_RG_ERRORS,D4,ANALYZE,mcq_single,"A rule should grant access to staff who are full-time and have completed training. It is granting access to every full-time member of staff, including those who have not completed training, and to nobody else. Nobody outside the full-time group is being granted access, so that part is working. What is the fault?",The full-time requirement is not being applied,A requirement of either was used where both were needed,The training requirement is not being applied at all,Both parts of the condition have been negated,C,The training requirement is not being applied at all,"Had either part been enough, trained part-time staff would have been let in too, and the stem says nobody outside the full-time group gets access. That rules the loosened requirement out and leaves the training check doing nothing.",AUTHORED,
GB_PL_037,PROPOSITIONAL_LOGIC,PL_C09_NEGATING_CONDITIONS,PL_F13_NEGATION_SWAPS_THE_CONNECTIVE,PL_FAM13_NEGATED_CONDITION_BRANCH,PL_RG_ERRORS,D3,ANALYZE,mcq_single,A branch runs when a user is both verified and active. The opposite branch runs whenever that requirement fails. Which users take the opposite branch?,Only those who are both unverified and inactive,"Those who are unverified, or inactive, or both",Only those who are unverified,"Nobody, since the two branches cover the same users",B,"Those who are unverified, or inactive, or both","A requirement of both fails as soon as either part fails, so failing one is enough. Requiring both failures would leave a verified but inactive user with no branch to take.",AUTHORED,
GB_PL_038,PROPOSITIONAL_LOGIC,PL_C09_NEGATING_CONDITIONS,PL_F13_NEGATION_SWAPS_THE_CONNECTIVE,PL_FAM13_NEGATED_CONDITION_BRANCH,PL_RG_ERRORS,D4,ANALYZE,mcq_single,"A requirement is that a file be both readable and recent. Its denial has been written as ""not readable and not recent"". A file that is readable but old fails the original requirement, and the denial as written does not admit it. What is wrong with the denial?",The denial should have kept the connective and negated neither part,The denial is correct exactly as written,The two parts of the denial should have been written in the other order,"Denying a requirement of both gives not readable or not recent, with the connective changed",D,"Denying a requirement of both gives not readable or not recent, with the connective changed","Negating the parts without changing the connective is the half-done rule, and it admits only files that fail on both counts. The readable-but-old file is precisely the case it loses.",AUTHORED,
GB_PL_039,PROPOSITIONAL_LOGIC,PL_C09_NEGATING_CONDITIONS,PL_F13_NEGATION_SWAPS_THE_CONNECTIVE,PL_FAM13_NEGATED_CONDITION_BRANCH,PL_RG_ERRORS,D5,ANALYZE,mcq_single,"A rule admits anyone who is either a member or a subscriber. Someone asks which people the denial of that rule admits. Satisfying even one part would have satisfied the original rule, so the denial can admit nobody who satisfies either. Who does the denial admit?",Only those who are neither a member nor a subscriber,"Those who are not a member, or not a subscriber, or both",Those who are both a member and a subscriber,Nobody at all,A,Only those who are neither a member nor a subscriber,"Denying a requirement of either gives a requirement of neither, which is much narrower than the original. The loose-sounding option would admit a member who is not a subscriber, and the original rule already admitted them.",AUTHORED,
GB_PL_040,PROPOSITIONAL_LOGIC,PL_C09_NEGATING_CONDITIONS,PL_F13_NEGATION_SWAPS_THE_CONNECTIVE,PL_FAM13_NEGATED_CONDITION_BRANCH,PL_RG_ERRORS,D5,ANALYZE,mcq_single,"An alert fires when a service is down and not under maintenance. A team wants the exact set of situations in which the alert does not fire. Not firing means the two-part requirement failed, and a two-part requirement fails as soon as either part does. Which situations are they?",The service being up and under maintenance at the same time,"The service being up, and nothing else","The service being up, or the service being under maintenance, or both","The service being under maintenance, and nothing else",C,"The service being up, or the service being under maintenance, or both","Either failure is enough, so the quiet cases are the union of the two rather than their overlap. Listing only one of them would leave the team blind to half of their silent periods.",AUTHORED,
GB_PL_041,PROPOSITIONAL_LOGIC,PL_C09_NEGATING_CONDITIONS,PL_F13_NEGATION_SWAPS_THE_CONNECTIVE,PL_FAM13_NEGATED_CONDITION_BRANCH,PL_RG_ERRORS,D5,ANALYZE,mcq_single,"A requirement is that a value be greater than 10 and less than 20. A developer denies it as at most 10 and at least 20. No value can be both at most 10 and at least 20, so the denial as written admits nothing whatever. What is wrong?",The comparisons should have excluded the boundary values,"The connective should have become or, so that failing either comparison is enough",The denial is right and the original requirement was wrong,The two comparisons should have been written in the other order,B,"The connective should have become or, so that failing either comparison is enough","A denial that can never hold is a reliable sign that the connective was left alone. Every value outside the range fails one comparison or the other, and none fails both.",AUTHORED,
GB_PL_042,PROPOSITIONAL_LOGIC,PL_C10_DESIGN,PL_F14_A_RULE_CORRESPONDS_TO_ONE_CONDITION,PL_FAM14_CONDITION_DESIGN_CHOICE,PL_RG_DESIGN,D4,EVALUATE,mcq_single,"A refund is allowed for orders that are unopened or faulty. An order that is both unopened and faulty must also qualify, and an order that is opened and not faulty must not. Which condition expresses the rule exactly?",Unopened and faulty,"Unopened or faulty, but not both","Unopened, with faulty ignored",Unopened or faulty,D,Unopened or faulty,"Either ground is sufficient, and having two grounds does not disqualify anyone. Excluding the both case would deny a refund to the customer with the strongest claim.",AUTHORED,
GB_PL_043,PROPOSITIONAL_LOGIC,PL_C10_DESIGN,PL_F14_A_RULE_CORRESPONDS_TO_ONE_CONDITION,PL_FAM14_CONDITION_DESIGN_CHOICE,PL_RG_DESIGN,D5,EVALUATE,mcq_single,"A prize goes to entrants who answered every question or finished within the time limit, but not to those who did both, since they go into a separate draw. Entrants who did both must be excluded even though each part on its own would admit them. Which condition is right?","Exactly one of the two, and not both","Either of the two, the both case included",Both of the two together,Neither of the two,A,"Exactly one of the two, and not both","Neither part can be used unmodified, since each admits the very entrants who must be excluded. Only the exclusive form leaves them out while keeping everyone else.",AUTHORED,
GB_PL_044,PROPOSITIONAL_LOGIC,PL_C10_DESIGN,PL_F14_A_RULE_CORRESPONDS_TO_ONE_CONDITION,PL_FAM14_CONDITION_DESIGN_CHOICE,PL_RG_DESIGN,D5,EVALUATE,mcq_single,"A notification should reach users who have opted in and have a verified address. Users who opted in without verifying must not be contacted, and users who verified without opting in must not be contacted either. Which condition expresses that?",Opted in or verified,"Opted in or verified, but not both",Opted in and verified,"Verified, with opting in ignored",C,Opted in and verified,"Each one-sided case is named in the requirement as excluded, so both parts are necessary. A requirement of either would contact exactly the two groups the rule rules out.",AUTHORED,
GB_PL_045,PROPOSITIONAL_LOGIC,PL_C10_DESIGN,PL_F14_A_RULE_CORRESPONDS_TO_ONE_CONDITION,PL_FAM14_CONDITION_DESIGN_CHOICE,PL_RG_DESIGN,D5,EVALUATE,mcq_single,"Access is granted to staff who are not on leave. One member of staff has no leave record at all. Having no record is a different thing from having a record that shows no leave, and the rule says nothing about which of the two an absent record represents. What should be done?",Treat the missing record as meaning the person is on leave,The rule must say how a missing record is to be read before the condition can be written,Treat the missing record as meaning the person is not on leave,Refuse access whenever a record is missing,B,The rule must say how a missing record is to be read before the condition can be written,"Either reading is a decision with consequences, and picking one silently buries it in code. The gap is in the rule, and it is the rule that has to close it.",AUTHORED,
GB_PL_046,PROPOSITIONAL_LOGIC,PL_C10_DESIGN,PL_F14_A_RULE_CORRESPONDS_TO_ONE_CONDITION,PL_FAM14_CONDITION_DESIGN_CHOICE,PL_RG_DESIGN,D5,EVALUATE,mcq_single,"A condition can be written as the denial of a two-part requirement, or as two denials joined the other way. The two admit exactly the same cases. One form will be read by people thinking in terms of the original requirement, the other by people who will later extend it with a third part. What should decide between them?","The first, because fewer negations are always clearer","The second, because it is closer to the order a machine evaluates in",Neither; a condition of this shape should be split into two separate rules,"Either is correct, so the choice turns on which form the people maintaining it will read more reliably",D,"Either is correct, so the choice turns on which form the people maintaining it will read more reliably","Correctness cannot separate them, so nothing about the logic settles it. Claiming that one form is always clearer replaces a judgement about these readers with a rule that does not hold generally.",AUTHORED,
GB_PL_047,PROPOSITIONAL_LOGIC,PL_C10_DESIGN,PL_F15_TRUTH_FUNCTIONAL_REASONING_TRANSFERS,PL_FAM15_LOGIC_TRANSFER,PL_RG_DESIGN,D4,EVALUATE,mcq_single,"A building admits someone who holds a valid pass and appears on the visitor list for today. A contractor holds a valid pass and appears on yesterday list. Holding a valid pass satisfies only one of the two requirements, and both are required. Is the contractor admitted?","No, because only one of the two requirements is satisfied","Yes, because the valid pass is the substantive requirement","Yes, because appearing on a visitor list at all is enough",It cannot be decided from the rules as given,A,"No, because only one of the two requirements is satisfied","Both requirements are stated, so satisfying one leaves the person outside. Yesterday list is not today list, however similar the two look.",AUTHORED,
GB_PL_048,PROPOSITIONAL_LOGIC,PL_C10_DESIGN,PL_F15_TRUTH_FUNCTIONAL_REASONING_TRANSFERS,PL_FAM15_LOGIC_TRANSFER,PL_RG_DESIGN,D5,EVALUATE,mcq_single,"A refund system applies three rules that must all hold: the item was bought within 30 days, it is unused, and a receipt exists. A customer has a receipt and bought the item 10 days ago, but has used it. All three rules must hold together, and one of them does not. What is the outcome?","A refund, since two of the three rules are satisfied",A partial refund in proportion to the rules satisfied,"No refund, because a requirement that all three hold fails as soon as one does",It cannot be decided without knowing what the item cost,C,"No refund, because a requirement that all three hold fails as soon as one does",Requirements joined this way are not scored; they are met or not met. Two out of three is a failure in exactly the same way that none out of three is.,AUTHORED,
GB_PL_049,PROPOSITIONAL_LOGIC,PL_C10_DESIGN,PL_F15_TRUTH_FUNCTIONAL_REASONING_TRANSFERS,PL_FAM15_LOGIC_TRANSFER,PL_RG_DESIGN,D5,EVALUATE,mcq_single,"A discount applies when a customer is not a first-time buyer. A new system holds no record of whether a given customer has bought before. The absence of a record is being read as proof that the customer has not bought before, which is a different claim from a record showing no previous purchase. What is the risk?",Every customer will end up receiving the discount,Returning customers whose history the system never received will be treated as first-time buyers,No customer will end up receiving the discount,The discount will be applied twice to some customers,B,Returning customers whose history the system never received will be treated as first-time buyers,"Not knowing something is being treated as knowing it to be false, and the two differ exactly for customers whose history was never loaded. Those are the people the rule will get wrong.",AUTHORED,
GB_PL_050,PROPOSITIONAL_LOGIC,PL_C10_DESIGN,PL_F15_TRUTH_FUNCTIONAL_REASONING_TRANSFERS,PL_FAM15_LOGIC_TRANSFER,PL_RG_DESIGN,D5,EVALUATE,mcq_single,"An eligibility rule can be stated as one condition with four parts, or as four separate checks each with its own message. The single condition is quicker to evaluate and tells a rejected applicant nothing about which part they failed. Applicants must be told why they were rejected. Which form fits?","The single condition, because it is quicker to evaluate","The single condition, with one general message covering all four parts","Either, since the two reach the same decision","The four separate checks, because the requirement includes telling the applicant which part failed",D,"The four separate checks, because the requirement includes telling the applicant which part failed","Both forms decide identically, so the decision is not what separates them. One of them can meet the stated obligation to explain and the other cannot.",AUTHORED,
GB_RF_001,RELATIONS_FUNCTIONS,RF_C01_PAIRS,RF_F01_ORDER_MATTERS_IN_A_PAIR,RF_FAM01_PAIR_ORDER,RF_RG_PAIRS,D1,REMEMBER,mcq_single,"Paris is the capital of France. If the first position holds the city and the second the country, which ordered pair records that?","(France, Paris)","(Paris, France)","{Paris, France}","(Paris, Paris)",B,"(Paris, France)","The convention stated puts the city first, so (Paris, France) is the record. Swapping the two says that France is the capital of Paris, which is a different claim rather than the same one written differently.",AUTHORED,
GB_RF_002,RELATIONS_FUNCTIONS,RF_C01_PAIRS,RF_F01_ORDER_MATTERS_IN_A_PAIR,RF_FAM01_PAIR_ORDER,RF_RG_PAIRS,D1,REMEMBER,mcq_single,"A record is written as (7, 2), where the first position holds a student number and the second holds a mark. What does the 7 stand for?",The mark,"Either one, since a pair carries no fixed order",The number of students recorded,The student number,D,The student number,"The positions were assigned meanings before anything was written, so the first value is the student number. Without that convention the record would say nothing at all.",AUTHORED,
GB_RF_003,RELATIONS_FUNCTIONS,RF_C01_PAIRS,RF_F01_ORDER_MATTERS_IN_A_PAIR,RF_FAM01_PAIR_ORDER,RF_RG_PAIRS,D1,REMEMBER,mcq_single,"Does (3, 8) mean the same as (8, 3)?","No, because the two positions carry different meanings","Yes, because both contain 3 and 8","Yes, as long as the two values are of the same kind",Only when the pair is written between braces instead,A,"No, because the two positions carry different meanings",Order is the entire content of an ordered pair beyond the values themselves. Two collections containing 3 and 8 would be the same; two ordered pairs are not.,AUTHORED,
GB_RF_004,RELATIONS_FUNCTIONS,RF_C01_PAIRS,RF_F01_ORDER_MATTERS_IN_A_PAIR,RF_FAM01_PAIR_ORDER,RF_RG_PAIRS,D1,REMEMBER,mcq_single,"A delivery log pairs a driver with the van they drove, driver first. Sunil drove van 12. Which pair records it?","(12, Sunil)","(Sunil, Sunil)","(Sunil, 12)","(12, 12)",C,"(Sunil, 12)","Driver first means (Sunil, 12). The reversed form would be read by anything using this log as a van having driven a person.",AUTHORED,
GB_RF_005,RELATIONS_FUNCTIONS,RF_C01_PAIRS,RF_F01_ORDER_MATTERS_IN_A_PAIR,RF_FAM01_PAIR_ORDER,RF_RG_PAIRS,D2,REMEMBER,mcq_single,"A system stores pairs of the form (manager, report), manager first. A record reads (Anya, Ben), and a colleague reads it as meaning that Ben manages Anya. What has gone wrong?",Nothing; a record of this kind may be read in either direction,"The positions were read in the wrong order, so the record actually says Anya manages Ben","The record itself is wrong and should have been written as (Ben, Anya)",The record should have used braces rather than brackets,B,"The positions were read in the wrong order, so the record actually says Anya manages Ben",The data is correct and the reading is not. A convention that is not carried to the reader turns every record into two contradictory claims.,AUTHORED,
GB_RF_006,RELATIONS_FUNCTIONS,RF_C02_DOMAIN_RANGE,RF_F02_DOMAIN_IS_INPUTS_RANGE_IS_OUTPUTS,RF_FAM02_DOMAIN_RANGE_NAMING,RF_RG_DOMAIN_RANGE,D1,REMEMBER,mcq_single,"A mapping is given by the pairs (1, 5), (2, 7) and (3, 5). What is its domain?","{5, 7}","{1, 2, 3, 5, 7}","{5, 7, 5}","{1, 2, 3}",D,"{1, 2, 3}","The domain holds the values that go in, which are 1, 2 and 3. The values 5 and 7 are what comes out, and belong to the range.",AUTHORED,
GB_RF_007,RELATIONS_FUNCTIONS,RF_C02_DOMAIN_RANGE,RF_F02_DOMAIN_IS_INPUTS_RANGE_IS_OUTPUTS,RF_FAM02_DOMAIN_RANGE_NAMING,RF_RG_DOMAIN_RANGE,D1,REMEMBER,mcq_single,"A machine turns 10 into a, 20 into b, and 30 into a. Which values come out of it?","{a, b}","{10, 20, 30}","{a, b, a}","{10, a, 20, b, 30}",A,"{a, b}","Only a and b ever emerge, and a emerging twice does not make it two different outputs. The numbers going in are a separate collection entirely.",AUTHORED,
GB_RF_008,RELATIONS_FUNCTIONS,RF_C02_DOMAIN_RANGE,RF_F02_DOMAIN_IS_INPUTS_RANGE_IS_OUTPUTS,RF_FAM02_DOMAIN_RANGE_NAMING,RF_RG_DOMAIN_RANGE,D1,REMEMBER,mcq_single,"In a mapping, what is the domain?",The values that come out,The pairs themselves,The values that go in,The number of pairs,C,The values that go in,"The domain is the collection of inputs. The outputs form the range, and confusing the two reverses every question asked about the mapping.",AUTHORED,
GB_RF_009,RELATIONS_FUNCTIONS,RF_C02_DOMAIN_RANGE,RF_F02_DOMAIN_IS_INPUTS_RANGE_IS_OUTPUTS,RF_FAM02_DOMAIN_RANGE_NAMING,RF_RG_DOMAIN_RANGE,D2,REMEMBER,mcq_single,"A mapping sends 1 to 4, 2 to 4 and 3 to 9. A student gives its range as {4, 4, 9}. What is wrong?","Nothing; the range really is {4, 4, 9}","The range is a collection of the values produced, so 4 is listed once, giving {4, 9}","The range should have been given as {1, 2, 3}","The range should have been given as {1, 2, 3, 4, 9}",B,"The range is a collection of the values produced, so 4 is listed once, giving {4, 9}","Two inputs producing 4 does not put 4 into the range twice, because a collection of this kind records what belongs to it rather than how often.",AUTHORED,
GB_RF_010,RELATIONS_FUNCTIONS,RF_C03_FUNCTION_TEST,RF_F03_A_FUNCTION_GIVES_ONE_OUTPUT_PER_INPUT,RF_FAM03_RELATION_VS_FUNCTION,RF_RG_FUNCTION_TEST,D1,UNDERSTAND,mcq_single,"A relation contains the pairs (1, 5), (2, 5) and (3, 8). Is it a function?","No, because 5 comes out of two different inputs","No, because there are three pairs but only two different outputs",It cannot be decided from the pairs alone,"Yes; every input appears once, and two inputs sharing an output is allowed",D,"Yes; every input appears once, and two inputs sharing an output is allowed","Each of 1, 2 and 3 has exactly one output, which is the whole requirement. That 1 and 2 both produce 5 breaks nothing.",AUTHORED,
GB_RF_011,RELATIONS_FUNCTIONS,RF_C03_FUNCTION_TEST,RF_F03_A_FUNCTION_GIVES_ONE_OUTPUT_PER_INPUT,RF_FAM03_RELATION_VS_FUNCTION,RF_RG_FUNCTION_TEST,D1,UNDERSTAND,mcq_single,"Each student is recorded with a tutor. Riya appears twice, once with tutor Das and once with tutor Mehta. Does this record define a mapping from students to tutors?","No, because one student has been given two different tutors","Yes, because every student named has a tutor","No, because two students are not allowed to share a tutor","Yes, because the two entries for Riya can simply be merged",A,"No, because one student has been given two different tutors","One input with two outputs is exactly what a mapping forbids. Merging the entries is not available, since Das and Mehta are different tutors and the record does not say which is right.",AUTHORED,
GB_RF_012,RELATIONS_FUNCTIONS,RF_C03_FUNCTION_TEST,RF_F03_A_FUNCTION_GIVES_ONE_OUTPUT_PER_INPUT,RF_FAM03_RELATION_VS_FUNCTION,RF_RG_FUNCTION_TEST,D1,UNDERSTAND,mcq_single,Which situation stops a mapping from being a function?,Two inputs having the same output,An output that is never produced,One input having two different outputs,Having more inputs than outputs,C,One input having two different outputs,"The requirement is one output per input, so only a repeated input with disagreeing outputs breaks it. The other three are all perfectly ordinary.",AUTHORED,
GB_RF_013,RELATIONS_FUNCTIONS,RF_C03_FUNCTION_TEST,RF_F03_A_FUNCTION_GIVES_ONE_OUTPUT_PER_INPUT,RF_FAM03_RELATION_VS_FUNCTION,RF_RG_FUNCTION_TEST,D2,UNDERSTAND,mcq_single,"A student rejects the pairs (1, 7), (2, 7) and (3, 9) as not being a function, because 7 appears twice. What is wrong with that reasoning?",Nothing; an output appearing twice does disqualify it,A shared output is allowed; only a repeated input with different outputs disqualifies a mapping,"It fails for a different reason, namely that 9 appears only once",A collection of three pairs can never be a function,B,A shared output is allowed; only a repeated input with different outputs disqualifies a mapping,"The student has applied the rule to the wrong side of the pair. Reading it correctly, no input repeats at all, so nothing here is in question.",AUTHORED,
GB_RF_014,RELATIONS_FUNCTIONS,RF_C04_EVALUATION,RF_F04_EVALUATION_SUBSTITUTES_THE_INPUT,RF_FAM04_FUNCTION_EVALUATION,RF_RG_EVALUATION,D2,UNDERSTAND,mcq_single,A rule doubles its input and then adds 3. What comes out when 5 goes in?,16,11,8,13,D,13,"Doubling 5 gives 10 and adding 3 gives 13. Adding first and then doubling gives 16, which is what happens when the two steps are taken in the other order.",AUTHORED,
GB_RF_015,RELATIONS_FUNCTIONS,RF_C04_EVALUATION,RF_F04_EVALUATION_SUBSTITUTES_THE_INPUT,RF_FAM04_FUNCTION_EVALUATION,RF_RG_EVALUATION,D3,UNDERSTAND,mcq_single,A rule subtracts 2 from its input and then multiplies the result by 4. What comes out when 6 goes in?,16,22,10,24,A,16,"Six less 2 is 4, and 4 multiplied by 4 is 16. Multiplying first and subtracting afterwards gives 22 instead.",AUTHORED,
GB_RF_016,RELATIONS_FUNCTIONS,RF_C04_EVALUATION,RF_F05_A_MAPPING_MAY_BE_GIVEN_AS_A_TABLE,RF_FAM05_TABLE_LOOKUP,RF_RG_EVALUATION,D2,UNDERSTAND,mcq_single,"A mapping is given as a table: 1 goes to red, 2 goes to blue, 3 goes to red. What does 3 go to?",blue,1,red,Both red and blue,C,red,The row for 3 gives red. That red also appears in the row for 1 changes nothing about what 3 produces.,AUTHORED,
GB_RF_017,RELATIONS_FUNCTIONS,RF_C04_EVALUATION,RF_F05_A_MAPPING_MAY_BE_GIVEN_AS_A_TABLE,RF_FAM05_TABLE_LOOKUP,RF_RG_EVALUATION,D3,UNDERSTAND,mcq_single,"A price table lists small at 40, medium at 60 and large at 90. A customer asks the price of an extra-large. What does the table give?","90, since it is the largest size listed","Nothing, because extra-large is outside what the table covers","130, by continuing the pattern of the sizes","40, since the first row acts as a default",B,"Nothing, because extra-large is outside what the table covers","A mapping says nothing about an input it does not contain. Extending the pattern or reaching for a default is a decision someone would have to make, not something the table already says.",AUTHORED,
GB_RF_018,RELATIONS_FUNCTIONS,RF_C05_PROPERTIES,RF_F06_ONE_TO_ONE_MEANS_NO_OUTPUT_IS_SHARED,RF_FAM06_ONE_TO_ONE,RF_RG_PROPERTIES,D2,APPLY,mcq_single,"A mapping sends 1 to a, 2 to b and 3 to c. Is it one-to-one?","No, because it contains three separate pairs","Yes, because every input has exactly one output",It cannot be decided without being told the range,"Yes, because no two inputs share an output",D,"Yes, because no two inputs share an output","Being one-to-one means no output is reached twice, and here a, b and c are all different. Every input having one output is true of every mapping and settles nothing.",AUTHORED,
GB_RF_019,RELATIONS_FUNCTIONS,RF_C05_PROPERTIES,RF_F06_ONE_TO_ONE_MEANS_NO_OUTPUT_IS_SHARED,RF_FAM06_ONE_TO_ONE,RF_RG_PROPERTIES,D3,APPLY,mcq_single,"A mapping sends 1 to 4, 2 to 9 and 3 to 4. Is it one-to-one, and what decides it?",No; 1 and 3 both produce 4,Yes; every input still has exactly one output,No; 2 produces 9 and nothing else produces 9,It cannot be decided from only three pairs,A,No; 1 and 3 both produce 4,"Two different inputs arriving at 4 is precisely the failure. The pair that produces 9 uniquely is the part that works, not the part that breaks.",AUTHORED,
GB_RF_020,RELATIONS_FUNCTIONS,RF_C05_PROPERTIES,RF_F06_ONE_TO_ONE_MEANS_NO_OUTPUT_IS_SHARED,RF_FAM06_ONE_TO_ONE,RF_RG_PROPERTIES,D4,APPLY,mcq_single,"A membership scheme records each member against their home branch. No member is recorded against more than one branch, and two members who live near each other are both recorded against the same branch. A shared branch means two inputs producing the same output, which is not what disqualifies a function but is what disqualifies a one-to-one mapping. Which is true?",It is neither a function nor one-to-one,It is one-to-one but not a function,It is a function but not one-to-one,It is both a function and one-to-one,C,It is a function but not one-to-one,"One output per member makes it a function; two members reaching one branch stops it being one-to-one. The two conditions are about opposite sides of the pair, which is why a mapping can satisfy one and fail the other.",AUTHORED,
GB_RF_021,RELATIONS_FUNCTIONS,RF_C05_PROPERTIES,RF_F07_RANGE_MAY_BE_SMALLER_THAN_THE_TARGET,RF_FAM07_RANGE_VS_TARGET,RF_RG_PROPERTIES,D2,APPLY,mcq_single,"A rule squares each value in the collection {-2, -1, 0, 1, 2}. Which values does it actually produce?","{-2, -1, 0, 1, 2}","{0, 1, 4}","{0, 1, 2, 4}","{1, 4}",B,"{0, 1, 4}","Squaring gives 4, 1, 0, 1 and 4, so the values produced are {0, 1, 4}. The inputs themselves are a different collection, and 2 never comes out at all.",AUTHORED,
GB_RF_022,RELATIONS_FUNCTIONS,RF_C05_PROPERTIES,RF_F07_RANGE_MAY_BE_SMALLER_THAN_THE_TARGET,RF_FAM07_RANGE_VS_TARGET,RF_RG_PROPERTIES,D3,APPLY,mcq_single,A rule squares its input and is permitted to produce any whole number at all. Which of these can it never produce?,Zero,A very large number,An odd number,A negative number,D,A negative number,"Squaring never yields a negative number, whatever the rule is permitted to produce. Being allowed to produce a value and actually producing it are different things, and this is the gap between them.",AUTHORED,
GB_RF_023,RELATIONS_FUNCTIONS,RF_C05_PROPERTIES,RF_F07_RANGE_MAY_BE_SMALLER_THAN_THE_TARGET,RF_FAM07_RANGE_VS_TARGET,RF_RG_PROPERTIES,D4,APPLY,mcq_single,"A grading rule is permitted to output any whole number from 0 to 100, and it works by multiplying a whole-number mark out of 20 by five. Because the input is a whole number out of 20, only multiples of five ever come out, though every value from 0 to 100 is permitted. Which values does the rule actually produce?",Only the multiples of five from 0 to 100,Every whole number from 0 to 100,Every whole number from 0 to 20,Only the even numbers from 0 to 100,A,Only the multiples of five from 0 to 100,"Twenty-one inputs give twenty-one outputs, so most of the permitted values never appear. A report that quoted the permitted values as the possible results would be describing something the rule cannot do.",AUTHORED,
GB_RF_024,RELATIONS_FUNCTIONS,RF_C06_COMPOSITION,RF_F08_COMPOSITION_HAS_AN_ORDER,RF_FAM08_COMPOSITION_ORDER,RF_RG_COMPOSITION,D2,APPLY,mcq_single,"One machine adds 1 to whatever it is given, and a second machine doubles whatever it is given. The value 3 is fed to the first and its result to the second. What comes out?",7,6,8,9,C,8,"Three becomes 4, and 4 doubled is 8. Feeding the machines in the other order gives 7, which is why the order has to be stated.",AUTHORED,
GB_RF_025,RELATIONS_FUNCTIONS,RF_C06_COMPOSITION,RF_F08_COMPOSITION_HAS_AN_ORDER,RF_FAM08_COMPOSITION_ORDER,RF_RG_COMPOSITION,D3,APPLY,mcq_single,A checkout takes 10 rupees off a price and then a service charge doubles whatever remains. A price of 50 is processed. What is charged?,90,80,100,30,B,80,"Fifty less 10 is 40, and doubling gives 80. Doubling before the deduction would give 90, so the customer pays 10 more for the same two operations.",AUTHORED,
GB_RF_026,RELATIONS_FUNCTIONS,RF_C06_COMPOSITION,RF_F08_COMPOSITION_HAS_AN_ORDER,RF_FAM08_COMPOSITION_ORDER,RF_RG_COMPOSITION,D4,APPLY,mcq_single,"A checkout should deduct 10 rupees and then double what remains. On a price of 50 the intended charge is 80, and the system reports 90. The two orders differ because the deduction is not being carried through the doubling. Which order is the system using?","Deducting first, then doubling",Both operations applied to the original price separately,"Only the doubling, with the deduction never applied","Doubling first, then deducting",D,"Doubling first, then deducting","Doubling 50 gives 100, and deducting 10 leaves the 90 that was reported. Applying only the doubling would have given 100, which rules that reading out.",AUTHORED,
GB_RF_027,RELATIONS_FUNCTIONS,RF_C06_COMPOSITION,RF_F09_ONLY_ONE_TO_ONE_MAPPINGS_REVERSE,RF_FAM09_INVERSE_EXISTENCE,RF_RG_COMPOSITION,D2,APPLY,mcq_single,"A mapping sends 1 to a, 2 to b and 3 to c. Can it be reversed so that each output leads back to exactly one input?","Yes, because no output is shared","No, because a mapping can never be run backwards","No, because there are three inputs to account for",Only if the outputs happen to be numbers,A,"Yes, because no output is shared","Each of a, b and c is reached by exactly one input, so each has somewhere unambiguous to return to. Reversal is possible precisely when that is true.",AUTHORED,
GB_RF_028,RELATIONS_FUNCTIONS,RF_C06_COMPOSITION,RF_F09_ONLY_ONE_TO_ONE_MAPPINGS_REVERSE,RF_FAM09_INVERSE_EXISTENCE,RF_RG_COMPOSITION,D3,APPLY,mcq_single,"A reading scheme puts Asha on shelf x, Boro on shelf y and Chen on shelf x. Can the scheme be run backwards, so that naming a shelf identifies one reader?","Yes, by writing each assignment the other way round","Yes, so long as the readers are taken in alphabetical order","No, because shelf x would have to identify both Asha and Chen","No, because shelf y has been given to only one reader",C,"No, because shelf x would have to identify both Asha and Chen","Writing the assignments backwards is easy; getting a single reader out of shelf x is not. That shelf y behaves perfectly does not rescue the scheme, since the property has to hold everywhere.",AUTHORED,
GB_RF_029,RELATIONS_FUNCTIONS,RF_C06_COMPOSITION,RF_F09_ONLY_ONE_TO_ONE_MAPPINGS_REVERSE,RF_FAM09_INVERSE_EXISTENCE,RF_RG_COMPOSITION,D4,APPLY,mcq_single,"A system records each order against the month it was placed. Many orders share a month. Given only a month, no single order can be recovered, which is exactly the condition that stops a mapping being reversible in this sense. Can the mapping from orders to months be reversed so that a month leads back to one order?","Yes, by listing every order placed in that month","No, because a month cannot lead back to one order","Yes, because every order has exactly one month","No, because months are not numbers and cannot be reversed",B,"No, because a month cannot lead back to one order","Listing every order for a month is a useful thing to do and is not a reversal, since it returns many answers where one was required. The forward direction being well defined is what makes the failure easy to miss.",AUTHORED,
GB_RF_030,RELATIONS_FUNCTIONS,RF_C07_APPLIED,RF_F10_LOOKUPS_ARE_FUNCTIONS,RF_FAM10_LOOKUP_AS_FUNCTION,RF_RG_APPLIED,D2,APPLY,mcq_single,"A lookup structure stores one value against each key, and a key may appear only once. Read as a mapping, what plays the part of the inputs?",The values,Both the keys and the values together,The number of entries stored,The keys,D,The keys,"A key is what is supplied and a value is what comes back, so the keys are the inputs. Reversing the two turns every question about the structure inside out.",AUTHORED,
GB_RF_031,RELATIONS_FUNCTIONS,RF_C07_APPLIED,RF_F10_LOOKUPS_ARE_FUNCTIONS,RF_FAM10_LOOKUP_AS_FUNCTION,RF_RG_APPLIED,D3,APPLY,mcq_single,"A lookup stores the value 7 against key A and the same value 7 against key B. Read as a mapping, is it a function?","Yes, because each key still leads to exactly one value","No, because the value 7 is stored twice","No, because two keys are not permitted to share a value",Only once the two keys have been merged into one,A,"Yes, because each key still leads to exactly one value","The requirement constrains keys, not values. Two keys arriving at the same value is the same situation as two inputs sharing an output, which has never been forbidden.",AUTHORED,
GB_RF_032,RELATIONS_FUNCTIONS,RF_C07_APPLIED,RF_F10_LOOKUPS_ARE_FUNCTIONS,RF_FAM10_LOOKUP_AS_FUNCTION,RF_RG_APPLIED,D4,APPLY,mcq_single,"A store allows the same key to be written twice with different values, and a read returns whichever was written most recently. The same key can therefore produce two different values depending on when it is read, which is precisely what a mapping may not do. Read as a mapping, what is it?","A function, because a read always returns exactly one value","A function, because the most recent write settles the matter","Not a function, because one input can give different outputs","Not a function, because two keys are able to share a value",C,"Not a function, because one input can give different outputs","A single read returning one value is not the same as the key having one value. Time is the second input here, and once it is admitted the structure stops being a mapping from keys alone.",AUTHORED,
GB_RF_033,RELATIONS_FUNCTIONS,RF_C08_ERRORS,RF_F11_ONE_PAIR_CAN_BREAK_A_FUNCTION,RF_FAM11_DISQUALIFYING_PAIR,RF_RG_ERRORS,D3,ANALYZE,mcq_single,"A relation contains (1, 2), (2, 3), (3, 4), (2, 5) and (4, 3). Which pair stops it being a function?","(4, 3), because 3 appears as an output twice","(2, 5), because 2 already appears with 3","(3, 4), because it is the reverse of (4, 3)","(1, 2), because 2 appears as both an input and an output",B,"(2, 5), because 2 already appears with 3","The input 2 leads to 3 in one pair and to 5 in another, which is the only conflict present. The other three pairs are unusual to look at and break nothing.",AUTHORED,
GB_RF_034,RELATIONS_FUNCTIONS,RF_C08_ERRORS,RF_F11_ONE_PAIR_CAN_BREAK_A_FUNCTION,RF_FAM11_DISQUALIFYING_PAIR,RF_RG_ERRORS,D4,ANALYZE,mcq_single,"A register of 4,000 entries maps staff numbers to departments and turns out not to be a function. Exactly one staff number appears twice, once against Sales and once against Support; every other staff number appears once. One repeated input with two different departments is enough to disqualify the whole register however large it is. What needs fixing?","Every entry, since the register as a whole is now unreliable","The department names, which need to be made unique",Nothing; a register of this size is expected to contain repeats,The single staff number recorded against two departments,D,The single staff number recorded against two departments,"Three thousand nine hundred and ninety-nine entries are correct. The property is all-or-nothing, which makes the register fail entirely and the repair very small.",AUTHORED,
GB_RF_035,RELATIONS_FUNCTIONS,RF_C08_ERRORS,RF_F12_COMPOSITION_APPLIED_BACKWARDS_STILL_RUNS,RF_FAM12_COMPOSITION_ERROR_DIAGNOSIS,RF_RG_ERRORS,D3,ANALYZE,mcq_single,"Two steps should run in order: take away 5, then multiply by 3. For an input of 20 the expected result is 45, and the system reports 55. What explains it?",The two steps ran in the other order,The multiplication used 4 rather than 3,The input was 25 rather than 20,The subtraction was applied twice over,A,The two steps ran in the other order,"Multiplying 20 by 3 gives 60, and taking away 5 leaves the 55 that was reported. No single wrong value produces that figure with the steps in the right order.",AUTHORED,
GB_RF_036,RELATIONS_FUNCTIONS,RF_C08_ERRORS,RF_F12_COMPOSITION_APPLIED_BACKWARDS_STILL_RUNS,RF_FAM12_COMPOSITION_ERROR_DIAGNOSIS,RF_RG_ERRORS,D4,ANALYZE,mcq_single,"A pipeline should trim the spaces from a name and then take its first three characters. Given two spaces followed by Ravi, the expected result is Rav, but the system returns three characters beginning with two spaces. A result beginning with spaces shows the trimming had not happened when the characters were taken. What is wrong?",The trimming step is removing the wrong characters,The system is taking four characters rather than three,The two steps are running in the wrong order,The input contains characters other than the ones described,C,The two steps are running in the wrong order,"Taking the first three characters first yields two spaces and an R, which is exactly what was observed. Trimming afterwards cannot put back what has already been discarded.",AUTHORED,
GB_RF_037,RELATIONS_FUNCTIONS,RF_C09_RELATION_PROPERTIES,RF_F13_PROPERTIES_ARE_CHECKED_OVER_ALL_MEMBERS,RF_FAM13_RELATION_PROPERTY_TEST,RF_RG_PROPERTIES,D3,ANALYZE,mcq_single,"On the collection {1, 2, 3}, a relation contains (1,1), (2,2) and (3,3) and nothing else. Is it reflexive?","No, because no member is related to any other member","Yes, because every member is related to itself","Yes, but only for the member 1",It cannot be decided without seeing more pairs,B,"Yes, because every member is related to itself","Reflexivity asks only that each member relate to itself, and all three do. Whether anything else is present is a separate question about other properties.",AUTHORED,
GB_RF_038,RELATIONS_FUNCTIONS,RF_C09_RELATION_PROPERTIES,RF_F13_PROPERTIES_ARE_CHECKED_OVER_ALL_MEMBERS,RF_FAM13_RELATION_PROPERTY_TEST,RF_RG_PROPERTIES,D4,ANALYZE,mcq_single,"On the collection {1, 2, 3}, a relation contains (1,2), (2,1) and (1,3). Symmetry requires that whenever a pair is present its reverse is present too, and (3,1) is missing while (1,3) is there. Is the relation symmetric?","Yes, because (1,2) and (2,1) are both present","Yes, because most of the pairs do have their reverse","No, because the pair (2,2) is missing","No, because (1,3) is present without (3,1)",D,"No, because (1,3) is present without (3,1)","One pair without its reverse settles it, whatever the others do. A missing self-pair would bear on reflexivity and says nothing about symmetry.",AUTHORED,
GB_RF_039,RELATIONS_FUNCTIONS,RF_C09_RELATION_PROPERTIES,RF_F13_PROPERTIES_ARE_CHECKED_OVER_ALL_MEMBERS,RF_FAM13_RELATION_PROPERTY_TEST,RF_RG_PROPERTIES,D5,ANALYZE,mcq_single,"On a collection of three members, a relation contains no pairs whatever. Symmetry and transitivity are demands made of pairs that are present, and there are none to violate, while reflexivity demands a pair for each of the three members. Which properties does this relation have?","Symmetric and transitive, but not reflexive",None of the three,All three of them,Reflexive only,A,"Symmetric and transitive, but not reflexive","Two of the properties are satisfied because nothing can break them, and the third is not because it demands something be present. The empty case separates properties that forbid from properties that require.",AUTHORED,
GB_RF_040,RELATIONS_FUNCTIONS,RF_C09_RELATION_PROPERTIES,RF_F13_PROPERTIES_ARE_CHECKED_OVER_ALL_MEMBERS,RF_FAM13_RELATION_PROPERTY_TEST,RF_RG_PROPERTIES,D5,ANALYZE,mcq_single,"A team models has worked on the same project as, over its staff. Everyone counts as having worked with themselves, and if A shares a project with B then B shares one with A. A shares a project with B, and B shares a different project with C, and A and C have never shared one. Which property fails?",Reflexivity,Symmetry,Transitivity,None of them fails,C,Transitivity,"The first two conditions are stated to hold. The third describes a chain that does not carry through, and being carried through a chain is exactly what transitivity demands.",AUTHORED,
GB_RF_041,RELATIONS_FUNCTIONS,RF_C09_RELATION_PROPERTIES,RF_F13_PROPERTIES_ARE_CHECKED_OVER_ALL_MEMBERS,RF_FAM13_RELATION_PROPERTY_TEST,RF_RG_PROPERTIES,D5,ANALYZE,mcq_single,"A relation on four members is symmetric and transitive, and every member appears in at least one pair. A student concludes that it must therefore be reflexive. Every member appearing in some pair means each has a partner, and symmetry followed by transitivity then forces each member to be related to itself. Is the conclusion correct?",No; symmetry and transitivity together never yield reflexivity,"Yes, and it follows from every member appearing in at least one pair","No, unless the relation also relates every member to every other","Yes, but only for members appearing in two or more pairs",B,"Yes, and it follows from every member appearing in at least one pair","If A relates to B then symmetry gives B to A, and transitivity then gives A to A. The extra condition is what makes the argument work, and without it the empty relation is the counterexample.",AUTHORED,
GB_RF_042,RELATIONS_FUNCTIONS,RF_C10_DESIGN,RF_F14_UNIQUENESS_IS_A_REQUIREMENT_DECISION,RF_FAM14_MAPPING_DESIGN_CHOICE,RF_RG_DESIGN,D4,EVALUATE,mcq_single,"A booking reference must let staff recover exactly one booking. Two schemes are proposed: a reference built from the customer name, and a reference generated so that no two bookings share one. Names repeat across customers, so a name-based reference would not lead back to a single booking. Which scheme meets the requirement?","The name-based reference, because customers find it easier to remember","Either scheme, since both identify a booking somehow","The name-based reference, as long as the booking date is added to it","The generated reference, because it belongs to one booking only",D,"The generated reference, because it belongs to one booking only","The requirement is recovery of exactly one booking, which the name scheme cannot promise. Adding a date narrows it without settling it, since one customer may book twice in a day.",AUTHORED,
GB_RF_043,RELATIONS_FUNCTIONS,RF_C10_DESIGN,RF_F14_UNIQUENESS_IS_A_REQUIREMENT_DECISION,RF_FAM14_MAPPING_DESIGN_CHOICE,RF_RG_DESIGN,D5,EVALUATE,mcq_single,"A column may be made unique or left free to repeat. Making it unique guarantees that each value identifies one row, but every insert must then be checked against every existing value, and the table takes millions of inserts a day. The stated requirement is only that reports be grouped by this column. Which choice is right?","Leave it free to repeat, since grouping needs no uniqueness and the check would be paid on every insert","Make it unique, because unique values are always preferable","Make it unique, because grouping requires the values to be distinct","Leave it free to repeat, because uniqueness cannot be enforced at that volume",A,"Leave it free to repeat, since grouping needs no uniqueness and the check would be paid on every insert","Grouping gathers rows that share a value, so repetition is the point rather than a problem. Uniqueness can be enforced at that volume; it simply buys nothing here and is charged for continuously.",AUTHORED,
GB_RF_044,RELATIONS_FUNCTIONS,RF_C10_DESIGN,RF_F14_UNIQUENESS_IS_A_REQUIREMENT_DECISION,RF_FAM14_MAPPING_DESIGN_CHOICE,RF_RG_DESIGN,D5,EVALUATE,mcq_single,"A feature maps each phrase in one language to a phrase in another, and users must be able to translate in both directions from the same stored data. Two different source phrases sometimes translate to the same target phrase, which means the target does not lead back to a single source. What follows for the design?",Nothing; any stored mapping can be read in both directions,The duplicate target phrases should be deleted from the data,"The stored data cannot serve both directions as it stands, and the reverse direction needs data of its own",Only phrases that translate uniquely should be stored at all,C,"The stored data cannot serve both directions as it stands, and the reverse direction needs data of its own","Reading the pairs backwards produces several candidates for some targets, which is not a translation. Deleting the duplicates would remove correct translations to preserve a property the data was never required to have.",AUTHORED,
GB_RF_045,RELATIONS_FUNCTIONS,RF_C10_DESIGN,RF_F14_UNIQUENESS_IS_A_REQUIREMENT_DECISION,RF_FAM14_MAPPING_DESIGN_CHOICE,RF_RG_DESIGN,D5,EVALUATE,mcq_single,"A mapping from user to email address is required to be reversible, so that an address identifies one user. The team finds that two users currently share one household address entry. Two users sharing one address means that address leads back to two users, which is what reversibility forbids. What must change?",Nothing; a shared address is still a perfectly valid mapping,"Either the address must be made unique per user, or reversibility must be dropped as a requirement",The two users should be merged into a single account,The mapping should be stored in the reverse direction only,B,"Either the address must be made unique per user, or reversibility must be dropped as a requirement","The data and the requirement contradict each other, so one of them has to give. Merging the users destroys real information to satisfy a constraint that may not have been worth having.",AUTHORED,
GB_RF_046,RELATIONS_FUNCTIONS,RF_C10_DESIGN,RF_F14_UNIQUENESS_IS_A_REQUIREMENT_DECISION,RF_FAM14_MAPPING_DESIGN_CHOICE,RF_RG_DESIGN,D5,EVALUATE,mcq_single,"An identifier may be a short sequential number or a long random value. The sequential number is easy to read aloud and reveals roughly how many records exist; the random value reveals nothing and is awkward in support calls. The records are complaints, and the organisation treats their volume as confidential. Which fits?","The sequential number, because support calls are the more frequent activity","The sequential number, because a shorter identifier is always preferable","Either, since both identify exactly one record","The random value, because the sequential one would disclose a volume the organisation treats as confidential",D,"The random value, because the sequential one would disclose a volume the organisation treats as confidential","Both identify one record, so identification cannot decide it. What decides it is that one of them leaks a fact the organisation has chosen to protect, and awkwardness in support calls is the price of that.",AUTHORED,
GB_RF_047,RELATIONS_FUNCTIONS,RF_C10_DESIGN,RF_F15_MAPPING_STRUCTURE_APPEARS_UNANNOUNCED,RF_FAM15_MAPPING_TRANSFER,RF_RG_DESIGN,D4,EVALUATE,mcq_single,"A cloakroom gives each coat a numbered ticket, and no number is used twice on the same day. At the end of the day a ticket is found on the floor. Because no number is used twice, the ticket number picks out exactly one coat. What can be recovered from the ticket alone?",Exactly which coat it belongs to,"Nothing, since the ticket does not record the owner",Only the rough time at which the coat was left,Every coat that was left that day,A,Exactly which coat it belongs to,"Uniqueness within the day is what makes the recovery possible. The ticket names no owner and does not need to, because it leads to one coat and the coat does the rest.",AUTHORED,
GB_RF_048,RELATIONS_FUNCTIONS,RF_C10_DESIGN,RF_F15_MAPPING_STRUCTURE_APPEARS_UNANNOUNCED,RF_FAM15_MAPPING_TRANSFER,RF_RG_DESIGN,D5,EVALUATE,mcq_single,"A school assigns every pupil a locker, and some lockers are shared by two pupils. Given a pupil the locker is determined; given a locker, there may be two pupils. A caretaker finds a book in a locker and wants to know whose it is. What can be concluded?",The owner is determined exactly by the locker,Nothing whatever can be concluded from the locker,"The owner is one of the pupils assigned to that locker, and which one is not determined",Any pupil in the school could be the owner,C,"The owner is one of the pupils assigned to that locker, and which one is not determined","The backward direction narrows the answer to two without settling it, which is more than nothing and less than an answer. That is the characteristic result of running a shared assignment in reverse.",AUTHORED,
GB_RF_049,RELATIONS_FUNCTIONS,RF_C10_DESIGN,RF_F15_MAPPING_STRUCTURE_APPEARS_UNANNOUNCED,RF_FAM15_MAPPING_TRANSFER,RF_RG_DESIGN,D5,EVALUATE,mcq_single,"Each employee has exactly one payroll number and each payroll number belongs to exactly one employee. An employee leaves, a new one joins, and the leaver payroll number is given to the newcomer. Reusing it means one number now corresponds to two people across time, though never to two at once. What has been lost?","Nothing, because only one person holds the number at any given moment",The ability to recover one person from a number once past records are included,The ability to give every employee a number of their own,The ability to tell one current employee from another,B,The ability to recover one person from a number once past records are included,"Nothing about today has changed, which is why reuse looks free. What breaks is every question asked across time, and payroll records are almost entirely questions across time.",AUTHORED,
GB_RF_050,RELATIONS_FUNCTIONS,RF_C10_DESIGN,RF_F15_MAPPING_STRUCTURE_APPEARS_UNANNOUNCED,RF_FAM15_MAPPING_TRANSFER,RF_RG_DESIGN,D5,EVALUATE,mcq_single,"A system can identify a photograph by the filename the user chose or by a value it generates itself. Users choose the same filename often, so filenames do not pick out one photograph, while generated values mean nothing to a user browsing their library. The system must both show a name the user recognises and retrieve exactly one photograph. What should it do?","Use the filename only, since the user has to recognise it","Use the generated value only, since retrieval is the harder of the two problems","Refuse duplicate filenames, so that the filename can serve both purposes",Store both: generate a value for retrieval and keep the chosen filename for display,D,Store both: generate a value for retrieval and keep the chosen filename for display,"The two requirements pull on different properties, and no single identifier has both. Refusing duplicates would work and imposes a restriction on users to save the system from storing a second value.",AUTHORED,
GB_ST_001,SET_THEORY,ST_C01_MEMBERSHIP,ST_F01_SETS_IGNORE_ORDER_AND_REPEATS,ST_FAM01_SET_IDENTITY,ST_RG_BASICS,D1,REMEMBER,mcq_single,"Which of the following denotes the same collection as {3, 5, 7}?","{3, 5}","{7, 5, 3}","{3, 5, 7, 9}","{3, 7}",B,"{7, 5, 3}","A collection of this kind is fixed by which things belong to it, so writing the same three things in another order denotes {7, 5, 3} and nothing different. The other options each add or drop a member.",AUTHORED,
GB_ST_002,SET_THEORY,ST_C01_MEMBERSHIP,ST_F01_SETS_IGNORE_ORDER_AND_REPEATS,ST_FAM01_SET_IDENTITY,ST_RG_BASICS,D1,REMEMBER,mcq_single,"A collection is written as {2, 4, 4, 6}. How many members does it have?",4,2,6,3,D,3,"Writing 4 twice does not put it in twice, so the members are 2, 4 and 6, giving 3 members in all. Counting the written symbols rather than the members gives 4.",AUTHORED,
GB_ST_003,SET_THEORY,ST_C01_MEMBERSHIP,ST_F01_SETS_IGNORE_ORDER_AND_REPEATS,ST_FAM01_SET_IDENTITY,ST_RG_BASICS,D1,REMEMBER,mcq_single,"Do {a, b} and {b, a} denote the same thing?","Yes, because membership is what fixes it and the order of writing does not","No, because the two elements appear in a different order","No, because a and b occupy different positions",Only if a happens to come before b alphabetically,A,"Yes, because membership is what fixes it and the order of writing does not","Both contain a and b and nothing else, so they are the same. Position carries meaning in a list and carries none here, which is the difference between the two ideas.",AUTHORED,
GB_ST_004,SET_THEORY,ST_C01_MEMBERSHIP,ST_F01_SETS_IGNORE_ORDER_AND_REPEATS,ST_FAM01_SET_IDENTITY,ST_RG_BASICS,D1,REMEMBER,mcq_single,Which statement is true?,Reordering the members produces a different collection,The members must be listed in increasing order,Writing a member twice does not put it in twice,A collection with three members written twice has six members,C,Writing a member twice does not put it in twice,"Repetition and order are both invisible here. That is precisely what distinguishes this kind of collection from a list, where both matter.",AUTHORED,
GB_ST_005,SET_THEORY,ST_C01_MEMBERSHIP,ST_F01_SETS_IGNORE_ORDER_AND_REPEATS,ST_FAM01_SET_IDENTITY,ST_RG_BASICS,D2,REMEMBER,mcq_single,A student is told that two sets are equal and concludes that they must have been written down identically. What is wrong with that conclusion?,Nothing; equal sets are always written identically,"Two sets are equal when they have the same members, however they happen to be written",Sets are equal only when their members appear in the same order,Sets can never be equal unless they are literally the same collection,B,"Two sets are equal when they have the same members, however they happen to be written","Equality is decided by membership alone. {1, 2, 2, 3} and {3, 2, 1} look nothing alike on the page and are the same set.",AUTHORED,
GB_ST_006,SET_THEORY,ST_C02_OPERATIONS,ST_F02_EACH_OPERATION_ANSWERS_A_QUESTION,ST_FAM02_OPERATION_NAMING,ST_RG_OPERATIONS,D1,REMEMBER,mcq_single,A club needs the people who belong to both the chess group and the debate group. Which operation gives them?,Union,Difference,Complement,Intersection,D,Intersection,"Membership of both groups at once is exactly what an intersection selects. A union would return anyone in either group, which is a much larger set.",AUTHORED,
GB_ST_007,SET_THEORY,ST_C02_OPERATIONS,ST_F02_EACH_OPERATION_ANSWERS_A_QUESTION,ST_FAM02_OPERATION_NAMING,ST_RG_OPERATIONS,D1,REMEMBER,mcq_single,"A mailing list must reach everyone who signed up for at least one of the two newsletters, including those who signed up for both. Which operation gives that list?",Union,Intersection,Difference,Complement,A,Union,"At least one, with those on both included once, is a union. Those on both are not counted twice, because a member appears once however many ways it qualifies.",AUTHORED,
GB_ST_008,SET_THEORY,ST_C02_OPERATIONS,ST_F02_EACH_OPERATION_ANSWERS_A_QUESTION,ST_FAM02_OPERATION_NAMING,ST_RG_OPERATIONS,D1,REMEMBER,mcq_single,A report needs the customers who bought last year but not this year. Which operation gives them?,Union,Intersection,Difference,Complement,C,Difference,Taking one group and removing the members of another is a difference. The direction matters: the customers who bought this year but not last year are a different group entirely.,AUTHORED,
GB_ST_009,SET_THEORY,ST_C02_OPERATIONS,ST_F02_EACH_OPERATION_ANSWERS_A_QUESTION,ST_FAM02_OPERATION_NAMING,ST_RG_OPERATIONS,D2,REMEMBER,mcq_single,"A manager asks for the students taking maths and physics, and is handed everyone taking at least one of the two subjects. What went wrong?",Nothing; in this context and does mean union,"The everyday word and was read as a union, but the request names students in both groups, which is an intersection",The request was for a difference and was answered with a union,"The request is ambiguous, so either answer is defensible",B,"The everyday word and was read as a union, but the request names students in both groups, which is an intersection","Ordinary speech uses and to join the two subject names, not the two groups of students. The group being described is the one where both statements are true of the same student.",AUTHORED,
GB_ST_010,SET_THEORY,ST_C01_MEMBERSHIP,ST_F03_BEING_IN_IS_NOT_BEING_PART_OF,ST_FAM03_MEMBER_VS_SUBSET,ST_RG_BASICS,D1,REMEMBER,mcq_single,"Let S be the collection {1, 2, 3}. Which one of the following belongs to S as a member?",{2},"{1, 2}",{},2,D,2,"The members of S are the numbers 1, 2 and 3. The option {2} is a collection containing 2, which is a different thing from the number 2 itself.",AUTHORED,
GB_ST_011,SET_THEORY,ST_C01_MEMBERSHIP,ST_F03_BEING_IN_IS_NOT_BEING_PART_OF,ST_FAM03_MEMBER_VS_SUBSET,ST_RG_BASICS,D1,REMEMBER,mcq_single,"Take the collection {1, 2, 3}. Which of the following is contained in it as a subset?","{1, 2}",1,4,"{1, 4}",A,"{1, 2}","Every member of {1, 2} is also in {1, 2, 3}, which is what containment requires. The bare number 1 is a member rather than a subset, and 4 is neither.",AUTHORED,
GB_ST_012,SET_THEORY,ST_C01_MEMBERSHIP,ST_F03_BEING_IN_IS_NOT_BEING_PART_OF,ST_FAM03_MEMBER_VS_SUBSET,ST_RG_BASICS,D1,REMEMBER,mcq_single,"Is the empty collection contained in {5, 6}?","No, because it shares no members with {5, 6}","No, because it is not written between the braces of {5, 6}","Yes, the empty collection is contained in every collection",Only when the other collection is also empty,C,"Yes, the empty collection is contained in every collection","Containment asks whether every member of the first is also in the second. The empty collection has no member that could fail the test, so it passes for every collection there is.",AUTHORED,
GB_ST_013,SET_THEORY,ST_C01_MEMBERSHIP,ST_F03_BEING_IN_IS_NOT_BEING_PART_OF,ST_FAM03_MEMBER_VS_SUBSET,ST_RG_BASICS,D2,REMEMBER,mcq_single,"Let T = {1, {2, 3}}, so that T has exactly two members. Is {2, 3} a member of T, a subset of T, or both?","A subset, because 2 and 3 can be found inside T","A member, because it is one of the two things listed inside T",Both a member and a subset of T,Neither a member nor a subset of T,B,"A member, because it is one of the two things listed inside T","T contains two things: the number 1, and the collection {2, 3}. For {2, 3} to be a subset, the numbers 2 and 3 would have to be members of T in their own right, and they are not.",AUTHORED,
GB_ST_014,SET_THEORY,ST_C02_OPERATIONS,ST_F04_OPERATIONS_PRODUCE_SETS,ST_FAM04_OPERATION_RESULT,ST_RG_OPERATIONS,D2,UNDERSTAND,mcq_single,"A = {1, 2, 3} and B = {3, 4}. What is the union of A and B?",{3},"{1, 2, 4}","{1, 2, 3, 3, 4}","{1, 2, 3, 4}",D,"{1, 2, 3, 4}","Everything in either collection appears, and the 3 that is in both appears once. Listing it twice would not be wrong so much as meaningless, since repetition changes nothing.",AUTHORED,
GB_ST_015,SET_THEORY,ST_C02_OPERATIONS,ST_F04_OPERATIONS_PRODUCE_SETS,ST_FAM04_OPERATION_RESULT,ST_RG_OPERATIONS,D3,UNDERSTAND,mcq_single,"A = {2, 4, 6, 8} and B = {4, 8, 12}. What is the intersection of A and B?","{4, 8}","{2, 4, 6, 8, 12}","{2, 6, 12}","{4, 8, 12}",A,"{4, 8}","Only 4 and 8 appear in both. The value 12 is in B alone, which is why including it turns the answer into something closer to B itself.",AUTHORED,
GB_ST_016,SET_THEORY,ST_C02_OPERATIONS,ST_F05_DIFFERENCE_HAS_A_DIRECTION,ST_FAM05_DIFFERENCE_DIRECTION,ST_RG_OPERATIONS,D2,UNDERSTAND,mcq_single,"P = {5, 6, 7, 8} and Q = {7, 8, 9}. Which members are left when everything in Q is taken out of P?",{9},"{5, 6, 9}","{5, 6}","{7, 8}",C,"{5, 6}","Taking 7 and 8 out of P leaves {5, 6}. The value 9 was never in P at all, so no removal can put it there; that answer is what comes of taking P out of Q instead.",AUTHORED,
GB_ST_017,SET_THEORY,ST_C02_OPERATIONS,ST_F05_DIFFERENCE_HAS_A_DIRECTION,ST_FAM05_DIFFERENCE_DIRECTION,ST_RG_OPERATIONS,D3,UNDERSTAND,mcq_single,"A = {a, b, c} and B = {b, c, d, e}. Which of these is B with the members of A removed?",{a},"{d, e}","{a, d, e}","{b, c}",B,"{d, e}","Taking b and c out of B leaves {d, e}. Doing it the other way round leaves {a} instead, and the two answers have no member in common, which is what makes the direction worth stating.",AUTHORED,
GB_ST_018,SET_THEORY,ST_C03_UNIVERSE,ST_F06_COMPLEMENT_NEEDS_A_UNIVERSE,ST_FAM06_COMPLEMENT_AND_UNIVERSE,ST_RG_UNIVERSE,D2,APPLY,mcq_single,"Everything under discussion is {1, 2, 3, 4, 5}, and A = {2, 4}. What is the complement of A?","{2, 4}","{1, 2, 3, 4, 5}",{},"{1, 3, 5}",D,"{1, 3, 5}","The complement holds everything under discussion that is not in A, which here is 1, 3 and 5. It never includes members of A itself.",AUTHORED,
GB_ST_019,SET_THEORY,ST_C03_UNIVERSE,ST_F06_COMPLEMENT_NEEDS_A_UNIVERSE,ST_FAM06_COMPLEMENT_AND_UNIVERSE,ST_RG_UNIVERSE,D3,APPLY,mcq_single,"A = {2, 4}. In one question everything under discussion is {1, 2, 3, 4, 5}; in another it is the whole numbers from 1 to 10. What does that change?","The complement of A, which is different in the two cases because a complement is taken against whatever is under discussion","Nothing, since the complement of A is fixed by A alone","The collection A itself, which grows in the second case",Only the number of members of A,A,"The complement of A, which is different in the two cases because a complement is taken against whatever is under discussion",A is the same both times and its complement is not: three members in the first case and eight in the second. A complement is a statement about what surrounds a collection as much as about the collection.,AUTHORED,
GB_ST_020,SET_THEORY,ST_C03_UNIVERSE,ST_F06_COMPLEMENT_NEEDS_A_UNIVERSE,ST_FAM06_COMPLEMENT_AND_UNIVERSE,ST_RG_UNIVERSE,D4,APPLY,mcq_single,"A report asks for all products not currently in stock. One team answers it against the products this warehouse carries and another against the full catalogue, and the two reports disagree. Every product in the catalogue that this warehouse never carries falls into one answer and not the other. Why do they disagree?",Because one of the two teams has made a counting error,Because not currently in stock is not a well-defined condition,"Because a complement is defined only against what is taken to be under discussion, and the two teams took different things","Because a complement is never unique, whatever is under discussion",C,"Because a complement is defined only against what is taken to be under discussion, and the two teams took different things","Both teams computed correctly. The request did not say which range of products it was about, and that omission is the whole of the disagreement.",AUTHORED,
GB_ST_021,SET_THEORY,ST_C03_UNIVERSE,ST_F07_REGIONS_CORRESPOND_TO_EXPRESSIONS,ST_FAM07_REGION_SELECT,ST_RG_UNIVERSE,D2,APPLY,mcq_single,Two groups A and B may overlap. Which expression denotes the things that are in A and not also in B?,A together with B,A with the members of B removed,The things in both A and B,B with the members of A removed,B,A with the members of B removed,Removing from A everything that B also contains leaves exactly the part of A that B does not reach. Doing it the other way round describes the opposite region.,AUTHORED,
GB_ST_022,SET_THEORY,ST_C03_UNIVERSE,ST_F07_REGIONS_CORRESPOND_TO_EXPRESSIONS,ST_FAM07_REGION_SELECT,ST_RG_UNIVERSE,D3,APPLY,mcq_single,"A newsletter system has three overlapping mailing lists: news, offers and events. Which description picks out the subscribers who receive news only, appearing on neither of the other two lists?","The news list, with everyone on offers taken out","The news list, with the people on both offers and events taken out",The subscribers who appear on all three lists,"The news list, with everyone on offers and everyone on events taken out",D,"The news list, with everyone on offers and everyone on events taken out","Receiving news only means failing to appear on offers and failing to appear on events, so both have to come out. Taking out offers alone leaves the subscribers that events still overlaps.",AUTHORED,
GB_ST_023,SET_THEORY,ST_C03_UNIVERSE,ST_F07_REGIONS_CORRESPOND_TO_EXPRESSIONS,ST_FAM07_REGION_SELECT,ST_RG_UNIVERSE,D4,APPLY,mcq_single,"A query is meant to return people in group A who are in neither B nor C. It is written as A with the members of B removed. Anyone who is in both A and C but not in B is returned by this query, and should not be. What is wrong with it?","It removes only B, so members of A who are in C are still returned","It removes too much, since it also excludes people who are in A alone",It should have removed the people who are in both B and C,Nothing; removing B already excludes anyone in C,A,"It removes only B, so members of A who are in C are still returned","The query does half the job. Removing those in both B and C would be weaker still, since it would keep anyone in C alone as well as anyone in B alone.",AUTHORED,
GB_ST_024,SET_THEORY,ST_C04_COUNTING,ST_F08_OVERLAP_IS_COUNTED_ONCE,ST_FAM08_UNION_CARDINALITY,ST_RG_COUNTING,D2,APPLY,mcq_single,Twelve students study maths and nine study physics. Four study both. How many study at least one of the two?,21,13,17,25,C,17,"Twelve plus nine is twenty-one, but the four who study both have been counted in each figure, so one copy of them comes off: seventeen. Leaving them in gives twenty-one.",AUTHORED,
GB_ST_025,SET_THEORY,ST_C04_COUNTING,ST_F08_OVERLAP_IS_COUNTED_ONCE,ST_FAM08_UNION_CARDINALITY,ST_RG_COUNTING,D3,APPLY,mcq_single,"In a club, twenty play cricket, fifteen play football and six play both. How many play at least one of the two sports?",35,29,23,41,B,29,"Twenty plus fifteen is thirty-five, and the six counted twice come off once, leaving twenty-nine. Subtracting the six twice would give twenty-three, which removes them from the answer altogether.",AUTHORED,
GB_ST_026,SET_THEORY,ST_C04_COUNTING,ST_F08_OVERLAP_IS_COUNTED_ONCE,ST_FAM08_UNION_CARDINALITY,ST_RG_COUNTING,D4,APPLY,mcq_single,"A survey reports forty people who use the app, thirty who use the website, ten who use both, and sixty who use at least one. Adding forty and thirty gives seventy, which is ten more than the stated total, and ten is exactly the number reported as using both. Are the figures consistent?","No, because forty plus thirty is seventy rather than sixty","No, because the overlap should have been added rather than subtracted",It cannot be decided without knowing how many people were surveyed,"Yes, because the ten who use both are counted in each of the first two figures and come off once",D,"Yes, because the ten who use both are counted in each of the first two figures and come off once","The excess is exactly the overlap, which is what consistency looks like here. The total number surveyed is irrelevant, since nobody outside the two groups affects either figure.",AUTHORED,
GB_ST_027,SET_THEORY,ST_C04_COUNTING,ST_F09_A_STATEMENT_MAY_NOT_FIX_THE_OVERLAP,ST_FAM09_OVERLAP_UNDERDETERMINED,ST_RG_COUNTING,D2,APPLY,mcq_single,Eighteen people own a bicycle and twelve own a car. Nothing is said about how many own both. How many own at least one of the two?,It cannot be determined from what has been given,Thirty,Eighteen,Six,A,It cannot be determined from what has been given,"The answer is thirty only if nobody owns both, and eighteen only if every car owner also owns a bicycle. Both are possible, and nothing given rules either out.",AUTHORED,
GB_ST_028,SET_THEORY,ST_C04_COUNTING,ST_F09_A_STATEMENT_MAY_NOT_FIX_THE_OVERLAP,ST_FAM09_OVERLAP_UNDERDETERMINED,ST_RG_COUNTING,D3,APPLY,mcq_single,Collection A has ten members and collection B has six. What is the largest the overlap between them could be?,10,16,6,0,C,6,"The overlap is part of both, so it can be no bigger than the smaller of the two. Six is reached when every member of B is also in A.",AUTHORED,
GB_ST_029,SET_THEORY,ST_C04_COUNTING,ST_F09_A_STATEMENT_MAY_NOT_FIX_THE_OVERLAP,ST_FAM09_OVERLAP_UNDERDETERMINED,ST_RG_COUNTING,D4,APPLY,mcq_single,"A team is told that twenty-five customers bought product X and twenty-five bought product Y, and is asked how many bought at least one. Nothing is said about customers who bought both, and the overlap could be anything from zero to twenty-five. What is the honest answer?",Exactly fifty,"Somewhere between twenty-five and fifty, and it cannot be pinned down without the overlap",Exactly twenty-five,Nothing at all can be said about the number,B,"Somewhere between twenty-five and fifty, and it cannot be pinned down without the overlap","The two extremes of the overlap give the two ends of the range, so the question is not unanswerable — it is answerable only as a range, which is a different and more useful thing to report.",AUTHORED,
GB_ST_030,SET_THEORY,ST_C05_APPLIED,ST_F10_FILTERS_ARE_SET_OPERATIONS,ST_FAM10_FILTER_AS_SET_OPERATION,ST_RG_APPLIED,D2,APPLY,mcq_single,A list is filtered to show rows that are marked urgent and also assigned to Priya. Which rows appear?,Rows that satisfy either condition,Rows that satisfy neither condition,"Every row, since two filters applied together cancel out",Only rows that satisfy both conditions at once,D,Only rows that satisfy both conditions at once,"Requiring both conditions of the same row selects the overlap between the two groups of rows, which is never larger than either group on its own.",AUTHORED,
GB_ST_031,SET_THEORY,ST_C05_APPLIED,ST_F10_FILTERS_ARE_SET_OPERATIONS,ST_FAM10_FILTER_AS_SET_OPERATION,ST_RG_APPLIED,D3,APPLY,mcq_single,"A report should list orders that are overdue or flagged, including those that are both. A colleague instead applies the two filters one after the other, so only rows surviving both remain. What has changed?","The report now shows only orders that are overdue and flagged, which is far fewer than intended",Nothing; applying the filters in turn gives the same rows,The report now shows every order in the system,The report now shows the orders that are neither overdue nor flagged,A,"The report now shows only orders that are overdue and flagged, which is far fewer than intended","Applying filters in sequence keeps only what survives all of them, which is an overlap. The requirement asked for everything in either group, which is strictly larger.",AUTHORED,
GB_ST_032,SET_THEORY,ST_C05_APPLIED,ST_F10_FILTERS_ARE_SET_OPERATIONS,ST_FAM10_FILTER_AS_SET_OPERATION,ST_RG_APPLIED,D4,APPLY,mcq_single,A filter should exclude cancelled orders from the orders placed this month. It is written so that the negation applies only to the first of the two conditions rather than to the pair. Orders placed in an earlier month that were not cancelled are now appearing. What is the fault?,The two conditions have been joined the wrong way round,Cancelled orders are still being included in the results,"The negation covers only one condition, so the restriction to this month is no longer being applied",Nothing is wrong; the filter behaves exactly as written,C,"The negation covers only one condition, so the restriction to this month is no longer being applied","Where the negation stops is the whole of the fault. Orders from other months slipping in is the visible symptom, and it points at the month condition rather than at the cancellation condition.",AUTHORED,
GB_ST_033,SET_THEORY,ST_C06_ERRORS,ST_F11_DOUBLE_COUNTING_HAS_A_SIGNATURE,ST_FAM11_DOUBLE_COUNT_DIAGNOSIS,ST_RG_ERRORS,D3,ANALYZE,mcq_single,"A club has thirty members. A report states that twenty-two play chess, fifteen play bridge, and every member plays at least one of the two. What does that tell you?","The figures must be wrong, since they add to more than thirty","At least seven members play both, since the two figures together exceed the membership",No member plays both games,Thirty-seven people are involved in the club altogether,B,"At least seven members play both, since the two figures together exceed the membership","Twenty-two plus fifteen is thirty-seven, which is seven more than the thirty members available. Those seven are not extra people; they are people counted in both figures.",AUTHORED,
GB_ST_034,SET_THEORY,ST_C06_ERRORS,ST_F11_DOUBLE_COUNTING_HAS_A_SIGNATURE,ST_FAM11_DOUBLE_COUNT_DIAGNOSIS,ST_RG_ERRORS,D4,ANALYZE,mcq_single,"An attendance total is reported as forty-eight for an event that only forty people attended. Everyone was recorded once for each session they joined, and eight people joined two sessions. The excess of eight is exactly the number of people recorded twice. What explains the figure?",Eight people who never attended were recorded in error,The stated attendance of forty must itself be wrong,The event exceeded its capacity by eight places,"Attendances were counted rather than people, so those who joined two sessions contributed two each",D,"Attendances were counted rather than people, so those who joined two sessions contributed two each","Nothing is wrong with either number once it is clear what each counts. The two figures answer different questions, and only one of them is the number of people.",AUTHORED,
GB_ST_035,SET_THEORY,ST_C06_ERRORS,ST_F12_THE_WRONG_OPERATION_STILL_PRODUCES_AN_ANSWER,ST_FAM12_OPERATION_MISCHOICE_DIAGNOSIS,ST_RG_ERRORS,D3,ANALYZE,mcq_single,"A requirement asks for staff who have completed training A and have not completed training B. A query returns everyone who has completed training A, ignoring B entirely. What is missing?",The removal of those who have completed B,The addition of those who have completed B,The overlap between those who completed A and those who completed B,The complement of the staff who completed A,A,The removal of those who have completed B,"The query answers only the first half of the requirement. Adding B or returning the overlap would move the result further from what was asked, not closer.",AUTHORED,
GB_ST_036,SET_THEORY,ST_C06_ERRORS,ST_F12_THE_WRONG_OPERATION_STILL_PRODUCES_AN_ANSWER,ST_FAM12_OPERATION_MISCHOICE_DIAGNOSIS,ST_RG_ERRORS,D4,ANALYZE,mcq_single,"A requirement asks for accounts that are active and verified. The query returns accounts that are active or verified. On the sample data every verified account happened to be active as well, so the two queries returned the same rows and nobody noticed. What is wrong?",Nothing is wrong; the two queries returned the same rows,The requirement should have asked for either condition rather than both,"The wrong operation was used, and it will include active but unverified accounts as soon as one exists",The sample data is invalid and should be replaced,C,"The wrong operation was used, and it will include active but unverified accounts as soon as one exists","Agreement on one sample is not equivalence. The sample happened to contain no account that distinguishes the two queries, which is why the fault reached production intact.",AUTHORED,
GB_ST_037,SET_THEORY,ST_C07_GENERALITY,ST_F13_ONE_COUNTEREXAMPLE_SETTLES_A_UNIVERSAL_CLAIM,ST_FAM13_UNIVERSAL_CLAIM_TEST,ST_RG_GENERALITY,D3,ANALYZE,mcq_single,"Someone claims that for all collections A and B, removing B from A gives the same result as removing A from B. What would settle the claim?",Several pairs for which the two results agree,A single pair for which the two results differ,A demonstration that it holds whenever A and B share no members,Checking that it holds when A and B are the same collection,B,A single pair for which the two results differ,"One failing case is enough to refute a claim about all pairs, and no number of successes establishes one. The two suggested special cases are exactly where the claim does hold, which is why testing only there proves nothing.",AUTHORED,
GB_ST_038,SET_THEORY,ST_C07_GENERALITY,ST_F13_ONE_COUNTEREXAMPLE_SETTLES_A_UNIVERSAL_CLAIM,ST_FAM13_UNIVERSAL_CLAIM_TEST,ST_RG_GENERALITY,D4,ANALYZE,mcq_single,"Someone claims that for all collections A and B, putting them together always yields more members than A has. Taking B to be contained in A leaves the combination equal to A, which has exactly as many members as A rather than more. Is the claim true?","Yes, because combining can only ever add members","Yes, unless B happens to be empty",It cannot be decided without knowing the sizes of A and B,"No, and that case refutes it",D,"No, and that case refutes it","The empty B is one such case but far from the only one; any B already inside A does the same. Combining never loses members, which is a weaker claim and a true one.",AUTHORED,
GB_ST_039,SET_THEORY,ST_C07_GENERALITY,ST_F13_ONE_COUNTEREXAMPLE_SETTLES_A_UNIVERSAL_CLAIM,ST_FAM13_UNIVERSAL_CLAIM_TEST,ST_RG_GENERALITY,D5,ANALYZE,mcq_single,"A student tests the claim that two collections always share at least one member by trying twenty pairs, and it holds every time. Every pair they chose shared at least one member already, and the claim concerns all pairs including those that share none. What has the testing established?","Nothing about the claim, because the cases that could refute it were never tried","That the claim is true, since twenty pairs is a reasonable sample",That the claim holds for collections of the sizes tested,"That the claim is probably true, though not proven",A,"Nothing about the claim, because the cases that could refute it were never tried",The sample was drawn from the cases the claim gets right. Testing that does not weakly support the claim — it carries no information about it at all.,AUTHORED,
GB_ST_040,SET_THEORY,ST_C07_GENERALITY,ST_F13_ONE_COUNTEREXAMPLE_SETTLES_A_UNIVERSAL_CLAIM,ST_FAM13_UNIVERSAL_CLAIM_TEST,ST_RG_GENERALITY,D5,ANALYZE,mcq_single,"A claim states that whenever every member of A is also in B, A must have fewer members than B. A team wants to rely on it. The case where A and B contain exactly the same members satisfies the condition and makes the two counts equal rather than one smaller. Can the claim be relied on?","Yes, since containment always leaves something out","Yes, provided neither collection is empty","No, because equal collections satisfy the condition and refute the conclusion",It depends on how the two collections are stored,C,"No, because equal collections satisfy the condition and refute the conclusion","Containment allows equality, and the claim quietly assumes it does not. The repair is to say fewer than or equal to, which is true and is what containment actually gives.",AUTHORED,
GB_ST_041,SET_THEORY,ST_C07_GENERALITY,ST_F13_ONE_COUNTEREXAMPLE_SETTLES_A_UNIVERSAL_CLAIM,ST_FAM13_UNIVERSAL_CLAIM_TEST,ST_RG_GENERALITY,D5,ANALYZE,mcq_single,"A claim states that taking the complement of a collection twice returns the original. A student objects that this fails for the empty collection. The empty collection has everything under discussion as its complement, and the complement of everything under discussion is empty again, which is where the student started. Is the objection correct?","Yes, the empty collection is the one exception","No, the claim holds for the empty collection as well","Yes, because the empty collection has no complement","The claim is false, but for a different reason",B,"No, the claim holds for the empty collection as well","The empty case is worth checking and it passes. A claim about all collections is refuted by an example that fails, and this one does not fail.",AUTHORED,
GB_ST_042,SET_THEORY,ST_C07_GENERALITY,ST_F14_A_REQUIREMENT_TRANSLATES_TO_ONE_EXPRESSION,ST_FAM14_REQUIREMENT_TO_EXPRESSION,ST_RG_GENERALITY,D4,EVALUATE,mcq_single,"A bursary is for students who are in their first year and are not receiving another scholarship. First-year students who already hold a scholarship must be excluded, and students in later years must be excluded whether or not they hold one. Which expression selects the right group?","First-year students, together with those not receiving another scholarship",Everyone not receiving another scholarship,"First-year students, together with those receiving another scholarship","First-year students, with those receiving another scholarship removed",D,"First-year students, with those receiving another scholarship removed",Starting from first-year students and removing the scholarship holders meets both conditions. Combining the two groups instead admits every later-year student who holds no scholarship.,AUTHORED,
GB_ST_043,SET_THEORY,ST_C07_GENERALITY,ST_F14_A_REQUIREMENT_TRANSLATES_TO_ONE_EXPRESSION,ST_FAM14_REQUIREMENT_TO_EXPRESSION,ST_RG_GENERALITY,D5,EVALUATE,mcq_single,"A discount applies to customers who hold a membership or a voucher, but not to those who hold both. Customers holding both must be excluded even though each condition taken on its own would admit them. Which expression selects the right group?","Everyone in either group, with those in both removed",Everyone in either group,Only those in both groups,"Members, with voucher holders removed",A,"Everyone in either group, with those in both removed","Each condition alone admits the both-holders, so neither can be used unmodified. Combining the two groups and then removing the overlap is the only one of these that excludes exactly them.",AUTHORED,
GB_ST_044,SET_THEORY,ST_C07_GENERALITY,ST_F14_A_REQUIREMENT_TRANSLATES_TO_ONE_EXPRESSION,ST_FAM14_REQUIREMENT_TO_EXPRESSION,ST_RG_GENERALITY,D5,EVALUATE,mcq_single,"An alert should fire for servers that are unreachable and not already under maintenance. A server under maintenance must never alert, and a reachable server must never alert regardless of its maintenance state. Which expression selects the servers to alert on?","Unreachable servers, together with those under maintenance",Every server not under maintenance,"Unreachable servers, with those under maintenance removed","Unreachable servers, with the reachable ones removed",C,"Unreachable servers, with those under maintenance removed","Both conditions must hold of the same server, so one group is taken and the other removed from it. Alerting on everything not under maintenance would page for every healthy server in the estate.",AUTHORED,
GB_ST_045,SET_THEORY,ST_C07_GENERALITY,ST_F14_A_REQUIREMENT_TRANSLATES_TO_ONE_EXPRESSION,ST_FAM14_REQUIREMENT_TO_EXPRESSION,ST_RG_GENERALITY,D5,EVALUATE,mcq_single,"A list must contain everyone in group A except those who are in B and C at the same time. Someone in B but not C must remain on the list, and someone in both B and C must be removed. Which expression is correct?","A, with everyone in B or C removed","A, with the people who are in both B and C removed","A, with everyone in B removed and then everyone in C removed","The people who are in all three of A, B and C",B,"A, with the people who are in both B and C removed","Only the overlap of B and C is excluded, so someone in B alone survives. Removing B and then C, or removing everyone in either, takes out far more than the requirement asks for — and those two do the same thing as each other.",AUTHORED,
GB_ST_046,SET_THEORY,ST_C07_GENERALITY,ST_F14_A_REQUIREMENT_TRANSLATES_TO_ONE_EXPRESSION,ST_FAM14_REQUIREMENT_TO_EXPRESSION,ST_RG_GENERALITY,D5,EVALUATE,mcq_single,"A requirement can be written as A with everyone in either B or C removed, or as A with B removed and then C removed. The two select exactly the same members, and one will be read once by a reviewer while the other will be maintained by a team for years. What should decide between them?","The first, because performing fewer removals is always faster","The second, because removing one group at a time is always clearer",Neither; a requirement with two exclusions should be split into two separate lists,"Either is correct, so the choice turns on which states the requirement more plainly to a future reader",D,"Either is correct, so the choice turns on which states the requirement more plainly to a future reader","Correctness does not separate them, so nothing about the mathematics can settle it. Claiming one is always faster or always clearer replaces a judgement about this requirement with a rule that does not hold generally.",AUTHORED,
GB_ST_047,SET_THEORY,ST_C05_APPLIED,ST_F15_UNFAMILIAR_SITUATIONS_HAVE_SET_STRUCTURE,ST_FAM15_SET_MODEL_TRANSFER,ST_RG_APPLIED,D4,EVALUATE,mcq_single,"A shop knows how many customers bought online and how many bought in person this month, and how many did both. It wants the number who used only one of the two channels. The customers who did both are counted in each channel total, and must be left out of the answer entirely. How is the answer found?",Add the two channel totals and subtract twice the number who used both,Add the two channel totals and subtract the number who used both,Add the two channel totals,Subtract the number who used both from the larger channel total,A,Add the two channel totals and subtract twice the number who used both,"Subtracting the both-customers once would merely stop counting them twice and would still leave them in. Subtracting twice removes the copy in each total, which takes them out altogether.",AUTHORED,
GB_ST_048,SET_THEORY,ST_C05_APPLIED,ST_F15_UNFAMILIAR_SITUATIONS_HAVE_SET_STRUCTURE,ST_FAM15_SET_MODEL_TRANSFER,ST_RG_APPLIED,D5,EVALUATE,mcq_single,A library has a record of which readers borrowed fiction last year and which borrowed non-fiction. A report is wanted on readers who tried fiction and never tried non-fiction. Readers who borrowed both belong in neither this report nor its non-fiction counterpart. How should the two records be combined?,Combine the two lists of borrowers and remove the duplicates,Take the readers who appear in both lists,Take the fiction borrowers and remove every one of them who also appears among the non-fiction borrowers,Take the non-fiction borrowers and remove the fiction borrowers,C,Take the fiction borrowers and remove every one of them who also appears among the non-fiction borrowers,"The report is about one group with part of it taken away, and the direction matters: the last option produces the counterpart report rather than this one.",AUTHORED,
GB_ST_049,SET_THEORY,ST_C05_APPLIED,ST_F15_UNFAMILIAR_SITUATIONS_HAVE_SET_STRUCTURE,ST_FAM15_SET_MODEL_TRANSFER,ST_RG_APPLIED,D5,EVALUATE,mcq_single,"A team counts the students who attended at least one of two workshops by adding the two registers and subtracting those on both. This year everyone who attended the first workshop also attended the second, so the number on both registers equals the whole of the first register. What does the calculation give?",Twice the number on the second register,"The number on the second register, which is the right answer","Zero, because everything cancels","A number smaller than the second register, which would be wrong",B,"The number on the second register, which is the right answer","The first register is added and then subtracted again in full, leaving the second. The method has not broken in this special case; it has quietly done the right thing.",AUTHORED,
GB_ST_050,SET_THEORY,ST_C05_APPLIED,ST_F15_UNFAMILIAR_SITUATIONS_HAVE_SET_STRUCTURE,ST_FAM15_SET_MODEL_TRANSFER,ST_RG_APPLIED,D5,EVALUATE,mcq_single,"A festival needs the people who bought a ticket for Saturday but not for Sunday. The two ticket lists overlap, and someone appearing on both must not be in the answer even though they do appear on the Saturday list. Which combination gives the answer?",The Saturday list and the Sunday list combined,The people appearing on both lists,"The Sunday list, with everyone on the Saturday list removed","The Saturday list, with everyone who also appears on the Sunday list removed",D,"The Saturday list, with everyone who also appears on the Sunday list removed","Appearing on the Saturday list is necessary but not sufficient, so the Sunday names are taken out of it. Reversing the two produces the people who came on Sunday only, which is a different group with no members in common.",AUTHORED,
