questionId,sourceType,sourceId,skillKey,skillName,prompt,optionA,optionB,optionC,optionD,correctOption,correctAnswerText,difficulty,difficultyWord,difficultyNumeric,factKeys,tags,active,contribution,questionType,marks,subject,description,explanation,codeSnippet,expectedOutput,source
b117f9c1e0dbc3339284e344,question,b117f9c1e0dbc3339284e344,APTITUDE_DATA_INTERPRETATION,Data Interpretation,A bag has 3 red and 2 blue balls. Probability of red?,2/5,3/5,1/5,5/3,B,3/5,medium,medium,,,Probability & Statistics | Probability Central Tendency | Core,,PRIMARY,mcq_single,1,Quantitative & Mathematical Foundation,Correct statistical result/concept: 3/5.,Correct statistical result/concept: 3/5.,,,question-bank-xlsx
b017f82e7f133ce49284450d,question,b017f82e7f133ce49284450d,APTITUDE_DATA_INTERPRETATION,Data Interpretation,"For values 10,20,30,40, what is the range?",10,20,30,40,C,30,medium,medium,,,Probability & Statistics | Probability Central Tendency | Core,,PRIMARY,mcq_single,1,Quantitative & Mathematical Foundation,Correct statistical result/concept: 30.,Correct statistical result/concept: 30.,,,question-bank-xlsx
b317fce71d4ab6959283a6d6,question,b317fce71d4ab6959283a6d6,APTITUDE_DATA_INTERPRETATION,Data Interpretation,"If all values in a dataset are identical, the range is…",0,1,the same as mean,undefined,A,0,medium,medium,,,Probability & Statistics | Probability Central Tendency | Core,,PRIMARY,mcq_single,1,Quantitative & Mathematical Foundation,Correct statistical result/concept: 0.,Correct statistical result/concept: 0.,,,question-bank-xlsx
b217fb54bb8230469283089f,question,b217fb54bb8230469283089f,APTITUDE_DATA_INTERPRETATION,Data Interpretation,Which measure is most directly affected by an extremely large outlier?,Mean,Median,Mode only,Count,A,Mean,medium,medium,,,Probability & Statistics | Probability Central Tendency | Core,,PRIMARY,mcq_single,1,Quantitative & Mathematical Foundation,Correct statistical result/concept: Mean.,Correct statistical result/concept: Mean.,,,question-bank-xlsx
8d81867af1a8c67ab5bef9f7,question,8d81867af1a8c67ab5bef9f7,APTITUDE_DATA_INTERPRETATION,Data Interpretation,"Marks: A=70, B=85, C=60, D=90. Who scored highest?",A,B,C,D,D,D,easy,easy,,,Tables | Read and Compare Tables | Core,,PRIMARY,mcq_single,1,Data Interpretation,Reading/calculating the values gives D.,Reading/calculating the values gives D.,,,question-bank-xlsx
8e81880d8fe0402bb5c702c2,question,8e81880d8fe0402bb5c702c2,APTITUDE_DATA_INTERPRETATION,Data Interpretation,"Attendance: A=80%, B=75%, C=92%, D=88%. Lowest?",A,B,C,D,B,B,easy,easy,,,Tables | Read and Compare Tables | Core,,PRIMARY,mcq_single,1,Data Interpretation,Reading/calculating the values gives B.,Reading/calculating the values gives B.,,,question-bank-xlsx
7f8170702e17b9dcb5c7a0f9,question,7f8170702e17b9dcb5c7a0f9,APTITUDE_DATA_INTERPRETATION,Data Interpretation,"Sales: Mon=10,Tue=15,Wed=12. Total?",25,27,37,45,C,37,easy,easy,,,Tables | Read and Compare Tables | Core,,PRIMARY,mcq_single,1,Data Interpretation,Reading/calculating the values gives 37.,Reading/calculating the values gives 37.,,,question-bank-xlsx
80817203cc4f338db5c5c654,question,80817203cc4f338db5c5c654,APTITUDE_DATA_INTERPRETATION,Data Interpretation,"Scores: X=40,Y=55,Z=50. Difference between highest and lowest?",5,10,15,95,C,15,easy,easy,,,Tables | Read and Compare Tables | Core,,PRIMARY,mcq_single,1,Data Interpretation,Reading/calculating the values gives 15.,Reading/calculating the values gives 15.,,,question-bank-xlsx
f988ec433c42b8b553aa6782,question,f988ec433c42b8b553aa6782,APTITUDE_DATA_INTERPRETATION,Data Interpretation,"Hours: P=2,Q=4,R=3,S=5. Average?",3,3.5,4,14,B,3.5,easy,easy,,,Tables | Read and Compare Tables | Core,,PRIMARY,mcq_single,1,Data Interpretation,Reading/calculating the values gives 3.5.,Reading/calculating the values gives 3.5.,,,question-bank-xlsx
f888eab0da7a326653a9c94b,question,f888eab0da7a326653a9c94b,APTITUDE_DATA_INTERPRETATION,Data Interpretation,"Tickets: Open=12, Closed=28. Total?",16,28,40,336,C,40,easy,easy,,,Tables | Read and Compare Tables | Core,,PRIMARY,mcq_single,1,Data Interpretation,Reading/calculating the values gives 40.,Reading/calculating the values gives 40.,,,question-bank-xlsx
fb88ef6978b1ac1753a92b14,question,fb88ef6978b1ac1753a92b14,APTITUDE_DATA_INTERPRETATION,Data Interpretation,"Data: Jan=100, Feb=120, Mar=90. Which month highest?",January,February,March,Equal,B,February,easy,easy,,,Tables | Read and Compare Tables | Core,,PRIMARY,mcq_single,1,Data Interpretation,Reading/calculating the values gives February.,Reading/calculating the values gives February.,,,question-bank-xlsx
fa88edd616e925c853a88cdd,question,fa88edd616e925c853a88cdd,APTITUDE_DATA_INTERPRETATION,Data Interpretation,"Students: CSE=60,ECE=50,ME=40. How many more CSE than ME?",10,20,40,100,B,20,easy,easy,,,Tables | Read and Compare Tables | Core,,PRIMARY,mcq_single,1,Data Interpretation,Reading/calculating the values gives 20.,Reading/calculating the values gives 20.,,,question-bank-xlsx
fd88f28fb5209f7953a7eea6,question,fd88f28fb5209f7953a7eea6,APTITUDE_DATA_INTERPRETATION,Data Interpretation,"Bar values: Python 30, C 20, Java 25. Which is highest?",Python,C,Java,Equal,A,Python,medium,medium,,,Bar Charts | Compare Categories | Core,,PRIMARY,mcq_single,1,Data Interpretation,Chart values imply Python.,Chart values imply Python.,,,question-bank-xlsx
fc88f0fc5358192a53a7506f,question,fc88f0fc5358192a53a7506f,APTITUDE_DATA_INTERPRETATION,Data Interpretation,"Bar values: Week1 12, Week2 18, Week3 15. Increase W1→W2?",3,6,12,30,B,6,medium,medium,,,Bar Charts | Compare Categories | Core,,PRIMARY,mcq_single,1,Data Interpretation,Chart values imply 6.,Chart values imply 6.,,,question-bank-xlsx
ff88f5b5f18f92db53a6b238,question,ff88f5b5f18f92db53a6b238,APTITUDE_DATA_INTERPRETATION,Data Interpretation,"Bar values: A 40, B 50, C 30. Total?",80,90,120,150,C,120,medium,medium,,,Bar Charts | Compare Categories | Core,,PRIMARY,mcq_single,1,Data Interpretation,Chart values imply 120.,Chart values imply 120.,,,question-bank-xlsx
fe88f4228fc70c8c53a61401,question,fe88f4228fc70c8c53a61401,APTITUDE_DATA_INTERPRETATION,Data Interpretation,"Bar values: Red 10, Blue 20, Green 20. Which are tied highest?",Red and Blue,Blue and Green,Red and Green,All,B,Blue and Green,medium,medium,,,Bar Charts | Compare Categories | Core,,PRIMARY,mcq_single,1,Data Interpretation,Chart values imply Blue and Green.,Chart values imply Blue and Green.,,,question-bank-xlsx
0188f8db2dfe863d53a575ca,question,0188f8db2dfe863d53a575ca,APTITUDE_DATA_INTERPRETATION,Data Interpretation,"Bar values: Q1 100, Q2 125. Percentage increase?",20%,25%,30%,125%,B,25%,medium,medium,,,Bar Charts | Compare Categories | Core,,PRIMARY,mcq_single,1,Data Interpretation,Chart values imply 25%.,Chart values imply 25%.,,,question-bank-xlsx
0088f748cc35ffee53a4d793,question,0088f748cc35ffee53a4d793,APTITUDE_DATA_INTERPRETATION,Data Interpretation,"Trend values over 4 days: 10,12,15,18. Overall trend?",Increasing,Decreasing,Constant,Random only,A,Increasing,easy,easy,,,Line Charts | Trend Interpretation | Core,,PRIMARY,mcq_single,1,Data Interpretation,The values show increasing behavior.,The values show increasing behavior.,,,question-bank-xlsx
1386d69a3c298516f246967f,question,1386d69a3c298516f246967f,APTITUDE_DATA_INTERPRETATION,Data Interpretation,"Values: 20,18,16,14. Overall trend?",Increasing,Decreasing,Constant,Cannot tell,B,Decreasing,easy,easy,,,Line Charts | Trend Interpretation | Core,,PRIMARY,mcq_single,1,Data Interpretation,The values show decreasing behavior.,The values show decreasing behavior.,,,question-bank-xlsx
1486d82dda60fec7f24734b6,question,1486d82dda60fec7f24734b6,APTITUDE_DATA_INTERPRETATION,Data Interpretation,"Traffic: Mon=100,Tue=150,Wed=120. Peak day?",Monday,Tuesday,Wednesday,Equal,B,Tuesday,easy,easy,,,Line Charts | Trend Interpretation | Core,,PRIMARY,mcq_single,1,Data Interpretation,The values show tuesday behavior.,The values show tuesday behavior.,,,question-bank-xlsx
1186d37478987878f247d2ed,question,1186d37478987878f247d2ed,APTITUDE_DATA_INTERPRETATION,Data Interpretation,"Temperature: 30,30,30,30. Trend?",Increasing,Decreasing,Constant,Oscillating,C,Constant,easy,easy,,,Line Charts | Trend Interpretation | Core,,PRIMARY,mcq_single,1,Data Interpretation,The values show constant behavior.,The values show constant behavior.,,,question-bank-xlsx
1286d50716cff229f2487124,question,1286d50716cff229f2487124,APTITUDE_DATA_INTERPRETATION,Data Interpretation,"Dataset 65,70,75,80,95. Highest?",65,75,80,95,D,95,medium,medium,,,Basic Data Reasoning | Summary and Data Handling | Core,,PRIMARY,mcq_single,1,Data Interpretation,Correct interpretation: 95.,Correct interpretation: 95.,,,question-bank-xlsx
0f86d04eb5076bdaf2490f5b,question,0f86d04eb5076bdaf2490f5b,APTITUDE_DATA_INTERPRETATION,Data Interpretation,"Dataset 65,70,75,80,95. Lowest?",65,70,80,95,A,65,medium,medium,,,Basic Data Reasoning | Summary and Data Handling | Core,,PRIMARY,mcq_single,1,Data Interpretation,Correct interpretation: 65.,Correct interpretation: 65.,,,question-bank-xlsx
1086d1e1533ee58bf249ad92,question,1086d1e1533ee58bf249ad92,APTITUDE_DATA_INTERPRETATION,Data Interpretation,"Dataset 10,20,30,40. Average?",20,25,30,100,B,25,medium,medium,,,Basic Data Reasoning | Summary and Data Handling | Core,,PRIMARY,mcq_single,1,Data Interpretation,Correct interpretation: 25.,Correct interpretation: 25.,,,question-bank-xlsx
0d86cd28f1765f3cf24a4bc9,question,0d86cd28f1765f3cf24a4bc9,APTITUDE_DATA_INTERPRETATION,Data Interpretation,"Dataset 4,8,12,16. Range?",4,8,12,16,C,12,medium,medium,,,Basic Data Reasoning | Summary and Data Handling | Core,,PRIMARY,mcq_single,1,Data Interpretation,Correct interpretation: 12.,Correct interpretation: 12.,,,question-bank-xlsx
0e86cebb8fadd8edf2410690,question,0e86cebb8fadd8edf2410690,APTITUDE_DATA_INTERPRETATION,Data Interpretation,"Dataset 1,1,2,3,3,3. Mode?",1,2,3,13,C,3,medium,medium,,,Basic Data Reasoning | Summary and Data Handling | Core,,PRIMARY,mcq_single,1,Data Interpretation,Correct interpretation: 3.,Correct interpretation: 3.,,,question-bank-xlsx
0b86ca022de5529ef241a4c7,question,0b86ca022de5529ef241a4c7,APTITUDE_DATA_INTERPRETATION,Data Interpretation,"If every value doubles, what happens to the mean?",It halves,It doubles,It stays same,It becomes zero,B,It doubles,medium,medium,,,Basic Data Reasoning | Summary and Data Handling | Core,,PRIMARY,mcq_single,1,Data Interpretation,Correct interpretation: It doubles.,Correct interpretation: It doubles.,,,question-bank-xlsx
0c86cb95cc1ccc4ff24242fe,question,0c86cb95cc1ccc4ff24242fe,APTITUDE_DATA_INTERPRETATION,Data Interpretation,"If one value is missing from a table, what is safest?",Guess a value,Mark/verify the missing value rather than inventing it,Delete the table,Use zero always,B,Mark/verify the missing value rather than inventing it,medium,medium,,,Basic Data Reasoning | Summary and Data Handling | Core,,PRIMARY,mcq_single,1,Data Interpretation,Correct interpretation: Mark/verify the missing value rather than inventing it.,Correct interpretation: Mark/verify the missing value rather than inventing it.,,,question-bank-xlsx
858e45d53c1051779ebce8c8,question,858e45d53c1051779ebce8c8,APTITUDE_DATA_INTERPRETATION,Data Interpretation,"Ages: 18,19,18,250,19. Which value most likely needs verification?",18,19,250,All equally,C,250,medium,medium,,,Data Quality | Missing Invalid Duplicate Data | Core,,PRIMARY,mcq_single,1,Data Interpretation,Correct data-quality interpretation: 250.,Correct data-quality interpretation: 250.,,,question-bank-xlsx
848e4442da47cb289ebec36d,question,848e4442da47cb289ebec36d,APTITUDE_DATA_INTERPRETATION,Data Interpretation,Marks should be 0-100. Value 135 appears. Best action?,Accept automatically,Verify/correct the value,Multiply all marks,Delete course,B,Verify/correct the value,medium,medium,,,Data Quality | Missing Invalid Duplicate Data | Core,,PRIMARY,mcq_single,1,Data Interpretation,Correct data-quality interpretation: Verify/correct the value.,Correct data-quality interpretation: Verify/correct the value.,,,question-bank-xlsx
838e42af787f44d99ebe2536,question,838e42af787f44d99ebe2536,APTITUDE_DATA_INTERPRETATION,Data Interpretation,A required name field is blank. This is an example of…,perfect data,missing data,binary data only,a CPU error,B,missing data,medium,medium,,,Data Quality | Missing Invalid Duplicate Data | Core,,PRIMARY,mcq_single,1,Data Interpretation,Correct data-quality interpretation: missing data.,Correct data-quality interpretation: missing data.,,,question-bank-xlsx
828e411c16b6be8a9ebfffdb,question,828e411c16b6be8a9ebfffdb,APTITUDE_DATA_INTERPRETATION,Data Interpretation,The same student record appears twice. This is…,missing data,duplicate data,encryption,sorting,B,duplicate data,medium,medium,,,Data Quality | Missing Invalid Duplicate Data | Core,,PRIMARY,mcq_single,1,Data Interpretation,Correct data-quality interpretation: duplicate data.,Correct data-quality interpretation: duplicate data.,,,question-bank-xlsx
818e3f89b4ee383b9ebf61a4,question,818e3f89b4ee383b9ebf61a4,APTITUDE_DATA_INTERPRETATION,Data Interpretation,Two dates use formats 08/09/2026 and 2026-09-08. Main issue?,too much RAM,inconsistent formatting,wrong CPU,no internet,B,inconsistent formatting,medium,medium,,,Data Quality | Missing Invalid Duplicate Data | Core,,PRIMARY,mcq_single,1,Data Interpretation,Correct data-quality interpretation: inconsistent formatting.,Correct data-quality interpretation: inconsistent formatting.,,,question-bank-xlsx
808e3df65325b1ec9ec13c49,question,808e3df65325b1ec9ec13c49,APTITUDE_DATA_INTERPRETATION,Data Interpretation,Why validate data before analysis?,Validation makes data random,Errors can lead to misleading conclusions,It deletes all data,It removes need for logic,B,Errors can lead to misleading conclusions,medium,medium,,,Data Quality | Missing Invalid Duplicate Data | Core,,PRIMARY,mcq_single,1,Data Interpretation,Correct data-quality interpretation: Errors can lead to misleading conclusions.,Correct data-quality interpretation: Errors can lead to misleading conclusions.,,,question-bank-xlsx
c68a76ee8d50b36a9d91b37d,question,c68a76ee8d50b36a9d91b37d,APTITUDE_DATA_INTERPRETATION,Data Interpretation,What is 18 + 7?,25,23,27,35,A,25,easy,easy,,,Basic Arithmetic | Arithmetic Operations | Core,,PRIMARY,mcq_single,1,Quantitative & Mathematical Foundation,Applying arithmetic rules gives 25.,Applying arithmetic rules gives 25.,,,question-bank-xlsx
c78a78812b882d1b9d8d5ffc,question,c78a78812b882d1b9d8d5ffc,APTITUDE_DATA_INTERPRETATION,Data Interpretation,What is 42 - 17?,15,25,29,59,B,25,easy,easy,,,Basic Arithmetic | Arithmetic Operations | Core,,PRIMARY,mcq_single,1,Quantitative & Mathematical Foundation,Applying arithmetic rules gives 25.,Applying arithmetic rules gives 25.,,,question-bank-xlsx
c08a6d7cc9bfa6cc9d8dfe33,question,c08a6d7cc9bfa6cc9d8dfe33,APTITUDE_DATA_INTERPRETATION,Data Interpretation,What is 8 × 9?,17,64,72,81,C,72,easy,easy,,,Basic Arithmetic | Arithmetic Operations | Core,,PRIMARY,mcq_single,1,Quantitative & Mathematical Foundation,Applying arithmetic rules gives 72.,Applying arithmetic rules gives 72.,,,question-bank-xlsx
c18a6f0f67f7207d9d8e9c6a,question,c18a6f0f67f7207d9d8e9c6a,APTITUDE_DATA_INTERPRETATION,Data Interpretation,What is 84 ÷ 7?,7,12,14,21,B,12,easy,easy,,,Basic Arithmetic | Arithmetic Operations | Core,,PRIMARY,mcq_single,1,Quantitative & Mathematical Foundation,Applying arithmetic rules gives 12.,Applying arithmetic rules gives 12.,,,question-bank-xlsx
ce8cc21dd7eaa5a5ff0a87ce,question,ce8cc21dd7eaa5a5ff0a87ce,APTITUDE_DATA_INTERPRETATION,Data Interpretation,What is 3/4 as a decimal?,0.25,0.5,0.75,1.25,C,0.75,easy,easy,,,Basic Arithmetic | Arithmetic Operations | Core,,PRIMARY,mcq_single,1,Quantitative & Mathematical Foundation,Applying arithmetic rules gives 0.75.,Applying arithmetic rules gives 0.75.,,,question-bank-xlsx
cd8cc08a76221f56ff09e997,question,cd8cc08a76221f56ff09e997,APTITUDE_DATA_INTERPRETATION,Data Interpretation,What is 5 + (-2)?,-7,-3,3,7,C,3,easy,easy,,,Basic Arithmetic | Arithmetic Operations | Core,,PRIMARY,mcq_single,1,Quantitative & Mathematical Foundation,Applying arithmetic rules gives 3.,Applying arithmetic rules gives 3.,,,question-bank-xlsx
cc8cbef714599907ff094b60,question,cc8cbef714599907ff094b60,APTITUDE_DATA_INTERPRETATION,Data Interpretation,"Using normal order of operations, what is 6 + 2 × 2?",8,10,16,20,B,10,easy,easy,,,Basic Arithmetic | Arithmetic Operations | Core,,PRIMARY,mcq_single,1,Quantitative & Mathematical Foundation,Applying arithmetic rules gives 10.,Applying arithmetic rules gives 10.,,,question-bank-xlsx
cb8cbd64b29112b8ff0d9ee1,question,cb8cbd64b29112b8ff0d9ee1,APTITUDE_DATA_INTERPRETATION,Data Interpretation,What is (15 - 5) × 2?,5,10,20,30,C,20,easy,easy,,,Basic Arithmetic | Arithmetic Operations | Core,,PRIMARY,mcq_single,1,Quantitative & Mathematical Foundation,Applying arithmetic rules gives 20.,Applying arithmetic rules gives 20.,,,question-bank-xlsx
ca8cbbd150c88c69ff0d00aa,question,ca8cbbd150c88c69ff0d00aa,APTITUDE_DATA_INTERPRETATION,Data Interpretation,What is 10% of 200?,10,30,200,20,D,20,medium,medium,,,Percentages | Percentage Calculation | Core,,PRIMARY,mcq_single,1,Quantitative & Mathematical Foundation,200 × 10/100 = 20.,200 × 10/100 = 20.,,,question-bank-xlsx
c98cba3eef00061aff0c6273,question,c98cba3eef00061aff0c6273,APTITUDE_DATA_INTERPRETATION,Data Interpretation,What is 20% of 450?,450,80,90,100,C,90,medium,medium,,,Percentages | Percentage Calculation | Core,,PRIMARY,mcq_single,1,Quantitative & Mathematical Foundation,450 × 20/100 = 90.,450 × 20/100 = 90.,,,question-bank-xlsx
c88cb8ab8d377fcbff0bc43c,question,c88cb8ab8d377fcbff0bc43c,APTITUDE_DATA_INTERPRETATION,Data Interpretation,What is 25% of 80?,30,80,10,20,D,20,medium,medium,,,Percentages | Percentage Calculation | Core,,PRIMARY,mcq_single,1,Quantitative & Mathematical Foundation,80 × 25/100 = 20.,80 × 25/100 = 20.,,,question-bank-xlsx
c78cb7182b6ef97cff1017bd,question,c78cb7182b6ef97cff1017bd,APTITUDE_DATA_INTERPRETATION,Data Interpretation,What is 15% of 1200?,190,170,180,1200,C,180,medium,medium,,,Percentages | Percentage Calculation | Core,,PRIMARY,mcq_single,1,Quantitative & Mathematical Foundation,1200 × 15/100 = 180.,1200 × 15/100 = 180.,,,question-bank-xlsx
c68cb585c9a6732dff0f7986,question,c68cb585c9a6732dff0f7986,APTITUDE_DATA_INTERPRETATION,Data Interpretation,What is 50% of 60?,40,20,60,30,D,30,medium,medium,,,Percentages | Percentage Calculation | Core,,PRIMARY,mcq_single,1,Quantitative & Mathematical Foundation,60 × 50/100 = 30.,60 × 50/100 = 30.,,,question-bank-xlsx
c58cb3f267ddecdeff0edb4f,question,c58cb3f267ddecdeff0edb4f,APTITUDE_DATA_INTERPRETATION,Data Interpretation,What is 8% of 250?,30,250,10,20,D,20,medium,medium,,,Percentages | Percentage Calculation | Core,,PRIMARY,mcq_single,1,Quantitative & Mathematical Foundation,250 × 8/100 = 20.,250 × 8/100 = 20.,,,question-bank-xlsx
348fa146d7d172066136966d,question,348fa146d7d172066136966d,APTITUDE_DATA_INTERPRETATION,Data Interpretation,What is 30% of 90?,17,37,27,90,C,27,medium,medium,,,Percentages | Percentage Calculation | Core,,PRIMARY,mcq_single,1,Quantitative & Mathematical Foundation,90 × 30/100 = 27.,90 × 30/100 = 27.,,,question-bank-xlsx
358fa2d97608ebb76134bbc8,question,358fa2d97608ebb76134bbc8,APTITUDE_DATA_INTERPRETATION,Data Interpretation,"If the ratio is 2:3 and the first quantity is 10, what should the second quantity be?",18,10,15,12,C,15,medium,medium,,,Ratios & Proportions | Direct Proportion | Core,,PRIMARY,mcq_single,1,Quantitative & Mathematical Foundation,Scale both sides of 2:3 by the same factor; the second quantity is 15.,Scale both sides of 2:3 by the same factor; the second quantity is 15.,,,question-bank-xlsx
328f9e2014406568613559ff,question,328f9e2014406568613559ff,APTITUDE_DATA_INTERPRETATION,Data Interpretation,"If the ratio is 3:5 and the first quantity is 12, what should the second quantity be?",20,15,25,12,A,20,medium,medium,,,Ratios & Proportions | Direct Proportion | Core,,PRIMARY,mcq_single,1,Quantitative & Mathematical Foundation,Scale both sides of 3:5 by the same factor; the second quantity is 20.,Scale both sides of 3:5 by the same factor; the second quantity is 20.,,,question-bank-xlsx
338f9fb3b277df1961387112,question,338f9fb3b277df1961387112,APTITUDE_DATA_INTERPRETATION,Data Interpretation,"If the ratio is 4:7 and the first quantity is 8, what should the second quantity be?",7,8,14,21,C,14,medium,medium,,,Ratios & Proportions | Direct Proportion | Core,,PRIMARY,mcq_single,1,Quantitative & Mathematical Foundation,Scale both sides of 4:7 by the same factor; the second quantity is 14.,Scale both sides of 4:7 by the same factor; the second quantity is 14.,,,question-bank-xlsx
388fa79250af58ca61390f49,question,388fa79250af58ca61390f49,APTITUDE_DATA_INTERPRETATION,Data Interpretation,"If the ratio is 5:2 and the first quantity is 25, what should the second quantity be?",8,12,25,10,D,10,medium,medium,,,Ratios & Proportions | Direct Proportion | Core,,PRIMARY,mcq_single,1,Quantitative & Mathematical Foundation,Scale both sides of 5:2 by the same factor; the second quantity is 10.,Scale both sides of 5:2 by the same factor; the second quantity is 10.,,,question-bank-xlsx
398fa925eee6d27b613734a4,question,398fa925eee6d27b613734a4,APTITUDE_DATA_INTERPRETATION,Data Interpretation,"If the ratio is 1:4 and the first quantity is 6, what should the second quantity be?",6,20,28,24,D,24,medium,medium,,,Ratios & Proportions | Direct Proportion | Core,,PRIMARY,mcq_single,1,Quantitative & Mathematical Foundation,Scale both sides of 1:4 by the same factor; the second quantity is 24.,Scale both sides of 1:4 by the same factor; the second quantity is 24.,,,question-bank-xlsx
368fa46c8d1e4c2c6137d2db,question,368fa46c8d1e4c2c6137d2db,APTITUDE_DATA_INTERPRETATION,Data Interpretation,"If the ratio is 7:3 and the first quantity is 21, what should the second quantity be?",21,12,9,6,C,9,medium,medium,,,Ratios & Proportions | Direct Proportion | Core,,PRIMARY,mcq_single,1,Quantitative & Mathematical Foundation,Scale both sides of 7:3 by the same factor; the second quantity is 9.,Scale both sides of 7:3 by the same factor; the second quantity is 9.,,,question-bank-xlsx
378fa5ff2b55c5dd6131067e,question,378fa5ff2b55c5dd6131067e,APTITUDE_DATA_INTERPRETATION,Data Interpretation,"What is the average of 10, 20, 30?",15,60,25,20,D,20,medium,medium,,,Averages | Mean | Core,,PRIMARY,mcq_single,1,Quantitative & Mathematical Foundation,Average = 60 ÷ 3 = 20.,Average = 60 ÷ 3 = 20.,,,question-bank-xlsx
3c8faddec98d3f8e6131a4b5,question,3c8faddec98d3f8e6131a4b5,APTITUDE_DATA_INTERPRETATION,Data Interpretation,"What is the average of 15, 15, 30?",20,25,60,15,A,20,medium,medium,,,Averages | Mean | Core,,PRIMARY,mcq_single,1,Quantitative & Mathematical Foundation,Average = 60 ÷ 3 = 20.,Average = 60 ÷ 3 = 20.,,,question-bank-xlsx
3d8faf7167c4b93f612fca10,question,3d8faf7167c4b93f612fca10,APTITUDE_DATA_INTERPRETATION,Data Interpretation,"What is the average of 60, 70, 80, 90?",300,75,70,80,B,75,medium,medium,,,Averages | Mean | Core,,PRIMARY,mcq_single,1,Quantitative & Mathematical Foundation,Average = 300 ÷ 4 = 75.,Average = 300 ÷ 4 = 75.,,,question-bank-xlsx
3a91e94fd7b83e67c2ae2e50,question,3a91e94fd7b83e67c2ae2e50,APTITUDE_DATA_INTERPRETATION,Data Interpretation,"What is the average of 5, 7, 9, 11?",13,32,3,8,D,8,medium,medium,,,Averages | Mean | Core,,PRIMARY,mcq_single,1,Quantitative & Mathematical Foundation,Average = 32 ÷ 4 = 8.,Average = 32 ÷ 4 = 8.,,,question-bank-xlsx
3991e7bc75efb818c2b008f5,question,3991e7bc75efb818c2b008f5,APTITUDE_DATA_INTERPRETATION,Data Interpretation,"What is the average of 40, 50, 60, 70, 80?",65,300,60,55,C,60,medium,medium,,,Averages | Mean | Core,,PRIMARY,mcq_single,1,Quantitative & Mathematical Foundation,Average = 300 ÷ 5 = 60.,Average = 300 ÷ 5 = 60.,,,question-bank-xlsx
c89746078cd2b14f863a58a8,question,c89746078cd2b14f863a58a8,APTITUDE_DATA_INTERPRETATION,Data Interpretation,A fair coin is tossed once. Probability of heads?,0,1/4,1/2,1,C,1/2,easy,easy,,,Probability & Statistics | Probability Central Tendency | Core,,PRIMARY,mcq_single,1,Quantitative & Mathematical Foundation,Correct statistical result/concept: 1/2.,Correct statistical result/concept: 1/2.,,,question-bank-xlsx
c79744742b0a2b008639ba71,question,c79744742b0a2b008639ba71,APTITUDE_DATA_INTERPRETATION,Data Interpretation,A fair die is rolled. Probability of getting 3?,1/2,1/3,1/6,3/6,C,1/6,easy,easy,,,Probability & Statistics | Probability Central Tendency | Core,,PRIMARY,mcq_single,1,Quantitative & Mathematical Foundation,Correct statistical result/concept: 1/6.,Correct statistical result/concept: 1/6.,,,question-bank-xlsx
be973649c941a4b186391c3a,question,be973649c941a4b186391c3a,APTITUDE_DATA_INTERPRETATION,Data Interpretation,"What is the median of 2, 5, 9?",2,5,9,16,B,5,easy,easy,,,Probability & Statistics | Probability Central Tendency | Core,,PRIMARY,mcq_single,1,Quantitative & Mathematical Foundation,Correct statistical result/concept: 5.,Correct statistical result/concept: 5.,,,question-bank-xlsx
bd9734b667791e6286387e03,question,bd9734b667791e6286387e03,APTITUDE_DATA_INTERPRETATION,Data Interpretation,"What is the mode of 2,2,3,4?",2,3,4,11,A,2,easy,easy,,,Probability & Statistics | Probability Central Tendency | Core,,PRIMARY,mcq_single,1,Quantitative & Mathematical Foundation,Correct statistical result/concept: 2.,Correct statistical result/concept: 2.,,,question-bank-xlsx
af17f69ba46ccfd192861fb2,question,af17f69ba46ccfd192861fb2,APTITUDE_DATA_INTERPRETATION,Data Interpretation,"What is the mean of 4,6,8?",4,6,8,18,B,6,easy,easy,,,Probability & Statistics | Probability Central Tendency | Core,,PRIMARY,mcq_single,1,Quantitative & Mathematical Foundation,Correct statistical result/concept: 6.,Correct statistical result/concept: 6.,,,question-bank-xlsx
ae17f50842a449829285817b,question,ae17f50842a449829285817b,APTITUDE_DATA_INTERPRETATION,Data Interpretation,Which measure is the middle value after sorting?,Mean,Median,Mode,Range,B,Median,easy,easy,,,Probability & Statistics | Probability Central Tendency | Core,,PRIMARY,mcq_single,1,Quantitative & Mathematical Foundation,Correct statistical result/concept: Median.,Correct statistical result/concept: Median.,,,question-bank-xlsx
a1136363e0a95bf555b45962,question,a1136363e0a95bf555b45962,APTITUDE_REASONING_LOGIC,Reasoning: Logic Puzzles,Keyboard : Input :: Monitor : ?,Storage,Output,Network,Program,B,Output,easy,easy,,,Analogies | Relationship Matching | Core,,PRIMARY,mcq_single,1,Logical Reasoning,The same relationship gives Output.,The same relationship gives Output.,,,question-bank-xlsx
a01361d07ee0d5a655b1424f,question,a01361d07ee0d5a655b1424f,APTITUDE_REASONING_LOGIC,Reasoning: Logic Puzzles,Bird : Fly :: Fish : ?,Run,Swim,Read,Climb,B,Swim,easy,easy,,,Analogies | Relationship Matching | Core,,PRIMARY,mcq_single,1,Logical Reasoning,The same relationship gives Swim.,The same relationship gives Swim.,,,question-bank-xlsx
a7136cd51d184f5755b0a418,question,a7136cd51d184f5755b0a418,APTITUDE_REASONING_LOGIC,Reasoning: Logic Puzzles,Book : Read :: Song : ?,Write,Listen,Print,Measure,B,Listen,easy,easy,,,Analogies | Relationship Matching | Core,,PRIMARY,mcq_single,1,Logical Reasoning,The same relationship gives Listen.,The same relationship gives Listen.,,,question-bank-xlsx
a6136b42bb4fc90855b27ebd,question,a6136b42bb4fc90855b27ebd,APTITUDE_REASONING_LOGIC,Reasoning: Logic Puzzles,CPU : Processing :: SSD : ?,Input,Storage,Display,Typing,B,Storage,easy,easy,,,Analogies | Relationship Matching | Core,,PRIMARY,mcq_single,1,Logical Reasoning,The same relationship gives Storage.,The same relationship gives Storage.,,,question-bank-xlsx
a51369af598742b955b1e086,question,a51369af598742b955b1e086,APTITUDE_REASONING_LOGIC,Reasoning: Logic Puzzles,Password : Account :: Key : ?,Screen,Lock,Mouse,Folder,B,Lock,easy,easy,,,Analogies | Relationship Matching | Core,,PRIMARY,mcq_single,1,Logical Reasoning,The same relationship gives Lock.,The same relationship gives Lock.,,,question-bank-xlsx
a413681cf7bebc6a55aec973,question,a413681cf7bebc6a55aec973,APTITUDE_REASONING_LOGIC,Reasoning: Logic Puzzles,Algorithm : Steps :: Recipe : ?,Ingredients only,Instructions,Kitchen,Plate,B,Instructions,easy,easy,,,Analogies | Relationship Matching | Core,,PRIMARY,mcq_single,1,Logical Reasoning,The same relationship gives Instructions.,The same relationship gives Instructions.,,,question-bank-xlsx
ab13732195f6361b55ae2b3c,question,ab13732195f6361b55ae2b3c,APTITUDE_REASONING_LOGIC,Reasoning: Logic Puzzles,Which item belongs to a different category?,Keyboard,Mouse,Monitor,Python,D,Python,easy,easy,,,Classification | Odd One Out | Core,,PRIMARY,mcq_single,1,Logical Reasoning,Python differs by category/property.,Python differs by category/property.,,,question-bank-xlsx
aa13718e342dafcc55b005e1,question,aa13718e342dafcc55b005e1,APTITUDE_REASONING_LOGIC,Reasoning: Logic Puzzles,Which item belongs to a different category?,Apple,Banana,Mango,Carrot,D,Carrot,easy,easy,,,Classification | Odd One Out | Core,,PRIMARY,mcq_single,1,Logical Reasoning,Carrot differs by category/property.,Carrot differs by category/property.,,,question-bank-xlsx
1d105500a42134f4f4003071,question,1d105500a42134f4f4003071,APTITUDE_REASONING_LOGIC,Reasoning: Logic Puzzles,Which number is not prime?,2,3,5,9,D,9,easy,easy,,,Classification | Odd One Out | Core,,PRIMARY,mcq_single,1,Logical Reasoning,9 differs by category/property.,9 differs by category/property.,,,question-bank-xlsx
1e1056934258aea5f3fe55cc,question,1e1056934258aea5f3fe55cc,APTITUDE_REASONING_LOGIC,Reasoning: Logic Puzzles,Which shape has no straight sides?,Square,Rectangle,Circle,Triangle,C,Circle,easy,easy,,,Classification | Odd One Out | Core,,PRIMARY,mcq_single,1,Logical Reasoning,Circle differs by category/property.,Circle differs by category/property.,,,question-bank-xlsx
1f105826e0902856f3fef403,question,1f105826e0902856f3fef403,APTITUDE_REASONING_LOGIC,Reasoning: Logic Puzzles,Which is not a web browser?,Chrome,Firefox,Edge,Linux,D,Linux,easy,easy,,,Classification | Odd One Out | Core,,PRIMARY,mcq_single,1,Logical Reasoning,Linux differs by category/property.,Linux differs by category/property.,,,question-bank-xlsx
201059b97ec7a207f3fd195e,question,201059b97ec7a207f3fd195e,APTITUDE_REASONING_LOGIC,Reasoning: Logic Puzzles,Which is not a storage unit?,KB,MB,GB,GHz,D,GHz,easy,easy,,,Classification | Odd One Out | Core,,PRIMARY,mcq_single,1,Logical Reasoning,GHz differs by category/property.,GHz differs by category/property.,,,question-bank-xlsx
1f1f62b0e05dc118b7cca121,question,1f1f62b0e05dc118b7cca121,APTITUDE_REASONING_LOGIC,Reasoning: Logic Puzzles,All laptops are computers. This device is a laptop. What follows?,This device is not a computer,This device is a computer,All computers are laptops,Nothing,B,This device is a computer,medium,medium,,,Deductive Reasoning | If-Then Conclusions | Core,,PRIMARY,mcq_single,1,Logical Reasoning,The conclusion follows directly: This device is a computer.,The conclusion follows directly: This device is a computer.,,,question-bank-xlsx
201f64437e953ac9b7c84da0,question,201f64437e953ac9b7c84da0,APTITUDE_REASONING_LOGIC,Reasoning: Logic Puzzles,All squares have four sides. Shape X is a square. What follows?,Shape X has three sides,Shape X has four sides,All four-sided shapes are squares,Cannot tell,B,Shape X has four sides,medium,medium,,,Deductive Reasoning | If-Then Conclusions | Core,,PRIMARY,mcq_single,1,Logical Reasoning,The conclusion follows directly: Shape X has four sides.,The conclusion follows directly: Shape X has four sides.,,,question-bank-xlsx
251f6c221cccb47ab7c8ebd7,question,251f6c221cccb47ab7c8ebd7,APTITUDE_REASONING_LOGIC,Reasoning: Logic Puzzles,No offline device can access the internet at that moment. Device A is offline. What follows?,It definitely can,Device A cannot access the internet at that moment,It is a server,It has no storage,B,Device A cannot access the internet at that moment,medium,medium,,,Deductive Reasoning | If-Then Conclusions | Core,,PRIMARY,mcq_single,1,Logical Reasoning,The conclusion follows directly: Device A cannot access the internet at that moment.,The conclusion follows directly: Device A cannot access the internet at that moment.,,,question-bank-xlsx
261f6db5bb042e2bb7c98a0e,question,261f6db5bb042e2bb7c98a0e,APTITUDE_REASONING_LOGIC,Reasoning: Logic Puzzles,Every student in Lab A must wear an ID card. Maya is in Lab A. What follows?,Maya cannot wear ID,Maya must wear an ID card,Maya is faculty,Nothing,B,Maya must wear an ID card,medium,medium,,,Deductive Reasoning | If-Then Conclusions | Core,,PRIMARY,mcq_single,1,Logical Reasoning,The conclusion follows directly: Maya must wear an ID card.,The conclusion follows directly: Maya must wear an ID card.,,,question-bank-xlsx
231f68fc593ba7dcb7ca2845,question,231f68fc593ba7dcb7ca2845,APTITUDE_REASONING_LOGIC,Reasoning: Logic Puzzles,All prime numbers greater than 2 are odd. 13 is prime and greater than 2. Therefore?,13 is even,13 is odd,All odd numbers are prime,13 is 2,B,13 is odd,medium,medium,,,Deductive Reasoning | If-Then Conclusions | Core,,PRIMARY,mcq_single,1,Logical Reasoning,The conclusion follows directly: 13 is odd.,The conclusion follows directly: 13 is odd.,,,question-bank-xlsx
241f6a8ff773218db7cfb834,question,241f6a8ff773218db7cfb834,APTITUDE_REASONING_LOGIC,Reasoning: Logic Puzzles,"If a file is deleted from this temporary folder, it is removed from the folder. File X was deleted from it. Therefore?",File X is still there,File X is no longer in that folder,Folder is deleted,File becomes RAM,B,File X is no longer in that folder,medium,medium,,,Deductive Reasoning | If-Then Conclusions | Core,,PRIMARY,mcq_single,1,Logical Reasoning,The conclusion follows directly: File X is no longer in that folder.,The conclusion follows directly: File X is no longer in that folder.,,,question-bank-xlsx
291f726e95aa9b3eb7d0566b,question,291f726e95aa9b3eb7d0566b,APTITUDE_REASONING_LOGIC,Reasoning: Logic Puzzles,Every verified submission receives a timestamp. Submission S is verified. Therefore?,S has no timestamp,S receives a timestamp,Every timestamp is a submission,Cannot tell,B,S receives a timestamp,medium,medium,,,Deductive Reasoning | If-Then Conclusions | Core,,PRIMARY,mcq_single,1,Logical Reasoning,The conclusion follows directly: S receives a timestamp.,The conclusion follows directly: S receives a timestamp.,,,question-bank-xlsx
2a1f740133e214efb7d0f4a2,question,2a1f740133e214efb7d0f4a2,APTITUDE_REASONING_LOGIC,Reasoning: Logic Puzzles,"If the server is down, the app cannot fetch new data. The server is down. Therefore?",The app definitely fetches new data,The app cannot fetch new data,The app becomes hardware,No conclusion,B,The app cannot fetch new data,medium,medium,,,Deductive Reasoning | If-Then Conclusions | Core,,PRIMARY,mcq_single,1,Logical Reasoning,The conclusion follows directly: The app cannot fetch new data.,The conclusion follows directly: The app cannot fetch new data.,,,question-bank-xlsx
361d484ebaeafa8cdcd72fb9,question,361d484ebaeafa8cdcd72fb9,APTITUDE_REASONING_LOGIC,Reasoning: Logic Puzzles,A meeting must be after 2 PM and before 4 PM. Which time works?,1 PM,2 PM,3 PM,5 PM,C,3 PM,medium,medium,,,Constraint Problems | Rule Satisfaction | Core,,PRIMARY,mcq_single,1,Logical Reasoning,3 PM satisfies every stated constraint.,3 PM satisfies every stated constraint.,,,question-bank-xlsx
351d46bb5922743ddcd69182,question,351d46bb5922743ddcd69182,APTITUDE_REASONING_LOGIC,Reasoning: Logic Puzzles,A password must contain at least 8 characters. Which length definitely satisfies this?,5,7,10,6,C,10,medium,medium,,,Constraint Problems | Rule Satisfaction | Core,,PRIMARY,mcq_single,1,Logical Reasoning,10 satisfies every stated constraint.,10 satisfies every stated constraint.,,,question-bank-xlsx
341d4528f759edeedcce88b7,question,341d4528f759edeedcce88b7,APTITUDE_REASONING_LOGIC,Reasoning: Logic Puzzles,Task B can start only after Task A finishes. Which order is valid?,B then A,A then B,Both impossible,B only,B,A then B,medium,medium,,,Constraint Problems | Rule Satisfaction | Core,,PRIMARY,mcq_single,1,Logical Reasoning,A then B satisfies every stated constraint.,A then B satisfies every stated constraint.,,,question-bank-xlsx
331d43959591679fdccdea80,question,331d43959591679fdccdea80,APTITUDE_REASONING_LOGIC,Reasoning: Logic Puzzles,A team needs exactly 3 members. Which group size meets the rule?,2,3,4,5,B,3,medium,medium,,,Constraint Problems | Rule Satisfaction | Core,,PRIMARY,mcq_single,1,Logical Reasoning,3 satisfies every stated constraint.,3 satisfies every stated constraint.,,,question-bank-xlsx
321d420233c8e150dccfc525,question,321d420233c8e150dccfc525,APTITUDE_REASONING_LOGIC,Reasoning: Logic Puzzles,A number must be greater than 10 and less than 20. Which fits?,10,15,20,25,B,15,medium,medium,,,Constraint Problems | Rule Satisfaction | Core,,PRIMARY,mcq_single,1,Logical Reasoning,15 satisfies every stated constraint.,15 satisfies every stated constraint.,,,question-bank-xlsx
b51a3ea4a3bc66787b6f0b35,question,b51a3ea4a3bc66787b6f0b35,APTITUDE_REASONING_LOGIC,Reasoning: Logic Puzzles,A file must be PDF and under 5 MB. Which qualifies?,"report.docx, 2 MB","report.pdf, 7 MB","report.pdf, 3 MB","image.jpg, 1 MB",C,"report.pdf, 3 MB",medium,medium,,,Constraint Problems | Rule Satisfaction | Core,,PRIMARY,mcq_single,1,Logical Reasoning,"report.pdf, 3 MB satisfies every stated constraint.","report.pdf, 3 MB satisfies every stated constraint.",,,question-bank-xlsx
3c91ec75142731c9c2af6abe,question,3c91ec75142731c9c2af6abe,APTITUDE_REASONING_LOGIC,Reasoning: Logic Puzzles,"If x = 5, what is x + 7?",12,7,5,35,A,12,easy,easy,,,Algebra | Variables Expressions Functions | Core,,PRIMARY,mcq_single,1,Quantitative & Mathematical Foundation,Correct algebraic result: 12.,Correct algebraic result: 12.,,,question-bank-xlsx
3b91eae2b25eab7ac2b14563,question,3b91eae2b25eab7ac2b14563,APTITUDE_REASONING_LOGIC,Reasoning: Logic Puzzles,"If y = 3x and x = 4, what is y?",7,12,16,1,B,12,easy,easy,,,Algebra | Variables Expressions Functions | Core,,PRIMARY,mcq_single,1,Quantitative & Mathematical Foundation,Correct algebraic result: 12.,Correct algebraic result: 12.,,,question-bank-xlsx
3691e3035096252bc2b0a72c,question,3691e3035096252bc2b0a72c,APTITUDE_REASONING_LOGIC,Reasoning: Logic Puzzles,Solve: x + 5 = 12,5,7,12,17,B,7,easy,easy,,,Algebra | Variables Expressions Functions | Core,,PRIMARY,mcq_single,1,Quantitative & Mathematical Foundation,Correct algebraic result: 7.,Correct algebraic result: 7.,,,question-bank-xlsx
3591e170eecd9edcc2b281d1,question,3591e170eecd9edcc2b281d1,APTITUDE_REASONING_LOGIC,Reasoning: Logic Puzzles,Solve: 2x = 18,8,9,16,36,B,9,easy,easy,,,Algebra | Variables Expressions Functions | Core,,PRIMARY,mcq_single,1,Quantitative & Mathematical Foundation,Correct algebraic result: 9.,Correct algebraic result: 9.,,,question-bank-xlsx
3891e6298d05188dc2b1e39a,question,3891e6298d05188dc2b1e39a,APTITUDE_REASONING_LOGIC,Reasoning: Logic Puzzles,"If a = 6 and b = 2, what is a² + b?",14,38,40,10,B,38,medium,medium,,,Algebra | Variables Expressions Functions | Core,,PRIMARY,mcq_single,1,Quantitative & Mathematical Foundation,Correct algebraic result: 38.,Correct algebraic result: 38.,,,question-bank-xlsx
3791e4962b3c923ec2b3be3f,question,3791e4962b3c923ec2b3be3f,APTITUDE_REASONING_LOGIC,Reasoning: Logic Puzzles,"If f(x)=2x+1, what is f(5)?",10,11,12,6,B,11,medium,medium,,,Algebra | Variables Expressions Functions | Core,,PRIMARY,mcq_single,1,Quantitative & Mathematical Foundation,Correct algebraic result: 11.,Correct algebraic result: 11.,,,question-bank-xlsx
4291f5e7c9740befc2b32008,question,4291f5e7c9740befc2b32008,APTITUDE_REASONING_LOGIC,Reasoning: Logic Puzzles,Which expression represents 'three more than x'?,3x,x + 3,x - 3,3 - x,B,x + 3,medium,medium,,,Algebra | Variables Expressions Functions | Core,,PRIMARY,mcq_single,1,Quantitative & Mathematical Foundation,Correct algebraic result: x + 3.,Correct algebraic result: x + 3.,,,question-bank-xlsx
4191f45467ab85a0c2b4faad,question,4191f45467ab85a0c2b4faad,APTITUDE_REASONING_LOGIC,Reasoning: Logic Puzzles,"If x > 5, which value definitely satisfies the condition?",5,4,8,0,C,8,medium,medium,,,Algebra | Variables Expressions Functions | Core,,PRIMARY,mcq_single,1,Quantitative & Mathematical Foundation,Correct algebraic result: 8.,Correct algebraic result: 8.,,,question-bank-xlsx
40943158d79f0ac824b2af2f,question,40943158d79f0ac824b2af2f,APTITUDE_REASONING_LOGIC,Reasoning: Logic Puzzles,"If a=10, then after a=a-4, what is a?",14,10,6,4,C,6,medium,medium,,,Algebra | Variables Expressions Functions | Core,,PRIMARY,mcq_single,1,Quantitative & Mathematical Foundation,Correct algebraic result: 6.,Correct algebraic result: 6.,,,question-bank-xlsx
c69742e1d785d729863e0df2,question,c69742e1d785d729863e0df2,APTITUDE_REASONING_LOGIC,Reasoning: Logic Puzzles,"If A={1,2,3} and B={3,4}, what is A ∩ B?","{1,2}",{3},"{3,4}","{1,2,3,4}",B,{3},easy,easy,,,Sets | Union Intersection Membership | Core,,PRIMARY,mcq_single,1,Quantitative & Mathematical Foundation,Correct set concept: {3}.,Correct set concept: {3}.,,,question-bank-xlsx
c597414e75bd50da863d6fbb,question,c597414e75bd50da863d6fbb,APTITUDE_REASONING_LOGIC,Reasoning: Logic Puzzles,"If A={1,2} and B={2,3}, what is A ∪ B?",{2},"{1,3}","{1,2,3}",{},C,"{1,2,3}",easy,easy,,,Sets | Union Intersection Membership | Core,,PRIMARY,mcq_single,1,Quantitative & Mathematical Foundation,"Correct set concept: {1,2,3}.","Correct set concept: {1,2,3}.",,,question-bank-xlsx
c4973fbb13f4ca8b863cd184,question,c4973fbb13f4ca8b863cd184,APTITUDE_REASONING_LOGIC,Reasoning: Logic Puzzles,"Is 5 a member of {1,3,5,7}?",Yes,No,Cannot tell,Only if sorted,A,Yes,easy,easy,,,Sets | Union Intersection Membership | Core,,PRIMARY,mcq_single,1,Quantitative & Mathematical Foundation,Correct set concept: Yes.,Correct set concept: Yes.,,,question-bank-xlsx
c3973e28b22c443c863c334d,question,c3973e28b22c443c863c334d,APTITUDE_REASONING_LOGIC,Reasoning: Logic Puzzles,"If A={a,b,c}, how many elements are in A?",1,2,3,4,C,3,easy,easy,,,Sets | Union Intersection Membership | Core,,PRIMARY,mcq_single,1,Quantitative & Mathematical Foundation,Correct set concept: 3.,Correct set concept: 3.,,,question-bank-xlsx
ca97492d5063bded863b9516,question,ca97492d5063bded863b9516,APTITUDE_REASONING_LOGIC,Reasoning: Logic Puzzles,"Students in Python={A,B,C}; students in C={B,C,D}. Who is in both?",A and D,B and C,"A,B,C,D",Only D,B,B and C,medium,medium,,,Sets | Union Intersection Membership | Core,,PRIMARY,mcq_single,1,Quantitative & Mathematical Foundation,Correct set concept: B and C.,Correct set concept: B and C.,,,question-bank-xlsx
c997479aee9b379e863af6df,question,c997479aee9b379e863af6df,APTITUDE_REASONING_LOGIC,Reasoning: Logic Puzzles,Which operation gives elements in A but not in B?,Union,Intersection,Set difference,Average,C,Set difference,medium,medium,,,Sets | Union Intersection Membership | Core,,PRIMARY,mcq_single,1,Quantitative & Mathematical Foundation,Correct set concept: Set difference.,Correct set concept: Set difference.,,,question-bank-xlsx
2321a7931ce5e81919593c52,question,2321a7931ce5e81919593c52,APTITUDE_REASONING_SERIES,Reasoning: Series & Analogy,"Choose the most logical order for these steps: View webpage, Open browser, Wake computer, Enter website address",Wake computer → Open browser → Enter website address → View webpage,View webpage → Open browser → Wake computer → Enter website address,View webpage → Enter website address → Open browser → Wake computer,Open browser → Wake computer → View webpage → Enter website address,A,Wake computer → Open browser → Enter website address → View webpage,medium,medium,,,Ordering & Sequencing | Process Ordering | Core,,PRIMARY,mcq_single,1,Logical Reasoning,The correct order respects prerequisite steps before dependent steps.,The correct order respects prerequisite steps before dependent steps.,,,question-bank-xlsx
2221a600bb1d61ca19589e1b,question,2221a600bb1d61ca19589e1b,APTITUDE_REASONING_SERIES,Reasoning: Series & Analogy,"Choose the most logical order for these steps: Enter payment, Select item, Receive confirmation, Add to cart",Select item → Add to cart → Enter payment → Receive confirmation,Add to cart → Select item → Receive confirmation → Enter payment,Receive confirmation → Enter payment → Add to cart → Select item,Enter payment → Select item → Receive confirmation → Add to cart,A,Select item → Add to cart → Enter payment → Receive confirmation,medium,medium,,,Ordering & Sequencing | Process Ordering | Core,,PRIMARY,mcq_single,1,Logical Reasoning,The correct order respects prerequisite steps before dependent steps.,The correct order respects prerequisite steps before dependent steps.,,,question-bank-xlsx
2521aab95954db7b1957ffe4,question,2521aab95954db7b1957ffe4,APTITUDE_REASONING_SERIES,Reasoning: Series & Analogy,"Choose the most logical order for these steps: Write email, Enter recipient, Review message, Send",Send → Review message → Enter recipient → Write email,Enter recipient → Write email → Send → Review message,Review message → Write email → Send → Enter recipient,Write email → Enter recipient → Review message → Send,D,Write email → Enter recipient → Review message → Send,medium,medium,,,Ordering & Sequencing | Process Ordering | Core,,PRIMARY,mcq_single,1,Logical Reasoning,The correct order respects prerequisite steps before dependent steps.,The correct order respects prerequisite steps before dependent steps.,,,question-bank-xlsx
2421a926f78c552c19526ff5,question,2421a926f78c552c19526ff5,APTITUDE_REASONING_SERIES,Reasoning: Series & Analogy,"Choose the most logical order for these steps: Collect cash, Enter ATM card, Choose withdrawal, Enter PIN",Collect cash → Enter ATM card → Choose withdrawal → Enter PIN,Enter ATM card → Enter PIN → Choose withdrawal → Collect cash,Collect cash → Choose withdrawal → Enter PIN → Enter ATM card,Enter PIN → Enter ATM card → Collect cash → Choose withdrawal,B,Enter ATM card → Enter PIN → Choose withdrawal → Collect cash,medium,medium,,,Ordering & Sequencing | Process Ordering | Core,,PRIMARY,mcq_single,1,Logical Reasoning,The correct order respects prerequisite steps before dependent steps.,The correct order respects prerequisite steps before dependent steps.,,,question-bank-xlsx
2f21ba7795c3cedd1951d1be,question,2f21ba7795c3cedd1951d1be,APTITUDE_REASONING_SERIES,Reasoning: Series & Analogy,"Choose the most logical order for these steps: Read problem, Plan steps, Identify inputs, Compute answer",Read problem → Plan steps → Identify inputs → Compute answer,Read problem → Identify inputs → Plan steps → Compute answer,Identify inputs → Read problem → Compute answer → Plan steps,Compute answer → Plan steps → Identify inputs → Read problem,B,Read problem → Identify inputs → Plan steps → Compute answer,medium,medium,,,Ordering & Sequencing | Process Ordering | Core,,PRIMARY,mcq_single,1,Logical Reasoning,The correct order respects prerequisite steps before dependent steps.,The correct order respects prerequisite steps before dependent steps.,,,question-bank-xlsx
2e21b8e433fb488e19513387,question,2e21b8e433fb488e19513387,APTITUDE_REASONING_SERIES,Reasoning: Series & Analogy,"Choose the most logical order for these steps: Close editor, Write content, Save file, Create file",Write content → Create file → Close editor → Save file,Close editor → Write content → Save file → Create file,Create file → Write content → Save file → Close editor,Close editor → Save file → Write content → Create file,C,Create file → Write content → Save file → Close editor,medium,medium,,,Ordering & Sequencing | Process Ordering | Core,,PRIMARY,mcq_single,1,Logical Reasoning,The correct order respects prerequisite steps before dependent steps.,The correct order respects prerequisite steps before dependent steps.,,,question-bank-xlsx
211f65d6a3eecdb6b7cb64b3,question,211f65d6a3eecdb6b7cb64b3,APTITUDE_REASONING_SERIES,Reasoning: Series & Analogy,"Choose the most logical order for these steps: Login, Verify email, Register account, Use dashboard",Verify email → Register account → Use dashboard → Login,Login → Verify email → Register account → Use dashboard,Use dashboard → Login → Verify email → Register account,Register account → Verify email → Login → Use dashboard,D,Register account → Verify email → Login → Use dashboard,medium,medium,,,Ordering & Sequencing | Process Ordering | Core,,PRIMARY,mcq_single,1,Logical Reasoning,The correct order respects prerequisite steps before dependent steps.,The correct order respects prerequisite steps before dependent steps.,,,question-bank-xlsx
221f676942264767b7cc02ea,question,221f676942264767b7cc02ea,APTITUDE_REASONING_SERIES,Reasoning: Series & Analogy,"Choose the most logical order for these steps: Display result, Collect marks, Calculate average, Calculate total",Display result → Collect marks → Calculate average → Calculate total,Collect marks → Calculate total → Calculate average → Display result,Calculate total → Collect marks → Display result → Calculate average,Display result → Calculate average → Calculate total → Collect marks,B,Collect marks → Calculate total → Calculate average → Display result,medium,medium,,,Ordering & Sequencing | Process Ordering | Core,,PRIMARY,mcq_single,1,Logical Reasoning,The correct order respects prerequisite steps before dependent steps.,The correct order respects prerequisite steps before dependent steps.,,,question-bank-xlsx
4294347e140dfe2a24b3eb9d,question,4294347e140dfe2a24b3eb9d,COMPUTER_ARCHITECTURE,Computer Architecture Basics,Which number is even?,17,21,24,29,C,24,easy,easy,,,Number Systems | Numbers Binary | Core,,PRIMARY,mcq_single,1,Quantitative & Mathematical Foundation,Correct number-system result: 24.,Correct number-system result: 24.,,,question-bank-xlsx
43943611b24577db24b489d4,question,43943611b24577db24b489d4,COMPUTER_ARCHITECTURE,Computer Architecture Basics,Which number is prime?,9,13,15,21,B,13,easy,easy,,,Number Systems | Numbers Binary | Core,,PRIMARY,mcq_single,1,Quantitative & Mathematical Foundation,Correct number-system result: 13.,Correct number-system result: 13.,,,question-bank-xlsx
449437a4507cf18c24b5280b,question,449437a4507cf18c24b5280b,COMPUTER_ARCHITECTURE,Computer Architecture Basics,Which is a factor of 24?,5,6,7,11,B,6,easy,easy,,,Number Systems | Numbers Binary | Core,,PRIMARY,mcq_single,1,Quantitative & Mathematical Foundation,Correct number-system result: 6.,Correct number-system result: 6.,,,question-bank-xlsx
45943937eeb46b3d24b5c642,question,45943937eeb46b3d24b5c642,COMPUTER_ARCHITECTURE,Computer Architecture Basics,Which is a multiple of 7?,30,32,35,39,C,35,easy,easy,,,Number Systems | Numbers Binary | Core,,PRIMARY,mcq_single,1,Quantitative & Mathematical Foundation,Correct number-system result: 35.,Correct number-system result: 35.,,,question-bank-xlsx
46943aca8cebe4ee24b66479,question,46943aca8cebe4ee24b66479,COMPUTER_ARCHITECTURE,Computer Architecture Basics,What is binary 1010 in decimal?,8,10,12,14,B,10,medium,medium,,,Number Systems | Numbers Binary | Core,,PRIMARY,mcq_single,1,Quantitative & Mathematical Foundation,Correct number-system result: 10.,Correct number-system result: 10.,,,question-bank-xlsx
47943c5d2b235e9f24ad1f40,question,47943c5d2b235e9f24ad1f40,COMPUTER_ARCHITECTURE,Computer Architecture Basics,Which digit values are used in binary?,0 to 9,0 and 1,1 and 2,A and B,B,0 and 1,medium,medium,,,Number Systems | Numbers Binary | Core,,PRIMARY,mcq_single,1,Quantitative & Mathematical Foundation,Correct number-system result: 0 and 1.,Correct number-system result: 0 and 1.,,,question-bank-xlsx
389424c0c95ad85024adbd77,question,389424c0c95ad85024adbd77,COMPUTER_ARCHITECTURE,Computer Architecture Basics,How many bits are in one byte?,2,4,8,16,C,8,medium,medium,,,Number Systems | Numbers Binary | Core,,PRIMARY,mcq_single,1,Quantitative & Mathematical Foundation,Correct number-system result: 8.,Correct number-system result: 8.,,,question-bank-xlsx
399426536792520124ae5bae,question,399426536792520124ae5bae,COMPUTER_ARCHITECTURE,Computer Architecture Basics,Which decimal number is represented by binary 100?,2,4,8,100,B,4,medium,medium,,,Number Systems | Numbers Binary | Core,,PRIMARY,mcq_single,1,Quantitative & Mathematical Foundation,Correct number-system result: 4.,Correct number-system result: 4.,,,question-bank-xlsx
21105b4c1cff1bb8f3fdb795,question,21105b4c1cff1bb8f3fdb795,CONDITIONALS_BASICS,Conditionals,Lab entry requires ID AND permission. Ravi has ID but no permission. Can he enter?,Yes,No,Only if late,Cannot tell,B,No,medium,medium,,,Logical Conditions | AND OR NOT | Core,,PRIMARY,mcq_single,1,Logical Reasoning,Evaluating all conditions gives No.,Evaluating all conditions gives No.,,,question-bank-xlsx
22105cdfbb369569f3fbdcf0,question,22105cdfbb369569f3fbdcf0,CONDITIONALS_BASICS,Conditionals,A discount applies if age < 18 OR age > 60. Age is 65. Is discount applicable?,Yes,No,Only on weekends,Cannot tell,A,Yes,medium,medium,,,Logical Conditions | AND OR NOT | Core,,PRIMARY,mcq_single,1,Logical Reasoning,Evaluating all conditions gives Yes.,Evaluating all conditions gives Yes.,,,question-bank-xlsx
23105e72596e0f1af3fc7b27,question,23105e72596e0f1af3fc7b27,CONDITIONALS_BASICS,Conditionals,"Login succeeds only when username is correct AND password is correct. Username is correct, password is wrong. Result?",Login succeeds,Login fails,Account deletes,Password changes,B,Login fails,medium,medium,,,Logical Conditions | AND OR NOT | Core,,PRIMARY,mcq_single,1,Logical Reasoning,Evaluating all conditions gives Login fails.,Evaluating all conditions gives Login fails.,,,question-bank-xlsx
24106005f7a588cbf40483f2,question,24106005f7a588cbf40483f2,CONDITIONALS_BASICS,Conditionals,A student passes if marks >= 40. Marks are 40. Result?,Fail,Pass,Re-test automatically,Cannot tell,B,Pass,medium,medium,,,Logical Conditions | AND OR NOT | Core,,PRIMARY,mcq_single,1,Logical Reasoning,Evaluating all conditions gives Pass.,Evaluating all conditions gives Pass.,,,question-bank-xlsx
2510619895dd027cf4052229,question,2510619895dd027cf4052229,CONDITIONALS_BASICS,Conditionals,A user is blocked if NOT verified. User is verified. Is user blocked by this rule?,Yes,No,Always,Cannot tell,B,No,medium,medium,,,Logical Conditions | AND OR NOT | Core,,PRIMARY,mcq_single,1,Logical Reasoning,Evaluating all conditions gives No.,Evaluating all conditions gives No.,,,question-bank-xlsx
2610632b34147c2df4034784,question,2610632b34147c2df4034784,CONDITIONALS_BASICS,Conditionals,A course unlocks when Module A is complete AND Module B is complete. Only A is complete. Unlock?,Yes,No,Half unlock,Cannot tell,B,No,medium,medium,,,Logical Conditions | AND OR NOT | Core,,PRIMARY,mcq_single,1,Logical Reasoning,Evaluating all conditions gives No.,Evaluating all conditions gives No.,,,question-bank-xlsx
2721addfa40801551956c376,question,2721addfa40801551956c376,CONDITIONALS_BASICS,Conditionals,"Free shipping applies if order >= 500 OR user is premium. Order=300, user=premium. Result?",No shipping,Free shipping,Order cancelled,Need both conditions,B,Free shipping,medium,medium,,,Logical Conditions | AND OR NOT | Core,,PRIMARY,mcq_single,1,Logical Reasoning,Evaluating all conditions gives Free shipping.,Evaluating all conditions gives Free shipping.,,,question-bank-xlsx
2621ac4c423f7b061956253f,question,2621ac4c423f7b061956253f,CONDITIONALS_BASICS,Conditionals,Access is denied if account is suspended. Account is active. Access under this rule?,Denied,Not denied,Deleted,Cannot tell,B,Not denied,medium,medium,,,Logical Conditions | AND OR NOT | Core,,PRIMARY,mcq_single,1,Logical Reasoning,Evaluating all conditions gives Not denied.,Evaluating all conditions gives Not denied.,,,question-bank-xlsx
2921b105e076f4b719558708,question,2921b105e076f4b719558708,CONDITIONALS_BASICS,Conditionals,"Scholarship eligibility: marks >=80 AND attendance >=75. Marks=85, attendance=70. Eligible?",Yes,No,Only by marks,Cannot tell,B,No,medium,medium,,,Logical Conditions | AND OR NOT | Core,,PRIMARY,mcq_single,1,Logical Reasoning,Evaluating all conditions gives No.,Evaluating all conditions gives No.,,,question-bank-xlsx
2821af727eae6e681959da89,question,2821af727eae6e681959da89,CONDITIONALS_BASICS,Conditionals,"Alert triggers if temperature > 40 OR smoke=true. Temperature=35, smoke=true. Alert?",Yes,No,Only above 50,Cannot tell,A,Yes,medium,medium,,,Logical Conditions | AND OR NOT | Core,,PRIMARY,mcq_single,1,Logical Reasoning,Evaluating all conditions gives Yes.,Evaluating all conditions gives Yes.,,,question-bank-xlsx
0caf28d34b1764f56376f466,question,0caf28d34b1764f56376f466,CONDITIONALS_BASICS,Conditionals,IF marks >= 40 PRINT Pass ELSE Fail. marks=75,Pass,Fail,75,Nothing,A,Pass,medium,medium,,,Conditions | Branching Logic | Core,,PRIMARY,mcq_single,1,Computational Thinking,Evaluating the condition gives Pass.,Evaluating the condition gives Pass.,,,question-bank-xlsx
11af30b2e94edea66377929d,question,11af30b2e94edea66377929d,CONDITIONALS_BASICS,Conditionals,IF temp > 40 PRINT Alert ELSE Normal. temp=40,Alert,Normal,40,Error,B,Normal,medium,medium,,,Conditions | Branching Logic | Core,,PRIMARY,mcq_single,1,Computational Thinking,Evaluating the condition gives Normal.,Evaluating the condition gives Normal.,,,question-bank-xlsx
12af3245878658576375b7f8,question,12af3245878658576375b7f8,CONDITIONALS_BASICS,Conditionals,"IF age >=18 AND hasID=true PRINT Allow. age=20, hasID=false",Allow,Do not allow,Age only,ID only,B,Do not allow,medium,medium,,,Conditions | Branching Logic | Core,,PRIMARY,mcq_single,1,Computational Thinking,Evaluating the condition gives Do not allow.,Evaluating the condition gives Do not allow.,,,question-bank-xlsx
0faf2d8c25bdd2086376562f,question,0faf2d8c25bdd2086376562f,CONDITIONALS_BASICS,Conditionals,IF score>=90 PRINT A ELSE IF score>=75 PRINT B ELSE PRINT C. score=80,A,B,C,80,B,B,medium,medium,,,Conditions | Branching Logic | Core,,PRIMARY,mcq_single,1,Computational Thinking,Evaluating the condition gives B.,Evaluating the condition gives B.,,,question-bank-xlsx
10af2f1fc3f54bb963747b8a,question,10af2f1fc3f54bb963747b8a,CONDITIONALS_BASICS,Conditionals,IF number MOD 2=0 PRINT Even ELSE Odd. number=11,Even,Odd,11,1,B,Odd,medium,medium,,,Conditions | Branching Logic | Core,,PRIMARY,mcq_single,1,Computational Thinking,Evaluating the condition gives Odd.,Evaluating the condition gives Odd.,,,question-bank-xlsx
15af36fe622cc56a637519c1,question,15af36fe622cc56a637519c1,CONDITIONALS_BASICS,Conditionals,IF x>0 PRINT Positive ELSE IF x<0 PRINT Negative ELSE Zero. x=0,Positive,Negative,Zero,None,C,Zero,medium,medium,,,Conditions | Branching Logic | Core,,PRIMARY,mcq_single,1,Computational Thinking,Evaluating the condition gives Zero.,Evaluating the condition gives Zero.,,,question-bank-xlsx
16af389100643f1b63733f1c,question,16af389100643f1b63733f1c,CONDITIONALS_BASICS,Conditionals,IF user='admin' OR user='teacher' PRINT Staff. user='teacher',Staff,Student,Error,None,A,Staff,medium,medium,,,Conditions | Branching Logic | Core,,PRIMARY,mcq_single,1,Computational Thinking,Evaluating the condition gives Staff.,Evaluating the condition gives Staff.,,,question-bank-xlsx
93b23bef7057c443c4f1a35c,question,93b23bef7057c443c4f1a35c,CONDITIONALS_BASICS,Conditionals,IF NOT verified PRINT VerifyNow ELSE Continue. verified=true,VerifyNow,Continue,True,Stop,B,Continue,medium,medium,,,Conditions | Branching Logic | Core,,PRIMARY,mcq_single,1,Computational Thinking,Evaluating the condition gives Continue.,Evaluating the condition gives Continue.,,,question-bank-xlsx
a2c5db440dc5a0fcd395dee9,question,a2c5db440dc5a0fcd395dee9,C_BASICS,C Basics,"What is the output/result?
int x=5; printf(""%d"",x);",x,5,0,Error,B,5,easy,easy,,,C Verification | C Basics | Adaptive-C,,PRIMARY,mcq_single,1,Programming Exposure — Adaptive,Applying C semantics gives 5.,Applying C semantics gives 5.,,,question-bank-xlsx
a5c5dffdabfd1aadd39540b2,question,a5c5dffdabfd1aadd39540b2,C_BASICS,C Basics,"What is the output/result?
int x=5,y=3; printf(""%d"",x+y);",2,8,15,53,B,8,easy,easy,,,C Verification | C Basics | Adaptive-C,,PRIMARY,mcq_single,1,Programming Exposure — Adaptive,Applying C semantics gives 8.,Applying C semantics gives 8.,,,question-bank-xlsx
a4c5de6a4a34945ed392299f,question,a4c5de6a4a34945ed392299f,C_BASICS,C Basics,"What is the output/result?
int x=7; if(x>5) printf(""A""); else printf(""B"");",A,B,7,Error,A,A,easy,easy,,,C Verification | C Basics | Adaptive-C,,PRIMARY,mcq_single,1,Programming Exposure — Adaptive,Applying C semantics gives A.,Applying C semantics gives A.,,,question-bank-xlsx
9fc5d68be86c0e0fd3918b68,question,9fc5d68be86c0e0fd3918b68,C_BASICS,C Basics,"What is the output/result?
for(int i=0;i<3;i++) printf(""%d "",i);",1 2 3,0 1 2,0 1 2 3,3,B,0 1 2,easy,easy,,,C Verification | C Basics | Adaptive-C,,PRIMARY,mcq_single,1,Programming Exposure — Adaptive,Applying C semantics gives 0 1 2.,Applying C semantics gives 0 1 2.,,,question-bank-xlsx
9ec5d4f886a387c0d393660d,question,9ec5d4f886a387c0d393660d,C_BASICS,C Basics,"What is the output/result?
int a[3]={10,20,30}; printf(""%d"",a[1]);",10,20,30,1,B,20,medium,medium,,,C Verification | C Basics | Adaptive-C,,PRIMARY,mcq_single,1,Programming Exposure — Adaptive,Applying C semantics gives 20.,Applying C semantics gives 20.,,,question-bank-xlsx
a1c5d9b124db0171d392c7d6,question,a1c5d9b124db0171d392c7d6,C_BASICS,C Basics,"What is the output/result?
int x=10; x=x-4; printf(""%d"",x);",4,6,10,14,B,6,medium,medium,,,C Verification | C Basics | Adaptive-C,,PRIMARY,mcq_single,1,Programming Exposure — Adaptive,Applying C semantics gives 6.,Applying C semantics gives 6.,,,question-bank-xlsx
a0c5d81ec3127b22d38fb0c3,question,a0c5d81ec3127b22d38fb0c3,C_BASICS,C Basics,"What is the output/result?
printf(""%d"", 10/3);",3,3.33,1,0,A,3,medium,medium,,,C Verification | C Basics | Adaptive-C,,PRIMARY,mcq_single,1,Programming Exposure — Adaptive,Applying C semantics gives 3.,Applying C semantics gives 3.,,,question-bank-xlsx
9bc5d03f6149f4d3d38f128c,question,9bc5d03f6149f4d3d38f128c,C_BASICS,C Basics,"What is the output/result?
int x=2; switch(x){case 1:printf(""A"");break;case 2:printf(""B"");break;}",A,B,2,Nothing,B,B,medium,medium,,,C Verification | C Basics | Adaptive-C,,PRIMARY,mcq_single,1,Programming Exposure — Adaptive,Applying C semantics gives B.,Applying C semantics gives B.,,,question-bank-xlsx
9ac5ceacff816e84d390ed31,question,9ac5ceacff816e84d390ed31,C_BASICS,C Basics,"What is the output/result?
int sum=0; for(int i=1;i<=3;i++) sum+=i; printf(""%d"",sum);",3,6,9,0,B,6,medium,medium,,,C Verification | C Basics | Adaptive-C,,PRIMARY,mcq_single,1,Programming Exposure — Adaptive,Applying C semantics gives 6.,Applying C semantics gives 6.,,,question-bank-xlsx
8d83c5113c751ff3174e0e04,question,8d83c5113c751ff3174e0e04,C_BASICS,C Basics,"What is the output/result?
int x=4; int *p=&x; printf(""%d"",*p);",address only,4,0,Error,B,4,hard,hard,,,C Verification | C Basics | Adaptive-C,,PRIMARY,mcq_single,1,Programming Exposure — Adaptive,Applying C semantics gives 4.,Applying C semantics gives 4.,,,question-bank-xlsx
8c83c37edaac99a4174fe8a9,question,8c83c37edaac99a4174fe8a9,C_BASICS,C Basics,Which symbol ends most C statements?,Colon :,Semicolon ;,"Comma ,",Hash #,B,Semicolon ;,hard,hard,,,C Verification | C Basics | Adaptive-C,,PRIMARY,mcq_single,1,Programming Exposure — Adaptive,Applying C semantics gives Semicolon ;.,Applying C semantics gives Semicolon ;.,,,question-bank-xlsx
8b83c1eb78e41355174f4a72,question,8b83c1eb78e41355174f4a72,C_BASICS,C Basics,Which function is commonly used for formatted output in C?,scanf,printf,main only,include,B,printf,hard,hard,,,C Verification | C Basics | Adaptive-C,,PRIMARY,mcq_single,1,Programming Exposure — Adaptive,Applying C semantics gives printf.,Applying C semantics gives printf.,,,question-bank-xlsx
9bb24887621391cbc4f69514,question,9bb24887621391cbc4f69514,DEBUGGING,Debugging,"Algorithm: READ A,B; C=A-B; PRINT C. Goal is to add A and B. What should change?",Use C=A+B,Remove PRINT,Swap keyboard,Use C=A*0,A,Use C=A+B,medium,medium,,,Debugging Logic | Find the Logical Error | Core,,PRIMARY,mcq_single,1,Computational Thinking,Use C=A+B corrects the logic.,Use C=A+B corrects the logic.,,,question-bank-xlsx
9ab246f4004b0b7cc4f86fb9,question,9ab246f4004b0b7cc4f86fb9,DEBUGGING,Debugging,Goal: print 1 to 5. Algorithm starts i=1 but never changes i. Main problem?,Need a website,i must be updated,Need more RAM,Delete i,B,i must be updated,medium,medium,,,Debugging Logic | Find the Logical Error | Core,,PRIMARY,mcq_single,1,Computational Thinking,i must be updated corrects the logic.,i must be updated corrects the logic.,,,question-bank-xlsx
21aaccb4703e90a49fea2bd7,question,21aaccb4703e90a49fea2bd7,DEBUGGING,Debugging,Goal: pass if marks>=40. Algorithm uses marks>40. What case is wrong?,marks 100,marks exactly 40,marks 0 only,all marks,B,marks exactly 40,medium,medium,,,Debugging Logic | Find the Logical Error | Core,,PRIMARY,mcq_single,1,Computational Thinking,marks exactly 40 corrects the logic.,marks exactly 40 corrects the logic.,,,question-bank-xlsx
22aace470e760a559feaca0e,question,22aace470e760a559feaca0e,DEBUGGING,Debugging,Goal: largest of two. Algorithm always prints A without comparison. Missing step?,Open a file,Compare A and B,Add A+B,Convert to text,B,Compare A and B,medium,medium,,,Debugging Logic | Find the Logical Error | Core,,PRIMARY,mcq_single,1,Computational Thinking,Compare A and B corrects the logic.,Compare A and B corrects the logic.,,,question-bank-xlsx
23aacfdaacad84069feb6845,question,23aacfdaacad84069feb6845,DEBUGGING,Debugging,Goal: average of 3 numbers. Algorithm computes (A+B+C)/2. Fix?,Divide by 1,Divide by 3,Multiply by 3,Remove C,B,Divide by 3,medium,medium,,,Debugging Logic | Find the Logical Error | Core,,PRIMARY,mcq_single,1,Computational Thinking,Divide by 3 corrects the logic.,Divide by 3 corrects the logic.,,,question-bank-xlsx
24aad16d4ae4fdb79fec067c,question,24aad16d4ae4fdb79fec067c,DEBUGGING,Debugging,Goal: even/odd. Algorithm checks number MOD 3. Fix?,Use MOD 2,Use MOD 10,Use addition only,Use no input,A,Use MOD 2,medium,medium,,,Debugging Logic | Find the Logical Error | Core,,PRIMARY,mcq_single,1,Computational Thinking,Use MOD 2 corrects the logic.,Use MOD 2 corrects the logic.,,,question-bank-xlsx
1daac668e91c77689feca4b3,question,1daac668e91c77689feca4b3,DEBUGGING,Debugging,Goal: total 1..5. Loop goes 1..4. What is wrong?,It repeats 5 twice,It misses 5,It cannot add,Nothing,B,It misses 5,medium,medium,,,Debugging Logic | Find the Logical Error | Core,,PRIMARY,mcq_single,1,Computational Thinking,It misses 5 corrects the logic.,It misses 5 corrects the logic.,,,question-bank-xlsx
1eaac7fb8753f1199fed42ea,question,1eaac7fb8753f1199fed42ea,DEBUGGING,Debugging,Goal: login when both username and password are correct. Algorithm uses OR. Fix?,Use AND,Use NOT,Use only username,Remove condition,A,Use AND,medium,medium,,,Debugging Logic | Find the Logical Error | Core,,PRIMARY,mcq_single,1,Computational Thinking,Use AND corrects the logic.,Use AND corrects the logic.,,,question-bank-xlsx
88817e9bda936605b5c0d49c,question,88817e9bda936605b5c0d49c,DEBUGGING,Debugging,Python: if x = 5: print(x). What is the issue?,Use == for comparison,Remove x,Use ++,No issue,A,Use == for comparison,medium,medium,,,Debugging | Basic Code Errors | Adaptive-Programming,,PRIMARY,mcq_single,1,Programming Exposure — Adaptive,Use == for comparison addresses the bug.,Use == for comparison addresses the bug.,,,question-bank-xlsx
8981802e78cadfb6b5c172d3,question,8981802e78cadfb6b5c172d3,DEBUGGING,Debugging,Python: for i in range(5) print(i). What is missing?,A semicolon only,A colon after range(5),A database,Nothing,B,A colon after range(5),medium,medium,,,Debugging | Basic Code Errors | Adaptive-Programming,,PRIMARY,mcq_single,1,Programming Exposure — Adaptive,A colon after range(5) addresses the bug.,A colon after range(5) addresses the bug.,,,question-bank-xlsx
8a8181c117025967b5bf982e,question,8a8181c117025967b5bf982e,DEBUGGING,Debugging,"C: printf(""%d"", x) without declaring x. Main issue?",x must be declared before use,printf cannot print numbers,C has no variables,Need internet,A,x must be declared before use,medium,medium,,,Debugging | Basic Code Errors | Adaptive-Programming,,PRIMARY,mcq_single,1,Programming Exposure — Adaptive,x must be declared before use addresses the bug.,x must be declared before use addresses the bug.,,,question-bank-xlsx
8b818354b539d318b5c03665,question,8b818354b539d318b5c03665,DEBUGGING,Debugging,A loop intended to stop at i=10 never changes i. Main fix?,Delete the condition,Update i inside/relevant to the loop,Add a browser,Use more RAM,B,Update i inside/relevant to the loop,medium,medium,,,Debugging | Basic Code Errors | Adaptive-Programming,,PRIMARY,mcq_single,1,Programming Exposure — Adaptive,Update i inside/relevant to the loop addresses the bug.,Update i inside/relevant to the loop addresses the bug.,,,question-bank-xlsx
8c8184e753714cc9b5be5bc0,question,8c8184e753714cc9b5be5bc0,DEBUGGING,Debugging,A function calculates a value but caller needs it; function neither returns nor prints it. Main issue?,The result is not communicated back,CPU is too slow,Need a folder,No issue,A,The result is not communicated back,medium,medium,,,Debugging | Basic Code Errors | Adaptive-Programming,,PRIMARY,mcq_single,1,Programming Exposure — Adaptive,The result is not communicated back addresses the bug.,The result is not communicated back addresses the bug.,,,question-bank-xlsx
3180920376a0217116387a3e,question,3180920376a0217116387a3e,HOW_COMPUTERS_WORK,How Computers Work,What is the main purpose of a computer?,Only store files,Process data according to instructions,Only connect to internet,Only display images,B,Process data according to instructions,easy,easy,,,Computer Basics | Core Concepts | Core,,PRIMARY,mcq_single,1,Digital & Computer Fundamentals,Correct concept: Process data according to instructions.,Correct concept: Process data according to instructions.,,,question-bank-xlsx
3280939614d79b2216391875,question,3280939614d79b2216391875,HOW_COMPUTERS_WORK,How Computers Work,Which sequence best describes basic computing?,Output → Input → Processing,Input → Processing → Output,Processing → Output → Input,Storage → Input → Shutdown,B,Input → Processing → Output,easy,easy,,,Computer Basics | Core Concepts | Core,,PRIMARY,mcq_single,1,Digital & Computer Fundamentals,Correct concept: Input → Processing → Output.,Correct concept: Input → Processing → Output.,,,question-bank-xlsx
3582d6e67686edd2783945d3,question,3582d6e67686edd2783945d3,HOW_COMPUTERS_WORK,How Computers Work,Which normally keeps files even after power is turned off?,RAM,CPU cache,SSD,Register,C,SSD,easy,easy,,,Hardware | CPU RAM Storage I/O | Core,,PRIMARY,mcq_single,1,Digital & Computer Fundamentals,Correct concept: SSD.,Correct concept: SSD.,,,question-bank-xlsx
3482d55314be67837838a79c,question,3482d55314be67837838a79c,HOW_COMPUTERS_WORK,How Computers Work,A student opens many applications and the system becomes slow. Which resource may be under pressure?,Keyboard,RAM,Printer,Webcam,B,RAM,medium,medium,,,Hardware | CPU RAM Storage I/O | Core,,PRIMARY,mcq_single,1,Digital & Computer Fundamentals,Correct concept: RAM.,Correct concept: RAM.,,,question-bank-xlsx
3382d3c0b2f5e13478380965,question,3382d3c0b2f5e13478380965,HOW_COMPUTERS_WORK,How Computers Work,Which is generally faster for permanent storage?,SSD,DVD,Paper,Keyboard,A,SSD,medium,medium,,,Hardware | CPU RAM Storage I/O | Core,,PRIMARY,mcq_single,1,Digital & Computer Fundamentals,Correct concept: SSD.,Correct concept: SSD.,,,question-bank-xlsx
3a82dec5512d5ae578376b2e,question,3a82dec5512d5ae578376b2e,HOW_COMPUTERS_WORK,How Computers Work,Which pair contains one input and one output device?,Monitor and speaker,Keyboard and monitor,Mouse and scanner,Printer and speaker,B,Keyboard and monitor,medium,medium,,,Hardware | CPU RAM Storage I/O | Core,,PRIMARY,mcq_single,1,Digital & Computer Fundamentals,Correct concept: Keyboard and monitor.,Correct concept: Keyboard and monitor.,,,question-bank-xlsx
3982dd32ef64d4967836ccf7,question,3982dd32ef64d4967836ccf7,HOW_COMPUTERS_WORK,How Computers Work,What is the CPU often called in simple explanations?,The browser,The processor,The folder,The database,B,The processor,medium,medium,,,Hardware | CPU RAM Storage I/O | Core,,PRIMARY,mcq_single,1,Digital & Computer Fundamentals,Correct concept: The processor.,Correct concept: The processor.,,,question-bank-xlsx
3882db9f8d9c4e4778362ec0,question,3882db9f8d9c4e4778362ec0,HOW_COMPUTERS_WORK,How Computers Work,"If a laptop has very little free storage, which action is most relevant?",Increase screen brightness,Remove or move unused files,Change keyboard,Close calculator,B,Remove or move unused files,medium,medium,,,Hardware | CPU RAM Storage I/O | Core,,PRIMARY,mcq_single,1,Digital & Computer Fundamentals,Correct concept: Remove or move unused files.,Correct concept: Remove or move unused files.,,,question-bank-xlsx
3782da0c2bd3c7f8783f73f9,question,3782da0c2bd3c7f8783f73f9,HOW_COMPUTERS_WORK,How Computers Work,Which is an operating system?,Google Chrome,Windows,YouTube,Excel file,B,Windows,easy,easy,,,Software | OS Applications Languages | Core,,PRIMARY,mcq_single,1,Digital & Computer Fundamentals,Correct concept: Windows.,Correct concept: Windows.,,,question-bank-xlsx
3e82e511ca0b41a9783ed5c2,question,3e82e511ca0b41a9783ed5c2,HOW_COMPUTERS_WORK,How Computers Work,Which is application software?,CPU,RAM,Spreadsheet application,Motherboard,C,Spreadsheet application,easy,easy,,,Software | OS Applications Languages | Core,,PRIMARY,mcq_single,1,Digital & Computer Fundamentals,Correct concept: Spreadsheet application.,Correct concept: Spreadsheet application.,,,question-bank-xlsx
3d82e37e6842bb5a783e378b,question,3d82e37e6842bb5a783e378b,HOW_COMPUTERS_WORK,How Computers Work,What does an operating system mainly do?,Creates only websites,Manages hardware and provides services to applications,Stores only photos,Replaces the CPU,B,Manages hardware and provides services to applications,medium,medium,,,Software | OS Applications Languages | Core,,PRIMARY,mcq_single,1,Digital & Computer Fundamentals,Correct concept: Manages hardware and provides services to applications.,Correct concept: Manages hardware and provides services to applications.,,,question-bank-xlsx
bc85ea02d8364082d9c7bba9,question,bc85ea02d8364082d9c7bba9,HOW_COMPUTERS_WORK,How Computers Work,Which is a programming language?,Python,Chrome,Windows Explorer,PDF,A,Python,easy,easy,,,Software | OS Applications Languages | Core,,PRIMARY,mcq_single,1,Digital & Computer Fundamentals,Correct concept: Python.,Correct concept: Python.,,,question-bank-xlsx
33809529b30f14d31639b6ac,question,33809529b30f14d31639b6ac,HOW_COMPUTERS_WORK,How Computers Work,Which of these is hardware?,Python,Windows,Keyboard,Browser,C,Keyboard,easy,easy,,,Computer Basics | Core Concepts | Core,,PRIMARY,mcq_single,1,Digital & Computer Fundamentals,Correct concept: Keyboard.,Correct concept: Keyboard.,,,question-bank-xlsx
bd85eb95766dba33d9c5e104,question,bd85eb95766dba33d9c5e104,HOW_COMPUTERS_WORK,How Computers Work,A browser is mainly used to…,manufacture hardware,access web content,replace RAM,compile every program,B,access web content,medium,medium,,,Software | OS Applications Languages | Core,,PRIMARY,mcq_single,1,Digital & Computer Fundamentals,Correct concept: access web content.,Correct concept: access web content.,,,question-bank-xlsx
ba85e6dc14a533e4d9c67f3b,question,ba85e6dc14a533e4d9c67f3b,HOW_COMPUTERS_WORK,How Computers Work,Which statement is correct?,Operating systems run inside keyboards,Applications usually run on top of an operating system,Software is physical hardware,Browsers are CPUs,B,Applications usually run on top of an operating system,medium,medium,,,Software | OS Applications Languages | Core,,PRIMARY,mcq_single,1,Digital & Computer Fundamentals,Correct concept: Applications usually run on top of an operating system.,Correct concept: Applications usually run on top of an operating system.,,,question-bank-xlsx
bb85e86fb2dcad95d9c4a496,question,bb85e86fb2dcad95d9c4a496,HOW_COMPUTERS_WORK,How Computers Work,What is a folder mainly used for?,Executing CPU instructions,Organizing files,Increasing RAM,Creating internet,B,Organizing files,easy,easy,,,Operating Systems & Files | Files Folders Paths | Core,,PRIMARY,mcq_single,1,Digital & Computer Fundamentals,Correct concept: Organizing files.,Correct concept: Organizing files.,,,question-bank-xlsx
b885e3b651142746d9c542cd,question,b885e3b651142746d9c542cd,HOW_COMPUTERS_WORK,How Computers Work,Which file extension commonly represents a PDF document?,.mp3,.pdf,.exe,.jpg,B,.pdf,easy,easy,,,Operating Systems & Files | Files Folders Paths | Core,,PRIMARY,mcq_single,1,Digital & Computer Fundamentals,Correct concept: .pdf.,Correct concept: .pdf.,,,question-bank-xlsx
b985e549ef4ba0f7d9c36828,question,b985e549ef4ba0f7d9c36828,HOW_COMPUTERS_WORK,How Computers Work,Which action creates a duplicate of a file while keeping the original?,Delete,Rename,Copy,Move,C,Copy,easy,easy,,,Operating Systems & Files | Files Folders Paths | Core,,PRIMARY,mcq_single,1,Digital & Computer Fundamentals,Correct concept: Copy.,Correct concept: Copy.,,,question-bank-xlsx
b685e0908d831aa8d9c4065f,question,b685e0908d831aa8d9c4065f,HOW_COMPUTERS_WORK,How Computers Work,Moving a file usually means…,changing its content automatically,changing its location,deleting it permanently,encrypting it,B,changing its location,medium,medium,,,Operating Systems & Files | Files Folders Paths | Core,,PRIMARY,mcq_single,1,Digital & Computer Fundamentals,Correct concept: changing its location.,Correct concept: changing its location.,,,question-bank-xlsx
b785e2232bba9459d9c22bba,question,b785e2232bba9459d9c22bba,HOW_COMPUTERS_WORK,How Computers Work,Which term describes the location of a file inside folders?,File path,CPU path,Browser speed,RAM rate,A,File path,medium,medium,,,Operating Systems & Files | Files Folders Paths | Core,,PRIMARY,mcq_single,1,Digital & Computer Fundamentals,Correct concept: File path.,Correct concept: File path.,,,question-bank-xlsx
c485f69ac9f20e0ad9c2c9f1,question,c485f69ac9f20e0ad9c2c9f1,HOW_COMPUTERS_WORK,How Computers Work,Why should filenames be meaningful?,They increase internet speed,They make files easier to identify and manage,They increase CPU cores,They convert files to programs,B,They make files easier to identify and manage,medium,medium,,,Operating Systems & Files | Files Folders Paths | Core,,PRIMARY,mcq_single,1,Digital & Computer Fundamentals,Correct concept: They make files easier to identify and manage.,Correct concept: They make files easier to identify and manage.,,,question-bank-xlsx
c585f82d682987bbd9c0ef4c,question,c585f82d682987bbd9c0ef4c,HOW_COMPUTERS_WORK,How Computers Work,Which action is safest before permanently deleting an important file?,Turn off Wi-Fi,Confirm it is backed up or no longer needed,Rename the monitor,Close the keyboard,B,Confirm it is backed up or no longer needed,medium,medium,,,Operating Systems & Files | Files Folders Paths | Core,,PRIMARY,mcq_single,1,Digital & Computer Fundamentals,Correct concept: Confirm it is backed up or no longer needed.,Correct concept: Confirm it is backed up or no longer needed.,,,question-bank-xlsx
c288320bd81d0ce33bdd8a8c,question,c288320bd81d0ce33bdd8a8c,HOW_COMPUTERS_WORK,How Computers Work,What is a web browser?,A physical cable,Software used to access web pages,A CPU component,A database table,B,Software used to access web pages,easy,easy,,,Internet & Web | Browser URL Client Server | Core,,PRIMARY,mcq_single,1,Digital & Computer Fundamentals,Correct concept: Software used to access web pages.,Correct concept: Software used to access web pages.,,,question-bank-xlsx
348096bc51468e84163a54e3,question,348096bc51468e84163a54e3,HOW_COMPUTERS_WORK,How Computers Work,Which of these is software?,Monitor,RAM,Web browser,Mouse,C,Web browser,easy,easy,,,Computer Basics | Core Concepts | Core,,PRIMARY,mcq_single,1,Digital & Computer Fundamentals,Correct concept: Web browser.,Correct concept: Web browser.,,,question-bank-xlsx
c1883078765486943bdf6531,question,c1883078765486943bdf6531,HOW_COMPUTERS_WORK,How Computers Work,Which is a search engine?,Google Search,Windows,Python,Bluetooth keyboard,A,Google Search,easy,easy,,,Internet & Web | Browser URL Client Server | Core,,PRIMARY,mcq_single,1,Digital & Computer Fundamentals,Correct concept: Google Search.,Correct concept: Google Search.,,,question-bank-xlsx
c4883531148c00453bdec6fa,question,c4883531148c00453bdec6fa,HOW_COMPUTERS_WORK,How Computers Work,A URL is primarily…,a type of RAM,an address for a resource on the web,a programming loop,a CPU core,B,an address for a resource on the web,easy,easy,,,Internet & Web | Browser URL Client Server | Core,,PRIMARY,mcq_single,1,Digital & Computer Fundamentals,Correct concept: an address for a resource on the web.,Correct concept: an address for a resource on the web.,,,question-bank-xlsx
c388339eb2c379f63bdbafe7,question,c388339eb2c379f63bdbafe7,HOW_COMPUTERS_WORK,How Computers Work,A domain name such as example.com helps users…,increase storage,identify and reach a website,install RAM,replace passwords,B,identify and reach a website,easy,easy,,,Internet & Web | Browser URL Client Server | Core,,PRIMARY,mcq_single,1,Digital & Computer Fundamentals,Correct concept: identify and reach a website.,Correct concept: identify and reach a website.,,,question-bank-xlsx
c688385750faf3a73bdb11b0,question,c688385750faf3a73bdb11b0,HOW_COMPUTERS_WORK,How Computers Work,Downloading means…,sending data from your device only,receiving data from another system to your device,deleting online data,turning off internet,B,receiving data from another system to your device,easy,easy,,,Internet & Web | Browser URL Client Server | Core,,PRIMARY,mcq_single,1,Digital & Computer Fundamentals,Correct concept: receiving data from another system to your device.,Correct concept: receiving data from another system to your device.,,,question-bank-xlsx
c58836c4ef326d583bdcec55,question,c58836c4ef326d583bdcec55,HOW_COMPUTERS_WORK,How Computers Work,Uploading means…,sending data from your device to another system,only viewing a webpage,installing an OS,formatting storage,A,sending data from your device to another system,medium,medium,,,Internet & Web | Browser URL Client Server | Core,,PRIMARY,mcq_single,1,Digital & Computer Fundamentals,Correct concept: sending data from your device to another system.,Correct concept: sending data from your device to another system.,,,question-bank-xlsx
c8883b7d8d69e7093bdc4e1e,question,c8883b7d8d69e7093bdc4e1e,HOW_COMPUTERS_WORK,How Computers Work,HTTPS mainly indicates…,the website is always truthful,the web connection uses encryption in transit,the site has no server,the browser is offline,B,the web connection uses encryption in transit,medium,medium,,,Internet & Web | Browser URL Client Server | Core,,PRIMARY,mcq_single,1,Digital & Computer Fundamentals,Correct concept: the web connection uses encryption in transit.,Correct concept: the web connection uses encryption in transit.,,,question-bank-xlsx
c78839ea2ba160ba3be31a7b,question,c78839ea2ba160ba3be31a7b,HOW_COMPUTERS_WORK,How Computers Work,"In a simple client-server model, the browser usually acts as the…",server room,client,database,CPU,B,client,medium,medium,,,Internet & Web | Browser URL Client Server | Core,,PRIMARY,mcq_single,1,Digital & Computer Fundamentals,Correct concept: client.,Correct concept: client.,,,question-bank-xlsx
ba882573c9d8da6b3be27c44,question,ba882573c9d8da6b3be27c44,HOW_COMPUTERS_WORK,How Computers Work,"When a website responds to a browser request, that response usually comes from a…",keyboard,server,monitor,folder,B,server,medium,medium,,,Internet & Web | Browser URL Client Server | Core,,PRIMARY,mcq_single,1,Digital & Computer Fundamentals,Correct concept: server.,Correct concept: server.,,,question-bank-xlsx
b98823e06810541c3be456e9,question,b98823e06810541c3be456e9,HOW_COMPUTERS_WORK,How Computers Work,Which statement is correct?,The Internet and Web are exactly the same thing,The Web is one service that uses the Internet,A browser is the Internet,A website is RAM,B,The Web is one service that uses the Internet,medium,medium,,,Internet & Web | Browser URL Client Server | Core,,PRIMARY,mcq_single,1,Digital & Computer Fundamentals,Correct concept: The Web is one service that uses the Internet.,Correct concept: The Web is one service that uses the Internet.,,,question-bank-xlsx
c88a7a14d803d9449d92efeb,question,c88a7a14d803d9449d92efeb,HOW_COMPUTERS_WORK,How Computers Work,Which password is generally strongest?,12345678,password,A long unique passphrase,your first name,C,A long unique passphrase,medium,medium,,,Digital Safety | Passwords Phishing Privacy | Core,,PRIMARY,mcq_single,1,Digital & Computer Fundamentals,Correct concept: A long unique passphrase.,Correct concept: A long unique passphrase.,,,question-bank-xlsx
3580984fef7e0835163af31a,question,3580984fef7e0835163af31a,HOW_COMPUTERS_WORK,How Computers Work,Data becomes useful information when it is…,deleted,processed and interpreted,printed only,copied,B,processed and interpreted,medium,medium,,,Computer Basics | Core Concepts | Core,,PRIMARY,mcq_single,1,Digital & Computer Fundamentals,Correct concept: processed and interpreted.,Correct concept: processed and interpreted.,,,question-bank-xlsx
c98a7ba7763b52f59d938e22,question,c98a7ba7763b52f59d938e22,HOW_COMPUTERS_WORK,How Computers Work,You receive a message asking for your OTP. What should you do?,Share it if the message looks urgent,Do not share the OTP,Post it publicly,Use it as your password,B,Do not share the OTP,medium,medium,,,Digital Safety | Passwords Phishing Privacy | Core,,PRIMARY,mcq_single,1,Digital & Computer Fundamentals,Correct concept: Do not share the OTP.,Correct concept: Do not share the OTP.,,,question-bank-xlsx
ca8a7d3a1472cca69d942c59,question,ca8a7d3a1472cca69d942c59,HOW_COMPUTERS_WORK,How Computers Work,A link from an unknown sender asks you to log in immediately. Best first action?,Click quickly,Verify the sender and destination before clicking,Forward your password,Disable your screen,B,Verify the sender and destination before clicking,medium,medium,,,Digital Safety | Passwords Phishing Privacy | Core,,PRIMARY,mcq_single,1,Digital & Computer Fundamentals,Correct concept: Verify the sender and destination before clicking.,Correct concept: Verify the sender and destination before clicking.,,,question-bank-xlsx
cb8a7ecdb2aa46579d8fd8d8,question,cb8a7ecdb2aa46579d8fd8d8,HOW_COMPUTERS_WORK,How Computers Work,Why are software updates important?,They always delete files,They can fix security and reliability issues,They reduce RAM permanently,They replace the internet,B,They can fix security and reliability issues,medium,medium,,,Digital Safety | Passwords Phishing Privacy | Core,,PRIMARY,mcq_single,1,Digital & Computer Fundamentals,Correct concept: They can fix security and reliability issues.,Correct concept: They can fix security and reliability issues.,,,question-bank-xlsx
c48a73c850e1c0089d90770f,question,c48a73c850e1c0089d90770f,HOW_COMPUTERS_WORK,How Computers Work,Which information should generally not be posted publicly?,Favorite color,Passwords and OTPs,Public project title,College branch,B,Passwords and OTPs,medium,medium,,,Digital Safety | Passwords Phishing Privacy | Core,,PRIMARY,mcq_single,1,Digital & Computer Fundamentals,Correct concept: Passwords and OTPs.,Correct concept: Passwords and OTPs.,,,question-bank-xlsx
c58a755bef1939b99d911546,question,c58a755bef1939b99d911546,HOW_COMPUTERS_WORK,How Computers Work,"On public Wi-Fi, which behavior is safer?",Share credentials with others,Avoid sensitive transactions unless using a trusted secure connection,Disable device lock,Use the same password everywhere,B,Avoid sensitive transactions unless using a trusted secure connection,medium,medium,,,Digital Safety | Passwords Phishing Privacy | Core,,PRIMARY,mcq_single,1,Digital & Computer Fundamentals,Correct concept: Avoid sensitive transactions unless using a trusted secure connection.,Correct concept: Avoid sensitive transactions unless using a trusted secure connection.,,,question-bank-xlsx
368099e28db581e6163b9151,question,368099e28db581e6163b9151,HOW_COMPUTERS_WORK,How Computers Work,Which device is primarily used for input?,Monitor,Speaker,Keyboard,Projector,C,Keyboard,medium,medium,,,Computer Basics | Core Concepts | Core,,PRIMARY,mcq_single,1,Digital & Computer Fundamentals,Correct concept: Keyboard.,Correct concept: Keyboard.,,,question-bank-xlsx
37809b752becfb97163c2f88,question,37809b752becfb97163c2f88,HOW_COMPUTERS_WORK,How Computers Work,Which device is primarily used for output?,Mouse,Scanner,Monitor,Microphone,C,Monitor,medium,medium,,,Computer Basics | Core Concepts | Core,,PRIMARY,mcq_single,1,Digital & Computer Fundamentals,Correct concept: Monitor.,Correct concept: Monitor.,,,question-bank-xlsx
38809d08ca247548163ccdbf,question,38809d08ca247548163ccdbf,HOW_COMPUTERS_WORK,How Computers Work,A smartphone is best described as…,only a telephone,only a camera,a general-purpose computing device,a storage disk,C,a general-purpose computing device,medium,medium,,,Computer Basics | Core Concepts | Core,,PRIMARY,mcq_single,1,Digital & Computer Fundamentals,Correct concept: a general-purpose computing device.,Correct concept: a general-purpose computing device.,,,question-bank-xlsx
39809e9b685beef9163d6bf6,question,39809e9b685beef9163d6bf6,HOW_COMPUTERS_WORK,How Computers Work,Which component mainly executes program instructions?,RAM,CPU,SSD,Keyboard,B,CPU,easy,easy,,,Hardware | CPU RAM Storage I/O | Core,,PRIMARY,mcq_single,1,Digital & Computer Fundamentals,Correct concept: CPU.,Correct concept: CPU.,,,question-bank-xlsx
3682d879d84f74217839e40a,question,3682d879d84f74217839e40a,HOW_COMPUTERS_WORK,How Computers Work,Which component stores data temporarily while programs are running?,RAM,SSD,Monitor,Mouse,A,RAM,easy,easy,,,Hardware | CPU RAM Storage I/O | Core,,PRIMARY,mcq_single,1,Digital & Computer Fundamentals,Correct concept: RAM.,Correct concept: RAM.,,,question-bank-xlsx
92b23a5c0e8f3df4c4f37e01,question,92b23a5c0e8f3df4c4f37e01,LOOPS_BASICS,Loops,REPEAT 5 TIMES PRINT 'Hi'. How many times printed?,1,4,5,6,C,5,medium,medium,,,Repetition / Loop Thinking | Counters Accumulators | Core,,PRIMARY,mcq_single,1,Computational Thinking,The repeated state changes lead to 5.,The repeated state changes lead to 5.,,,question-bank-xlsx
95b23f15acc6b7a5c4f2dfca,question,95b23f15acc6b7a5c4f2dfca,LOOPS_BASICS,Loops,TOTAL=0; FOR i=1 TO 4 TOTAL=TOTAL+i. Final total?,4,6,10,16,C,10,medium,medium,,,Repetition / Loop Thinking | Counters Accumulators | Core,,PRIMARY,mcq_single,1,Computational Thinking,The repeated state changes lead to 10.,The repeated state changes lead to 10.,,,question-bank-xlsx
94b23d824afe3156c4efc8b7,question,94b23d824afe3156c4efc8b7,LOOPS_BASICS,Loops,COUNT=1; REPEAT 3 TIMES COUNT=COUNT+2. Final COUNT?,3,5,7,9,C,7,medium,medium,,,Repetition / Loop Thinking | Counters Accumulators | Core,,PRIMARY,mcq_single,1,Computational Thinking,The repeated state changes lead to 7.,The repeated state changes lead to 7.,,,question-bank-xlsx
8fb235a3e935ab07c4ef2a80,question,8fb235a3e935ab07c4ef2a80,LOOPS_BASICS,Loops,FOR i=1 TO 3 PRINT i. What sequence?,0 1 2,1 2 3,1 2 3 4,3 2 1,B,1 2 3,medium,medium,,,Repetition / Loop Thinking | Counters Accumulators | Core,,PRIMARY,mcq_single,1,Computational Thinking,The repeated state changes lead to 1 2 3.,The repeated state changes lead to 1 2 3.,,,question-bank-xlsx
8eb23410876d24b8c4f10525,question,8eb23410876d24b8c4f10525,LOOPS_BASICS,Loops,"SUM=0; FOR EACH x IN [5,5,5] SUM=SUM+x. Final?",5,10,15,25,C,15,medium,medium,,,Repetition / Loop Thinking | Counters Accumulators | Core,,PRIMARY,mcq_single,1,Computational Thinking,The repeated state changes lead to 15.,The repeated state changes lead to 15.,,,question-bank-xlsx
91b238c925a49e69c4f066ee,question,91b238c925a49e69c4f066ee,LOOPS_BASICS,Loops,A=1; REPEAT 4 TIMES A=A*2. Final A?,4,8,16,32,C,16,medium,medium,,,Repetition / Loop Thinking | Counters Accumulators | Core,,PRIMARY,mcq_single,1,Computational Thinking,The repeated state changes lead to 16.,The repeated state changes lead to 16.,,,question-bank-xlsx
90b23736c3dc181ac4f7334b,question,90b23736c3dc181ac4f7334b,LOOPS_BASICS,Loops,"If a loop condition never becomes false, what may happen?",It always stops immediately,The loop may continue indefinitely,It becomes a file,It deletes CPU,B,The loop may continue indefinitely,medium,medium,,,Repetition / Loop Thinking | Counters Accumulators | Core,,PRIMARY,mcq_single,1,Computational Thinking,The repeated state changes lead to The loop may continue indefinitely.,The repeated state changes lead to The loop may continue indefinitely.,,,question-bank-xlsx
b518000d59b9a9f792826a68,question,b518000d59b9a9f792826a68,PATTERN_RECOGNITION,Pattern Recognition,"What comes next: 2, 4, 6, 8, ?",8,20,12,10,D,10,easy,easy,,,Number Patterns | Sequences | Core,,PRIMARY,mcq_single,1,Logical Reasoning,The sequence follows add 2; next is 10.,The sequence follows add 2; next is 10.,,,question-bank-xlsx
b417fe7af7f123a89281cc31,question,b417fe7af7f123a89281cc31,PATTERN_RECOGNITION,Pattern Recognition,"What comes next: 3, 6, 9, 12, ?",15,17,30,13,A,15,easy,easy,,,Number Patterns | Sequences | Core,,PRIMARY,mcq_single,1,Logical Reasoning,The sequence follows add 3; next is 15.,The sequence follows add 3; next is 15.,,,question-bank-xlsx
a717ea0396289d5992812dfa,question,a717ea0396289d5992812dfa,PATTERN_RECOGNITION,Pattern Recognition,"What comes next: 2, 4, 8, 16, ?",32,64,30,34,A,32,easy,easy,,,Number Patterns | Sequences | Core,,PRIMARY,mcq_single,1,Logical Reasoning,The sequence follows multiply by 2; next is 32.,The sequence follows multiply by 2; next is 32.,,,question-bank-xlsx
a617e8703460170a92808fc3,question,a617e8703460170a92808fc3,PATTERN_RECOGNITION,Pattern Recognition,"What comes next: 1, 4, 9, 16, ?",25,23,50,27,A,25,easy,easy,,,Number Patterns | Sequences | Core,,PRIMARY,mcq_single,1,Logical Reasoning,The sequence follows perfect squares; next is 25.,The sequence follows perfect squares; next is 25.,,,question-bank-xlsx
a915ae92a4539c32305c89ef,question,a915ae92a4539c32305c89ef,PATTERN_RECOGNITION,Pattern Recognition,"What comes next: 5, 10, 20, 40, ?",82,78,160,80,D,80,easy,easy,,,Number Patterns | Sequences | Core,,PRIMARY,mcq_single,1,Logical Reasoning,The sequence follows multiply by 2; next is 80.,The sequence follows multiply by 2; next is 80.,,,question-bank-xlsx
aa15b025428b15e3305d2826,question,aa15b025428b15e3305d2826,PATTERN_RECOGNITION,Pattern Recognition,"What comes next: 2, 6, 12, 20, ?",60,28,30,32,C,30,easy,easy,,,Number Patterns | Sequences | Core,,PRIMARY,mcq_single,1,Logical Reasoning,The sequence follows n(n+1) pattern; next is 30.,The sequence follows n(n+1) pattern; next is 30.,,,question-bank-xlsx
a715ab6ce0c28f94305dc65d,question,a715ab6ce0c28f94305dc65d,PATTERN_RECOGNITION,Pattern Recognition,"What comes next: 1, 1, 2, 3, 5, ?",16,8,10,6,B,8,easy,easy,,,Number Patterns | Sequences | Core,,PRIMARY,mcq_single,1,Logical Reasoning,The sequence follows Fibonacci pattern; next is 8.,The sequence follows Fibonacci pattern; next is 8.,,,question-bank-xlsx
a815acff7efa0945305e6494,question,a815acff7efa0945305e6494,PATTERN_RECOGNITION,Pattern Recognition,"What comes next: 10, 9, 7, 4, ?",2,4,0,3,C,0,easy,easy,,,Number Patterns | Sequences | Core,,PRIMARY,mcq_single,1,Logical Reasoning,"The sequence follows subtract 1,2,3,4; next is 0.","The sequence follows subtract 1,2,3,4; next is 0.",,,question-bank-xlsx
a515a8461d3182f6305f02cb,question,a515a8461d3182f6305f02cb,PATTERN_RECOGNITION,Pattern Recognition,"What comes next: 3, 5, 9, 17, ?",31,66,35,33,D,33,easy,easy,,,Number Patterns | Sequences | Core,,PRIMARY,mcq_single,1,Logical Reasoning,The sequence follows multiply by 2 then subtract 1; next is 33.,The sequence follows multiply by 2 then subtract 1; next is 33.,,,question-bank-xlsx
a615a9d9bb68fca7305fa102,question,a615a9d9bb68fca7305fa102,PATTERN_RECOGNITION,Pattern Recognition,"What comes next: 100, 50, 25, 12.5, ?",8.25,4.25,6.25,12.5,C,6.25,easy,easy,,,Number Patterns | Sequences | Core,,PRIMARY,mcq_single,1,Logical Reasoning,The sequence follows divide by 2; next is 6.25.,The sequence follows divide by 2; next is 6.25.,,,question-bank-xlsx
a315a52059a0765830603f39,question,a315a52059a0765830603f39,PATTERN_RECOGNITION,Pattern Recognition,"A, C, E, G, ?",H,I,J,K,B,I,easy,easy,,,Alphabet & Symbol Patterns | Symbol Sequences | Core,,PRIMARY,mcq_single,1,Logical Reasoning,I continues the observed pattern.,I continues the observed pattern.,,,question-bank-xlsx
a415a6b3f7d7f0093056fa00,question,a415a6b3f7d7f0093056fa00,PATTERN_RECOGNITION,Pattern Recognition,"Z, X, V, T, ?",S,R,Q,P,B,R,easy,easy,,,Alphabet & Symbol Patterns | Symbol Sequences | Core,,PRIMARY,mcq_single,1,Logical Reasoning,R continues the observed pattern.,R continues the observed pattern.,,,question-bank-xlsx
b115bb2a960f69ba30579837,question,b115bb2a960f69ba30579837,PATTERN_RECOGNITION,Pattern Recognition,"AB, BC, CD, DE, ?",DF,EF,FG,ED,B,EF,easy,easy,,,Alphabet & Symbol Patterns | Symbol Sequences | Core,,PRIMARY,mcq_single,1,Logical Reasoning,EF continues the observed pattern.,EF continues the observed pattern.,,,question-bank-xlsx
b215bcbd3446e36b3058366e,question,b215bcbd3446e36b3058366e,PATTERN_RECOGNITION,Pattern Recognition,▲ ● ▲ ● ▲ ?,▲,●,■,◆,B,●,easy,easy,,,Alphabet & Symbol Patterns | Symbol Sequences | Core,,PRIMARY,mcq_single,1,Logical Reasoning,● continues the observed pattern.,● continues the observed pattern.,,,question-bank-xlsx
a3136689a43a689355b31cf4,question,a3136689a43a689355b31cf4,PATTERN_RECOGNITION,Pattern Recognition,"1A, 2B, 3C, 4D, ?",4E,5D,5E,6F,C,5E,medium,medium,,,Alphabet & Symbol Patterns | Symbol Sequences | Core,,PRIMARY,mcq_single,1,Logical Reasoning,5E continues the observed pattern.,5E continues the observed pattern.,,,question-bank-xlsx
a21364f64271e24455b4f799,question,a21364f64271e24455b4f799,PATTERN_RECOGNITION,Pattern Recognition,"A1, C3, E5, G7, ?",H8,I8,I9,J10,C,I9,medium,medium,,,Alphabet & Symbol Patterns | Symbol Sequences | Core,,PRIMARY,mcq_single,1,Logical Reasoning,I9 continues the observed pattern.,I9 continues the observed pattern.,,,question-bank-xlsx
3b1d502da3d59a17dcd2dc38,question,3b1d502da3d59a17dcd2dc38,PATTERN_RECOGNITION,Pattern Recognition,You face North and turn right. Which direction now?,West,East,South,North,B,East,easy,easy,,,Spatial & Direction Logic | Direction Position | Core,,PRIMARY,mcq_single,1,Logical Reasoning,Correct spatial relation: East.,Correct spatial relation: East.,,,question-bank-xlsx
3a1d4e9a420d13c8dcd4b6dd,question,3a1d4e9a420d13c8dcd4b6dd,PATTERN_RECOGNITION,Pattern Recognition,You face East and turn left. Which direction now?,North,South,West,East,A,North,easy,easy,,,Spatial & Direction Logic | Direction Position | Core,,PRIMARY,mcq_single,1,Logical Reasoning,Correct spatial relation: North.,Correct spatial relation: North.,,,question-bank-xlsx
391d4d07e0448d79dcd418a6,question,391d4d07e0448d79dcd418a6,PATTERN_RECOGNITION,Pattern Recognition,A is left of B. B is left of C. Which is true?,C is left of A,A is left of C,A equals C,Cannot tell,B,A is left of C,easy,easy,,,Spatial & Direction Logic | Direction Position | Core,,PRIMARY,mcq_single,1,Logical Reasoning,Correct spatial relation: A is left of C.,Correct spatial relation: A is left of C.,,,question-bank-xlsx
381d4b747e7c072adcd5f34b,question,381d4b747e7c072adcd5f34b,PATTERN_RECOGNITION,Pattern Recognition,"A file icon is above another icon. If the lower icon moves above the first, which is now higher?",The original icon,The moved icon,Both are always equal,Cannot move,B,The moved icon,easy,easy,,,Spatial & Direction Logic | Direction Position | Core,,PRIMARY,mcq_single,1,Logical Reasoning,Correct spatial relation: The moved icon.,Correct spatial relation: The moved icon.,,,question-bank-xlsx
371d49e11cb380dbdcd55514,question,371d49e11cb380dbdcd55514,PATTERN_RECOGNITION,Pattern Recognition,"You move 2 steps north then 2 steps south. Relative to start, where are you?",2 north,2 south,At the starting position,4 east,C,At the starting position,easy,easy,,,Spatial & Direction Logic | Direction Position | Core,,PRIMARY,mcq_single,1,Logical Reasoning,Correct spatial relation: At the starting position.,Correct spatial relation: At the starting position.,,,question-bank-xlsx
b61a403741f3e0297b6d3090,question,b61a403741f3e0297b6d3090,PROBLEM_SOLVING,Problem Solving,A program should calculate the average of five marks. What are the required inputs?,Only the average,Five marks,Student name only,A password,B,Five marks,easy,easy,,,Problem Understanding | Inputs Outputs Constraints | Core,,PRIMARY,mcq_single,1,Computational Thinking,Five marks correctly identifies the requirement.,Five marks correctly identifies the requirement.,,,question-bank-xlsx
b71a41cae02b59da7b6dcec7,question,b71a41cae02b59da7b6dcec7,PROBLEM_SOLVING,Problem Solving,A system checks whether a person can vote based only on age. What is the key input?,Height,Age,Favorite color,File size,B,Age,easy,easy,,,Problem Understanding | Inputs Outputs Constraints | Core,,PRIMARY,mcq_single,1,Computational Thinking,Age correctly identifies the requirement.,Age correctly identifies the requirement.,,,question-bank-xlsx
b81a435d7e62d38b7b70e5da,question,b81a435d7e62d38b7b70e5da,PROBLEM_SOLVING,Problem Solving,A calculator adds two numbers. What output should it produce?,The first number only,Their sum,A random number,A file,B,Their sum,easy,easy,,,Problem Understanding | Inputs Outputs Constraints | Core,,PRIMARY,mcq_single,1,Computational Thinking,Their sum correctly identifies the requirement.,Their sum correctly identifies the requirement.,,,question-bank-xlsx
b11a38581c9a4d3c7b718411,question,b11a38581c9a4d3c7b718411,PROBLEM_SOLVING,Problem Solving,A task says 'find the largest of three values'. What is the expected output?,All values sorted,The smallest value,The largest value,Only the first value,C,The largest value,easy,easy,,,Problem Understanding | Inputs Outputs Constraints | Core,,PRIMARY,mcq_single,1,Computational Thinking,The largest value correctly identifies the requirement.,The largest value correctly identifies the requirement.,,,question-bank-xlsx
b21a39ebbad1c6ed7b6fa96c,question,b21a39ebbad1c6ed7b6fa96c,PROBLEM_SOLVING,Problem Solving,A program converts Celsius to Fahrenheit. What must be known first?,Browser name,Celsius value,Student roll number,CPU model,B,Celsius value,easy,easy,,,Problem Understanding | Inputs Outputs Constraints | Core,,PRIMARY,mcq_single,1,Computational Thinking,Celsius value correctly identifies the requirement.,Celsius value correctly identifies the requirement.,,,question-bank-xlsx
b31a3b7e5909409e7b7047a3,question,b31a3b7e5909409e7b7047a3,PROBLEM_SOLVING,Problem Solving,A problem statement says N can be from 1 to 100. This is a…,comment,constraint,browser,database,B,constraint,easy,easy,,,Problem Understanding | Inputs Outputs Constraints | Core,,PRIMARY,mcq_single,1,Computational Thinking,constraint correctly identifies the requirement.,constraint correctly identifies the requirement.,,,question-bank-xlsx
b41a3d11f740ba4f7b735eb6,question,b41a3d11f740ba4f7b735eb6,PROBLEM_SOLVING,Problem Solving,"Before solving a problem, which is most useful first?",Start typing random code,"Understand inputs, outputs and rules",Skip examples,Guess the answer,B,"Understand inputs, outputs and rules",easy,easy,,,Problem Understanding | Inputs Outputs Constraints | Core,,PRIMARY,mcq_single,1,Computational Thinking,"Understand inputs, outputs and rules correctly identifies the requirement.","Understand inputs, outputs and rules correctly identifies the requirement.",,,question-bank-xlsx
ad1a320c957834007b73fced,question,ad1a320c957834007b73fced,PROBLEM_SOLVING,Problem Solving,Which is a sensible subtask for an online shopping system?,Change CPU hardware,Shopping cart management,Paint the keyboard,Delete the internet,B,Shopping cart management,medium,medium,,,Decomposition | Breaking Problems Down | Core,,PRIMARY,mcq_single,1,Computational Thinking,Shopping cart management reflects decomposition.,Shopping cart management reflects decomposition.,,,question-bank-xlsx
ae1a339f33afadb17b722248,question,ae1a339f33afadb17b722248,PROBLEM_SOLVING,Problem Solving,Which decomposition best fits a student attendance system?,Music → Camera → Weather,Login → Students → Attendance → Reports,Keyboard → Mouse → CPU,Random steps,B,Login → Students → Attendance → Reports,medium,medium,,,Decomposition | Breaking Problems Down | Core,,PRIMARY,mcq_single,1,Computational Thinking,Login → Students → Attendance → Reports reflects decomposition.,Login → Students → Attendance → Reports reflects decomposition.,,,question-bank-xlsx
1f2c2ea3a3a332d983e3beca,question,1f2c2ea3a3a332d983e3beca,PROBLEM_SOLVING,Problem Solving,Why decompose a large problem?,To make it more confusing,To make it easier to understand and solve,To remove all inputs,To avoid testing,B,To make it easier to understand and solve,medium,medium,,,Decomposition | Breaking Problems Down | Core,,PRIMARY,mcq_single,1,Computational Thinking,To make it easier to understand and solve reflects decomposition.,To make it easier to understand and solve reflects decomposition.,,,question-bank-xlsx
1e2c2d1041daac8a83e32093,question,1e2c2d1041daac8a83e32093,PROBLEM_SOLVING,Problem Solving,"For a library app, which is a useful subproblem?",Book search,Screen brightness,CPU manufacturing,Internet invention,A,Book search,medium,medium,,,Decomposition | Breaking Problems Down | Core,,PRIMARY,mcq_single,1,Computational Thinking,Book search reflects decomposition.,Book search reflects decomposition.,,,question-bank-xlsx
212c31c9e012263b83e2825c,question,212c31c9e012263b83e2825c,PROBLEM_SOLVING,Problem Solving,"For a food delivery app, which subtask belongs?",Order tracking,Changing laptop RAM,Writing an OS kernel,Printing only,A,Order tracking,medium,medium,,,Decomposition | Breaking Problems Down | Core,,PRIMARY,mcq_single,1,Computational Thinking,Order tracking reflects decomposition.,Order tracking reflects decomposition.,,,question-bank-xlsx
202c30367e499fec83e1e425,question,202c30367e499fec83e1e425,PROBLEM_SOLVING,Problem Solving,"A large project has login, payment and reports. These are best thought of as…",the same single variable,separate components/subproblems,hardware devices,file extensions,B,separate components/subproblems,medium,medium,,,Decomposition | Breaking Problems Down | Core,,PRIMARY,mcq_single,1,Computational Thinking,separate components/subproblems reflects decomposition.,separate components/subproblems reflects decomposition.,,,question-bank-xlsx
232c34ef1c81199d83e145ee,question,232c34ef1c81199d83e145ee,PROBLEM_SOLVING,Problem Solving,Which approach is best for a complex problem?,Ignore the problem,Solve clear smaller parts and combine them,Only memorize syntax,Avoid planning,B,Solve clear smaller parts and combine them,medium,medium,,,Decomposition | Breaking Problems Down | Core,,PRIMARY,mcq_single,1,Computational Thinking,Solve clear smaller parts and combine them reflects decomposition.,Solve clear smaller parts and combine them reflects decomposition.,,,question-bank-xlsx
222c335cbab8934e83e0a7b7,question,222c335cbab8934e83e0a7b7,PROBLEM_SOLVING,Problem Solving,"To find the sum of two numbers, which sequence is best?",Display → Read → Add,Read numbers → Add them → Display result,Add before values exist,Delete → Add,B,Read numbers → Add them → Display result,medium,medium,,,Step-by-Step Thinking | Algorithmic Sequence | Core,,PRIMARY,mcq_single,1,Computational Thinking,Read numbers → Add them → Display result is the logical approach.,Read numbers → Add them → Display result is the logical approach.,,,question-bank-xlsx
252c381558f00cff83e00980,question,252c381558f00cff83e00980,PROBLEM_SOLVING,Problem Solving,"To determine even/odd, which key calculation is useful?",Multiply by 100,Find remainder when divided by 2,Sort letters,Open browser,B,Find remainder when divided by 2,medium,medium,,,Step-by-Step Thinking | Algorithmic Sequence | Core,,PRIMARY,mcq_single,1,Computational Thinking,Find remainder when divided by 2 is the logical approach.,Find remainder when divided by 2 is the logical approach.,,,question-bank-xlsx
242c3682f72786b083e94eb9,question,242c3682f72786b083e94eb9,PROBLEM_SOLVING,Problem Solving,"To find largest of three numbers, what is necessary?",Convert them to files,Compare the values,Delete one randomly,Open a website,B,Compare the values,medium,medium,,,Step-by-Step Thinking | Algorithmic Sequence | Core,,PRIMARY,mcq_single,1,Computational Thinking,Compare the values is the logical approach.,Compare the values is the logical approach.,,,question-bank-xlsx
272c3b3b955f006183e8b082,question,272c3b3b955f006183e8b082,PROBLEM_SOLVING,Problem Solving,"For a grade calculator, what should happen after marks are read?",Ignore marks,Apply grade rules,Delete input,Shut down,B,Apply grade rules,medium,medium,,,Step-by-Step Thinking | Algorithmic Sequence | Core,,PRIMARY,mcq_single,1,Computational Thinking,Apply grade rules is the logical approach.,Apply grade rules is the logical approach.,,,question-bank-xlsx
262c39a833967a1283e8124b,question,262c39a833967a1283e8124b,PROBLEM_SOLVING,Problem Solving,"To count 1 through 5, what is the core idea?",Use no repetition,Repeat while changing the count,Store only text,Use a browser,B,Repeat while changing the count,medium,medium,,,Step-by-Step Thinking | Algorithmic Sequence | Core,,PRIMARY,mcq_single,1,Computational Thinking,Repeat while changing the count is the logical approach.,Repeat while changing the count is the logical approach.,,,question-bank-xlsx
b9294f7aa389ff3a227fedc7,question,b9294f7aa389ff3a227fedc7,PROBLEM_SOLVING,Problem Solving,"To calculate total marks for 5 subjects, which approach is best?",Take only the largest,Add all five marks,Multiply by zero,Sort alphabetically,B,Add all five marks,medium,medium,,,Step-by-Step Thinking | Algorithmic Sequence | Core,,PRIMARY,mcq_single,1,Computational Thinking,Add all five marks is the logical approach.,Add all five marks is the logical approach.,,,question-bank-xlsx
ba29510d41c178eb22808bfe,question,ba29510d41c178eb22808bfe,PROBLEM_SOLVING,Problem Solving,"To validate age between 18 and 60, what is needed?",Check name only,Check both lower and upper limits,Check file size,Always accept,B,Check both lower and upper limits,medium,medium,,,Step-by-Step Thinking | Algorithmic Sequence | Core,,PRIMARY,mcq_single,1,Computational Thinking,Check both lower and upper limits is the logical approach.,Check both lower and upper limits is the logical approach.,,,question-bank-xlsx
b7294c54dff8f29c22812a35,question,b7294c54dff8f29c22812a35,PROBLEM_SOLVING,Problem Solving,"After designing an algorithm, what is a good next step before coding?",Forget it,Dry-run it with sample inputs,Change the CPU,Publish without testing,B,Dry-run it with sample inputs,medium,medium,,,Step-by-Step Thinking | Algorithmic Sequence | Core,,PRIMARY,mcq_single,1,Computational Thinking,Dry-run it with sample inputs is the logical approach.,Dry-run it with sample inputs is the logical approach.,,,question-bank-xlsx
1faac98e258b6aca9fede121,question,1faac98e258b6aca9fede121,PROGRAMMING_FUNDAMENTALS,Programming Fundamentals,A box X contains 10. Replace X with X+5. New X?,5,10,15,50,C,15,easy,easy,,,Variable Thinking | State and Values | Core,,PRIMARY,mcq_single,1,Programming Readiness,State update gives 15.,State update gives 15.,,,question-bank-xlsx
20aacb21c3c2e47b9fee7f58,question,20aacb21c3c2e47b9fee7f58,PROGRAMMING_FUNDAMENTALS,Programming Fundamentals,A box SCORE contains 20. SCORE=SCORE-3. New SCORE?,3,17,20,23,B,17,easy,easy,,,Variable Thinking | State and Values | Core,,PRIMARY,mcq_single,1,Programming Readiness,State update gives 17.,State update gives 17.,,,question-bank-xlsx
19aac01c61fa5e2c9fef1d8f,question,19aac01c61fa5e2c9fef1d8f,PROGRAMMING_FUNDAMENTALS,Programming Fundamentals,A box A contains 4. A=A*3. New A?,7,12,4,1,B,12,easy,easy,,,Variable Thinking | State and Values | Core,,PRIMARY,mcq_single,1,Programming Readiness,State update gives 12.,State update gives 12.,,,question-bank-xlsx
1aaac1af0031d7dd9fefbbc6,question,1aaac1af0031d7dd9fefbbc6,PROGRAMMING_FUNDAMENTALS,Programming Fundamentals,A box N contains 8. N=N/2. New N?,2,4,8,16,B,4,easy,easy,,,Variable Thinking | State and Values | Core,,PRIMARY,mcq_single,1,Programming Readiness,State update gives 4.,State update gives 4.,,,question-bank-xlsx
27ad14bd70255d0501758a9a,question,27ad14bd70255d0501758a9a,PROGRAMMING_FUNDAMENTALS,Programming Fundamentals,X=5 then Y=X+2. What is Y?,5,7,10,2,B,7,easy,easy,,,Variable Thinking | State and Values | Core,,PRIMARY,mcq_single,1,Programming Readiness,State update gives 7.,State update gives 7.,,,question-bank-xlsx
26ad132a0e5cd6b60174ec63,question,26ad132a0e5cd6b60174ec63,PROGRAMMING_FUNDAMENTALS,Programming Fundamentals,COUNT=0 then COUNT=COUNT+1 twice. Final COUNT?,0,1,2,3,C,2,easy,easy,,,Variable Thinking | State and Values | Core,,PRIMARY,mcq_single,1,Programming Readiness,State update gives 2.,State update gives 2.,,,question-bank-xlsx
25ad1197ac94506701744e2c,question,25ad1197ac94506701744e2c,PROGRAMMING_FUNDAMENTALS,Programming Fundamentals,PRICE=100. PRICE=PRICE-20. Final PRICE?,20,80,100,120,B,80,easy,easy,,,Variable Thinking | State and Values | Core,,PRIMARY,mcq_single,1,Programming Readiness,State update gives 80.,State update gives 80.,,,question-bank-xlsx
24ad10044acbca180173aff5,question,24ad10044acbca180173aff5,PROGRAMMING_FUNDAMENTALS,Programming Fundamentals,A=5; B=A; A=10. What is B?,5,10,15,0,A,5,medium,medium,,,Assignment & State Change | Assignment Semantics | Core,,PRIMARY,mcq_single,1,Programming Readiness,Tracking values in order gives 5.,Tracking values in order gives 5.,,,question-bank-xlsx
23ad0e71e90343c9017311be,question,23ad0e71e90343c9017311be,PROGRAMMING_FUNDAMENTALS,Programming Fundamentals,X=3; Y=X; Y=8. What is X?,3,8,11,0,A,3,medium,medium,,,Assignment & State Change | Assignment Semantics | Core,,PRIMARY,mcq_single,1,Programming Readiness,Tracking values in order gives 3.,Tracking values in order gives 3.,,,question-bank-xlsx
22ad0cde873abd7a01727387,question,22ad0cde873abd7a01727387,PROGRAMMING_FUNDAMENTALS,Programming Fundamentals,P=2; Q=P+3; P=9. What is Q?,2,5,9,12,B,5,medium,medium,,,Assignment & State Change | Assignment Semantics | Core,,PRIMARY,mcq_single,1,Programming Readiness,Tracking values in order gives 5.,Tracking values in order gives 5.,,,question-bank-xlsx
21ad0b4b2572372b0171d550,question,21ad0b4b2572372b0171d550,PROGRAMMING_FUNDAMENTALS,Programming Fundamentals,A=1; B=2; A=B. What is A?,1,2,3,0,B,2,medium,medium,,,Assignment & State Change | Assignment Semantics | Core,,PRIMARY,mcq_single,1,Programming Readiness,Tracking values in order gives 2.,Tracking values in order gives 2.,,,question-bank-xlsx
20ad09b8c3a9b0dc017b1a89,question,20ad09b8c3a9b0dc017b1a89,PROGRAMMING_FUNDAMENTALS,Programming Fundamentals,X=7; X=X+1; X=X+1. Final X?,7,8,9,10,C,9,medium,medium,,,Assignment & State Change | Assignment Semantics | Core,,PRIMARY,mcq_single,1,Programming Readiness,Tracking values in order gives 9.,Tracking values in order gives 9.,,,question-bank-xlsx
1fad082561e12a8d017a7c52,question,1fad082561e12a8d017a7c52,PROGRAMMING_FUNDAMENTALS,Programming Fundamentals,"A=4; B=6; TEMP=A; A=B; B=TEMP. Final A,B?","4,6","6,4","10,10","4,4",B,"6,4",medium,medium,,,Assignment & State Change | Assignment Semantics | Core,,PRIMARY,mcq_single,1,Programming Readiness,"Tracking values in order gives 6,4.","Tracking values in order gives 6,4.",,,question-bank-xlsx
1ead06920018a43e0179de1b,question,1ead06920018a43e0179de1b,PROGRAMMING_FUNDAMENTALS,Programming Fundamentals,TOTAL=10; ADD=5; TOTAL=TOTAL+ADD. Final TOTAL?,5,10,15,50,C,15,medium,medium,,,Assignment & State Change | Assignment Semantics | Core,,PRIMARY,mcq_single,1,Programming Readiness,Tracking values in order gives 15.,Tracking values in order gives 15.,,,question-bank-xlsx
95a57322700c2966ea4aaf3d,question,95a57322700c2966ea4aaf3d,PROGRAMMING_FUNDAMENTALS,Programming Fundamentals,"A calculator receives 2 and 3, adds them, displays 5. Which are the inputs?",5,2 and 3,addition sign only,screen,B,2 and 3,easy,easy,,,Input-Processing-Output | IPO Model | Core,,PRIMARY,mcq_single,1,Programming Readiness,2 and 3 is correct in the IPO model.,2 and 3 is correct in the IPO model.,,,question-bank-xlsx
96a574b50e43a317ea48d498,question,96a574b50e43a317ea48d498,PROGRAMMING_FUNDAMENTALS,Programming Fundamentals,"In a grade calculator, marks are entered and grade is shown. The grade is the…",input,output,storage device,CPU,B,output,easy,easy,,,Input-Processing-Output | IPO Model | Core,,PRIMARY,mcq_single,1,Programming Readiness,output is correct in the IPO model.,output is correct in the IPO model.,,,question-bank-xlsx
93a56ffcac7b1cc8ea4972cf,question,93a56ffcac7b1cc8ea4972cf,PROGRAMMING_FUNDAMENTALS,Programming Fundamentals,"In temperature conversion, converting C to F is the…",input,processing step,output only,hardware,B,processing step,easy,easy,,,Input-Processing-Output | IPO Model | Core,,PRIMARY,mcq_single,1,Programming Readiness,processing step is correct in the IPO model.,processing step is correct in the IPO model.,,,question-bank-xlsx
94a5718f4ab29679ea4c89e2,question,94a5718f4ab29679ea4c89e2,PROGRAMMING_FUNDAMENTALS,Programming Fundamentals,A form collects name and age. These are primarily…,outputs,inputs,algorithms only,servers,B,inputs,easy,easy,,,Input-Processing-Output | IPO Model | Core,,PRIMARY,mcq_single,1,Programming Readiness,inputs is correct in the IPO model.,inputs is correct in the IPO model.,,,question-bank-xlsx
91a56cd6e8ea102aea4d2819,question,91a56cd6e8ea102aea4d2819,PROGRAMMING_FUNDAMENTALS,Programming Fundamentals,A program displays 'Eligible' after checking age. 'Eligible' is…,input,output,RAM,file path,B,output,easy,easy,,,Input-Processing-Output | IPO Model | Core,,PRIMARY,mcq_single,1,Programming Readiness,output is correct in the IPO model.,output is correct in the IPO model.,,,question-bank-xlsx
92a56e69872189dbea4b4d74,question,92a56e69872189dbea4b4d74,PROGRAMMING_FUNDAMENTALS,Programming Fundamentals,Which model best describes many simple programs?,Output → Delete → Input,Input → Process → Output,CPU → Keyboard → RAM only,File → Browser → Mouse,B,Input → Process → Output,easy,easy,,,Input-Processing-Output | IPO Model | Core,,PRIMARY,mcq_single,1,Programming Readiness,Input → Process → Output is correct in the IPO model.,Input → Process → Output is correct in the IPO model.,,,question-bank-xlsx
8fa569b02559038cea4bebab,question,8fa569b02559038cea4bebab,PROGRAMMING_FUNDAMENTALS,Programming Fundamentals,If age>=18 then Eligible else Not Eligible. age=20?,Eligible,Not Eligible,20,Error,A,Eligible,medium,medium,,,Conditional Thinking | If Else Reasoning | Core,,PRIMARY,mcq_single,1,Programming Readiness,Condition evaluates to Eligible.,Condition evaluates to Eligible.,,,question-bank-xlsx
90a56b43c3907d3dea451f4e,question,90a56b43c3907d3dea451f4e,PROGRAMMING_FUNDAMENTALS,Programming Fundamentals,If marks>=40 then Pass else Fail. marks=39?,Pass,Fail,39,None,B,Fail,medium,medium,,,Conditional Thinking | If Else Reasoning | Core,,PRIMARY,mcq_single,1,Programming Readiness,Condition evaluates to Fail.,Condition evaluates to Fail.,,,question-bank-xlsx
9da57fba61c7f6eeea45bd85,question,9da57fba61c7f6eeea45bd85,PROGRAMMING_FUNDAMENTALS,Programming Fundamentals,"If balance>=price then Buy else Cannot Buy. balance=500, price=450?",Buy,Cannot Buy,500,450,A,Buy,medium,medium,,,Conditional Thinking | If Else Reasoning | Core,,PRIMARY,mcq_single,1,Programming Readiness,Condition evaluates to Buy.,Condition evaluates to Buy.,,,question-bank-xlsx
9ea5814dffff709fea43e2e0,question,9ea5814dffff709fea43e2e0,PROGRAMMING_FUNDAMENTALS,Programming Fundamentals,If username correct AND password correct then Login. Password wrong?,Login,No login,Delete account,Change username,B,No login,medium,medium,,,Conditional Thinking | If Else Reasoning | Core,,PRIMARY,mcq_single,1,Programming Readiness,Condition evaluates to No login.,Condition evaluates to No login.,,,question-bank-xlsx
9ba7bb2b6ff2f5c74c607e20,question,9ba7bb2b6ff2f5c74c607e20,PROGRAMMING_FUNDAMENTALS,Programming Fundamentals,If raining OR very hot then stay inside. It is raining. Decision?,Go outside,Stay inside,Cannot decide,Turn off computer,B,Stay inside,medium,medium,,,Conditional Thinking | If Else Reasoning | Core,,PRIMARY,mcq_single,1,Programming Readiness,Condition evaluates to Stay inside.,Condition evaluates to Stay inside.,,,question-bank-xlsx
9aa7b9980e2a6f784c6258c5,question,9aa7b9980e2a6f784c6258c5,PROGRAMMING_FUNDAMENTALS,Programming Fundamentals,"If number<0 then Negative, number=0?",Condition is true,Condition is false,Number is negative,Error,B,Condition is false,medium,medium,,,Conditional Thinking | If Else Reasoning | Core,,PRIMARY,mcq_single,1,Programming Readiness,Condition evaluates to Condition is false.,Condition evaluates to Condition is false.,,,question-bank-xlsx
9da7be51ac61e9294c61ba8e,question,9da7be51ac61e9294c61ba8e,PROGRAMMING_FUNDAMENTALS,Programming Fundamentals,"If score>=90 A, else if >=75 B, else C. score=76?",A,B,C,76,B,B,medium,medium,,,Conditional Thinking | If Else Reasoning | Core,,PRIMARY,mcq_single,1,Programming Readiness,Condition evaluates to B.,Condition evaluates to B.,,,question-bank-xlsx
9ca7bcbe4a9962da4c639533,question,9ca7bcbe4a9962da4c639533,PROGRAMMING_FUNDAMENTALS,Programming Fundamentals,You need to print a message 100 times. Best idea?,Write 100 unrelated programs,Repeat the same instruction with a loop-like process,Use no instruction,Change monitor,B,Repeat the same instruction with a loop-like process,medium,medium,,,Iterative Thinking | Repetition Concepts | Core,,PRIMARY,mcq_single,1,Programming Readiness,Correct iterative result/concept: Repeat the same instruction with a loop-like process.,Correct iterative result/concept: Repeat the same instruction with a loop-like process.,,,question-bank-xlsx
9fa7c177e8d0dc8b4c62f6fc,question,9fa7c177e8d0dc8b4c62f6fc,PROGRAMMING_FUNDAMENTALS,Programming Fundamentals,"To add numbers 1 through 50, which idea is useful?",Use only the first number,Keep a running total while repeating,Open 50 browsers,Store no values,B,Keep a running total while repeating,medium,medium,,,Iterative Thinking | Repetition Concepts | Core,,PRIMARY,mcq_single,1,Programming Readiness,Correct iterative result/concept: Keep a running total while repeating.,Correct iterative result/concept: Keep a running total while repeating.,,,question-bank-xlsx
9ea7bfe48708563c4c64d1a1,question,9ea7bfe48708563c4c64d1a1,PROGRAMMING_FUNDAMENTALS,Programming Fundamentals,A counter starts at 0 and increases by 1 for each student. After 5 students?,0,1,5,6,C,5,medium,medium,,,Iterative Thinking | Repetition Concepts | Core,,PRIMARY,mcq_single,1,Programming Readiness,Correct iterative result/concept: 5.,Correct iterative result/concept: 5.,,,question-bank-xlsx
a1a7c49d253fcfed4c64336a,question,a1a7c49d253fcfed4c64336a,PROGRAMMING_FUNDAMENTALS,Programming Fundamentals,A process repeats until password is correct. What controls stopping?,Screen size,The correctness condition,CPU brand,File extension,B,The correctness condition,medium,medium,,,Iterative Thinking | Repetition Concepts | Core,,PRIMARY,mcq_single,1,Programming Readiness,Correct iterative result/concept: The correctness condition.,Correct iterative result/concept: The correctness condition.,,,question-bank-xlsx
a0a7c30ac377499e4c660e0f,question,a0a7c30ac377499e4c660e0f,PROGRAMMING_FUNDAMENTALS,Programming Fundamentals,"If a repeated step never changes the condition controlling it, what risk exists?",It always stops,It may never stop,It becomes a database,It creates hardware,B,It may never stop,medium,medium,,,Iterative Thinking | Repetition Concepts | Core,,PRIMARY,mcq_single,1,Programming Readiness,Correct iterative result/concept: It may never stop.,Correct iterative result/concept: It may never stop.,,,question-bank-xlsx
93a7ae9361aec34f4c656fd8,question,93a7ae9361aec34f4c656fd8,PROGRAMMING_FUNDAMENTALS,Programming Fundamentals,"To examine every mark in a list, what general strategy fits?",Only check first mark,Process each mark one by one,Delete the list,Sort without reading,B,Process each mark one by one,medium,medium,,,Iterative Thinking | Repetition Concepts | Core,,PRIMARY,mcq_single,1,Programming Readiness,Correct iterative result/concept: Process each mark one by one.,Correct iterative result/concept: Process each mark one by one.,,,question-bank-xlsx
92a7ad00ffe63d004c674a7d,question,92a7ad00ffe63d004c674a7d,PROGRAMMING_FUNDAMENTALS,Programming Fundamentals,A running total starts at 0 and adds 2 four times. Result?,2,4,6,8,D,8,medium,medium,,,Iterative Thinking | Repetition Concepts | Core,,PRIMARY,mcq_single,1,Programming Readiness,Correct iterative result/concept: 8.,Correct iterative result/concept: 8.,,,question-bank-xlsx
89a0e3106fd9c228271db1fb,question,89a0e3106fd9c228271db1fb,PROGRAMMING_FUNDAMENTALS,Programming Fundamentals,You need to store marks for 60 students. Best conceptual choice?,Create no storage,Use one organized collection of values,Use 60 monitors,Store only the first mark,B,Use one organized collection of values,medium,medium,,,Data Collection Thinking | Collections Intuition | Core,,PRIMARY,mcq_single,1,Programming Readiness,Use one organized collection of values reflects useful data-organization thinking.,Use one organized collection of values reflects useful data-organization thinking.,,,question-bank-xlsx
8aa0e4a30e113bd9271e5032,question,8aa0e4a30e113bd9271e5032,PROGRAMMING_FUNDAMENTALS,Programming Fundamentals,You have a list of city names and need to check each one. Best approach?,Ignore the list,Process the collection item by item,Convert city names to CPUs,Only read last item,B,Process the collection item by item,medium,medium,,,Data Collection Thinking | Collections Intuition | Core,,PRIMARY,mcq_single,1,Programming Readiness,Process the collection item by item reflects useful data-organization thinking.,Process the collection item by item reflects useful data-organization thinking.,,,question-bank-xlsx
8ba0e636ac48b58a271eee69,question,8ba0e636ac48b58a271eee69,PROGRAMMING_FUNDAMENTALS,Programming Fundamentals,"To find the largest value in a collection, what must happen?",Only read the first value,Compare values while examining the collection,Delete values,Use web search,B,Compare values while examining the collection,medium,medium,,,Data Collection Thinking | Collections Intuition | Core,,PRIMARY,mcq_single,1,Programming Readiness,Compare values while examining the collection reflects useful data-organization thinking.,Compare values while examining the collection reflects useful data-organization thinking.,,,question-bank-xlsx
8ca0e7c94a802f3b271a9ae8,question,8ca0e7c94a802f3b271a9ae8,PROGRAMMING_FUNDAMENTALS,Programming Fundamentals,A collection may contain duplicate marks. Which statement is reasonable?,Duplicates are impossible in all collections,Duplicates can still be stored if the structure allows them,Marks become folders,Only text can repeat,B,Duplicates can still be stored if the structure allows them,medium,medium,,,Data Collection Thinking | Collections Intuition | Core,,PRIMARY,mcq_single,1,Programming Readiness,Duplicates can still be stored if the structure allows them reflects useful data-organization thinking.,Duplicates can still be stored if the structure allows them reflects useful data-organization thinking.,,,question-bank-xlsx
8da0e95ce8b7a8ec271b391f,question,8da0e95ce8b7a8ec271b391f,PROGRAMMING_FUNDAMENTALS,Programming Fundamentals,Why organize related values together?,It slows every task,It makes repeated processing and management easier,It removes data,It replaces algorithms,B,It makes repeated processing and management easier,medium,medium,,,Data Collection Thinking | Collections Intuition | Core,,PRIMARY,mcq_single,1,Programming Readiness,It makes repeated processing and management easier reflects useful data-organization thinking.,It makes repeated processing and management easier reflects useful data-organization thinking.,,,question-bank-xlsx
8ea0eaef86ef229d271bd756,question,8ea0eaef86ef229d271bd756,PROGRAMMING_FUNDAMENTALS,Programming Fundamentals,The same tax calculation is needed in 20 places. Best design idea?,Copy random versions everywhere,Create one reusable calculation and call it when needed,Avoid calculation,Change hardware,B,Create one reusable calculation and call it when needed,medium,medium,,,Function / Reusability Thinking | Reusable Logic | Core,,PRIMARY,mcq_single,1,Programming Readiness,Create one reusable calculation and call it when needed captures reusable logical design.,Create one reusable calculation and call it when needed captures reusable logical design.,,,question-bank-xlsx
8fa0ec8225269c4e271c758d,question,8fa0ec8225269c4e271c758d,PROGRAMMING_FUNDAMENTALS,Programming Fundamentals,Why reuse a common calculation?,It increases duplication,It reduces duplication and makes changes easier,It removes all inputs,It disables testing,B,It reduces duplication and makes changes easier,medium,medium,,,Function / Reusability Thinking | Reusable Logic | Core,,PRIMARY,mcq_single,1,Programming Readiness,It reduces duplication and makes changes easier captures reusable logical design.,It reduces duplication and makes changes easier captures reusable logical design.,,,question-bank-xlsx
90a0ee15c35e15ff2718220c,question,90a0ee15c35e15ff2718220c,PROGRAMMING_FUNDAMENTALS,Programming Fundamentals,"If a reusable operation needs a value such as price, that value can conceptually be…",ignored always,given as an input to the operation,stored only in monitor,deleted,B,given as an input to the operation,medium,medium,,,Function / Reusability Thinking | Reusable Logic | Core,,PRIMARY,mcq_single,1,Programming Readiness,given as an input to the operation captures reusable logical design.,given as an input to the operation captures reusable logical design.,,,question-bank-xlsx
91a0efa861958fb02718c043,question,91a0efa861958fb02718c043,PROGRAMMING_FUNDAMENTALS,Programming Fundamentals,A reusable operation calculates square of a number and returns the result. The result is its…,keyboard,output,folder,condition,B,output,medium,medium,,,Function / Reusability Thinking | Reusable Logic | Core,,PRIMARY,mcq_single,1,Programming Readiness,output captures reusable logical design.,output captures reusable logical design.,,,question-bank-xlsx
92a0f13bffcd096127195e7a,question,92a0f13bffcd096127195e7a,PROGRAMMING_FUNDAMENTALS,Programming Fundamentals,Which task is a good candidate for reuse?,A one-time accidental typo,Validating an email format in many forms,Changing wallpaper,Charging battery,B,Validating an email format in many forms,medium,medium,,,Function / Reusability Thinking | Reusable Logic | Core,,PRIMARY,mcq_single,1,Programming Readiness,Validating an email format in many forms captures reusable logical design.,Validating an email format in many forms captures reusable logical design.,,,question-bank-xlsx
8fa32b196fc08e89889549de,question,8fa32b196fc08e89889549de,PROGRAMMING_FUNDAMENTALS,Programming Fundamentals,Breaking a long solution into named reusable parts mainly improves…,screen resolution,clarity and maintainability,internet ownership,CPU temperature only,B,clarity and maintainability,medium,medium,,,Function / Reusability Thinking | Reusable Logic | Core,,PRIMARY,mcq_single,1,Programming Readiness,clarity and maintainability captures reusable logical design.,clarity and maintainability captures reusable logical design.,,,question-bank-xlsx
8ea329860df8083a8894aba7,question,8ea329860df8083a8894aba7,PROGRAMMING_FUNDAMENTALS,Programming Fundamentals,"In programming, a variable is best described as…",a monitor,a named value/place that can be referenced and changed,an internet cable,a keyboard key,B,a named value/place that can be referenced and changed,easy,easy,,,Programming Concepts | Language-Independent Concepts | Adaptive-Programming,,PRIMARY,mcq_single,1,Programming Exposure — Adaptive,Correct programming concept: a named value/place that can be referenced and changed.,Correct programming concept: a named value/place that can be referenced and changed.,,,question-bank-xlsx
8da327f3ac2f81eb88940d70,question,8da327f3ac2f81eb88940d70,PROGRAMMING_FUNDAMENTALS,Programming Fundamentals,Which concept chooses between different actions based on a condition?,Loop,Conditional statement,Comment,File,B,Conditional statement,easy,easy,,,Programming Concepts | Language-Independent Concepts | Adaptive-Programming,,PRIMARY,mcq_single,1,Programming Exposure — Adaptive,Correct programming concept: Conditional statement.,Correct programming concept: Conditional statement.,,,question-bank-xlsx
8ca326604a66fb9c889860f1,question,8ca326604a66fb9c889860f1,PROGRAMMING_FUNDAMENTALS,Programming Fundamentals,Which concept repeats a set of instructions?,Variable,Loop,Browser,Folder,B,Loop,easy,easy,,,Programming Concepts | Language-Independent Concepts | Adaptive-Programming,,PRIMARY,mcq_single,1,Programming Exposure — Adaptive,Correct programming concept: Loop.,Correct programming concept: Loop.,,,question-bank-xlsx
93a33165e89e754d8897c2ba,question,93a33165e89e754d8897c2ba,PROGRAMMING_FUNDAMENTALS,Programming Fundamentals,A function is mainly used to…,increase screen size,group reusable logic,replace RAM,create passwords only,B,group reusable logic,easy,easy,,,Programming Concepts | Language-Independent Concepts | Adaptive-Programming,,PRIMARY,mcq_single,1,Programming Exposure — Adaptive,Correct programming concept: group reusable logic.,Correct programming concept: group reusable logic.,,,question-bank-xlsx
92a32fd286d5eefe88972483,question,92a32fd286d5eefe88972483,PROGRAMMING_FUNDAMENTALS,Programming Fundamentals,A data type describes…,the computer brand,the kind of value being represented,the website color,the mouse speed,B,the kind of value being represented,easy,easy,,,Programming Concepts | Language-Independent Concepts | Adaptive-Programming,,PRIMARY,mcq_single,1,Programming Exposure — Adaptive,Correct programming concept: the kind of value being represented.,Correct programming concept: the kind of value being represented.,,,question-bank-xlsx
91a32e3f250d68af8896864c,question,91a32e3f250d68af8896864c,PROGRAMMING_FUNDAMENTALS,Programming Fundamentals,What is debugging?,Writing only comments,Finding and fixing problems in code,Installing a monitor,Deleting every program,B,Finding and fixing problems in code,easy,easy,,,Programming Concepts | Language-Independent Concepts | Adaptive-Programming,,PRIMARY,mcq_single,1,Programming Exposure — Adaptive,Correct programming concept: Finding and fixing problems in code.,Correct programming concept: Finding and fixing problems in code.,,,question-bank-xlsx
90a32cacc344e260889ad9cd,question,90a32cacc344e260889ad9cd,PROGRAMMING_FUNDAMENTALS,Programming Fundamentals,What is syntax?,Internet speed,Rules for writing valid statements in a language,Hardware price,File size,B,Rules for writing valid statements in a language,easy,easy,,,Programming Concepts | Language-Independent Concepts | Adaptive-Programming,,PRIMARY,mcq_single,1,Programming Exposure — Adaptive,Correct programming concept: Rules for writing valid statements in a language.,Correct programming concept: Rules for writing valid statements in a language.,,,question-bank-xlsx
97a337b1617c5c11889a3b96,question,97a337b1617c5c11889a3b96,PROGRAMMING_FUNDAMENTALS,Programming Fundamentals,What is an algorithm?,A web browser,A finite step-by-step approach to solve a problem,A CPU model,A password,B,A finite step-by-step approach to solve a problem,easy,easy,,,Programming Concepts | Language-Independent Concepts | Adaptive-Programming,,PRIMARY,mcq_single,1,Programming Exposure — Adaptive,Correct programming concept: A finite step-by-step approach to solve a problem.,Correct programming concept: A finite step-by-step approach to solve a problem.,,,question-bank-xlsx
b8294de77e306c4d2281c86c,question,b8294de77e306c4d2281c86c,PSEUDOCODE_FLOWCHARTS,Pseudocode & Flowcharts,"READ A
READ B
C = A + B
PRINT C
If A=8 and B=5, what prints?",8,5,13,40,C,13,easy,easy,,,Pseudocode | Trace Pseudocode | Core,,PRIMARY,mcq_single,1,Computational Thinking,Tracing each statement produces 13.,Tracing each statement produces 13.,,,question-bank-xlsx
b529492e1c67e5fe228266a3,question,b529492e1c67e5fe228266a3,PSEUDOCODE_FLOWCHARTS,Pseudocode & Flowcharts,"X = 10
X = X + 3
PRINT X",10,3,13,30,C,13,easy,easy,,,Pseudocode | Trace Pseudocode | Core,,PRIMARY,mcq_single,1,Computational Thinking,Tracing each statement produces 13.,Tracing each statement produces 13.,,,question-bank-xlsx
b6294ac1ba9f5faf228304da,question,b6294ac1ba9f5faf228304da,PSEUDOCODE_FLOWCHARTS,Pseudocode & Flowcharts,"A = 4
B = 2
PRINT A * B",2,4,6,8,D,8,easy,easy,,,Pseudocode | Trace Pseudocode | Core,,PRIMARY,mcq_single,1,Computational Thinking,Tracing each statement produces 8.,Tracing each statement produces 8.,,,question-bank-xlsx
b329460858d6d9602283a311,question,b329460858d6d9602283a311,PSEUDOCODE_FLOWCHARTS,Pseudocode & Flowcharts,"READ age
IF age >= 18 PRINT 'Adult' ELSE PRINT 'Minor'
For age=17?",Adult,Minor,17,Nothing,B,Minor,easy,easy,,,Pseudocode | Trace Pseudocode | Core,,PRIMARY,mcq_single,1,Computational Thinking,Tracing each statement produces Minor.,Tracing each statement produces Minor.,,,question-bank-xlsx
b429479bf70e531122844148,question,b429479bf70e531122844148,PSEUDOCODE_FLOWCHARTS,Pseudocode & Flowcharts,"TOTAL=0
FOR i=1 TO 3
 TOTAL=TOTAL+i
PRINT TOTAL",3,6,9,0,B,6,medium,medium,,,Pseudocode | Trace Pseudocode | Core,,PRIMARY,mcq_single,1,Computational Thinking,Tracing each statement produces 6.,Tracing each statement produces 6.,,,question-bank-xlsx
b12942e29545ccc22284df7f,question,b12942e29545ccc22284df7f,PSEUDOCODE_FLOWCHARTS,Pseudocode & Flowcharts,"X=5
Y=X+2
X=10
PRINT Y",5,7,10,12,B,7,medium,medium,,,Pseudocode | Trace Pseudocode | Core,,PRIMARY,mcq_single,1,Computational Thinking,Tracing each statement produces 7.,Tracing each statement produces 7.,,,question-bank-xlsx
b2294475337d467322857db6,question,b2294475337d467322857db6,PSEUDOCODE_FLOWCHARTS,Pseudocode & Flowcharts,"COUNT=0
REPEAT 4 TIMES
 COUNT=COUNT+1
PRINT COUNT",0,1,4,5,C,4,medium,medium,,,Pseudocode | Trace Pseudocode | Core,,PRIMARY,mcq_single,1,Computational Thinking,Tracing each statement produces 4.,Tracing each statement produces 4.,,,question-bank-xlsx
0daf2a667070f7e2637a0b79,question,0daf2a667070f7e2637a0b79,PSEUDOCODE_FLOWCHARTS,Pseudocode & Flowcharts,"A=9
IF A>5 PRINT 'X' ELSE PRINT 'Y'",X,Y,9,Nothing,A,X,medium,medium,,,Pseudocode | Trace Pseudocode | Core,,PRIMARY,mcq_single,1,Computational Thinking,Tracing each statement produces X.,Tracing each statement produces X.,,,question-bank-xlsx
0eaf2bf90ea87193637830d4,question,0eaf2bf90ea87193637830d4,PSEUDOCODE_FLOWCHARTS,Pseudocode & Flowcharts,"N=6
IF N MOD 2 = 0 PRINT 'Even' ELSE PRINT 'Odd'",Even,Odd,6,2,A,Even,medium,medium,,,Pseudocode | Trace Pseudocode | Core,,PRIMARY,mcq_single,1,Computational Thinking,Tracing each statement produces Even.,Tracing each statement produces Even.,,,question-bank-xlsx
0baf2740acdfeb446378cf0b,question,0baf2740acdfeb446378cf0b,PSEUDOCODE_FLOWCHARTS,Pseudocode & Flowcharts,"SUM=0
FOR EACH value IN [2,4,6]
 SUM=SUM+value
PRINT SUM",6,10,12,24,C,12,medium,medium,,,Pseudocode | Trace Pseudocode | Core,,PRIMARY,mcq_single,1,Computational Thinking,Tracing each statement produces 12.,Tracing each statement produces 12.,,,question-bank-xlsx
96a3361effb3d5c288999d5f,question,96a3361effb3d5c288999d5f,PYTHON_BASICS,Python Basics,"What is the result/output?
x=5
print(x)",x,5,0,Error,B,5,easy,easy,,,Python Verification | Python Basics | Adaptive-Python,,PRIMARY,mcq_single,1,Programming Exposure — Adaptive,Tracing Python semantics gives 5.,Tracing Python semantics gives 5.,,,question-bank-xlsx
9dc394ce6fa75aea716a6e81,question,9dc394ce6fa75aea716a6e81,PYTHON_BASICS,Python Basics,"What is the result/output?
x=5
y=2
print(x+y)",3,7,10,52,B,7,easy,easy,,,Python Verification | Python Basics | Adaptive-Python,,PRIMARY,mcq_single,1,Programming Exposure — Adaptive,Tracing Python semantics gives 7.,Tracing Python semantics gives 7.,,,question-bank-xlsx
9ec396610dded49b716893dc,question,9ec396610dded49b716893dc,PYTHON_BASICS,Python Basics,"What is the result/output?
print(10//3)",3,3.33,1,0,A,3,easy,easy,,,Python Verification | Python Basics | Adaptive-Python,,PRIMARY,mcq_single,1,Programming Exposure — Adaptive,Tracing Python semantics gives 3.,Tracing Python semantics gives 3.,,,question-bank-xlsx
9bc391a8ac164e4c71693213,question,9bc391a8ac164e4c71693213,PYTHON_BASICS,Python Basics,"What is the result/output?
x=7
if x>5:
 print('A')
else:
 print('B')",A,B,7,Error,A,A,easy,easy,,,Python Verification | Python Basics | Adaptive-Python,,PRIMARY,mcq_single,1,Programming Exposure — Adaptive,Tracing Python semantics gives A.,Tracing Python semantics gives A.,,,question-bank-xlsx
9cc3933b4a4dc7fd7167576e,question,9cc3933b4a4dc7fd7167576e,PYTHON_BASICS,Python Basics,"What is the result/output?
for i in range(3):
 print(i)",1 2 3,0 1 2,0 1 2 3,3,B,0 1 2,medium,medium,,,Python Verification | Python Basics | Adaptive-Python,,PRIMARY,mcq_single,1,Programming Exposure — Adaptive,Tracing Python semantics gives 0 1 2.,Tracing Python semantics gives 0 1 2.,,,question-bank-xlsx
a1c39b1ae88541ae7167f5a5,question,a1c39b1ae88541ae7167f5a5,PYTHON_BASICS,Python Basics,"What is the result/output?
s='career'
print(len(s))",5,6,7,career,B,6,medium,medium,,,Python Verification | Python Basics | Adaptive-Python,,PRIMARY,mcq_single,1,Programming Exposure — Adaptive,Tracing Python semantics gives 6.,Tracing Python semantics gives 6.,,,question-bank-xlsx
a2c39cad86bcbb5f71661b00,question,a2c39cad86bcbb5f71661b00,PYTHON_BASICS,Python Basics,"What is the result/output?
nums=[10,20,30]
print(nums[1])",10,20,30,1,B,20,medium,medium,,,Python Verification | Python Basics | Adaptive-Python,,PRIMARY,mcq_single,1,Programming Exposure — Adaptive,Tracing Python semantics gives 20.,Tracing Python semantics gives 20.,,,question-bank-xlsx
9fc397f424f435107166b937,question,9fc397f424f435107166b937,PYTHON_BASICS,Python Basics,"What is the result/output?
x=[1,2]
x.append(3)
print(len(x))",2,3,4,6,B,3,medium,medium,,,Python Verification | Python Basics | Adaptive-Python,,PRIMARY,mcq_single,1,Programming Exposure — Adaptive,Tracing Python semantics gives 3.,Tracing Python semantics gives 3.,,,question-bank-xlsx
a0c39987c32baec1716ec202,question,a0c39987c32baec1716ec202,PYTHON_BASICS,Python Basics,"What is the result/output?
def add(a,b):
 return a+b
print(add(2,4))",2,4,6,24,C,6,medium,medium,,,Python Verification | Python Basics | Adaptive-Python,,PRIMARY,mcq_single,1,Programming Exposure — Adaptive,Tracing Python semantics gives 6.,Tracing Python semantics gives 6.,,,question-bank-xlsx
95c3883661632872716f6039,question,95c3883661632872716f6039,PYTHON_BASICS,Python Basics,"What is the result/output?
x='Hi'
print(x.lower())",HI,hi,Hi,Error,A,HI,hard,hard,,,Python Verification | Python Basics | Adaptive-Python,,PRIMARY,mcq_single,1,Programming Exposure — Adaptive,Tracing Python semantics gives hi.,Tracing Python semantics gives hi.,,,question-bank-xlsx
96c389c9ff9aa223716d8594,question,96c389c9ff9aa223716d8594,PYTHON_BASICS,Python Basics,"What is the result/output?
total=0
for n in [2,3,4]: total+=n
print(total)",4,7,9,24,C,9,hard,hard,,,Python Verification | Python Basics | Adaptive-Python,,PRIMARY,mcq_single,1,Programming Exposure — Adaptive,Tracing Python semantics gives 9.,Tracing Python semantics gives 9.,,,question-bank-xlsx
a3c5dcd76f8e274bd3940444,question,a3c5dcd76f8e274bd3940444,PYTHON_BASICS,Python Basics,Which Python value is Boolean?,'True',1.0,True,[True],C,True,hard,hard,,,Python Verification | Python Basics | Adaptive-Python,,PRIMARY,mcq_single,1,Programming Exposure — Adaptive,Tracing Python semantics gives True.,Tracing Python semantics gives True.,,,question-bank-xlsx
7f8e3c63f15d2b9d9ec09e12,question,7f8e3c63f15d2b9d9ec09e12,TECHNICAL_COMMUNICATION,Technical Communication,"A computer program is a set of instructions that tells a computer how to perform a task. Programs can process input, make decisions and produce output.

What is the main idea?",Programs are only files,A program gives instructions to perform tasks,Computers have no input,Output is never produced,B,A program gives instructions to perform tasks,easy,easy,,,Reading Comprehension | Technical Reading | Core,,PRIMARY,mcq_single,1,Communication & Technical English,The passage directly supports: A program gives instructions to perform tasks.,The passage directly supports: A program gives instructions to perform tasks.,,,question-bank-xlsx
7e8e3ad08f94a54e9eb89547,question,7e8e3ad08f94a54e9eb89547,TECHNICAL_COMMUNICATION,Technical Communication,"Cloud computing allows people to use computing resources over a network instead of relying only on their local device.

According to the passage, cloud resources are accessed mainly through…",paper,a network,keyboard only,battery,B,a network,easy,easy,,,Reading Comprehension | Technical Reading | Core,,PRIMARY,mcq_single,1,Communication & Technical English,The passage directly supports: a network.,The passage directly supports: a network.,,,question-bank-xlsx
8d8e526d2dcc1eff9eb7f710,question,8d8e526d2dcc1eff9eb7f710,TECHNICAL_COMMUNICATION,Technical Communication,"A database organizes data so it can be stored, searched and updated efficiently.

What is one purpose of a database?",Changing monitor color,Organizing and retrieving data,Replacing internet,Creating CPU hardware,B,Organizing and retrieving data,easy,easy,,,Reading Comprehension | Technical Reading | Core,,PRIMARY,mcq_single,1,Communication & Technical English,The passage directly supports: Organizing and retrieving data.,The passage directly supports: Organizing and retrieving data.,,,question-bank-xlsx
8c8e50dacc0398b09eb9d1b5,question,8c8e50dacc0398b09eb9d1b5,TECHNICAL_COMMUNICATION,Technical Communication,"An algorithm is a clear sequence of steps for solving a problem. A good algorithm should be understandable and eventually finish.

Which quality is mentioned?",It must be secret,It should eventually finish,It must use Python,It needs a browser,B,It should eventually finish,easy,easy,,,Reading Comprehension | Technical Reading | Core,,PRIMARY,mcq_single,1,Communication & Technical English,The passage directly supports: It should eventually finish.,The passage directly supports: It should eventually finish.,,,question-bank-xlsx
ff8b344c3bf71dd83c935305,question,ff8b344c3bf71dd83c935305,TECHNICAL_COMMUNICATION,Technical Communication,"A strong password is usually long and unique. Reusing the same password across many services increases risk.

What behavior increases risk?",Using unique passwords,Reusing the same password,Using longer passwords,Using a password manager,B,Reusing the same password,easy,easy,,,Reading Comprehension | Technical Reading | Core,,PRIMARY,mcq_single,1,Communication & Technical English,The passage directly supports: Reusing the same password.,The passage directly supports: Reusing the same password.,,,question-bank-xlsx
008b35dfda2e97893c917860,question,008b35dfda2e97893c917860,TECHNICAL_COMMUNICATION,Technical Communication,"Debugging is the process of identifying why a program behaves incorrectly and making changes to fix the problem.

What does debugging involve?",Buying new hardware,Finding and fixing causes of incorrect behavior,Deleting all code,Writing only notes,B,Finding and fixing causes of incorrect behavior,easy,easy,,,Reading Comprehension | Technical Reading | Core,,PRIMARY,mcq_single,1,Communication & Technical English,The passage directly supports: Finding and fixing causes of incorrect behavior.,The passage directly supports: Finding and fixing causes of incorrect behavior.,,,question-bank-xlsx
018b37727866113a3c921697,question,018b37727866113a3c921697,TECHNICAL_COMMUNICATION,Technical Communication,"Data can contain errors, missing values or duplicates. Cleaning data improves the quality of later analysis.

Why clean data?",To remove all information,To improve analysis quality,To increase screen size,To avoid storage,B,To improve analysis quality,easy,easy,,,Reading Comprehension | Technical Reading | Core,,PRIMARY,mcq_single,1,Communication & Technical English,The passage directly supports: To improve analysis quality.,The passage directly supports: To improve analysis quality.,,,question-bank-xlsx
028b3905169d8aeb3c952daa,question,028b3905169d8aeb3c952daa,TECHNICAL_COMMUNICATION,Technical Communication,"Version control records changes to files over time and helps developers compare versions or collaborate.

What is a benefit?",Disabling collaboration,Tracking changes over time,Removing all history,Replacing the OS,B,Tracking changes over time,easy,easy,,,Reading Comprehension | Technical Reading | Core,,PRIMARY,mcq_single,1,Communication & Technical English,The passage directly supports: Tracking changes over time.,The passage directly supports: Tracking changes over time.,,,question-bank-xlsx
fb8b2e00b4d5049c3c95cbe1,question,fb8b2e00b4d5049c3c95cbe1,TECHNICAL_COMMUNICATION,Technical Communication,Instruction: 'Enter a positive integer from 1 to 100.' Which input is invalid?,1,50,100,0,D,0,medium,medium,,,Instruction Understanding | Following Constraints | Core,,PRIMARY,mcq_single,1,Communication & Technical English,0 follows the instruction.,0 follows the instruction.,,,question-bank-xlsx
fc8b2f93530c7e4d3c93f13c,question,fc8b2f93530c7e4d3c93f13c,TECHNICAL_COMMUNICATION,Technical Communication,Instruction: 'Upload one PDF under 5 MB.' Which file qualifies?,"notes.pdf, 6 MB","notes.docx, 4 MB","notes.pdf, 4 MB",two PDFs,C,"notes.pdf, 4 MB",medium,medium,,,Instruction Understanding | Following Constraints | Core,,PRIMARY,mcq_single,1,Communication & Technical English,"notes.pdf, 4 MB follows the instruction.","notes.pdf, 4 MB follows the instruction.",,,question-bank-xlsx
fd8b3126f143f7fe3c948f73,question,fd8b3126f143f7fe3c948f73,TECHNICAL_COMMUNICATION,Technical Communication,Instruction: 'Select exactly two skills.' Which response follows it?,Python only,Python and SQL,"Python, SQL and C",None,B,Python and SQL,medium,medium,,,Instruction Understanding | Following Constraints | Core,,PRIMARY,mcq_single,1,Communication & Technical English,Python and SQL follows the instruction.,Python and SQL follows the instruction.,,,question-bank-xlsx
fe8b32b98f7b71af3c97a686,question,fe8b32b98f7b71af3c97a686,TECHNICAL_COMMUNICATION,Technical Communication,Instruction: 'Submit before 5 PM.' Which time definitely satisfies it?,5:00 PM,5:30 PM,4:30 PM,6 PM,C,4:30 PM,medium,medium,,,Instruction Understanding | Following Constraints | Core,,PRIMARY,mcq_single,1,Communication & Technical English,4:30 PM follows the instruction.,4:30 PM follows the instruction.,,,question-bank-xlsx
078b40e42db2eb603c9844bd,question,078b40e42db2eb603c9844bd,TECHNICAL_COMMUNICATION,Technical Communication,Instruction: 'Use 8-12 characters.' Which length is valid?,6,7,10,14,C,10,medium,medium,,,Instruction Understanding | Following Constraints | Core,,PRIMARY,mcq_single,1,Communication & Technical English,10 follows the instruction.,10 follows the instruction.,,,question-bank-xlsx
088b4277cbea65113c966a18,question,088b4277cbea65113c966a18,TECHNICAL_COMMUNICATION,Technical Communication,Instruction: 'Answer all required fields marked *.' What should the user do?,Skip all * fields,Complete every field marked *,Only fill optional fields,Close the form,B,Complete every field marked *,medium,medium,,,Instruction Understanding | Following Constraints | Core,,PRIMARY,mcq_single,1,Communication & Technical English,Complete every field marked * follows the instruction.,Complete every field marked * follows the instruction.,,,question-bank-xlsx
9192d5e73bddea39db194246,question,9192d5e73bddea39db194246,TECHNICAL_COMMUNICATION,Technical Communication,"In 'The program executes the instructions', executes most nearly means…",deletes,runs/carries out,prints on paper,stores forever,B,runs/carries out,easy,easy,,,Vocabulary in Context | Technical Vocabulary | Core,,PRIMARY,mcq_single,1,Communication & Technical English,Context meaning: runs/carries out.,Context meaning: runs/carries out.,,,question-bank-xlsx
9092d454da1563eadb18a40f,question,9092d454da1563eadb18a40f,TECHNICAL_COMMUNICATION,Technical Communication,"In 'verify the result', verify means…",hide,check that it is correct,copy blindly,guess,B,check that it is correct,easy,easy,,,Vocabulary in Context | Technical Vocabulary | Core,,PRIMARY,mcq_single,1,Communication & Technical English,Context meaning: check that it is correct.,Context meaning: check that it is correct.,,,question-bank-xlsx
9392d90d784cdd9bdb1805d8,question,9392d90d784cdd9bdb1805d8,TECHNICAL_COMMUNICATION,Technical Communication,"In 'the system is reliable', reliable means…",always expensive,works dependably,uses no data,is colorful,B,works dependably,easy,easy,,,Vocabulary in Context | Technical Vocabulary | Core,,PRIMARY,mcq_single,1,Communication & Technical English,Context meaning: works dependably.,Context meaning: works dependably.,,,question-bank-xlsx
9292d77a1684574cdb1c5959,question,9292d77a1684574cdb1c5959,TECHNICAL_COMMUNICATION,Technical Communication,"In 'an efficient solution', efficient most nearly means…",is always longest,uses resources/time well,has no output,uses only hardware,B,uses resources/time well,easy,easy,,,Vocabulary in Context | Technical Vocabulary | Core,,PRIMARY,mcq_single,1,Communication & Technical English,Context meaning: uses resources/time well.,Context meaning: uses resources/time well.,,,question-bank-xlsx
8d92cf9bb4bbd0fddb1bbb22,question,8d92cf9bb4bbd0fddb1bbb22,TECHNICAL_COMMUNICATION,Technical Communication,"In 'the data is consistent', consistent means…",random,follows a uniform pattern/rule,deleted,encrypted only,B,follows a uniform pattern/rule,easy,easy,,,Vocabulary in Context | Technical Vocabulary | Core,,PRIMARY,mcq_single,1,Communication & Technical English,Context meaning: follows a uniform pattern/rule.,Context meaning: follows a uniform pattern/rule.,,,question-bank-xlsx
8c92ce0852f34aaedb1b1ceb,question,8c92ce0852f34aaedb1b1ceb,TECHNICAL_COMMUNICATION,Technical Communication,Choose the clearest sentence.,Program average five marks calculate.,The program calculates the average of five marks.,Average program maybe marks.,Five marks program something.,B,The program calculates the average of five marks.,medium,medium,,,Sentence Clarity | Clear Professional Writing | Core,,PRIMARY,mcq_single,1,Communication & Technical English,"The selected sentence is clear, complete and professional.","The selected sentence is clear, complete and professional.",,,question-bank-xlsx
8f92d2c1f12ac45fdb1a7eb4,question,8f92d2c1f12ac45fdb1a7eb4,TECHNICAL_COMMUNICATION,Technical Communication,Choose the most professional message.,Deadline???,Could you please clarify the submission deadline?,Tell deadline now.,Why no deadline bro?,B,Could you please clarify the submission deadline?,medium,medium,,,Sentence Clarity | Clear Professional Writing | Core,,PRIMARY,mcq_single,1,Communication & Technical English,"The selected sentence is clear, complete and professional.","The selected sentence is clear, complete and professional.",,,question-bank-xlsx
8e92d12e8f623e10db14eec5,question,8e92d12e8f623e10db14eec5,TECHNICAL_COMMUNICATION,Technical Communication,Choose the clearest bug report.,App bad.,The app closes after I click Submit on the registration page.,Nothing works maybe.,Fix it.,B,The app closes after I click Submit on the registration page.,medium,medium,,,Sentence Clarity | Clear Professional Writing | Core,,PRIMARY,mcq_single,1,Communication & Technical English,"The selected sentence is clear, complete and professional.","The selected sentence is clear, complete and professional.",,,question-bank-xlsx
8992c94f2d99b7c1db14508e,question,8992c94f2d99b7c1db14508e,TECHNICAL_COMMUNICATION,Technical Communication,Choose the clearest project update.,Done maybe.,I completed the login page; validation is still pending.,Login yes validation no.,Project.,B,I completed the login page; validation is still pending.,medium,medium,,,Sentence Clarity | Clear Professional Writing | Core,,PRIMARY,mcq_single,1,Communication & Technical English,"The selected sentence is clear, complete and professional.","The selected sentence is clear, complete and professional.",,,question-bank-xlsx
8892c7bccbd13172db13b257,question,8892c7bccbd13172db13b257,TECHNICAL_COMMUNICATION,Technical Communication,Choose the clearest request.,Give thing.,Please share the sample input so I can reproduce the issue.,Issue input.,Send.,B,Please share the sample input so I can reproduce the issue.,medium,medium,,,Sentence Clarity | Clear Professional Writing | Core,,PRIMARY,mcq_single,1,Communication & Technical English,"The selected sentence is clear, complete and professional.","The selected sentence is clear, complete and professional.",,,question-bank-xlsx
909095bd52da170f79647b1e,question,909095bd52da170f79647b1e,TECHNICAL_COMMUNICATION,Technical Communication,You do not understand an assignment requirement. Best response?,Stay silent and guess,Ask a specific clarification question,Submit random work,Blame a teammate,B,Ask a specific clarification question,medium,medium,,,Communication Scenarios | Professional Collaboration | Core,,PRIMARY,mcq_single,1,Communication & Technical English,Ask a specific clarification question is the constructive response.,Ask a specific clarification question is the constructive response.,,,question-bank-xlsx
8d909104f11190c079651955,question,8d909104f11190c079651955,TECHNICAL_COMMUNICATION,Technical Communication,You discover you will miss a team deadline. Best action?,Hide it,Inform the team early with status and a realistic next step,Delete the task,Wait until after deadline,B,Inform the team early with status and a realistic next step,medium,medium,,,Communication Scenarios | Professional Collaboration | Core,,PRIMARY,mcq_single,1,Communication & Technical English,Inform the team early with status and a realistic next step is the constructive response.,Inform the team early with status and a realistic next step is the constructive response.,,,question-bank-xlsx
8e9092978f490a71796aa944,question,8e9092978f490a71796aa944,TECHNICAL_COMMUNICATION,Technical Communication,A teammate explains an idea you disagree with. Best first response?,Interrupt immediately,"Listen, ask questions, then explain your reasoning respectfully",Ignore them,Insult the idea,B,"Listen, ask questions, then explain your reasoning respectfully",medium,medium,,,Communication Scenarios | Professional Collaboration | Core,,PRIMARY,mcq_single,1,Communication & Technical English,"Listen, ask questions, then explain your reasoning respectfully is the constructive response.","Listen, ask questions, then explain your reasoning respectfully is the constructive response.",,,question-bank-xlsx
839081462d808422796b477b,question,839081462d808422796b477b,TECHNICAL_COMMUNICATION,Technical Communication,You find an error in your submitted result. Best professional action?,Pretend it is correct,Acknowledge it and provide the corrected result,Delete the conversation,Blame software without checking,B,Acknowledge it and provide the corrected result,medium,medium,,,Communication Scenarios | Professional Collaboration | Core,,PRIMARY,mcq_single,1,Communication & Technical English,Acknowledge it and provide the corrected result is the constructive response.,Acknowledge it and provide the corrected result is the constructive response.,,,question-bank-xlsx
849082d9cbb7fdd3796be5b2,question,849082d9cbb7fdd3796be5b2,TECHNICAL_COMMUNICATION,Technical Communication,A mentor gives feedback on your code. Best approach?,Reject all feedback,Understand the feedback and decide how to apply it,Never ask why,Delete the code,B,Understand the feedback and decide how to apply it,medium,medium,,,Communication Scenarios | Professional Collaboration | Core,,PRIMARY,mcq_single,1,Communication & Technical English,Understand the feedback and decide how to apply it is the constructive response.,Understand the feedback and decide how to apply it is the constructive response.,,,question-bank-xlsx
7d7024293bab82fb0949e41c,question,7d7024293bab82fb0949e41c,TECHNICAL_COMMUNICATION,Technical Communication,"In a technical explanation, the listener seems confused. Best next step?",Use more jargon,Use a simpler example and check understanding,Speak faster,End immediately,B,Use a simpler example and check understanding,medium,medium,,,Communication Scenarios | Professional Collaboration | Core,,PRIMARY,mcq_single,1,Communication & Technical English,Use a simpler example and check understanding is the constructive response.,Use a simpler example and check understanding is the constructive response.,,,question-bank-xlsx
