questionId,skillKey,conceptId,factId,familyId,reassessmentGroup,difficulty,cognitiveLevel,questionType,prompt,optionA,optionB,optionC,optionD,correctOption,correctAnswerText,explanation,provenance,sourceQuestionId
GB2_STK_001,DSA_STACK,STK_C01_BEHAVIOUR,STK_F01_LIFO,STK_FAM01_ORDER_NAME,STK_RG_ORDER,D1,REMEMBER,mcq,A stack removes items in which order relative to how they were added?,Items are removed in sorted order,The last item added is removed first,Items are removed in a random order,The first item added is removed first,B,The last item added is removed first,"A stack is last-in, first-out. The most recently pushed item is the one on top, and the top is the only item pop can reach. Removing the first item added is queue behaviour.",AUTHORED,
GB2_STK_002,DSA_STACK,STK_C01_BEHAVIOUR,STK_F02_PUSH,STK_FAM02_OPERATION_NAMES,STK_RG_OPERATIONS,D1,REMEMBER,mcq,Which operation adds an item to a stack?,peek,push,pop,enqueue,B,push,"push adds to the top. pop removes from the top, peek reads the top without removing, and enqueue belongs to a queue.",AUTHORED,
GB2_STK_003,DSA_STACK,STK_C01_BEHAVIOUR,STK_F03_POP_RETURNS,STK_FAM03_POP_TARGET,STK_RG_OPERATIONS,D1,REMEMBER,mcq,Which item does pop remove from a stack?,The item at the top,The item added first,The smallest item,The item at the bottom,A,The item at the top,pop only ever reaches the top. Nothing in a stack lets you remove from the bottom or search for a particular value — that restriction is the whole point of the structure.,AUTHORED,
GB2_STK_004,DSA_STACK,STK_C01_BEHAVIOUR,STK_F04_PEEK,STK_FAM04_PEEK_EFFECT,STK_RG_OPERATIONS,D1,REMEMBER,mcq,What does peek do to a stack?,Returns every item in order,Returns the bottom item and leaves the stack unchanged,Returns the top item and removes it,Returns the top item and leaves the stack unchanged,D,Returns the top item and leaves the stack unchanged,peek reads without removing. Confusing it with pop is the commonest source of a stack that empties faster than the code intends.,AUTHORED,
GB2_STK_005,DSA_STACK,STK_C02_STATE,STK_F05_EMPTY_CHECK,STK_FAM05_EMPTY_MEANING,STK_RG_STATE,D1,REMEMBER,mcq,What does isEmpty report about a stack?,Whether it has ever held an item,Whether it currently holds no items,Whether every item in it is zero,Whether it has reached its maximum size,B,Whether it currently holds no items,"isEmpty is about the present count, not about capacity and not about history. A stack that has been filled and emptied again is empty.",AUTHORED,
GB2_STK_006,DSA_STACK,STK_C01_BEHAVIOUR,STK_F06_TOP_ACCESS_ONLY,STK_FAM06_ACCESS_RESTRICTION,STK_RG_ORDER,D1,REMEMBER,mcq,Which items in a stack can be accessed directly?,Only the item on top,The top and the bottom item,"Any item, by its position","Any item, by its value",A,Only the item on top,Only the top is reachable. Indexing into the middle is an array operation; a structure that allowed it would not be a stack.,AUTHORED,
GB2_STK_007,DSA_STACK,STK_C03_USES,STK_F07_UNDO,STK_FAM07_EVERYDAY_EXAMPLE,STK_RG_USES,D1,REMEMBER,mcq,Which everyday feature behaves like a stack?,A scheduled backup that runs nightly,"A printer queue, which prints jobs in the order received","Undo, which reverses the most recent action first",A sorted contact list,C,"Undo, which reverses the most recent action first","Undo reverses the most recent action first, which is last-in first-out. A printer queue is first-in first-out, and the other two involve no removal order at all.",AUTHORED,
GB2_STK_008,DSA_STACK,STK_C02_STATE,STK_F08_POP_EMPTY,STK_FAM08_EMPTY_POP_RESULT,STK_RG_STATE,D1,REMEMBER,mcq,What happens when pop is called on an empty stack?,It is an error condition the code must handle,It silently does nothing and is always safe,It returns the last item that was removed,It returns zero,A,It is an error condition the code must handle,"There is nothing to return, so the operation cannot succeed. Most languages raise; the point is that the caller must check first rather than assume a value comes back.",AUTHORED,
GB2_STK_009,DSA_STACK,STK_C03_USES,STK_F09_CALL_STACK,STK_FAM09_CALL_STACK_NAME,STK_RG_USES,D1,REMEMBER,mcq,The structure a language uses to track which function must be returned to is called:,The queue,The symbol table,The heap,The call stack,D,The call stack,"Each call pushes a frame and each return pops one, which is why it is a stack. The heap holds allocated objects and has no such ordering.",AUTHORED,
GB2_STK_010,DSA_STACK,STK_C01_BEHAVIOUR,STK_F10_PUSH_LOCATION,STK_FAM10_PUSH_TARGET,STK_RG_OPERATIONS,D1,REMEMBER,mcq,Where does push place a new item?,"At the bottom, below everything already there",Wherever there is free space,In sorted position among the existing items,"On top, above everything already there",D,"On top, above everything already there","push always adds on top, which is why the most recent item is the one pop reaches. Nothing about a stack sorts or searches for a position.",AUTHORED,
GB2_STK_011,DSA_STACK,STK_C04_TRACING,STK_F11_SIMPLE_TRACE,STK_FAM11_TRACE_TOP,STK_RG_TRACING,D2,UNDERSTAND,mcq,"Starting from an empty stack: push 3, push 7, push 9. What does pop return?",9,7,Nothing — the stack is empty,3,A,9,"9 was pushed last, so it sits on top and pop reaches it first. Answering 3 is reading the structure as a queue.",AUTHORED,
GB2_STK_012,DSA_STACK,STK_C04_TRACING,STK_F12_TRACE_AFTER_POP,STK_FAM12_TRACE_REMAINING,STK_RG_TRACING,D2,UNDERSTAND,mcq,"Starting from an empty stack: push 4, push 8, pop, push 2. What is on top now?",4,The stack is empty,2,8,C,2,"The pop removed 8, leaving 4. Pushing 2 then puts it above 4, so 2 is on top.",AUTHORED,
GB2_STK_013,DSA_STACK,STK_C04_TRACING,STK_F13_TRACE_COUNT,STK_FAM13_TRACE_SIZE,STK_RG_TRACING,D2,UNDERSTAND,mcq,"Starting from an empty stack: push 1, push 2, pop, push 3, push 4, pop. How many items remain?",1,3,4,2,D,2,Four pushes and two pops leave two items. Counting operations rather than tracking the net change is where this usually goes wrong.,AUTHORED,
GB2_STK_014,DSA_STACK,STK_C04_TRACING,STK_F14_REVERSAL,STK_FAM14_PUSH_ALL_POP_ALL,STK_RG_TRACING,D2,UNDERSTAND,mcq,"The letters A, B, C are pushed in that order, then all three are popped. In what order do they come out?","B, C, A","A, C, B","A, B, C","C, B, A",D,"C, B, A","Pushing then popping everything reverses the sequence, which is the property that makes a stack useful for reversal problems.",AUTHORED,
GB2_STK_015,DSA_STACK,STK_C05_COMPARISON,STK_F15_VS_QUEUE,STK_FAM15_STACK_VS_QUEUE_OUTPUT,STK_RG_COMPARISON,D2,UNDERSTAND,mcq,"The same three values are added to a stack and to a queue, then all are removed from each. How do the two output orders relate?",The stack produces sorted output and the queue does not,The stack produces the reverse of the queue,The relationship depends on the values,They produce the same order,B,The stack produces the reverse of the queue,"A queue preserves the insertion order and a stack reverses it, so one is the reverse of the other whatever the values are.",AUTHORED,
GB2_STK_016,DSA_STACK,STK_C02_STATE,STK_F16_PEEK_VS_POP_TRACE,STK_FAM16_PEEK_LEAVES_SIZE,STK_RG_STATE,D2,UNDERSTAND,mcq,A stack holds three items. peek is called twice. How many items does it hold afterwards?,2,1,3,0,C,3,"peek never removes, so calling it any number of times leaves the size unchanged. Expecting 1 treats peek as pop.",AUTHORED,
GB2_STK_017,DSA_STACK,STK_C04_TRACING,STK_F17_INTERLEAVED,STK_FAM17_INTERLEAVED_OUTPUT,STK_RG_TRACING,D2,UNDERSTAND,mcq,"push 5, push 6, pop, push 7, pop, pop. What is the sequence of popped values?","6, 7, 5","7, 6, 5","5, 6, 7","6, 5, 7",A,"6, 7, 5","The first pop takes 6, then 7 is pushed and immediately popped, and the last pop takes 5 — the only item left.",AUTHORED,
GB2_STK_018,DSA_STACK,STK_C03_USES,STK_F18_BACK_BUTTON,STK_FAM18_RECOGNISE_USE,STK_RG_USES,D2,UNDERSTAND,mcq,A browser back button returns to the most recently visited page first. Which structure does this behaviour match?,A queue,A sorted list,A hash map,A stack,D,A stack,"Most-recent-first is last-in first-out. Each page visit pushes, and going back pops.",AUTHORED,
GB2_STK_019,DSA_STACK,STK_C02_STATE,STK_F19_EMPTY_AFTER_BALANCE,STK_FAM19_NET_EFFECT,STK_RG_STATE,D2,UNDERSTAND,mcq,"A stack starts empty. Equal numbers of pushes and pops are performed, and no pop is ever called on an empty stack. What is its final state?",Holding as many items as there were pushes,Empty,Holding one item,Impossible to determine without the values,B,Empty,"Each push adds one and each pop removes one, so equal counts return the size to zero regardless of what the values were.",AUTHORED,
GB2_STK_020,DSA_STACK,STK_C05_COMPARISON,STK_F20_NOT_SEARCHABLE,STK_FAM20_SEARCH_COST,STK_RG_COMPARISON,D2,UNDERSTAND,mcq,"To find whether a particular value sits somewhere inside a stack, you must:","Pop items off until you find it, losing the ones removed unless you keep them",Call a built-in search that inspects every item without removing any,Use an index to jump straight to it,"Sort the stack first, then search it",A,"Pop items off until you find it, losing the ones removed unless you keep them","A stack exposes only the top, so reaching the middle means removing what is above. Needing to search is a strong sign a stack is the wrong structure.",AUTHORED,
GB2_STK_021,DSA_STACK,STK_C06_APPLICATION,STK_F21_BRACKET_MATCHING,STK_FAM21_BRACKETS_MECHANISM,STK_RG_APPLICATION,D3,APPLY,mcq,"When checking whether brackets in an expression are balanced, what does the algorithm do on meeting a closing bracket?",Pop the stack and check the popped opener matches this closer,Count the closers and compare the total with the openers,Push the closing bracket so it can be compared at the end,Search the stack for a matching opener wherever it sits,A,Pop the stack and check the popped opener matches this closer,"The most recent unmatched opener is on top, which is exactly the one a closer must match. Counting alone accepts "")("" as balanced, which it is not.",AUTHORED,
GB2_STK_022,DSA_STACK,STK_C06_APPLICATION,STK_F22_BRACKETS_FINAL_CHECK,STK_FAM22_BRACKETS_END_STATE,STK_RG_APPLICATION,D3,APPLY,mcq,A bracket-matching algorithm reaches the end of the input with nothing left unmatched so far. What final check is still required?,No further check is needed,That the last character was a closing bracket,That the stack is empty,That the input length was even,C,That the stack is empty,"Anything left on the stack is an opener that was never closed, so ""(("" would otherwise pass. An even length proves nothing.",AUTHORED,
GB2_STK_023,DSA_STACK,STK_C06_APPLICATION,STK_F23_REVERSE_STRING,STK_FAM23_REVERSAL_APPLICATION,STK_RG_APPLICATION,D3,APPLY,mcq,"To reverse a sequence using a stack, what is the procedure?",Push and pop alternately as you go,"Push every second item, then pop them all","Push every item, then read the stack from the bottom","Push every item in order, then pop them all",D,"Push every item in order, then pop them all",Pushing preserves order going in and popping reverses it coming out. Reading from the bottom is not an operation a stack offers.,AUTHORED,
GB2_STK_024,DSA_STACK,STK_C06_APPLICATION,STK_F24_UNDO_REDO,STK_FAM24_TWO_STACKS,STK_RG_APPLICATION,D3,APPLY,mcq,An editor supports both undo and redo. How is this usually built?,A sorted list ordered by timestamp,"One queue, read from either end",Two stacks — undone actions move from one to the other,"One stack, with a pointer moved up and down it",C,Two stacks — undone actions move from one to the other,"Undoing pops from the undo stack and pushes onto the redo stack; a new action clears redo. Both halves need last-in first-out, so both are stacks.",AUTHORED,
GB2_STK_025,DSA_STACK,STK_C06_APPLICATION,STK_F25_RECURSION_EQUIVALENCE,STK_FAM25_RECURSION_TO_ITERATION,STK_RG_APPLICATION,D3,APPLY,mcq,A recursive function is rewritten as a loop. What usually has to be introduced?,Nothing — any recursion becomes a loop directly,An explicit stack holding what each pending call was going to do,A counter recording how many calls were made,"A queue, to process the calls in the order they were made",B,An explicit stack holding what each pending call was going to do,Recursion uses the call stack implicitly; removing it means keeping that state yourself. Only simple tail recursion converts with no structure at all.,AUTHORED,
GB2_STK_026,DSA_STACK,STK_C06_APPLICATION,STK_F26_NESTED_STRUCTURE,STK_FAM26_NESTING_RECOGNITION,STK_RG_APPLICATION,D3,APPLY,mcq,Which problem characteristic most strongly suggests a stack?,Items must be processed in the order they arrived,The most recently opened thing must be closed first,Items must be retrieved by a key,The largest item must be found quickly,B,The most recently opened thing must be closed first,"Nesting — brackets, tags, function calls, scopes — is the shape a stack fits. Arrival order wants a queue, key lookup a map, and largest-first a heap.",AUTHORED,
GB2_STK_027,DSA_STACK,STK_C06_APPLICATION,STK_F27_BRACKET_TYPES,STK_FAM27_MIXED_BRACKETS,STK_RG_APPLICATION,D3,APPLY,mcq,"Checking ""([)]"" with a bracket-matching stack, where does it fail?","At the end, because the stack still holds an unmatched opening bracket","At "")"", because the top of the stack is ""["" rather than ""(""",It does not fail — the counts balance,"At ""]"", because the stack is empty by then",B,"At "")"", because the top of the stack is ""["" rather than ""(""","The closer must match the most recent opener, which is ""["". Interleaved brackets like this are exactly what counting alone cannot catch.",AUTHORED,
GB2_STK_028,DSA_STACK,STK_C07_IMPLEMENTATION,STK_F28_ARRAY_BACKED,STK_FAM28_IMPLEMENT_ON_ARRAY,STK_RG_IMPLEMENTATION,D3,APPLY,mcq,"Implementing a stack on top of a dynamic array, which end should be the top?","Either end, because adding and removing cost the same wherever you do it","The end, because appending and removing there costs constant time","The middle, to keep both ends free","The start, because it is easier to find",B,"The end, because appending and removing there costs constant time","Removing from the front shifts every remaining element, making each operation linear. Using the end keeps push and pop constant time.",AUTHORED,
GB2_STK_029,DSA_STACK,STK_C06_APPLICATION,STK_F29_EXPRESSION_EVAL,STK_FAM29_POSTFIX_EVAL,STK_RG_APPLICATION,D3,APPLY,mcq,"Evaluating the postfix expression ""3 4 + 2 *"" with a stack, what happens on reading ""+""?",The next value is popped and added to a running total,"Two values are popped, added, and the result pushed back",Everything on the stack is summed,"The ""+"" is pushed to be applied later",B,"Two values are popped, added, and the result pushed back","An operator consumes its operands from the top and returns one value, which becomes an operand for whatever follows. Here 3 and 4 become 7, then 7 and 2 become 14.",AUTHORED,
GB2_STK_030,DSA_STACK,STK_C07_IMPLEMENTATION,STK_F30_OPERATION_COST,STK_FAM30_COST_OF_OPERATIONS,STK_RG_IMPLEMENTATION,D3,APPLY,mcq,What is the cost of push and pop on a well-implemented stack?,It depends on how many items the stack holds,"Linear time, because the items must be shifted","Constant time, because only the top is touched","Logarithmic time, because the stack is kept balanced",C,"Constant time, because only the top is touched","Neither operation looks past the top, so the size is irrelevant. That cheapness is much of why stacks are used where they fit.",AUTHORED,
GB2_STK_031,DSA_STACK,STK_C08_DIAGNOSIS,STK_F31_MISSING_EMPTY_CHECK,STK_FAM31_UNGUARDED_POP,STK_RG_DIAGNOSIS,D4,ANALYZE,mcq,A bracket checker pops on every closing bracket without first checking the stack. On which input does it fail?,"""()"" — the stack is emptied correctly","""(())"" — the nesting is handled",It cannot fail; popping an empty stack is harmless,""")("" — the first character pops an empty stack",D,""")("" — the first character pops an empty stack","A closer arriving with nothing open is unbalanced input, and the code must report that rather than pop nothing. This is the case a checker written only against valid input always misses.",AUTHORED,
GB2_STK_032,DSA_STACK,STK_C08_DIAGNOSIS,STK_F32_PEEK_USED_AS_POP,STK_FAM32_PEEK_POP_CONFUSION,STK_RG_DIAGNOSIS,D4,ANALYZE,mcq,A loop meant to empty a stack calls peek instead of pop each time. What happens?,It processes each item exactly once and terminates,It terminates immediately without processing anything,It processes the items in reverse order,"It never terminates, because the stack never shrinks",D,"It never terminates, because the stack never shrinks","peek leaves the stack unchanged, so a loop conditioned on it being non-empty never reaches its exit. The symptom is a hang, not a wrong answer.",AUTHORED,
GB2_STK_033,DSA_STACK,STK_C08_DIAGNOSIS,STK_F33_FORGOTTEN_FINAL_CHECK,STK_FAM33_LEFTOVER_OPENERS,STK_RG_DIAGNOSIS,D4,ANALYZE,mcq,"A bracket checker returns true as soon as the input ends, without examining the stack. Which input does it wrongly accept?","""(((""",""")))""","""(())""","""()()""",A,"""(((""","Three openers leave three items on the stack and no closer ever contradicts them. The closers-only case fails earlier, on the unguarded pop.",AUTHORED,
GB2_STK_034,DSA_STACK,STK_C08_DIAGNOSIS,STK_F34_WRONG_STRUCTURE,STK_FAM34_QUEUE_USED_INSTEAD,STK_RG_DIAGNOSIS,D4,ANALYZE,mcq,An undo feature removes the oldest action rather than the newest. What is the most likely cause?,The stack is being popped twice per undo,A queue is being used where a stack is needed,The stack has exceeded its capacity,The actions are being sorted before removal,B,A queue is being used where a stack is needed,"Oldest-first is first-in first-out, which is queue behaviour. The symptom names the structure exactly.",AUTHORED,
GB2_STK_035,DSA_STACK,STK_C08_DIAGNOSIS,STK_F35_PUSH_WITHOUT_POP,STK_FAM35_UNBOUNDED_GROWTH,STK_RG_DIAGNOSIS,D4,ANALYZE,mcq,A long-running program pushes onto a stack in a loop and pops only in a branch that rarely runs. What is the symptom?,Memory use grows steadily until the process runs out,The program slows but memory stays flat,The stack silently discards its oldest items,push begins to fail immediately,A,Memory use grows steadily until the process runs out,"Nothing bounds a stack automatically, so unmatched pushes accumulate. The structure does not evict anything to make room.",AUTHORED,
GB2_STK_036,DSA_STACK,STK_C08_DIAGNOSIS,STK_F36_DEEP_RECURSION,STK_FAM36_STACK_OVERFLOW_CAUSE,STK_RG_DIAGNOSIS,D4,ANALYZE,mcq,A recursive function raises a stack overflow on a large input but works on a small one. What does that indicate?,The input contains a value the function cannot handle,"The function allocates too much memory per call, exhausting the heap rather than the stack",The recursion has no base case at all,"Each call adds a frame, and the depth exceeded what the call stack holds",D,"Each call adds a frame, and the depth exceeded what the call stack holds","Working on small input rules out a missing base case — that would fail at every size. The depth itself is the problem, which is why an explicit stack or an iterative form fixes it.",AUTHORED,
GB2_STK_037,DSA_STACK,STK_C08_DIAGNOSIS,STK_F37_ORDER_REVERSED,STK_FAM37_UNEXPECTED_REVERSAL,STK_RG_DIAGNOSIS,D4,ANALYZE,mcq,"Items are pushed onto a stack and then popped into a list, and the list comes out backwards. What is wrong?","The pushes happened in the wrong order, so the stack was built backwards",The list is being built from the end,The stack was not emptied fully,Nothing is wrong — that is what a stack does; the code wanted a queue,D,Nothing is wrong — that is what a stack does; the code wanted a queue,"Reversal is the defining behaviour, not a defect. A program surprised by it has chosen the wrong structure for what it wanted.",AUTHORED,
GB2_STK_038,DSA_STACK,STK_C08_DIAGNOSIS,STK_F38_SEARCH_DESTROYS,STK_FAM38_SEARCH_SIDE_EFFECT,STK_RG_DIAGNOSIS,D4,ANALYZE,mcq,"A function searches a stack by popping until it finds a value, then returns. What has it done to the stack?",Left the stack exactly as it was,"Discarded everything above the match, and the match itself",Reversed the order of everything that was left behind,Left only the matching item,B,"Discarded everything above the match, and the match itself",Popped items are gone unless the code deliberately keeps them. A search that destroys what it searched is a bug hidden inside a function that appears to work.,AUTHORED,
GB2_STK_039,DSA_STACK,STK_C08_DIAGNOSIS,STK_F39_SHARED_STACK,STK_FAM39_SHARED_MUTABLE_STATE,STK_RG_DIAGNOSIS,D4,ANALYZE,mcq,Two parts of a program push and pop on the same stack instance. Occasionally one pops a value the other pushed. Why?,"The stack has been sorted by one of the callers, moving items out of order",One caller is using peek rather than pop,A stack has no notion of ownership — the top belongs to whoever pops next,Stacks are not safe to read at all once shared,C,A stack has no notion of ownership — the top belongs to whoever pops next,"The structure offers no way to reserve or tag items. Two independent users need two stacks, or a discipline the structure itself cannot enforce.",AUTHORED,
GB2_STK_040,DSA_STACK,STK_C08_DIAGNOSIS,STK_F40_OFF_BY_ONE_TOP,STK_FAM40_TOP_INDEX_ERROR,STK_RG_DIAGNOSIS,D4,ANALYZE,mcq,"An array-backed stack keeps a ""top"" index. After pushing one item to an empty stack, top is 1 and reading at that index gives nothing. What is the likely error?","The item was pushed to the front rather than the end, so the index misses it",The array was not allocated with enough space,"top is being incremented before the item is written, so it points past the item",top should always be zero for a one-item stack,C,"top is being incremented before the item is written, so it points past the item","Whether top means ""the last used slot"" or ""the next free slot"" must be decided once and honoured by both push and pop. Mixing the two conventions is the classic off-by-one here.",AUTHORED,
GB2_STK_041,DSA_STACK,STK_C09_JUDGEMENT,STK_F41_CHOOSE_STACK_OR_ARRAY,STK_FAM41_STRUCTURE_CHOICE,STK_RG_JUDGEMENT,D5,EVALUATE,mcq,"A list only ever has items added and removed at one end, but the team uses an array with index access everywhere. What is the strongest argument for a stack instead?",It uses measurably less memory for the same items,It sorts the items automatically as they are added,"It removes the possibility of reaching into the middle, so the invariant cannot be broken",Its operations are asymptotically faster than appending to and removing from an array,C,"It removes the possibility of reaching into the middle, so the invariant cannot be broken","Both are constant time at the end, so speed is not the argument. The value is the restriction: code that cannot index into the middle cannot accidentally depend on doing so.",AUTHORED,
GB2_STK_042,DSA_STACK,STK_C09_JUDGEMENT,STK_F42_RECURSION_VS_EXPLICIT,STK_FAM42_EXPLICIT_STACK_TRADE,STK_RG_JUDGEMENT,D5,EVALUATE,mcq,Rewriting a deep recursion to use an explicit stack trades away readability. What does it buy?,"Control of the depth, so a large input fails gracefully rather than overflowing",Automatic parallel execution of the pending work,"A lower asymptotic complexity, because the pending work is no longer duplicated",Freedom from needing a base case,A,"Control of the depth, so a large input fails gracefully rather than overflowing",The work and its cost are the same; what changes is that the memory is yours to bound and inspect rather than the runtime's to exhaust.,AUTHORED,
GB2_STK_043,DSA_STACK,STK_C09_JUDGEMENT,STK_F43_WRONG_FIT_SEARCH,STK_FAM43_RECOGNISE_MISFIT,STK_RG_JUDGEMENT,D5,EVALUATE,mcq,"A design uses a stack, but the code repeatedly pops items into a temporary list to find one, then pushes them all back. What does this indicate?",The items should be sorted before being pushed,The temporary list should be a stack as well,The stack implementation is inefficient and should be replaced,"The access pattern is not last-in first-out, so the structure is wrong",D,"The access pattern is not last-in first-out, so the structure is wrong",Fighting a structure to get at what it deliberately hides is the clearest sign it is the wrong one. Needing arbitrary lookup points at a map or a list.,AUTHORED,
GB2_STK_044,DSA_STACK,STK_C09_JUDGEMENT,STK_F44_TWO_STACK_QUEUE,STK_FAM44_BUILD_QUEUE_FROM_STACKS,STK_RG_JUDGEMENT,D5,EVALUATE,mcq,"A queue can be built from two stacks by pushing onto one and, when the other is empty, moving everything across. Why does moving everything produce the right order?",The two reversals cancel only because the counts are equal,The second stack sorts the items as they arrive,"The move preserves the existing order, which was already first-in first-out throughout","Popping the first stack reverses it, and a reversed reversal is the arrival order",D,"Popping the first stack reverses it, and a reversed reversal is the arrival order",One reversal turns last-in first-out into first-in first-out. The second stack then serves in arrival order until it empties and the transfer repeats.,AUTHORED,
GB2_STK_045,DSA_STACK,STK_C09_JUDGEMENT,STK_F45_AMORTISED_TRANSFER,STK_FAM45_AMORTISED_REASONING,STK_RG_JUDGEMENT,D5,EVALUATE,mcq,"In the two-stack queue, one dequeue occasionally moves every item across. What is the cost per operation overall?","Linear, because the expensive case can happen at any time","Constant on average, because each item is moved across exactly once","Logarithmic, because the transfers halve the work each time","Unpredictable, because it depends on the order of calls",B,"Constant on average, because each item is moved across exactly once","An item is pushed once, moved once and popped once however many operations pass in between, so the total work is proportional to the items. Judging by the worst single call overstates it.",AUTHORED,
GB2_STK_046,DSA_STACK,STK_C09_JUDGEMENT,STK_F46_BOUNDED_STACK,STK_FAM46_CAPACITY_DECISION,STK_RG_JUDGEMENT,D5,EVALUATE,mcq,An undo stack in a long-running editor is given a maximum size. What is the reasoning?,A bounded stack performs its operations faster,The structure requires a capacity to be declared before anything can be pushed,"Unbounded history would grow without limit, and old undo steps have little value",Undo cannot work correctly beyond a fixed depth,C,"Unbounded history would grow without limit, and old undo steps have little value","It is a product decision about memory against usefulness, not a technical constraint. Discarding from the bottom is an addition the plain structure does not provide.",AUTHORED,
GB2_STK_047,DSA_STACK,STK_C09_JUDGEMENT,STK_F47_NESTED_VS_FLAT,STK_FAM47_PROBLEM_SHAPE,STK_RG_JUDGEMENT,D5,EVALUATE,mcq,"Validating that HTML tags are correctly nested needs a stack, but validating that a file has an even number of lines does not. What distinguishes them?",Counting lines is impossible without a structure to hold them,Nesting requires remembering what is still open and in what order,One problem is larger than the other,Tags are strings and lines are numbers,B,Nesting requires remembering what is still open and in what order,"A counter suffices when only the total matters. Nesting needs the identity and order of what remains open, which is precisely what a stack holds.",AUTHORED,
GB2_STK_048,DSA_STACK,STK_C09_JUDGEMENT,STK_F48_COUNTER_SUFFICIENT,STK_FAM48_WHEN_COUNTER_ENOUGH,STK_RG_JUDGEMENT,D5,EVALUATE,mcq,"For an expression containing only round brackets, a simple counter can replace the stack. Why does that stop working once several bracket types are allowed?",It does not stop working; a counter is always sufficient,A counter cannot represent numbers large enough,"A counter records how many are open but not which kinds, so ""([)]"" passes",Several bracket types make the input longer than a counter can track,C,"A counter records how many are open but not which kinds, so ""([)]"" passes","With one type, identity is implied. With several, the closer must match a specific opener, and only a structure that remembers order can say which.",AUTHORED,
GB2_STK_049,DSA_STACK,STK_C09_JUDGEMENT,STK_F49_INTERVIEW_RECOGNITION,STK_FAM49_PATTERN_TRANSFER,STK_RG_JUDGEMENT,D5,EVALUATE,mcq,Which of these problems is NOT naturally solved with a stack?,Finding the next greater element to the right of each item,Finding the two numbers in a list that sum to a target,Checking that brackets are balanced,Evaluating a postfix expression,B,Finding the two numbers in a list that sum to a target,"Summing to a target wants a hash map for constant-time lookup of the complement. The other three all depend on the most recent unresolved item, which is stack-shaped.",AUTHORED,
GB2_STK_050,DSA_STACK,STK_C09_JUDGEMENT,STK_F50_MONOTONIC_INSIGHT,STK_FAM50_MONOTONIC_STACK,STK_RG_JUDGEMENT,D5,EVALUATE,mcq,Finding the next greater element for every item is solved in one pass with a stack. What is kept on it?,The greatest value found so far,"The items already answered, so they can be reported at the end",Items still waiting for a greater value to appear,"Every item seen so far, in arrival order",C,Items still waiting for a greater value to appear,"An item stays until something larger arrives, which resolves it and pops it. Items already answered leave, which is why one pass suffices rather than a comparison against everything.",AUTHORED,
GB2_QUE_001,DSA_QUEUE,QUE_C01_BEHAVIOUR,QUE_F01_FIFO,QUE_FAM01_ORDER_NAME,QUE_RG_ORDER,D1,REMEMBER,mcq,A queue removes items in which order relative to how they were added?,The first item added is removed first,Items are removed in an unpredictable order,The smallest item is removed first,The last item added is removed first,A,The first item added is removed first,"A queue is first-in, first-out — the order people expect of anything described as a queue. Removing the last item added is stack behaviour.",AUTHORED,
GB2_QUE_002,DSA_QUEUE,QUE_C01_BEHAVIOUR,QUE_F02_ENQUEUE,QUE_FAM02_OPERATION_NAMES,QUE_RG_OPERATIONS,D1,REMEMBER,mcq,Which operation adds an item to a queue?,dequeue,enqueue,peek,push,B,enqueue,"enqueue adds at the back and dequeue removes from the front. push belongs to a stack, and peek only reads.",AUTHORED,
GB2_QUE_003,DSA_QUEUE,QUE_C01_BEHAVIOUR,QUE_F03_DEQUEUE_END,QUE_FAM03_DEQUEUE_TARGET,QUE_RG_OPERATIONS,D1,REMEMBER,mcq,From which end does dequeue remove an item?,"The back, where the newest item sits","Either end, whichever holds fewer items","The front, where the oldest item sits","The middle, to keep the queue balanced",C,"The front, where the oldest item sits","Items enter at the back and leave at the front, which is what keeps the order fair. A structure removing from the back would be a stack.",AUTHORED,
GB2_QUE_004,DSA_QUEUE,QUE_C01_BEHAVIOUR,QUE_F04_ENQUEUE_END,QUE_FAM04_ENQUEUE_TARGET,QUE_RG_OPERATIONS,D1,REMEMBER,mcq,At which end does enqueue add an item?,Wherever a gap has appeared,"The front, ahead of everything already waiting",In sorted position among the waiting items,"The back, behind everything already waiting",D,"The back, behind everything already waiting",Joining at the back is what makes the wait fair. Adding at the front would let a late arrival be served first.,AUTHORED,
GB2_QUE_005,DSA_QUEUE,QUE_C03_USES,QUE_F05_PRINTER,QUE_FAM05_EVERYDAY_EXAMPLE,QUE_RG_USES,D1,REMEMBER,mcq,Which everyday system behaves like a queue?,A dictionary looked up by word,An editor undoing the most recent change first,A printer serving jobs in the order they were sent,A leaderboard ordered by score,C,A printer serving jobs in the order they were sent,"Order of arrival decides order of service, which is first-in first-out. Undo is last-in first-out, and the other two are not about removal order at all.",AUTHORED,
GB2_QUE_006,DSA_QUEUE,QUE_C02_STATE,QUE_F06_EMPTY_DEQUEUE,QUE_FAM06_EMPTY_RESULT,QUE_RG_STATE,D1,REMEMBER,mcq,What happens when dequeue is called on an empty queue?,It waits until an item arrives,It is an error condition the caller must handle,It returns the item most recently removed,It returns zero as a default value,B,It is an error condition the caller must handle,"There is nothing to return, so the call cannot succeed. Some concurrent queues do block and wait, but a plain queue does not — the caller checks first.",AUTHORED,
GB2_QUE_007,DSA_QUEUE,QUE_C01_BEHAVIOUR,QUE_F07_FRONT_ACCESS,QUE_FAM07_ACCESS_RESTRICTION,QUE_RG_ORDER,D1,REMEMBER,mcq,Which item in a queue can be read without removing anything?,"Any item, by its position",The one at the back,The one at the front,None — every read removes an item,C,The one at the front,"A queue exposes the front for reading, as a stack exposes its top. Reaching the middle is not an operation it offers.",AUTHORED,
GB2_QUE_008,DSA_QUEUE,QUE_C03_USES,QUE_F08_SCHEDULING,QUE_FAM08_SYSTEM_USE,QUE_RG_USES,D1,REMEMBER,mcq,Why do operating systems use queues for tasks waiting to run?,So that the shortest task always runs first,So that waiting tasks are served in the order they arrived,So that tasks can be searched for by name,So that a task can be removed from the middle cheaply,B,So that waiting tasks are served in the order they arrived,A plain queue gives fairness by arrival. Serving the shortest first is a different policy and needs a different structure.,AUTHORED,
GB2_QUE_009,DSA_QUEUE,QUE_C02_STATE,QUE_F09_SIZE,QUE_FAM09_SIZE_MEANING,QUE_RG_STATE,D1,REMEMBER,mcq,What does the size of a queue report?,How many items have been removed so far,How many items it has ever held,How many items are currently waiting,How many items it can hold before it is full,C,How many items are currently waiting,"Size is the present count. Capacity and history are different quantities, and only some queue implementations track either.",AUTHORED,
GB2_QUE_010,DSA_QUEUE,QUE_C05_COMPARISON,QUE_F10_NAME_VS_STACK,QUE_FAM10_NAME_THE_ORDER,QUE_RG_COMPARISON,D1,REMEMBER,mcq,A stack is last-in first-out. A queue is:,First-in first-out,Last-in last-out,Ordered by priority,Sorted on removal,A,First-in first-out,"First-in first-out. ""Last-in last-out"" describes the same thing in a confusing way and is not the standard term; priority order is a different structure.",AUTHORED,
GB2_QUE_011,DSA_QUEUE,QUE_C04_TRACING,QUE_F11_SIMPLE_TRACE,QUE_FAM11_TRACE_FIRST_OUT,QUE_RG_TRACING,D2,UNDERSTAND,mcq,"Starting from an empty queue: enqueue 3, enqueue 7, enqueue 9. What does dequeue return?",Nothing — the queue is empty,7,3,9,C,3,"3 arrived first, so it leaves first. Answering 9 is reading the structure as a stack.",AUTHORED,
GB2_QUE_012,DSA_QUEUE,QUE_C04_TRACING,QUE_F12_TRACE_AFTER_DEQUEUE,QUE_FAM12_TRACE_FRONT,QUE_RG_TRACING,D2,UNDERSTAND,mcq,"Starting from an empty queue: enqueue 4, enqueue 8, dequeue, enqueue 2. What is at the front now?",8,2,The queue is empty,4,A,8,"The dequeue removed 4, leaving 8 at the front. Enqueueing 2 puts it behind 8, so 8 is still first out.",AUTHORED,
GB2_QUE_013,DSA_QUEUE,QUE_C04_TRACING,QUE_F13_ORDER_PRESERVED,QUE_FAM13_FULL_DRAIN_ORDER,QUE_RG_TRACING,D2,UNDERSTAND,mcq,"The letters A, B, C are enqueued in that order, then all three are dequeued. In what order do they come out?","A, C, B","B, A, C","C, B, A","A, B, C",D,"A, B, C","A queue preserves the order it received, which is exactly why it is used where fairness matters. Reversal is what a stack does.",AUTHORED,
GB2_QUE_014,DSA_QUEUE,QUE_C04_TRACING,QUE_F14_INTERLEAVED,QUE_FAM14_INTERLEAVED_OUTPUT,QUE_RG_TRACING,D2,UNDERSTAND,mcq,"enqueue 5, enqueue 6, dequeue, enqueue 7, dequeue, dequeue. What is the sequence of dequeued values?","6, 5, 7","5, 7, 6","7, 6, 5","5, 6, 7",D,"5, 6, 7","Each dequeue takes the oldest remaining item, so arrival order is preserved whatever the interleaving of the operations.",AUTHORED,
GB2_QUE_015,DSA_QUEUE,QUE_C04_TRACING,QUE_F15_COUNT_AFTER,QUE_FAM15_SIZE_AFTER_OPS,QUE_RG_TRACING,D2,UNDERSTAND,mcq,A queue starts empty. Three enqueues and one dequeue are performed. How many items remain?,2,3,4,1,A,2,"Each enqueue adds one and each dequeue removes one, so the net is two regardless of the values or the order of the calls.",AUTHORED,
GB2_QUE_016,DSA_QUEUE,QUE_C05_COMPARISON,QUE_F16_SAME_INPUT_DIFFERENT_OUTPUT,QUE_FAM16_CONTRAST_OUTPUT,QUE_RG_COMPARISON,D2,UNDERSTAND,mcq,"The same items are added to a queue and to a stack, then everything is removed from each. How do the outputs compare?",It depends on how many items there were,The stack output is the reverse of the queue output,Both produce the same order,The queue output is sorted and the stack output is not,B,The stack output is the reverse of the queue output,"A queue preserves order and a stack reverses it, so one output is always the reverse of the other whatever the items.",AUTHORED,
GB2_QUE_017,DSA_QUEUE,QUE_C03_USES,QUE_F17_RECOGNISE_FAIRNESS,QUE_FAM17_RECOGNISE_USE,QUE_RG_USES,D2,UNDERSTAND,mcq,Support tickets must be answered in the order they were raised. Which structure fits?,A stack,A queue,A sorted list keyed on the customer name,A hash map keyed on the ticket id,B,A queue,"Order of arrival deciding order of service is the definition of a queue. A stack would answer the newest ticket first, which is the opposite of what was asked.",AUTHORED,
GB2_QUE_018,DSA_QUEUE,QUE_C02_STATE,QUE_F18_PEEK_NO_REMOVE,QUE_FAM18_PEEK_LEAVES_SIZE,QUE_RG_STATE,D2,UNDERSTAND,mcq,A queue holds four items and the front is read twice without dequeuing. How many items does it hold?,0,2,4,3,C,4,"Reading the front does not remove it, so the size is unchanged however many times it is read.",AUTHORED,
GB2_QUE_019,DSA_QUEUE,QUE_C05_COMPARISON,QUE_F19_NOT_SEARCHABLE,QUE_FAM19_SEARCH_COST,QUE_RG_COMPARISON,D2,UNDERSTAND,mcq,"To find whether a particular value is waiting somewhere in a queue, you must:",Jump to its position using an index,Sort the queue and then search it,"Dequeue items until you find it, and re-enqueue what you removed",Look it up directly by its value,C,"Dequeue items until you find it, and re-enqueue what you removed","Only the front is reachable, so getting at the middle means removing what is ahead of it. Needing to search is a sign the structure is wrong for the job.",AUTHORED,
GB2_QUE_020,DSA_QUEUE,QUE_C06_VARIANTS,QUE_F20_PRIORITY_DIFFERENT,QUE_FAM20_PRIORITY_CONTRAST,QUE_RG_VARIANTS,D2,UNDERSTAND,mcq,How does a priority queue differ from a plain queue?,It keeps its items permanently sorted by arrival time,It allows items to be removed from either end,It serves the highest-priority item next rather than the oldest,It holds more items before it becomes full,C,It serves the highest-priority item next rather than the oldest,"Priority replaces arrival order as the rule for what leaves next, which means a newly added urgent item can overtake items that have waited longer.",AUTHORED,
GB2_QUE_021,DSA_QUEUE,QUE_C07_APPLICATION,QUE_F21_BFS,QUE_FAM21_BFS_STRUCTURE,QUE_RG_APPLICATION,D3,APPLY,mcq,Breadth-first search explores a graph level by level. Which structure holds the nodes still to visit?,"A stack, so the most recently found node is visited next","A hash map, keyed by node","A queue, so nearer nodes are visited before further ones","A sorted list, ordered by node name",C,"A queue, so nearer nodes are visited before further ones","Nodes discovered earlier are nearer, and a queue serves them first — which is what produces the level-by-level order. Using a stack instead gives depth-first search.",AUTHORED,
GB2_QUE_022,DSA_QUEUE,QUE_C07_APPLICATION,QUE_F22_TASK_BUFFER,QUE_FAM22_PRODUCER_CONSUMER,QUE_RG_APPLICATION,D3,APPLY,mcq,"Work arrives faster than it can be processed, and must not be lost. What does putting a queue between the two parts achieve?",It discards the oldest work to keep up,"It absorbs the bursts, letting the consumer work at its own pace",It makes the consumer process each item faster,It guarantees the work is processed in priority order,B,"It absorbs the bursts, letting the consumer work at its own pace","A queue decouples the rates: the producer is not blocked by a slow consumer, and nothing is lost while the backlog drains. It changes nothing about processing speed.",AUTHORED,
GB2_QUE_023,DSA_QUEUE,QUE_C08_IMPLEMENTATION,QUE_F23_ARRAY_FRONT_COST,QUE_FAM23_NAIVE_ARRAY_COST,QUE_RG_IMPLEMENTATION,D3,APPLY,mcq,"A queue is built on an array, removing from index 0 each time. What is the cost of each dequeue?","Logarithmic, because the array is halved","Linear, because every remaining item shifts down one place","Constant, but only while the queue is short","Constant, because only one item is removed",B,"Linear, because every remaining item shifts down one place","Removing the first element of an array moves every other element. It is the classic reason a naive array queue is slow, and why real ones use two indices or a linked list.",AUTHORED,
GB2_QUE_024,DSA_QUEUE,QUE_C08_IMPLEMENTATION,QUE_F24_CIRCULAR,QUE_FAM24_CIRCULAR_BUFFER,QUE_RG_IMPLEMENTATION,D3,APPLY,mcq,A circular buffer implements a queue on a fixed array. What makes it circular?,The items are physically rotated after every removal,The front and back indices wrap to the start when they pass the end,The array grows and shrinks as items arrive and leave,It stores the items in reverse order once it is half full,B,The front and back indices wrap to the start when they pass the end,"Wrapping the indices reuses the space freed at the start without moving anything, which is what makes both operations constant time on a fixed array.",AUTHORED,
GB2_QUE_025,DSA_QUEUE,QUE_C08_IMPLEMENTATION,QUE_F25_LINKED_LIST_BACKED,QUE_FAM25_LINKED_IMPLEMENTATION,QUE_RG_IMPLEMENTATION,D3,APPLY,mcq,A queue built on a linked list keeps references to both the head and the tail. Why the tail?,So the list can be sorted more cheaply,So enqueue can add at the end without walking the whole list,So the list can be traversed backwards when searching,So the size can be calculated without counting,B,So enqueue can add at the end without walking the whole list,"Without a tail reference, reaching the end means following every link, making enqueue linear. Keeping both references makes both operations constant time.",AUTHORED,
GB2_QUE_026,DSA_QUEUE,QUE_C07_APPLICATION,QUE_F26_RATE_LIMIT,QUE_FAM26_RETRY_QUEUE,QUE_RG_APPLICATION,D3,APPLY,mcq,Requests to a rate-limited API are queued rather than sent immediately. What does this achieve?,The API raises its limit for a queued caller,Each request completes faster than it would alone,The sending rate is controlled while the order of requests is kept,Failed requests are automatically retried,C,The sending rate is controlled while the order of requests is kept,The queue turns an uncontrolled burst into a paced stream without losing anything or reordering it. Retrying is separate behaviour the queue does not provide by itself.,AUTHORED,
GB2_QUE_027,DSA_QUEUE,QUE_C07_APPLICATION,QUE_F27_BFS_SHORTEST,QUE_FAM27_BFS_PROPERTY,QUE_RG_APPLICATION,D3,APPLY,mcq,"On an unweighted graph, why does breadth-first search find the shortest path?",It compares the length of every possible path before choosing,Every node one step away is visited before any node two steps away,It always follows the lowest-numbered neighbour first,It revisits nodes until no shorter route can be found,B,Every node one step away is visited before any node two steps away,"Because the queue serves nearer nodes first, the first time a node is reached is by the fewest steps. No path comparison is needed, which is why it is so cheap.",AUTHORED,
GB2_QUE_028,DSA_QUEUE,QUE_C06_VARIANTS,QUE_F28_DEQUE,QUE_FAM28_DEQUE_CAPABILITY,QUE_RG_VARIANTS,D3,APPLY,mcq,What does a double-ended queue allow that a plain queue does not?,Removing items from the middle by value,Automatic ordering of its items by priority,Holding two separate sequences at once,Adding and removing at both ends,D,Adding and removing at both ends,"A deque generalises both a queue and a stack, since either behaviour can be had by using one end or both. It still offers nothing for reaching the middle.",AUTHORED,
GB2_QUE_029,DSA_QUEUE,QUE_C08_IMPLEMENTATION,QUE_F29_OPERATION_COST,QUE_FAM29_COST_WELL_BUILT,QUE_RG_IMPLEMENTATION,D3,APPLY,mcq,What is the cost of enqueue and dequeue on a well-implemented queue?,"Constant time for both, because only the ends are touched",Linear time for dequeue and constant for enqueue,"Logarithmic for both, because order must be maintained",It depends on how many items are waiting,A,"Constant time for both, because only the ends are touched","Neither operation inspects the items in between. A linear dequeue is the signature of a naive array implementation, not of the structure itself.",AUTHORED,
GB2_QUE_030,DSA_QUEUE,QUE_C07_APPLICATION,QUE_F30_LEVEL_ORDER,QUE_FAM30_TREE_LEVEL_ORDER,QUE_RG_APPLICATION,D3,APPLY,mcq,Printing a tree one level at a time uses a queue. What is enqueued as each node is processed?,"Only the node's leftmost child, to keep the queue from growing too fast","That node itself again, so it can be revisited later","The node's parent, so the level can be reconstructed","That node's children, so they are processed after the rest of this level",D,"That node's children, so they are processed after the rest of this level",Children join the back and so wait behind everything already on the current level. That is exactly what produces level-by-level output.,AUTHORED,
GB2_QUE_031,DSA_QUEUE,QUE_C09_DIAGNOSIS,QUE_F31_WRONG_END,QUE_FAM31_REMOVED_FROM_BACK,QUE_RG_DIAGNOSIS,D4,ANALYZE,mcq,A support queue keeps answering the newest ticket first. What is the most likely cause?,Items are being removed from the same end they are added to,The queue has exceeded its capacity and is discarding items,The tickets are being sorted by their identifier,Two consumers are competing for the same ticket,A,Items are being removed from the same end they are added to,"Adding and removing at one end is stack behaviour, which serves newest first. The symptom names the defect precisely.",AUTHORED,
GB2_QUE_032,DSA_QUEUE,QUE_C09_DIAGNOSIS,QUE_F32_SLOW_DEQUEUE,QUE_FAM32_DEGRADES_WITH_SIZE,QUE_RG_DIAGNOSIS,D4,ANALYZE,mcq,"A queue is fast with a hundred items and noticeably slow with a hundred thousand, though each item is the same size. What is the likely cause?",The items are being compared to each other every time one is inserted,"Dequeue removes from the front of an array, shifting everything each time",The consumer has become slower as the backlog grew,The queue is running out of memory and swapping,B,"Dequeue removes from the front of an array, shifting everything each time",Cost rising with the number waiting points at work proportional to the size — the shift. A correctly built queue is indifferent to how many items it holds.,AUTHORED,
GB2_QUE_033,DSA_QUEUE,QUE_C09_DIAGNOSIS,QUE_F33_UNBOUNDED_GROWTH,QUE_FAM33_BACKLOG_GROWS,QUE_RG_DIAGNOSIS,D4,ANALYZE,mcq,"Work is enqueued faster than it is dequeued, indefinitely. What happens?",The queue grows without limit until memory runs out,The queue automatically drops its oldest items,Enqueue starts to fail once a default limit is reached,The producer is automatically slowed to match,A,The queue grows without limit until memory runs out,"A plain queue has no policy for a permanent imbalance — it simply holds everything. Dropping, refusing or applying back pressure are choices somebody has to add.",AUTHORED,
GB2_QUE_034,DSA_QUEUE,QUE_C09_DIAGNOSIS,QUE_F34_CIRCULAR_FULL_EMPTY,QUE_FAM34_WRAP_AMBIGUITY,QUE_RG_DIAGNOSIS,D4,ANALYZE,mcq,"In a circular buffer, front and back indices being equal is ambiguous. Why?",It means the array was allocated with the wrong size,It happens only when the indices have wrapped an odd number of times,It happens both when the buffer is empty and when it is completely full,It happens whenever an item is removed from the middle,C,It happens both when the buffer is empty and when it is completely full,"Both states leave the indices in the same place, so implementations keep a count or deliberately leave one slot unused to tell them apart.",AUTHORED,
GB2_QUE_035,DSA_QUEUE,QUE_C09_DIAGNOSIS,QUE_F35_LOST_TAIL_REFERENCE,QUE_FAM35_STALE_TAIL,QUE_RG_DIAGNOSIS,D4,ANALYZE,mcq,A linked-list queue empties correctly but then enqueueing again appears to lose items. What is the likely error?,The list is being traversed from the wrong end,"The head reference is being updated twice on every removal, so one node gets skipped","The tail reference was not cleared when the queue emptied, so it points at a removed node",The nodes are being freed before they are dequeued,C,"The tail reference was not cleared when the queue emptied, so it points at a removed node",Emptying must reset both references. A tail still pointing at a detached node means new items are attached to something no longer reachable from the head.,AUTHORED,
GB2_QUE_036,DSA_QUEUE,QUE_C09_DIAGNOSIS,QUE_F36_BFS_NO_VISITED,QUE_FAM36_MISSING_VISITED_SET,QUE_RG_DIAGNOSIS,D4,ANALYZE,mcq,A breadth-first search on a graph with cycles never terminates. What is missing?,A record of which nodes have already been seen,A check that the graph is connected,A limit on how deep the search may go,A second queue for the next level,A,A record of which nodes have already been seen,"Without it, a cycle re-enqueues nodes already visited and the queue never empties. A depth limit would hide the symptom rather than fix the cause.",AUTHORED,
GB2_QUE_037,DSA_QUEUE,QUE_C09_DIAGNOSIS,QUE_F37_SHARED_CONSUMERS,QUE_FAM37_DOUBLE_PROCESSING,QUE_RG_DIAGNOSIS,D4,ANALYZE,mcq,Two workers read from one queue and occasionally process the same item twice. What is the cause?,The queue duplicates its items whenever more than one worker attaches to it at the same time,"Reading the front and removing it are separate steps, and both workers read before either removed",The workers are processing at different speeds,The queue is returning items in the wrong order,B,"Reading the front and removing it are separate steps, and both workers read before either removed","A read-then-remove pair is not atomic, so a gap between them lets two workers claim one item — the same read-then-write race that causes double selling of stock.",AUTHORED,
GB2_QUE_038,DSA_QUEUE,QUE_C09_DIAGNOSIS,QUE_F38_PRIORITY_MISUSE,QUE_FAM38_STARVATION,QUE_RG_DIAGNOSIS,D4,ANALYZE,mcq,"A priority queue is used for support tickets, and some low-priority tickets are never answered. Why?",The queue has lost the low-priority items,The queue can only hold a fixed number of priorities,Low-priority items expire automatically after a time,Higher-priority tickets keep arriving and always overtake them,D,Higher-priority tickets keep arriving and always overtake them,"This is starvation, and it is inherent to strict priority rather than a defect. Systems that care about it raise an item's priority as it waits.",AUTHORED,
GB2_QUE_039,DSA_QUEUE,QUE_C09_DIAGNOSIS,QUE_F39_SEARCH_DESTROYS,QUE_FAM39_SEARCH_SIDE_EFFECT,QUE_RG_DIAGNOSIS,D4,ANALYZE,mcq,"A function looks for a value by dequeuing until it finds it, then returns. What has it done to the queue?",Reversed the order of the remaining items,"Removed everything ahead of the match, and the match itself","Moved the removed items to the back, preserving their order",Left the queue exactly as it was,B,"Removed everything ahead of the match, and the match itself",Dequeued items are gone unless the code deliberately re-enqueues them. A search that empties what it searched is a defect hidden inside a function that looks correct.,AUTHORED,
GB2_QUE_040,DSA_QUEUE,QUE_C09_DIAGNOSIS,QUE_F40_ENQUEUE_DURING_DRAIN,QUE_FAM40_DRAIN_NEVER_ENDS,QUE_RG_DIAGNOSIS,D4,ANALYZE,mcq,"A loop dequeues until the queue is empty, and processing each item enqueues another. What is the risk?","The loop ends early, leaving the new items unprocessed",Items added during the loop are silently discarded,"The loop may never end, because the queue is refilled as fast as it drains",The queue will reorder itself and items will be processed twice,C,"The loop may never end, because the queue is refilled as fast as it drains","This is exactly how breadth-first search works, and it terminates only because nodes stop being new. Without something that bounds the additions, it does not.",AUTHORED,
GB2_QUE_041,DSA_QUEUE,QUE_C10_JUDGEMENT,QUE_F41_CHOOSE_QUEUE_OR_STACK,QUE_FAM41_STRUCTURE_CHOICE,QUE_RG_JUDGEMENT,D5,EVALUATE,mcq,What single question best decides between a queue and a stack for a problem?,"Should the oldest waiting item be handled next, or the newest?",Will items need to be searched for by value?,Is the number of items known in advance?,Which structure is faster for the expected number of items?,A,"Should the oldest waiting item be handled next, or the newest?","The two differ only in which end is served, so the ordering requirement settles it. Their costs are the same, and neither supports searching.",AUTHORED,
GB2_QUE_042,DSA_QUEUE,QUE_C10_JUDGEMENT,QUE_F42_BOUNDED_QUEUE,QUE_FAM42_CAPACITY_POLICY,QUE_RG_JUDGEMENT,D5,EVALUATE,mcq,A queue between two services is given a maximum size. What must be decided alongside it?,Which items are allowed to be added to it,"What happens when it is full — refuse, drop, or make the producer wait",How often the queue should be emptied by a scheduled background job,Whether the consumer should read from the back instead,B,"What happens when it is full — refuse, drop, or make the producer wait","A limit without a policy just moves the failure. Refusing, discarding and applying back pressure are three different promises to whoever produces the work.",AUTHORED,
GB2_QUE_043,DSA_QUEUE,QUE_C10_JUDGEMENT,QUE_F43_QUEUE_VS_PRIORITY,QUE_FAM43_FAIRNESS_TRADE,QUE_RG_JUDGEMENT,D5,EVALUATE,mcq,Moving from a plain queue to a priority queue for support tickets trades away what?,The ability to hold more than a fixed number of tickets,The guarantee that waiting long enough means being served,Constant-time addition of new tickets,The ability to inspect the next ticket before handling it,B,The guarantee that waiting long enough means being served,"Strict priority allows indefinite starvation, which a plain queue cannot produce. That is the real cost, and it is a policy decision rather than a technical one.",AUTHORED,
GB2_QUE_044,DSA_QUEUE,QUE_C10_JUDGEMENT,QUE_F44_WHY_NOT_ARRAY,QUE_FAM44_IMPLEMENTATION_CHOICE,QUE_RG_JUDGEMENT,D5,EVALUATE,mcq,"For a queue that will hold millions of items, why is a plain array with removal from index 0 the wrong choice?","Every removal moves every remaining item, so the total work grows with the square of the count",The items would be returned in the wrong order,An array cannot hold that many items at all,"Arrays cannot be resized once they have been created, so the queue would very soon fill up",A,"Every removal moves every remaining item, so the total work grows with the square of the count","Each dequeue is linear, so draining the whole queue is quadratic. A circular buffer or a linked list makes the same work linear overall.",AUTHORED,
GB2_QUE_045,DSA_QUEUE,QUE_C10_JUDGEMENT,QUE_F45_BFS_VS_DFS_CHOICE,QUE_FAM45_TRAVERSAL_CHOICE,QUE_RG_JUDGEMENT,D5,EVALUATE,mcq,"Searching a very deep graph for a node known to be near the start, why prefer breadth-first over depth-first?",It is the only one of the two that detects cycles,"It finds near nodes first, rather than descending a long branch away from the target",It examines each node fewer times,"It uses less memory than depth-first search on any graph, whatever its shape",B,"It finds near nodes first, rather than descending a long branch away from the target","Depth-first commits to one branch and may explore a great deal before returning. On a wide graph breadth-first uses more memory, not less — the choice is about where the answer is.",AUTHORED,
GB2_QUE_046,DSA_QUEUE,QUE_C10_JUDGEMENT,QUE_F46_MESSAGE_QUEUE_VALUE,QUE_FAM46_DECOUPLING_VALUE,QUE_RG_JUDGEMENT,D5,EVALUATE,mcq,Two services are separated by a message queue. What does this buy that a direct call does not?,The work is completed faster than calling directly,The receiver is guaranteed to process every message exactly once,Neither service needs error handling any longer,The sender succeeds even while the receiver is down or slow,D,The sender succeeds even while the receiver is down or slow,"The queue holds the work until the receiver is ready, which is availability rather than speed. Exactly-once delivery is famously hard and is not something a queue simply provides.",AUTHORED,
GB2_QUE_047,DSA_QUEUE,QUE_C10_JUDGEMENT,QUE_F47_WRONG_FIT,QUE_FAM47_RECOGNISE_MISFIT,QUE_RG_JUDGEMENT,D5,EVALUATE,mcq,"Code repeatedly dequeues items into a list to find one, then re-enqueues them all. What does that indicate?",The items should be sorted before being enqueued,The queue implementation should be replaced with a faster one,The list should be replaced with a second queue,"The access pattern is not first-in first-out, so the structure is wrong",D,"The access pattern is not first-in first-out, so the structure is wrong","Fighting a structure to reach what it deliberately hides is the clearest sign it is the wrong one. Arbitrary lookup wants a map, not a queue.",AUTHORED,
GB2_QUE_048,DSA_QUEUE,QUE_C10_JUDGEMENT,QUE_F48_TWO_STACKS,QUE_FAM48_QUEUE_FROM_STACKS,QUE_RG_JUDGEMENT,D5,EVALUATE,mcq,A queue can be built from two stacks. What makes this work?,"Moving items from one stack to the other reverses them, turning newest-first into oldest-first","Each stack holds half the items, so neither ever reverses",The second stack keeps the items permanently sorted by arrival,One stack holds all of the odd-numbered items and the other holds the even-numbered ones,A,"Moving items from one stack to the other reverses them, turning newest-first into oldest-first",A single reversal converts last-in first-out into first-in first-out. The second stack then serves in arrival order until it empties and the transfer repeats.,AUTHORED,
GB2_QUE_049,DSA_QUEUE,QUE_C10_JUDGEMENT,QUE_F49_RECOGNISE_PROBLEM_SHAPE,QUE_FAM49_PATTERN_TRANSFER,QUE_RG_JUDGEMENT,D5,EVALUATE,mcq,Which problem is NOT naturally solved with a queue?,Processing print jobs in the order they were submitted,Printing a tree one level at a time,Finding the shortest path in an unweighted graph,Checking that brackets in an expression are correctly nested,D,Checking that brackets in an expression are correctly nested,"Nesting depends on the most recently opened item, which is stack-shaped. The other three all depend on the oldest waiting item.",AUTHORED,
GB2_QUE_050,DSA_QUEUE,QUE_C10_JUDGEMENT,QUE_F50_SLIDING_WINDOW,QUE_FAM50_DEQUE_WINDOW,QUE_RG_JUDGEMENT,D5,EVALUATE,mcq,Finding the maximum of every window of fixed width across a list uses a double-ended queue. Why are items removed from the back as well as the front?,The front drops items outside the window; the back drops ones a larger value made useless,Removing from both ends is what keeps the deque sorted automatically as items arrive,The back holds the window and the front holds the answers,The back is used only when the front becomes full,A,The front drops items outside the window; the back drops ones a larger value made useless,"A smaller value with a larger one after it can never be a maximum again, so it is discarded on arrival. That is what keeps the deque small and the whole pass linear.",AUTHORED,
GB2_LNK_001,DSA_LINKED_LIST,LNK_C01_NODE,LNK_F01_NODE_CONTENTS,LNK_FAM01_NODE_PARTS,LNK_RG_STRUCTURE,D1,REMEMBER,mcq,What does a node in a singly linked list hold?,A value and a reference to the next node,A value and its position in the list,A value and references to both neighbours,"A value only, with order kept elsewhere",A,A value and a reference to the next node,"Value plus a link to the next node. Holding both neighbours makes it a doubly linked list, and no node stores its own position — that is what an array index does.",AUTHORED,
GB2_LNK_002,DSA_LINKED_LIST,LNK_C01_NODE,LNK_F02_HEAD,LNK_FAM02_HEAD_ROLE,LNK_RG_STRUCTURE,D1,REMEMBER,mcq,What is the head of a linked list?,The node most recently added to the list,The node holding the largest value,A count of how many nodes the list holds,"A reference to the first node, and the only way into the list",D,"A reference to the first node, and the only way into the list","The head is the entry point. Lose it and the whole list becomes unreachable, however many nodes still exist in memory.",AUTHORED,
GB2_LNK_003,DSA_LINKED_LIST,LNK_C01_NODE,LNK_F03_LAST_NODE,LNK_FAM03_TAIL_LINK,LNK_RG_STRUCTURE,D1,REMEMBER,mcq,What does the last node of a singly linked list point to?,To the node before it,"To itself, to mark the end",Nothing — its next reference is null,Back to the head of the list,C,Nothing — its next reference is null,"A null next marks the end. Pointing back to the head would make it a circular list, which is a deliberate variant rather than the default.",AUTHORED,
GB2_LNK_004,DSA_LINKED_LIST,LNK_C02_ACCESS,LNK_F04_NO_INDEX,LNK_FAM04_ACCESS_METHOD,LNK_RG_ACCESS,D1,REMEMBER,mcq,How do you reach the fifth item of a linked list?,"Follow the links from the head, four times",Read it directly at index four,Jump to it using the list's position table,Search the list for the value you want,A,"Follow the links from the head, four times","There is no index and no position table. Reaching any node means walking there from the head, which is the central cost of the structure.",AUTHORED,
GB2_LNK_005,DSA_LINKED_LIST,LNK_C03_MEMORY,LNK_F05_NOT_CONTIGUOUS,LNK_FAM05_MEMORY_LAYOUT,LNK_RG_MEMORY,D1,REMEMBER,mcq,How are the nodes of a linked list arranged in memory?,Side by side in one continuous block,In sorted order by their values,"In the order the memory was allocated, with no gaps",Anywhere — each node points at the next wherever it happens to be,D,Anywhere — each node points at the next wherever it happens to be,"Nodes are allocated independently and joined by references. A continuous block is what an array is, and it is the reason an array can index and a list cannot.",AUTHORED,
GB2_LNK_006,DSA_LINKED_LIST,LNK_C04_VARIANTS,LNK_F06_DOUBLY,LNK_FAM06_DOUBLY_DEFINITION,LNK_RG_VARIANTS,D1,REMEMBER,mcq,What distinguishes a doubly linked list?,It keeps two separate chains of the same nodes,It stores two values in every node,It has both a head and a tail reference,Each node also holds a reference to the previous node,D,Each node also holds a reference to the previous node,"Each node links both ways, which is what allows backwards traversal and removal without finding the predecessor first. A tail reference is useful but not what makes a list doubly linked.",AUTHORED,
GB2_LNK_007,DSA_LINKED_LIST,LNK_C03_MEMORY,LNK_F07_DYNAMIC_SIZE,LNK_FAM07_GROWTH,LNK_RG_MEMORY,D1,REMEMBER,mcq,How does a linked list grow?,It doubles its capacity once it is full,Its block of memory is resized when it fills,"One node is allocated at a time, as it is needed",Its size is fixed when the list is created,C,"One node is allocated at a time, as it is needed","There is no block and no capacity, so nothing is ever resized or copied. Doubling is how a dynamic array grows, which is a different structure.",AUTHORED,
GB2_LNK_008,DSA_LINKED_LIST,LNK_C02_ACCESS,LNK_F08_TRAVERSAL_DIRECTION,LNK_FAM08_ONE_WAY,LNK_RG_ACCESS,D1,REMEMBER,mcq,"In a singly linked list, can you move from a node back to the one before it?","Yes, by following the next reference backwards","Yes, every node keeps its predecessor",Only if the list has a tail reference,No — the links only point forwards,D,No — the links only point forwards,"A reference points one way only. Going back means starting again from the head, which is why some algorithms keep a trailing reference as they walk.",AUTHORED,
GB2_LNK_009,DSA_LINKED_LIST,LNK_C05_OPERATIONS,LNK_F09_INSERT_FRONT,LNK_FAM09_FRONT_INSERT_COST,LNK_RG_OPERATIONS,D1,REMEMBER,mcq,What is the cost of adding a node at the front of a linked list?,"Constant — the new node points at the old head, and the head is updated",It depends on how many nodes the list already holds,Linear — the list must be walked to find the end first,Linear — every existing node must be moved along one place,A,"Constant — the new node points at the old head, and the head is updated","Two references change and nothing else is touched. This is the operation linked lists are genuinely good at, and it is why they back stacks and queues.",AUTHORED,
GB2_LNK_010,DSA_LINKED_LIST,LNK_C04_VARIANTS,LNK_F10_CIRCULAR,LNK_FAM10_CIRCULAR_DEFINITION,LNK_RG_VARIANTS,D1,REMEMBER,mcq,What makes a linked list circular?,Its nodes are visited in rotating order,The last node points back to the first instead of to null,The nodes are physically arranged in a ring in memory,It can be traversed in either direction,B,The last node points back to the first instead of to null,"One reference changes and the list has no end, which suits round-robin scheduling. It also means a traversal with no stopping rule never terminates.",AUTHORED,
GB2_LNK_011,DSA_LINKED_LIST,LNK_C06_TRACING,LNK_F11_TRACE_INSERT,LNK_FAM11_TRACE_ORDER,LNK_RG_TRACING,D2,UNDERSTAND,mcq,"A list is empty. Three values are each added at the front, in the order 1, 2, 3. Reading from the head, what is the order?","2, 3, 1","1, 3, 2","3, 2, 1","1, 2, 3",C,"3, 2, 1","Each new node becomes the head, so the last added is read first. Adding at the front reverses the insertion order, which is why it underlies a stack.",AUTHORED,
GB2_LNK_012,DSA_LINKED_LIST,LNK_C06_TRACING,LNK_F12_TRACE_REMOVE,LNK_FAM12_TRACE_AFTER_REMOVAL,LNK_RG_TRACING,D2,UNDERSTAND,mcq,A list holds A → B → C. B is removed. What must change?,The head must be moved to C,C's next reference must point at A,A's next reference must point at C,Nothing — removing B breaks the links automatically,C,A's next reference must point at C,The chain is repaired by pointing the predecessor at the successor. Nothing happens automatically; a node simply removed leaves the list broken at that point.,AUTHORED,
GB2_LNK_013,DSA_LINKED_LIST,LNK_C07_COMPARISON,LNK_F13_VS_ARRAY_ACCESS,LNK_FAM13_ACCESS_CONTRAST,LNK_RG_COMPARISON,D2,UNDERSTAND,mcq,"Reading the thousandth item costs what, in an array and in a linked list?",Constant in both,"Linear in the array, constant in the list","Constant in the array, linear in the list",Linear in both,C,"Constant in the array, linear in the list",An array computes the address arithmetically; a list must follow a thousand references. This single difference decides most choices between them.,AUTHORED,
GB2_LNK_014,DSA_LINKED_LIST,LNK_C06_TRACING,LNK_F14_LENGTH,LNK_FAM14_COUNTING_COST,LNK_RG_TRACING,D2,UNDERSTAND,mcq,"How is the length of a linked list found, if no count is kept?",By subtracting the head address from the tail address,By asking the last node for its position,"By walking from the head to the end, counting nodes",By reading a length stored on the head node,C,"By walking from the head to the end, counting nodes","Nothing knows the length, so it must be counted — a linear operation. Implementations that need it cheaply maintain a counter as nodes are added and removed.",AUTHORED,
GB2_LNK_015,DSA_LINKED_LIST,LNK_C05_OPERATIONS,LNK_F15_APPEND_COST,LNK_FAM15_APPEND_WITHOUT_TAIL,LNK_RG_OPERATIONS,D2,UNDERSTAND,mcq,Adding to the end of a singly linked list with only a head reference costs:,"Logarithmic time, because the list is halved","Linear time, because the end must be found first","Constant time, because only one link changes","Constant time, because the last node is always known",B,"Linear time, because the end must be found first","Only one link changes, but getting to it means walking the whole list. Keeping a tail reference is what makes appending constant.",AUTHORED,
GB2_LNK_016,DSA_LINKED_LIST,LNK_C07_COMPARISON,LNK_F16_MEMORY_OVERHEAD,LNK_FAM16_PER_ITEM_COST,LNK_RG_COMPARISON,D2,UNDERSTAND,mcq,Why does a linked list use more memory than an array holding the same values?,It always allocates twice the space it needs,Every node stores a copy of the value before it,Every node stores a reference alongside its value,It keeps a position number on every node,C,Every node stores a reference alongside its value,"The link is the overhead, and it is per node. For small values such as single bytes, the reference can cost more than the data itself.",AUTHORED,
GB2_LNK_017,DSA_LINKED_LIST,LNK_C06_TRACING,LNK_F17_SEARCH,LNK_FAM17_SEARCH_COST,LNK_RG_TRACING,D2,UNDERSTAND,mcq,Finding whether a value is present in a sorted linked list costs:,"Linear time, because binary search needs index access","Constant time, because sorting allows direct lookup","Logarithmic time, because the list is sorted","Logarithmic time, but only for a doubly linked list",A,"Linear time, because binary search needs index access","Binary search must jump to the middle, and a list has no way to. Sorting a linked list buys early termination but not the logarithmic search an array gets.",AUTHORED,
GB2_LNK_018,DSA_LINKED_LIST,LNK_C05_OPERATIONS,LNK_F18_INSERT_MIDDLE_GIVEN_NODE,LNK_FAM18_INSERT_WITH_REFERENCE,LNK_RG_OPERATIONS,D2,UNDERSTAND,mcq,You already hold a reference to a node. Inserting a new node directly after it costs:,It depends on how far the node is from the head,Linear time — the list must be walked from the head,Linear time — the following nodes shift along,Constant time — two references are updated,D,Constant time — two references are updated,"Holding the node is the expensive part, and this question grants it. This is the case that makes ""insertion is O(1)"" true, and it is narrower than it sounds.",AUTHORED,
GB2_LNK_019,DSA_LINKED_LIST,LNK_C07_COMPARISON,LNK_F19_ARRAY_INSERT,LNK_FAM19_ARRAY_INSERT_CONTRAST,LNK_RG_COMPARISON,D2,UNDERSTAND,mcq,Inserting into the middle of an array costs linear time. Why?,The index of every element is recalculated and stored,The array must be sorted again after the insertion,A new array is always allocated for each insertion,Every element after the insertion point shifts along one place,D,Every element after the insertion point shifts along one place,"Contiguous storage means making room physically moves things. Indices are computed rather than stored, so nothing needs recalculating.",AUTHORED,
GB2_LNK_020,DSA_LINKED_LIST,LNK_C04_VARIANTS,LNK_F20_DOUBLY_REMOVAL,LNK_FAM20_DOUBLY_ADVANTAGE,LNK_RG_VARIANTS,D2,UNDERSTAND,mcq,"Given a reference to a node, why is removal easier in a doubly linked list?",The node can delete itself without any of the references changing,The list automatically reorders itself after a removal,"Removal is constant in both, so it is not easier","The node knows its predecessor, so the chain can be repaired immediately",D,"The node knows its predecessor, so the chain can be repaired immediately","In a singly linked list the predecessor must be found by walking from the head, making removal linear despite holding the node. The backward link removes that walk.",AUTHORED,
GB2_LNK_021,DSA_LINKED_LIST,LNK_C08_ALGORITHMS,LNK_F21_REVERSE,LNK_FAM21_REVERSE_MECHANISM,LNK_RG_ALGORITHMS,D3,APPLY,mcq,Reversing a singly linked list in place works by:,Walking the list and pointing each node at the one before it,Following the previous references from the tail,Building a new list and copying the values in backwards,"Swapping the values held in the first and last nodes, then moving inwards",A,Walking the list and pointing each node at the one before it,"The links are redirected as the walk proceeds, which needs three references — previous, current and next. Swapping inwards needs backward movement a singly linked list has not got.",AUTHORED,
GB2_LNK_022,DSA_LINKED_LIST,LNK_C08_ALGORITHMS,LNK_F22_REVERSE_LOST_NEXT,LNK_FAM22_REVERSE_TEMP_REFERENCE,LNK_RG_ALGORITHMS,D3,APPLY,mcq,"While reversing a list, why must the next node be saved before the current link is changed?",Without it the loop cannot tell how long the list is,Redirecting the link destroys the only route to the rest of the list,The next node must be counted before it can be visited properly,The saved reference is what the new head is taken from,B,Redirecting the link destroys the only route to the rest of the list,"Once current.next points backwards, the remainder is unreachable. Forgetting the temporary reference is the single commonest bug in this algorithm.",AUTHORED,
GB2_LNK_023,DSA_LINKED_LIST,LNK_C08_ALGORITHMS,LNK_F23_MIDDLE_TWO_POINTER,LNK_FAM23_FAST_SLOW,LNK_RG_ALGORITHMS,D3,APPLY,mcq,Finding the middle node in one pass uses two references moving at different speeds. Why does it work?,"When the faster one reaches the end, the slower has covered half the distance",The slower one stops once the faster one has doubled back,The two meet in the middle because they start from opposite ends of the list,The faster one counts the nodes while the slower one waits,A,"When the faster one reaches the end, the slower has covered half the distance",Moving one node while the other moves two puts the slow reference at half the distance when the fast one finishes. It avoids the two passes counting would need.,AUTHORED,
GB2_LNK_024,DSA_LINKED_LIST,LNK_C08_ALGORITHMS,LNK_F24_CYCLE_DETECTION,LNK_FAM24_CYCLE_MECHANISM,LNK_RG_ALGORITHMS,D3,APPLY,mcq,The same two-speed technique detects a cycle. What indicates one is present?,The faster reference catches up and meets the slower one,Both references return to the head together,The faster reference reaches a null next reference,The slower reference visits a node twice,A,The faster reference catches up and meets the slower one,"Inside a loop the gap closes by one each step, so they must meet. Reaching null proves the opposite — that the list ends and has no cycle.",AUTHORED,
GB2_LNK_025,DSA_LINKED_LIST,LNK_C09_IMPLEMENTATION,LNK_F25_DUMMY_HEAD,LNK_FAM25_SENTINEL_VALUE,LNK_RG_IMPLEMENTATION,D3,APPLY,mcq,Many list implementations keep a dummy node before the first real one. What does it buy?,It prevents the head reference from ever being lost,It allows the list to be traversed backwards,It records how many nodes the list holds,Insertion and removal at the front stop being special cases,D,Insertion and removal at the front stop being special cases,"With a node always in front, every insertion has a predecessor and one code path handles them all. It is a readability and correctness device rather than a performance one.",AUTHORED,
GB2_LNK_026,DSA_LINKED_LIST,LNK_C09_IMPLEMENTATION,LNK_F26_STACK_ON_LIST,LNK_FAM26_BACKING_A_STACK,LNK_RG_IMPLEMENTATION,D3,APPLY,mcq,A stack is implemented on a singly linked list. Which end should be the top?,Either — both ends cost the same on a linked list,"The middle, so neither end becomes a bottleneck","The tail, because that is where new items naturally belong","The head, because adding and removing there are constant time",D,"The head, because adding and removing there are constant time","Without a tail reference the end is linear to reach, and even with one, removing from the end of a singly linked list is linear. The head is constant for both.",AUTHORED,
GB2_LNK_027,DSA_LINKED_LIST,LNK_C08_ALGORITHMS,LNK_F27_NTH_FROM_END,LNK_FAM27_GAP_TECHNIQUE,LNK_RG_ALGORITHMS,D3,APPLY,mcq,Finding the nth node from the end in a single pass uses two references. How?,Both start at the head and one moves at twice the speed,One walks forwards from the head and the other backwards from the tail,One counts the nodes and the other divides the total by n,One starts n nodes ahead; when it reaches the end the other is at the answer,D,One starts n nodes ahead; when it reaches the end the other is at the answer,"A fixed gap of n is maintained, so the trailing reference lands exactly n from the end. The two-speed technique answers a different question — the middle.",AUTHORED,
GB2_LNK_028,DSA_LINKED_LIST,LNK_C09_IMPLEMENTATION,LNK_F28_LRU_CACHE,LNK_FAM28_LIST_PLUS_MAP,LNK_RG_IMPLEMENTATION,D3,APPLY,mcq,An LRU cache pairs a hash map with a doubly linked list. What does each contribute?,The map keeps the order and the list stores the values,The map finds an entry instantly; the list keeps the order and allows cheap removal,The map holds recent entries and the list holds older ones,The list finds the entries and the map records how often each one is used,B,The map finds an entry instantly; the list keeps the order and allows cheap removal,"Neither structure alone does both: a map has no order, and a list cannot look up. Combining them is what makes every operation constant time.",AUTHORED,
GB2_LNK_029,DSA_LINKED_LIST,LNK_C08_ALGORITHMS,LNK_F29_MERGE_SORTED,LNK_FAM29_MERGE_MECHANISM,LNK_RG_ALGORITHMS,D3,APPLY,mcq,Merging two sorted linked lists into one sorted list works by:,Comparing the two front nodes and taking the smaller each time,Appending the second list and sorting the result,Inserting each node of the second into its place in the first,Counting both lists and allocating a new one of that size,A,Comparing the two front nodes and taking the smaller each time,"Each step takes the smaller of the two heads, which is linear overall. Merging by relinking also needs no extra memory, which is why merge sort suits linked lists.",AUTHORED,
GB2_LNK_030,DSA_LINKED_LIST,LNK_C09_IMPLEMENTATION,LNK_F30_QUEUE_ON_LIST,LNK_FAM30_BACKING_A_QUEUE,LNK_RG_IMPLEMENTATION,D3,APPLY,mcq,A queue on a singly linked list keeps head and tail references. Which end serves which operation?,"Remove at the tail, add at the head","Remove at the head, add at the tail","Both at the head, using the tail only for counting","Both at the tail, using the head only as an entry point",B,"Remove at the head, add at the tail","Removing at the tail would need the predecessor, which is linear to find in a singly linked list. Head-out and tail-in keeps both operations constant.",AUTHORED,
GB2_LNK_031,DSA_LINKED_LIST,LNK_C10_DIAGNOSIS,LNK_F31_LOST_HEAD,LNK_FAM31_HEAD_OVERWRITTEN,LNK_RG_DIAGNOSIS,D4,ANALYZE,mcq,A function walks a list by advancing the head reference itself. What happens afterwards?,"Nothing at all, because head is restored automatically when the function returns",The walk fails immediately on the first node,"The caller has lost the list, because head now points somewhere in the middle",The list is reversed as a side effect of the walk,C,"The caller has lost the list, because head now points somewhere in the middle","Everything before the new head becomes unreachable. Traversal must use a separate reference, which is why a local variable is initialised from the head rather than used directly.",AUTHORED,
GB2_LNK_032,DSA_LINKED_LIST,LNK_C10_DIAGNOSIS,LNK_F32_REMOVE_WITHOUT_PREV,LNK_FAM32_BROKEN_CHAIN,LNK_RG_DIAGNOSIS,D4,ANALYZE,mcq,Code removes a node by setting its own next reference to null. What is the result?,"The list is truncated at that node, because its predecessor still points at it",The predecessor is also removed from the list,The node is removed correctly and the chain then repairs itself automatically,The list becomes circular at that point,A,"The list is truncated at that node, because its predecessor still points at it","Removal is done by the predecessor, not by the node itself. Clearing your own link severs everything after you while leaving you in place.",AUTHORED,
GB2_LNK_033,DSA_LINKED_LIST,LNK_C10_DIAGNOSIS,LNK_F33_INFINITE_TRAVERSAL,LNK_FAM33_ACCIDENTAL_CYCLE,LNK_RG_DIAGNOSIS,D4,ANALYZE,mcq,"A traversal that should end never terminates, and the list was recently modified. What is the likely cause?",The list grew larger than the traversal expected,The head reference was not initialised before the walk,A link was set so that some node points back to an earlier one,"The final node was removed, leaving no null link",C,A link was set so that some node points back to an earlier one,"A cycle makes the walk loop forever. Removing the last node would leave its predecessor pointing at null, which ends the walk rather than extending it.",AUTHORED,
GB2_LNK_034,DSA_LINKED_LIST,LNK_C10_DIAGNOSIS,LNK_F34_REVERSE_LOSES_TAIL,LNK_FAM34_REVERSE_NULL_HEAD,LNK_RG_DIAGNOSIS,D4,ANALYZE,mcq,"After reversing a list, only one node remains reachable from the head. What went wrong?","The head was not updated to the last node visited, so it still points at the old first node",The list contained a cycle before it was reversed,"The loop ran one iteration too few, leaving the final node completely unlinked",The values were swapped rather than the links redirected,A,"The head was not updated to the last node visited, so it still points at the old first node","The old first node is now the end, and its next is null — so from there the list appears to hold one item. Reversal must finish by moving the head.",AUTHORED,
GB2_LNK_035,DSA_LINKED_LIST,LNK_C10_DIAGNOSIS,LNK_F35_STALE_TAIL,LNK_FAM35_TAIL_NOT_UPDATED,LNK_RG_DIAGNOSIS,D4,ANALYZE,mcq,A list keeps a tail reference. Nodes are removed from the end but the tail is not updated. What follows?,Traversal from the head stops one node early,"Nothing at all, because the tail is recalculated on the very next append","The next append attaches to a node no longer in the list, and the item is lost",The list reports a length one greater than it holds,C,"The next append attaches to a node no longer in the list, and the item is lost","A cached reference must be maintained by every operation that could invalidate it. Traversal from the head still works, which is what makes this so hard to spot.",AUTHORED,
GB2_LNK_036,DSA_LINKED_LIST,LNK_C10_DIAGNOSIS,LNK_F36_OFF_BY_ONE_INSERT,LNK_FAM36_INSERT_POSITION,LNK_RG_DIAGNOSIS,D4,ANALYZE,mcq,Code meant to insert before a given node keeps inserting after it instead. What is the underlying difficulty?,The new node must be allocated before its position is known to the list,A singly linked list can only reach the predecessor by walking from the head,The head reference cannot be changed once the list exists,Inserting before a node is forbidden by the structure,B,A singly linked list can only reach the predecessor by walking from the head,"Inserting before requires changing the predecessor's link, and the node does not know it. The usual workaround inserts after and swaps the values.",AUTHORED,
GB2_LNK_037,DSA_LINKED_LIST,LNK_C10_DIAGNOSIS,LNK_F37_SLOW_INDEXED_LOOP,LNK_FAM37_QUADRATIC_LOOP,LNK_RG_DIAGNOSIS,D4,ANALYZE,mcq,A loop reads a linked list using get(i) for i from 0 to n. Why is it unexpectedly slow?,Each get allocates a new node before returning the value,"Each get walks from the head, making the whole loop quadratic",The list is re-sorted between successive calls,"The loop reads every node twice, once forwards and once back",B,"Each get walks from the head, making the whole loop quadratic",An interface that looks like an array hides a linear cost per call. Iterating with a single advancing reference makes the same loop linear.,AUTHORED,
GB2_LNK_038,DSA_LINKED_LIST,LNK_C10_DIAGNOSIS,LNK_F38_NULL_ON_EMPTY,LNK_FAM38_EMPTY_LIST_CASE,LNK_RG_DIAGNOSIS,D4,ANALYZE,mcq,"A list function works on every test except an empty list, where it fails. What is the likely cause?",It allocates a node before checking the list length,It counts the nodes before deciding what to do,It reads head.next without first checking that head exists,It assumes the list has a tail reference,C,It reads head.next without first checking that head exists,"An empty list has a null head, so any dereference fails immediately. The empty case and the single-node case are the two every list function must be tested against.",AUTHORED,
GB2_LNK_039,DSA_LINKED_LIST,LNK_C10_DIAGNOSIS,LNK_F39_SHARED_NODES,LNK_FAM39_ALIASED_NODES,LNK_RG_DIAGNOSIS,D4,ANALYZE,mcq,Two lists were built from the same nodes. Modifying one changes the other. Why?,"Both hold references to the same node objects, not copies of them",The lists share a single head reference between them,Linked lists always synchronise nodes holding equal values,The second list was never fully built and reads from the first,A,"Both hold references to the same node objects, not copies of them",Copying a list means allocating new nodes; copying references shares the nodes themselves. This is the same aliasing problem as a shallow copy of any object.,AUTHORED,
GB2_LNK_040,DSA_LINKED_LIST,LNK_C10_DIAGNOSIS,LNK_F40_CIRCULAR_NO_STOP,LNK_FAM40_CIRCULAR_TERMINATION,LNK_RG_DIAGNOSIS,D4,ANALYZE,mcq,Traversing a circular list with a loop that stops on null never ends. What is the correct stopping rule?,Stop after visiting a fixed number of nodes,Stop when the next reference equals the current node,Stop on returning to the node the traversal started from,Stop when a node's value repeats,C,Stop on returning to the node the traversal started from,"A circular list has no null, so the start node is the only reliable marker. A repeated value proves nothing — a list may legitimately hold duplicates.",AUTHORED,
GB2_LNK_041,DSA_LINKED_LIST,LNK_C11_JUDGEMENT,LNK_F41_INSERTION_MYTH,LNK_FAM41_O1_QUALIFICATION,LNK_RG_JUDGEMENT,D5,EVALUATE,mcq,"""Insertion into a linked list is O(1)."" What does this claim quietly assume?",That the insertion happens at the end rather than the middle,That the list has fewer items than an array would,That the list is kept sorted as items are added,That you already hold a reference to the node you are inserting beside,D,That you already hold a reference to the node you are inserting beside,"Finding the position is linear, and it usually dominates. Quoted without that condition, the claim leads people to choose a list for a job an array does better.",AUTHORED,
GB2_LNK_042,DSA_LINKED_LIST,LNK_C11_JUDGEMENT,LNK_F42_CACHE_LOCALITY,LNK_FAM42_WHY_ARRAYS_WIN,LNK_RG_JUDGEMENT,D5,EVALUATE,mcq,Arrays often beat linked lists in practice even where the complexity suggests otherwise. Why?,Arrays are stored in compressed form and so occupy far less memory overall,"Array elements sit together in memory, so reading one brings its neighbours into cache",Arrays use a faster instruction for reading a value,Linked lists must check for cycles on every traversal,B,"Array elements sit together in memory, so reading one brings its neighbours into cache","Complexity counts operations and ignores their cost. Following scattered references defeats the cache, which is why measurement often contradicts the table.",AUTHORED,
GB2_LNK_043,DSA_LINKED_LIST,LNK_C11_JUDGEMENT,LNK_F43_WHEN_TO_CHOOSE,LNK_FAM43_STRUCTURE_CHOICE,LNK_RG_JUDGEMENT,D5,EVALUATE,mcq,Which requirement most genuinely favours a linked list over a dynamic array?,Frequent reads of items at arbitrary positions,Sorting the collection repeatedly,Storing a very large number of small values as compactly as possible,Constant-time removal while already holding a reference to the node,D,Constant-time removal while already holding a reference to the node,"Holding the node is what makes the list win, which is why an LRU cache pairs one with a map. The other three are all cases where an array is better.",AUTHORED,
GB2_LNK_044,DSA_LINKED_LIST,LNK_C11_JUDGEMENT,LNK_F44_LRU_WHY_BOTH,LNK_FAM44_COMBINED_STRUCTURES,LNK_RG_JUDGEMENT,D5,EVALUATE,mcq,Why can an LRU cache not be built from a hash map alone?,A map has no way to store the time at which each entry was last used,"A map has no order, so the least recently used entry cannot be identified",Map lookups become slower as entries are evicted,A map cannot hold enough entries for a cache,B,"A map has no order, so the least recently used entry cannot be identified","It could store timestamps, but finding the oldest would then mean scanning everything. The list keeps that answer permanently at one end.",AUTHORED,
GB2_LNK_045,DSA_LINKED_LIST,LNK_C11_JUDGEMENT,LNK_F45_SINGLY_VS_DOUBLY,LNK_FAM45_VARIANT_TRADE,LNK_RG_JUDGEMENT,D5,EVALUATE,mcq,Choosing a doubly linked list over a singly linked one costs what?,Constant-time insertion at the head,The ability to use the list as a queue,The ability to traverse the whole list in the forward direction,"An extra reference per node, and a second link to keep correct on every change",D,"An extra reference per node, and a second link to keep correct on every change","Memory and, more importantly, correctness: every operation now maintains two links, and a missed one corrupts the list in a direction nobody tests.",AUTHORED,
GB2_LNK_046,DSA_LINKED_LIST,LNK_C11_JUDGEMENT,LNK_F46_WHY_TAUGHT,LNK_FAM46_PEDAGOGICAL_VALUE,LNK_RG_JUDGEMENT,D5,EVALUATE,mcq,Linked lists are taught heavily but used rarely in application code. What is the best justification for learning them?,"They are the basis of trees, graphs and every structure built from linked nodes",They are simpler to implement correctly than an array,They are the structure most often required in real production projects,They outperform arrays in most production workloads,A,"They are the basis of trees, graphs and every structure built from linked nodes",A tree is a node with several links and a graph is the general case. Understanding references and traversal here is what makes those tractable later.,AUTHORED,
GB2_LNK_047,DSA_LINKED_LIST,LNK_C11_JUDGEMENT,LNK_F47_MEMORY_FRAGMENTATION,LNK_FAM47_ALLOCATION_TRADE,LNK_RG_JUDGEMENT,D5,EVALUATE,mcq,"In a memory-constrained system, what advantage does a linked list keep over a dynamic array?",It can be written to disk without being serialised,It never needs to allocate any further memory after it is created,"It needs no single contiguous block, so it can use fragmented free space",It uses less memory per item stored,C,"It needs no single contiguous block, so it can use fragmented free space","A growing array needs one unbroken block and must copy when it moves. A list allocates node by node, which can succeed where a large contiguous request fails.",AUTHORED,
GB2_LNK_048,DSA_LINKED_LIST,LNK_C11_JUDGEMENT,LNK_F48_SORTING_CHOICE,LNK_FAM48_MERGE_SORT_FIT,LNK_RG_JUDGEMENT,D5,EVALUATE,mcq,"Why is merge sort the usual choice for sorting a linked list, where quicksort suits an array?",Quicksort cannot be implemented on a linked list at all,Merge sort has a lower asymptotic complexity than quicksort in every case,"Merging relinks nodes without random access or extra memory, which lists cannot afford",Merge sort keeps the list sorted as new nodes are added,C,"Merging relinks nodes without random access or extra memory, which lists cannot afford","Quicksort depends on reaching arbitrary positions to partition, which is linear on a list. Merge sort only ever looks at the fronts, which a list gives cheaply.",AUTHORED,
GB2_LNK_049,DSA_LINKED_LIST,LNK_C11_JUDGEMENT,LNK_F49_INTERVIEW_TRANSFER,LNK_FAM49_TECHNIQUE_TRANSFER,LNK_RG_JUDGEMENT,D5,EVALUATE,mcq,The two-reference technique used on linked lists transfers to which other problem?,"Finding a pair summing to a target in a sorted array, using two ends moving inwards",Counting how many distinct values appear in an unsorted collection,Looking up a value in a hash map by its key,Sorting a collection of integers in linear time,A,"Finding a pair summing to a target in a sorted array, using two ends moving inwards","Both keep two positions in one structure and move them under a rule, replacing a nested loop with one pass. That shape recurs far beyond linked lists.",AUTHORED,
GB2_LNK_050,DSA_LINKED_LIST,LNK_C11_JUDGEMENT,LNK_F50_LANGUAGE_DEFAULTS,LNK_FAM50_STANDARD_LIBRARY_CHOICE,LNK_RG_JUDGEMENT,D5,EVALUATE,mcq,Python's list and JavaScript's Array are dynamic arrays rather than linked lists. What does that tell you?,Language designers judged indexed access and cache behaviour to matter more in ordinary code,Linked lists cannot be implemented in those languages,Linked lists are only genuinely useful in languages with manual memory management,Dynamic arrays have better complexity for every operation,A,Language designers judged indexed access and cache behaviour to matter more in ordinary code,"Insertion into the middle is genuinely worse on an array; the designers took that trade knowingly, because reading by position is what most code actually does.",AUTHORED,
GB2_SRT_001,DSA_SORTING,SRT_C01_BASICS,SRT_F01_WHAT_SORTING_IS,SRT_FAM01_DEFINITION,SRT_RG_BASICS,D1,REMEMBER,mcq,What does sorting a collection produce?,A collection with duplicate items removed,The same items grouped by how often they appear,The same items arranged in a defined order,A collection reduced to its distinct values,C,The same items arranged in a defined order,Sorting rearranges; it never adds or removes anything. Removing duplicates and grouping are separate operations that are often performed alongside it.,AUTHORED,
GB2_SRT_002,DSA_SORTING,SRT_C02_SIMPLE,SRT_F02_BUBBLE_MECHANISM,SRT_FAM02_BUBBLE_STEP,SRT_RG_SIMPLE,D1,REMEMBER,mcq,What does bubble sort do on each pass?,Finds the smallest remaining item and moves it to the front,Inserts each item into its place among those already sorted,Compares neighbouring items and swaps any that are out of order,Splits the collection in half and sorts each half,C,Compares neighbouring items and swaps any that are out of order,"Neighbour comparison and swapping is bubble sort. The other three describe selection sort, merge sort and insertion sort respectively.",AUTHORED,
GB2_SRT_003,DSA_SORTING,SRT_C02_SIMPLE,SRT_F03_SELECTION_MECHANISM,SRT_FAM03_SELECTION_STEP,SRT_RG_SIMPLE,D1,REMEMBER,mcq,What does selection sort do on each pass?,Divides the collection around a chosen pivot value,Merges two already-sorted halves into one,Swaps every neighbouring pair that is out of order,Finds the smallest remaining item and places it at the end of the sorted part,D,Finds the smallest remaining item and places it at the end of the sorted part,"It selects the minimum from what is left, which is where the name comes from. It always performs the same number of comparisons, whatever the input order.",AUTHORED,
GB2_SRT_004,DSA_SORTING,SRT_C03_COST,SRT_F04_SIMPLE_COST,SRT_FAM04_QUADRATIC_COST,SRT_RG_COST,D1,REMEMBER,mcq,"What is the typical cost of bubble, selection and insertion sort?",Linear — proportional to the number of items,Quadratic — proportional to the square of the number of items,Constant — independent of the number of items,Logarithmic — proportional to the logarithm of the number of items,B,Quadratic — proportional to the square of the number of items,"All three compare roughly every item against every other. Doubling the input multiplies the work by about four, which is why none of them is used at scale.",AUTHORED,
GB2_SRT_005,DSA_SORTING,SRT_C03_COST,SRT_F05_EFFICIENT_COST,SRT_FAM05_NLOGN_COST,SRT_RG_COST,D1,REMEMBER,mcq,What is the cost of merge sort and of a well-implemented quicksort on typical input?,Linear in the number of items,Logarithmic in the number of items,n squared,n log n,D,n log n,"Both halve the problem repeatedly and do linear work at each level. No comparison-based sort can do better in general, which is a proven bound rather than a current limitation.",AUTHORED,
GB2_SRT_006,DSA_SORTING,SRT_C04_PROPERTIES,SRT_F06_STABILITY_DEFINITION,SRT_FAM06_STABILITY_MEANING,SRT_RG_PROPERTIES,D1,REMEMBER,mcq,What does it mean for a sort to be stable?,"It never crashes, whatever the input",Items comparing equal keep the order they had before sorting,It produces exactly the same result on every single run,It always takes the same amount of time,B,Items comparing equal keep the order they had before sorting,Stability is about ties keeping their relative order. It matters whenever a second sort is applied on top of a first one.,AUTHORED,
GB2_SRT_007,DSA_SORTING,SRT_C05_ALGORITHMS,SRT_F07_MERGE_MECHANISM,SRT_FAM07_MERGE_STEP,SRT_RG_ALGORITHMS,D1,REMEMBER,mcq,What does merge sort do?,Partitions the collection around a pivot and recurses on each side,Places each item into a bucket and sorts the buckets,Repeatedly swaps neighbouring items until none are out of order,"Splits the collection in half, sorts each half, then merges the two",D,"Splits the collection in half, sorts each half, then merges the two","Split, sort, merge — the classic divide and conquer. Partitioning around a pivot is quicksort, which is a different division of the same idea.",AUTHORED,
GB2_SRT_008,DSA_SORTING,SRT_C05_ALGORITHMS,SRT_F08_QUICK_MECHANISM,SRT_FAM08_QUICK_STEP,SRT_RG_ALGORITHMS,D1,REMEMBER,mcq,What does quicksort do?,Selects the minimum item on each pass and moves it forward,Counts how many times each value appears and then rebuilds the whole collection,Repeatedly merges pairs of sorted runs until one remains,"Chooses a pivot, puts smaller items on one side and larger on the other, then recurses",D,"Chooses a pivot, puts smaller items on one side and larger on the other, then recurses",Partitioning around a pivot puts that one item in its final place and leaves two smaller problems. The counting option describes counting sort.,AUTHORED,
GB2_SRT_009,DSA_SORTING,SRT_C04_PROPERTIES,SRT_F09_IN_PLACE,SRT_FAM09_IN_PLACE_MEANING,SRT_RG_PROPERTIES,D1,REMEMBER,mcq,What does it mean for a sort to work in place?,It needs only a small fixed amount of extra memory beyond the collection,It leaves the original collection unchanged,It can be stopped and resumed later without losing any progress,It sorts the items where they are stored on disk,A,It needs only a small fixed amount of extra memory beyond the collection,In place means no second copy of the data. Leaving the original unchanged is the opposite — that requires allocating a copy.,AUTHORED,
GB2_SRT_010,DSA_SORTING,SRT_C06_PRACTICE,SRT_F10_LIBRARY_EXISTS,SRT_FAM10_USE_THE_LIBRARY,SRT_RG_PRACTICE,D1,REMEMBER,mcq,"In production code, what should you normally use to sort a collection?","Bubble sort, because it is the simplest to verify",The language's built-in sort,Whichever algorithm the team knows best,A hand-written quicksort tuned to the data,B,The language's built-in sort,"Built-in sorts are hybrid, heavily optimised and thoroughly tested. Writing your own is worth it only for a constraint the library genuinely cannot meet.",AUTHORED,
GB2_SRT_011,DSA_SORTING,SRT_C07_TRACING,SRT_F11_BUBBLE_ONE_PASS,SRT_FAM11_TRACE_BUBBLE,SRT_RG_TRACING,D2,UNDERSTAND,mcq,"After one full pass of bubble sort over [5, 1, 4, 2], what is the arrangement?","[1, 5, 4, 2]","[1, 4, 2, 5]","[1, 2, 4, 5]","[5, 4, 2, 1]",B,"[1, 4, 2, 5]","Each pass carries the largest remaining value to the end, so 5 arrives at the back and the rest shift down one. One pass rarely finishes the job.",AUTHORED,
GB2_SRT_012,DSA_SORTING,SRT_C07_TRACING,SRT_F12_SELECTION_ONE_PASS,SRT_FAM12_TRACE_SELECTION,SRT_RG_TRACING,D2,UNDERSTAND,mcq,"After one pass of selection sort over [5, 1, 4, 2], which item is certainly in its final place?",None — selection sort places nothing until the end,"The largest, now at the end","The pivot, now in the middle","The smallest, now at the front",D,"The smallest, now at the front","Selection sort finds the minimum and puts it first, so that position is settled. Bubble sort is the one that settles the largest at the back.",AUTHORED,
GB2_SRT_013,DSA_SORTING,SRT_C03_COST,SRT_F13_DOUBLING_INPUT,SRT_FAM13_SCALING_BEHAVIOUR,SRT_RG_COST,D2,UNDERSTAND,mcq,"A quadratic sort takes one second on 10,000 items. Roughly how long on 20,000?",About four seconds,About sixteen seconds,About one second,About two seconds,A,About four seconds,"Doubling the input quadruples quadratic work. An n log n sort would take a little over twice as long, which is the practical difference between the two classes.",AUTHORED,
GB2_SRT_014,DSA_SORTING,SRT_C04_PROPERTIES,SRT_F14_STABILITY_EXAMPLE,SRT_FAM14_STABILITY_EFFECT,SRT_RG_PROPERTIES,D2,UNDERSTAND,mcq,"Orders are sorted by date, then by customer with a stable sort. What is the result?","Grouped by customer, with the dates in an arbitrary order","Sorted by date only, because the second sort undoes the first","Grouped by customer, and within each customer still in date order",Sorted by customer and date combined into one key,C,"Grouped by customer, and within each customer still in date order","A stable sort preserves the earlier ordering among ties, which is what makes sorting by successive keys work. An unstable sort would scramble the dates.",AUTHORED,
GB2_SRT_015,DSA_SORTING,SRT_C03_COST,SRT_F15_BEST_CASE_INSERTION,SRT_FAM15_NEARLY_SORTED,SRT_RG_COST,D2,UNDERSTAND,mcq,Insertion sort on an already-sorted collection costs:,"The same as on random input, since the comparisons are fixed","Quadratic time, because the algorithm cannot detect the order","n log n, matching the efficient sorts","Linear time, because each item is compared once and not moved",D,"Linear time, because each item is compared once and not moved","Each item is already in place, so one comparison settles it. This is why insertion sort is used inside hybrid library sorts for small or nearly ordered runs.",AUTHORED,
GB2_SRT_016,DSA_SORTING,SRT_C03_COST,SRT_F16_QUICKSORT_WORST,SRT_FAM16_QUICK_WORST_CASE,SRT_RG_COST,D2,UNDERSTAND,mcq,What is quicksort's worst-case cost?,"Linear, when the input is already sorted","n log n, the same as its typical case","Logarithmic, because the problem halves itself at each step","Quadratic, when the pivot repeatedly splits off almost nothing",D,"Quadratic, when the pivot repeatedly splits off almost nothing","A pivot that is always the smallest or largest leaves one partition nearly empty, so the depth becomes n rather than log n. Merge sort has no such case.",AUTHORED,
GB2_SRT_017,DSA_SORTING,SRT_C05_ALGORITHMS,SRT_F17_MERGE_MEMORY,SRT_FAM17_MERGE_SPACE,SRT_RG_ALGORITHMS,D2,UNDERSTAND,mcq,What does merge sort need that quicksort does not?,The items to be comparable with each other,Extra memory proportional to the size of the collection,A randomly chosen pivot at every level of recursion,The collection to be held in a linked list,B,Extra memory proportional to the size of the collection,"Merging writes into a second buffer, so the space cost is linear. Quicksort partitions within the existing array and needs only the recursion stack.",AUTHORED,
GB2_SRT_018,DSA_SORTING,SRT_C06_PRACTICE,SRT_F18_COMPARATOR,SRT_FAM18_CUSTOM_ORDER,SRT_RG_PRACTICE,D2,UNDERSTAND,mcq,What does a comparator function supplied to a sort do?,Removes items that compare equal to each other,Decides how many items to compare on each pass,Chooses which sorting algorithm will be used,Tells the sort which of two items should come first,D,Tells the sort which of two items should come first,The comparator defines the order; the algorithm is the library's choice. Every sort of objects by a field is a comparator being supplied.,AUTHORED,
GB2_SRT_019,DSA_SORTING,SRT_C03_COST,SRT_F19_COMPARISON_BOUND,SRT_FAM19_LOWER_BOUND,SRT_RG_COST,D2,UNDERSTAND,mcq,Why can no comparison-based sort beat n log n in general?,Because every known algorithm has been tested and none is faster,Because computers can only compare two items at a time,Because memory access rather than comparison is the limiting factor on modern hardware,"Each comparison yields one bit, and distinguishing every possible ordering needs about n log n of them",D,"Each comparison yields one bit, and distinguishing every possible ordering needs about n log n of them","It is an information-theoretic proof about how many orderings must be told apart, not an observation about current algorithms. Sorts that beat it do not compare items.",AUTHORED,
GB2_SRT_020,DSA_SORTING,SRT_C05_ALGORITHMS,SRT_F20_NON_COMPARISON,SRT_FAM20_COUNTING_SORT,SRT_RG_ALGORITHMS,D2,UNDERSTAND,mcq,Counting sort can run in linear time. What does it require?,The collection to be already nearly sorted,Keys from a small known range of integers,The collection to fit entirely in cache,A comparator that runs in constant time,B,Keys from a small known range of integers,"It counts occurrences of each possible key, so the range must be small enough to index. It escapes the n log n bound precisely by not comparing items.",AUTHORED,
GB2_SRT_021,DSA_SORTING,SRT_C06_PRACTICE,SRT_F21_SORT_THEN_BINARY,SRT_FAM21_SORT_TO_SEARCH,SRT_RG_PRACTICE,D3,APPLY,mcq,A collection is searched many times. When is sorting it first worthwhile?,Only when the items are numbers rather than text,Never — searching is always cheaper than sorting,When the sort cost is repaid by many later logarithmic searches,Whenever the collection holds more than a hundred items,C,When the sort cost is repaid by many later logarithmic searches,"Sorting is paid once and each later search becomes logarithmic rather than linear. For a single search it is pure loss, and a hash map is often better than either.",AUTHORED,
GB2_SRT_022,DSA_SORTING,SRT_C06_PRACTICE,SRT_F22_DONT_SORT_FOR_MAX,SRT_FAM22_UNNECESSARY_SORT,SRT_RG_PRACTICE,D3,APPLY,mcq,Code sorts a list of a million values to find the largest. What is wrong with it?,One pass finds the largest in linear time; sorting does far more work than asked,"Nothing at all, because sorting is the standard approach to a problem like this",The sort will exhaust memory on a list that size,Sorting cannot find a maximum reliably,A,One pass finds the largest in linear time; sorting does far more work than asked,Sorting answers a much bigger question than the one asked. This is among the commonest avoidable inefficiencies in real code.,AUTHORED,
GB2_SRT_023,DSA_SORTING,SRT_C06_PRACTICE,SRT_F23_TOP_K,SRT_FAM23_PARTIAL_SORT,SRT_RG_PRACTICE,D3,APPLY,mcq,The ten largest of a million values are needed. What is better than sorting everything?,"Keeping a heap of the ten best seen so far, in one pass",Sorting twice and comparing the two results,Sorting in descending order instead of ascending,Sorting the first thousand and taking the top ten from those,A,"Keeping a heap of the ten best seen so far, in one pass",A heap of fixed size makes the pass proportional to n log 10 rather than n log n. Sorting a sample gives an answer that is simply wrong.,AUTHORED,
GB2_SRT_024,DSA_SORTING,SRT_C08_CHOICE,SRT_F24_STABILITY_NEEDED,SRT_FAM24_WHEN_STABILITY_MATTERS,SRT_RG_CHOICE,D3,APPLY,mcq,In which situation does stability genuinely matter?,Sorting by a second key while wanting the first key's order preserved among ties,Sorting a collection that is already fully ordered,Sorting a collection of unique integers into ascending order,Sorting a collection where every item compares differently from every other one,A,Sorting by a second key while wanting the first key's order preserved among ties,"With no ties there is nothing for stability to preserve, so it is irrelevant in the other three. It matters exactly where equal keys exist and their prior order carries meaning.",AUTHORED,
GB2_SRT_025,DSA_SORTING,SRT_C08_CHOICE,SRT_F25_MEMORY_CONSTRAINED,SRT_FAM25_SPACE_CONSTRAINT,SRT_RG_CHOICE,D3,APPLY,mcq,Memory is tight and the collection nearly fills it. Which sort suits?,An in-place sort such as heapsort or quicksort,"Merge sort, because it is the most predictable",Any of them — sorting does not affect memory use,"Counting sort, because it uses no comparisons",A,An in-place sort such as heapsort or quicksort,"Merge sort needs a second buffer the size of the data, which is exactly what is unavailable. Counting sort needs space proportional to the key range instead.",AUTHORED,
GB2_SRT_026,DSA_SORTING,SRT_C05_ALGORITHMS,SRT_F26_HYBRID_SORTS,SRT_FAM26_LIBRARY_HYBRID,SRT_RG_ALGORITHMS,D3,APPLY,mcq,Library sorts often switch to insertion sort for small sub-problems. Why?,It is the only sort that works correctly on very small inputs,It guarantees stability where the main algorithm cannot,Its low overhead beats the recursion cost once the piece is small,It uses less memory than the main algorithm needs,C,Its low overhead beats the recursion cost once the piece is small,"Asymptotic advantage does not apply at ten items, where the constant factors dominate. The switch is measured rather than theoretical.",AUTHORED,
GB2_SRT_027,DSA_SORTING,SRT_C06_PRACTICE,SRT_F27_SORT_BY_MULTIPLE,SRT_FAM27_MULTI_KEY,SRT_RG_PRACTICE,D3,APPLY,mcq,"Records must be ordered by department, then by salary within each. What is the usual approach?","Sort by department, then sort each group separately by salary","Sort by salary, then by department, relying on instability",Concatenate the two fields into one string and sort that,One comparator that compares department first and salary only on a tie,D,One comparator that compares department first and salary only on a tie,"A single comparator expresses the whole ordering in one pass. Concatenating fields breaks as soon as a numeric field is involved, since ""100"" sorts before ""20"" as text.",AUTHORED,
GB2_SRT_028,DSA_SORTING,SRT_C08_CHOICE,SRT_F28_EXTERNAL_SORT,SRT_FAM28_DATA_EXCEEDS_MEMORY,SRT_RG_CHOICE,D3,APPLY,mcq,A file far larger than memory must be sorted. What is the standard approach?,Load the file one line at a time and use insertion sort on it,Compress the file until it fits in memory,"Sort it in chunks that fit, write them out, then merge the sorted chunks",Sort it in place on disk with quicksort,C,"Sort it in chunks that fit, write them out, then merge the sorted chunks",External merge sort works because merging needs only the front of each run in memory at once. It is why merge sort remains important despite its space cost.,AUTHORED,
GB2_SRT_029,DSA_SORTING,SRT_C06_PRACTICE,SRT_F29_DATABASE_SORT,SRT_FAM29_SORT_WHERE,SRT_RG_PRACTICE,D3,APPLY,mcq,Rows are fetched from a database and sorted in application code. When is that the wrong choice?,Only when more than a million rows are involved,Only when the application happens to be written in a slow language,Never — sorting in the application is more flexible,Almost always — the database can sort using an index and return fewer rows,D,Almost always — the database can sort using an index and return fewer rows,"ORDER BY with a matching index may avoid sorting altogether, and paging then transfers far less data. Fetching everything to sort it is a common and costly habit.",AUTHORED,
GB2_SRT_030,DSA_SORTING,SRT_C08_CHOICE,SRT_F30_ALREADY_SORTED_INPUT,SRT_FAM30_SORTED_INPUT_RISK,SRT_RG_CHOICE,D3,APPLY,mcq,A naive quicksort taking the first element as pivot is given already-sorted input. What happens?,"It finishes almost immediately, having detected the order already present","It performs at its best, because comparisons always succeed",It produces an incorrectly ordered result,"It degrades to quadratic time, because every partition splits off one item",D,"It degrades to quadratic time, because every partition splits off one item","Sorted input is the worst case for that pivot choice, which is why real implementations choose a median of three or a random pivot.",AUTHORED,
GB2_SRT_031,DSA_SORTING,SRT_C09_DIAGNOSIS,SRT_F31_UNSTABLE_SURPRISE,SRT_FAM31_TIES_SCRAMBLED,SRT_RG_DIAGNOSIS,D4,ANALYZE,mcq,"A report sorted by date, then by region, shows dates jumbled inside each region. What is the cause?",The two sorts were applied in the wrong order,"The second sort is not stable, so it did not preserve the date order among ties",The first sort failed silently and left the dates completely unordered,The region values compare equal to each other,B,"The second sort is not stable, so it did not preserve the date order among ties","Successive sorting relies on stability. The alternative is a single comparator that handles both keys, which does not depend on the algorithm's properties.",AUTHORED,
GB2_SRT_032,DSA_SORTING,SRT_C09_DIAGNOSIS,SRT_F32_STRING_NUMBER_SORT,SRT_FAM32_LEXICOGRAPHIC_NUMBERS,SRT_RG_DIAGNOSIS,D4,ANALYZE,mcq,"Sorting the values 2, 10 and 100 gives the order 10, 100, 2. What has happened?",The sort is unstable and has scrambled the values,The comparator is reversing the order of the items,"They are being compared as text, where ""1"" precedes ""2""",The values overflowed during comparison,C,"They are being compared as text, where ""1"" precedes ""2""","Text comparison proceeds character by character. In JavaScript this is the default for Array.sort, which catches people constantly.",AUTHORED,
GB2_SRT_033,DSA_SORTING,SRT_C09_DIAGNOSIS,SRT_F33_MUTATED_ORIGINAL,SRT_FAM33_IN_PLACE_SURPRISE,SRT_RG_DIAGNOSIS,D4,ANALYZE,mcq,"After sorting a list for display, another part of the program shows items in the wrong order too. Why?",The sort returned a copy that the display is not using,The two parts are reading different collections entirely,The sort worked in place and reordered the shared list itself,The sort left the original list partially ordered,C,The sort worked in place and reordered the shared list itself,"An in-place sort mutates what it is given, and anything else holding that list sees the change. Sorting a copy is the fix, and it is why many languages offer both.",AUTHORED,
GB2_SRT_034,DSA_SORTING,SRT_C09_DIAGNOSIS,SRT_F34_INCONSISTENT_COMPARATOR,SRT_FAM34_COMPARATOR_CONTRACT,SRT_RG_DIAGNOSIS,D4,ANALYZE,mcq,A custom comparator sometimes reports that a is before b and also that b is before a. What follows?,"The result is undefined, and some implementations raise or loop",Only the items involved end up out of order,The sort takes longer but still produces the right order,The sort silently falls back to the default ordering,A,"The result is undefined, and some implementations raise or loop","Sorts assume a consistent total order. A contradictory comparator breaks the assumption the algorithm is built on, and the failure is not confined to those items.",AUTHORED,
GB2_SRT_035,DSA_SORTING,SRT_C09_DIAGNOSIS,SRT_F35_SORT_IN_LOOP,SRT_FAM35_REPEATED_SORTING,SRT_RG_DIAGNOSIS,D4,ANALYZE,mcq,Code sorts a collection inside a loop that runs once per item. What is the cost?,"The same as sorting once, since the result does not change","n log n, because sorting an ordered collection is free","n squared log n, because a full sort happens on every iteration","Linear, because the collection is already sorted after the first pass",C,"n squared log n, because a full sort happens on every iteration",The sort does not become free because the data is ordered — most algorithms still traverse it. Hoisting the sort out of the loop is the fix.,AUTHORED,
GB2_SRT_036,DSA_SORTING,SRT_C09_DIAGNOSIS,SRT_F36_QUICKSORT_STACK,SRT_FAM36_RECURSION_DEPTH,SRT_RG_DIAGNOSIS,D4,ANALYZE,mcq,A recursive quicksort overflows the stack on a large sorted input but not on random input. Why?,Sorted input needs a great deal more memory to hold the partitions,The base case is never reached on ordered data,Bad pivots make the recursion depth proportional to n rather than log n,Sorted input makes each comparison more expensive,C,Bad pivots make the recursion depth proportional to n rather than log n,The same degradation that makes it quadratic also makes it deep. Recursing into the smaller partition first bounds the depth even with poor pivots.,AUTHORED,
GB2_SRT_037,DSA_SORTING,SRT_C09_DIAGNOSIS,SRT_F37_NAN_COMPARISON,SRT_FAM37_UNCOMPARABLE_VALUES,SRT_RG_DIAGNOSIS,D4,ANALYZE,mcq,"A numeric sort produces an order that looks partly random, and the data contains some missing values. What is the likely cause?",The missing values are being treated as zero,The missing values compare as neither less than nor greater than anything,The comparator is returning a boolean value rather than a number,The sort is unstable and the missing values are ties,B,The missing values compare as neither less than nor greater than anything,"A value that breaks the ordering relation corrupts the whole result, not just its own position. Missing values should be filtered or given an explicit rank first.",AUTHORED,
GB2_SRT_038,DSA_SORTING,SRT_C09_DIAGNOSIS,SRT_F38_SORT_THEN_FILTER,SRT_FAM38_ORDER_OF_OPERATIONS,SRT_RG_DIAGNOSIS,D4,ANALYZE,mcq,Code sorts a million rows and then keeps only the fifty that match a filter. What should change?,Nothing — the sort must happen before the filter is applied,Sort in descending order to reach the matches sooner,"Sort twice, once before and once after filtering","Filter first, so only the matching rows are sorted",D,"Filter first, so only the matching rows are sorted",Filtering first reduces the sort from a million rows to fifty. The order of cheap and expensive operations is one of the easiest performance wins there is.,AUTHORED,
GB2_SRT_039,DSA_SORTING,SRT_C09_DIAGNOSIS,SRT_F39_COMPARATOR_SIDE_EFFECT,SRT_FAM39_EXPENSIVE_COMPARATOR,SRT_RG_DIAGNOSIS,D4,ANALYZE,mcq,"A sort is unexpectedly slow, and its comparator performs a database lookup. What is wrong?",The comparator is being called only once per item,"The comparator runs n log n times, so the lookups dominate everything",The database simply cannot be queried during a sort operation,The sort algorithm chosen does not suit database data,B,"The comparator runs n log n times, so the lookups dominate everything","A comparator is called a great many times, so anything expensive inside it is multiplied. Fetching the keys once and sorting those is the standard fix.",AUTHORED,
GB2_SRT_040,DSA_SORTING,SRT_C09_DIAGNOSIS,SRT_F40_PARTIAL_SORT_ASSUMED,SRT_FAM40_ASSUMED_ORDER,SRT_RG_DIAGNOSIS,D4,ANALYZE,mcq,"Code assumes a collection is sorted because it usually arrives that way, and occasionally produces wrong results. What is the real defect?",The collection has grown too large to remain ordered,An assumption about order that nothing enforces or checks,The sort algorithm being used is unstable,The comparator is inconsistent on some inputs,B,An assumption about order that nothing enforces or checks,"An unstated precondition holds until it does not, and the failure appears far from its cause. Either sort it or assert the order, rather than relying on habit.",AUTHORED,
GB2_SRT_041,DSA_SORTING,SRT_C10_JUDGEMENT,SRT_F41_QUICK_VS_MERGE,SRT_FAM41_ALGORITHM_TRADE,SRT_RG_JUDGEMENT,D5,EVALUATE,mcq,Both quicksort and merge sort are n log n typically. What is the real trade between them?,Quicksort works only on numbers and merge sort on any type,"Quicksort is faster on every possible input, and merge sort is simply the older of the two",Merge sort is unstable while quicksort preserves ties,Quicksort sorts in place but has a quadratic worst case; merge sort guarantees n log n but needs extra memory,D,Quicksort sorts in place but has a quadratic worst case; merge sort guarantees n log n but needs extra memory,"Space against worst-case guarantee. Merge sort is also the stable one of the pair, which is the opposite of the third option.",AUTHORED,
GB2_SRT_042,DSA_SORTING,SRT_C10_JUDGEMENT,SRT_F42_WHEN_NOT_TO_SORT,SRT_FAM42_AVOID_SORTING,SRT_RG_JUDGEMENT,D5,EVALUATE,mcq,What is the strongest signal that sorting is the wrong tool for a problem?,The ordering rule involves more than one field,The collection contains more than ten thousand items,The items are objects rather than simple values,Only a few items from the collection are actually needed,D,Only a few items from the collection are actually needed,"Sorting answers ""what is the full order"", so needing one item, or the top few, means paying for far more than the question required.",AUTHORED,
GB2_SRT_043,DSA_SORTING,SRT_C10_JUDGEMENT,SRT_F43_WHY_LEARN,SRT_FAM43_VALUE_OF_STUDY,SRT_RG_JUDGEMENT,D5,EVALUATE,mcq,Sorting algorithms are studied although nobody writes one in production. What is the best justification?,Hand-written sorts reliably outperform library ones on real production data,"They teach divide and conquer, cost analysis and trade-offs on a problem simple enough to hold in the head",Library sorts are often wrong and must be replaced,Interviews are the only place the knowledge is used,B,"They teach divide and conquer, cost analysis and trade-offs on a problem simple enough to hold in the head",The subject is a vehicle for reasoning that transfers everywhere. The claim about library sorts being wrong or slow is false in almost every case.,AUTHORED,
GB2_SRT_044,DSA_SORTING,SRT_C10_JUDGEMENT,SRT_F44_TIMSORT_INSIGHT,SRT_FAM44_REAL_DATA_STRUCTURE,SRT_RG_JUDGEMENT,D5,EVALUATE,mcq,The sorts used by Python and Java exploit runs of already-ordered items. What assumption does that reflect?,Real-world data is rarely in a random order,Comparison is more expensive than movement,Users prefer results that arrive gradually,Ordered runs are cheaper to store in memory,A,Real-world data is rarely in a random order,"Records arrive by date, ids ascend, appended data is ordered. Detecting and merging existing runs makes the common case much faster than worst-case analysis predicts.",AUTHORED,
GB2_SRT_045,DSA_SORTING,SRT_C10_JUDGEMENT,SRT_F45_SORT_VS_HASH,SRT_FAM45_STRUCTURE_ALTERNATIVE,SRT_RG_JUDGEMENT,D5,EVALUATE,mcq,"To detect duplicates in a large collection, why might a hash set beat sorting?",It preserves the original order of the collection,It detects duplicates that differ slightly in value,It uses less memory than an in-place sort,"It answers in linear time, where sorting first costs n log n",D,"It answers in linear time, where sorting first costs n log n","Sorting brings duplicates together as a side effect of a more expensive job. A set answers the question directly, at the cost of memory rather than time.",AUTHORED,
GB2_SRT_046,DSA_SORTING,SRT_C10_JUDGEMENT,SRT_F46_MEASURE_NOT_ASSUME,SRT_FAM46_CONSTANT_FACTORS,SRT_RG_JUDGEMENT,D5,EVALUATE,mcq,"For twenty items, insertion sort often beats quicksort. What does that illustrate?",Quicksort is incorrect on small collections,Insertion sort has a better complexity than quicksort,"Asymptotic complexity describes growth, not the cost at small sizes",Complexity analysis applies only to recursive algorithms,C,"Asymptotic complexity describes growth, not the cost at small sizes","Constant factors and overhead dominate when n is small, which is exactly why library sorts switch algorithms below a threshold.",AUTHORED,
GB2_SRT_047,DSA_SORTING,SRT_C10_JUDGEMENT,SRT_F47_STABILITY_AS_CONTRACT,SRT_FAM47_RELYING_ON_STABILITY,SRT_RG_JUDGEMENT,D5,EVALUATE,mcq,Relying on a library sort being stable is safe only if:,The same version of the language runtime is used absolutely everywhere,The collection contains no duplicate keys at all,The sort is called only once on any collection,"The language guarantees it, rather than the current implementation happening to be stable",D,"The language guarantees it, rather than the current implementation happening to be stable",Some languages guarantee stability and some do not. Depending on an unguaranteed property is a bug waiting for a runtime upgrade to expose it.,AUTHORED,
GB2_SRT_048,DSA_SORTING,SRT_C10_JUDGEMENT,SRT_F48_DISTRIBUTED_SORT,SRT_FAM48_SORT_AT_SCALE,SRT_RG_JUDGEMENT,D5,EVALUATE,mcq,"Sorting data spread across many machines, what becomes the dominant cost?",Choosing which sorting algorithm each individual machine runs,The number of comparisons each machine performs,The memory each machine needs for its own portion,"Moving data between machines, rather than the comparisons themselves",D,"Moving data between machines, rather than the comparisons themselves","At that scale the network dominates, which is why distributed sorts partition by key range so each machine can sort locally and the results simply concatenate.",AUTHORED,
GB2_SRT_049,DSA_SORTING,SRT_C10_JUDGEMENT,SRT_F49_PIVOT_STRATEGY,SRT_FAM49_RANDOMISED_PIVOT,SRT_RG_JUDGEMENT,D5,EVALUATE,mcq,Why do real quicksort implementations choose the pivot randomly or by median of three?,It makes the algorithm stable with respect to equal keys,It makes the quadratic worst case vanishingly unlikely on any particular input,It reduces the number of comparisons needed to below the n log n bound,It removes the need for recursion entirely,B,It makes the quadratic worst case vanishingly unlikely on any particular input,The worst case still exists but no longer corresponds to a predictable input such as sorted data — which also matters where an attacker could supply that input deliberately.,AUTHORED,
GB2_SRT_050,DSA_SORTING,SRT_C10_JUDGEMENT,SRT_F50_SORTED_INVARIANT,SRT_FAM50_MAINTAIN_VS_RESORT,SRT_RG_JUDGEMENT,D5,EVALUATE,mcq,A collection is read in order constantly and changed occasionally. What is usually better than re-sorting after each change?,Sorting only the portion that has changed,Storing it unsorted and then sorting it again on every read,Sorting it on a timer rather than on every change,"Keeping it ordered as items are inserted, so it is never unsorted",D,"Keeping it ordered as items are inserted, so it is never unsorted","An insertion into an ordered structure costs far less than sorting everything again. That is what a balanced tree or a sorted index does, and it is why databases keep them.",AUTHORED,
GB2_NRM_001,DB_NORMALIZATION,NRM_C01_PURPOSE,NRM_F01_CORE_IDEA,NRM_FAM01_WHAT_IT_IS,NRM_RG_PURPOSE,D1,REMEMBER,mcq,What is normalisation trying to achieve?,The smallest possible number of tables,Each fact stored in exactly one place,The fastest possible query performance,Every column holding a numeric value,B,Each fact stored in exactly one place,"One fact, one place. Fewer tables is usually the opposite of normalised, and query speed is frequently traded against it rather than gained from it.",AUTHORED,
GB2_NRM_002,DB_NORMALIZATION,NRM_C02_ANOMALIES,NRM_F02_UPDATE_ANOMALY,NRM_FAM02_UPDATE_ANOMALY_NAME,NRM_RG_ANOMALIES,D1,REMEMBER,mcq,What is an update anomaly?,Two users update the same row at the same time,An update runs more slowly than expected,"One fact must be changed in many rows, and some are missed",An update fails because a constraint rejects it part way through,C,"One fact must be changed in many rows, and some are missed","Duplicated data must be changed everywhere at once. Missing one leaves the database holding two answers to a single question, neither marked as wrong.",AUTHORED,
GB2_NRM_003,DB_NORMALIZATION,NRM_C02_ANOMALIES,NRM_F03_INSERT_ANOMALY,NRM_FAM03_INSERT_ANOMALY_NAME,NRM_RG_ANOMALIES,D1,REMEMBER,mcq,What is an insert anomaly?,Inserting a row unexpectedly changes another row,A fact cannot be recorded because unrelated data is missing,An insert is rejected because a row with that key already exists,An insert takes longer as the table grows,B,A fact cannot be recorded because unrelated data is missing,"In a single orders table, a customer who has not ordered cannot be recorded at all. The table can only capture them as a side effect of something else.",AUTHORED,
GB2_NRM_004,DB_NORMALIZATION,NRM_C02_ANOMALIES,NRM_F04_DELETE_ANOMALY,NRM_FAM04_DELETE_ANOMALY_NAME,NRM_RG_ANOMALIES,D1,REMEMBER,mcq,What is a delete anomaly?,A deleted row reappears after the transaction commits,A delete is refused because rows in another table still reference it,Deleting rows makes subsequent queries slower,Removing one row destroys a fact that had nothing to do with it,D,Removing one row destroys a fact that had nothing to do with it,Deleting a customer's last order also erases the customer. Two unrelated facts sharing a row means losing one loses the other.,AUTHORED,
GB2_NRM_005,DB_NORMALIZATION,NRM_C03_FORMS,NRM_F05_FIRST_NORMAL_FORM,NRM_FAM05_1NF_RULE,NRM_RG_FORMS,D1,REMEMBER,mcq,What does first normal form require?,Each table relates to exactly one other table,Each column has a different name from every other,"Each column holds a single value, not a list",Each table has a numeric primary key,C,"Each column holds a single value, not a list","No repeating groups and no comma-separated lists in a column. A phone_numbers column holding ""9876, 9877"" breaks it.",AUTHORED,
GB2_NRM_006,DB_NORMALIZATION,NRM_C04_KEYS,NRM_F06_PRIMARY_KEY,NRM_FAM06_KEY_PURPOSE,NRM_RG_KEYS,D1,REMEMBER,mcq,What does a primary key do?,Orders the rows within the table,Marks which column is searched most often,Identifies each row uniquely,Links the table to its parent table,C,Identifies each row uniquely,"Unique identification. Linking to another table is a foreign key, and ordering is not something a key provides at all.",AUTHORED,
GB2_NRM_007,DB_NORMALIZATION,NRM_C05_REDUNDANCY,NRM_F07_REDUNDANCY_COST,NRM_FAM07_WHY_REDUNDANCY_HURTS,NRM_RG_REDUNDANCY,D1,REMEMBER,mcq,What is the main danger of storing the same fact in several places?,The database file becomes larger than necessary,Queries must read more rows than they otherwise would need to,The copies drift apart and the data contradicts itself,Backups take longer to complete,C,The copies drift apart and the data contradicts itself,Storage is cheap; disagreement is not. A database holding two different emails for one customer cannot say which is correct.,AUTHORED,
GB2_NRM_008,DB_NORMALIZATION,NRM_C03_FORMS,NRM_F08_PRACTICAL_RULE,NRM_FAM08_MEMORABLE_RULE,NRM_RG_FORMS,D1,REMEMBER,mcq,Which summary captures the first three normal forms?,"Every column is a fact about the key, the whole key, and nothing but the key",Every table has fewer columns than it has rows,Every column is indexed and every key is numeric,Every table is joined to at least one other table through a declared foreign key,A,"Every column is a fact about the key, the whole key, and nothing but the key","It gets you to third normal form without the formal vocabulary, which is why it is the version practitioners actually use.",AUTHORED,
GB2_NRM_009,DB_NORMALIZATION,NRM_C06_DENORMALISATION,NRM_F09_DENORM_DEFINITION,NRM_FAM09_DENORM_MEANING,NRM_RG_DENORM,D1,REMEMBER,mcq,What is denormalisation?,Removing constraints so that inserts succeed,Failing to normalise a schema in the first place,Splitting a large table into several smaller related ones,Deliberately duplicating data to make reads faster,D,Deliberately duplicating data to make reads faster,"A deliberate trade, made after measuring, with something keeping the copies correct. Splitting tables is normalisation, which is the opposite.",AUTHORED,
GB2_NRM_010,DB_NORMALIZATION,NRM_C04_KEYS,NRM_F10_FOREIGN_KEY,NRM_FAM10_FOREIGN_KEY_ROLE,NRM_RG_KEYS,D1,REMEMBER,mcq,What does a foreign key do?,Points at a row in another table and requires that it exists,Copies the referenced row into this table whenever it changes,Makes the column unique across the whole database,Speeds up joins by storing both rows together,A,Points at a row in another table and requires that it exists,"It is a reference plus a guarantee the target exists. Nothing is copied, and it is what prevents rows pointing at records that have been removed.",AUTHORED,
GB2_NRM_011,DB_NORMALIZATION,NRM_C07_RECOGNITION,NRM_F11_REPEATING_GROUP,NRM_FAM11_SPOT_1NF_BREACH,NRM_RG_RECOGNITION,D2,UNDERSTAND,mcq,"A customers table has a column holding ""9876543210, 9876543211"". Which rule does this break?",Second normal form — the column depends on part of the key,Third normal form — the column depends on another column,None — a text column may hold any text,First normal form — a column must hold a single value,D,First normal form — a column must hold a single value,"A list inside a column cannot be queried, constrained or indexed properly. Searching for one number means pattern matching, which is slow and gets partial matches wrong.",AUTHORED,
GB2_NRM_012,DB_NORMALIZATION,NRM_C07_RECOGNITION,NRM_F12_SPOT_DUPLICATION,NRM_FAM12_SPOT_REPEATED_FACT,NRM_RG_RECOGNITION,D2,UNDERSTAND,mcq,An orders table repeats the customer name and email on every order. What does this cause?,"Two customers can no longer share an email address, even legitimately",Changing an email means updating every one of that customer's orders,The email column cannot be indexed,Orders can no longer be queried by customer,B,Changing an email means updating every one of that customer's orders,One fact spread across many rows must be changed in all of them. Missing one is how a database ends up holding two emails for one person.,AUTHORED,
GB2_NRM_013,DB_NORMALIZATION,NRM_C08_SPLITTING,NRM_F13_SPLIT_BY_SUBJECT,NRM_FAM13_WHERE_TO_SPLIT,NRM_RG_SPLITTING,D2,UNDERSTAND,mcq,What decides which columns should move into a separate table?,Whether they hold text or numbers,How often they are read by queries,Which thing they are facts about,How many distinct values they contain,C,Which thing they are facts about,"A column describing the customer belongs with the customer, not the order. Subject is the question; access frequency belongs to a later, different decision.",AUTHORED,
GB2_NRM_014,DB_NORMALIZATION,NRM_C07_RECOGNITION,NRM_F14_TRANSITIVE,NRM_FAM14_SPOT_3NF_BREACH,NRM_RG_RECOGNITION,D2,UNDERSTAND,mcq,An employees table holds department_id and department_name. Why is that a problem?,Names should never be stored in the same table as the identifiers they belong to,Two columns may not both refer to a department,"The department name is a fact about the department, not about the employee","It is not a problem, because the two columns always agree",C,"The department name is a fact about the department, not about the employee","It depends on the key only indirectly, through the department. Renaming a department then means updating every employee in it.",AUTHORED,
GB2_NRM_015,DB_NORMALIZATION,NRM_C08_SPLITTING,NRM_F15_MANY_TO_MANY,NRM_FAM15_JOIN_TABLE_NEED,NRM_RG_SPLITTING,D2,UNDERSTAND,mcq,A book may have several authors and an author several books. How is this modelled?,A third table holding pairs of book and author identifiers,A foreign key from books to authors,"Duplicate book rows, one for each author",An author_names column on the books table listing each contributor,A,A third table holding pairs of book and author identifiers,"Neither side can hold a single reference, so the relationship becomes its own table. That table can also carry facts about the pairing, such as author order.",AUTHORED,
GB2_NRM_016,DB_NORMALIZATION,NRM_C05_REDUNDANCY,NRM_F16_COUNT_DISAGREEMENT,NRM_FAM16_FINDING_DRIFT,NRM_RG_REDUNDANCY,D2,UNDERSTAND,mcq,You suspect a duplicated customer name has drifted out of step. How do you find out?,Look at when each row was last updated,Compare the number of rows in the two tables against each other,Check whether the column allows null values,Count the rows where the two copies of the name disagree,D,Count the rows where the two copies of the name disagree,"A count tells you both that it happened and how widely, which also indicates how long it has been going on. Timestamps rarely survive the kind of update that caused it.",AUTHORED,
GB2_NRM_017,DB_NORMALIZATION,NRM_C09_TRADEOFF,NRM_F17_JOIN_COST,NRM_FAM17_NORMALISATION_COST,NRM_RG_TRADEOFF,D2,UNDERSTAND,mcq,What does normalising a schema cost?,The database uses considerably more storage,Constraints can no longer be enforced,Inserts become impossible without wrapping them in a transaction,Queries must join tables to reassemble information,D,Queries must join tables to reassemble information,"The information is spread across tables, so reading it means joining. Normalisation usually reduces storage rather than increasing it.",AUTHORED,
GB2_NRM_018,DB_NORMALIZATION,NRM_C10_HISTORY,NRM_F18_PRICE_ON_LINE,NRM_FAM18_HISTORICAL_FACT,NRM_RG_HISTORY,D2,UNDERSTAND,mcq,"An order line stores the price paid, although the product table already holds a price. Is that a normalisation error?","No, because prices are numbers rather than text","Yes, unless the two prices are guaranteed to stay equal","No — the price paid is a fact about the order, not about the product today",Yes — the price is duplicated and should be read from the product table instead,C,"No — the price paid is a fact about the order, not about the product today",They are two different facts that happen to share a value at one moment. Joining to the product would silently rewrite every historical invoice when a price changed.,AUTHORED,
GB2_NRM_019,DB_NORMALIZATION,NRM_C07_RECOGNITION,NRM_F19_NULL_HEAVY_COLUMN,NRM_FAM19_SPARSE_COLUMNS,NRM_RG_RECOGNITION,D2,UNDERSTAND,mcq,A table has several columns that are null for most rows. What does this often indicate?,The rows were inserted in the wrong order,The columns should be given default values instead of nulls,The table is holding two different kinds of thing,The table needs an additional index,C,The table is holding two different kinds of thing,Columns that apply to only some rows usually mean two entities have been merged into one table. Splitting them makes each set of columns required rather than optional.,AUTHORED,
GB2_NRM_020,DB_NORMALIZATION,NRM_C09_TRADEOFF,NRM_F20_WHEN_TO_DENORM,NRM_FAM20_DENORM_CONDITIONS,NRM_RG_TRADEOFF,D2,UNDERSTAND,mcq,When is denormalising defensible?,Whenever a table grows past a few million rows and its reads begin to slow down,Whenever a query needs more than two joins,"At design time, to avoid joins later","After measuring a genuinely slow read, with something keeping the copy correct",D,"After measuring a genuinely slow read, with something keeping the copy correct","It is an optimisation, so it follows measurement. Doing it at design time optimises a problem nobody has yet observed.",AUTHORED,
GB2_NRM_021,DB_NORMALIZATION,NRM_C08_SPLITTING,NRM_F21_SPLIT_ORDERS,NRM_FAM21_DECOMPOSE_TABLE,NRM_RG_SPLITTING,D3,APPLY,mcq,"One table holds order_id, customer_name, customer_email, product_name, price. How should it be split?",Into orders and products only,"Into customers, products, orders and order_items",Into customers and orders only,It should stay as one table with an index on order_id,B,"Into customers, products, orders and order_items","Four subjects are present: a customer, a product, an order, and the fact that an order contains a product. Each becomes a table, and the last is where quantity and price paid belong.",AUTHORED,
GB2_NRM_022,DB_NORMALIZATION,NRM_C08_SPLITTING,NRM_F22_FIX_REPEATING_GROUP,NRM_FAM22_LIST_TO_TABLE,NRM_RG_SPLITTING,D3,APPLY,mcq,A customer may have several phone numbers. What is the correct structure?,A phone column on the orders table instead,One phone column holding the numbers separated by commas,"A phone_numbers table with one row per number, referencing the customer","Columns phone1, phone2 and phone3 on the customers table, left null if unused",C,"A phone_numbers table with one row per number, referencing the customer",A fact that can repeat becomes its own table. Numbered columns impose an arbitrary limit and leave most of them null.,AUTHORED,
GB2_NRM_023,DB_NORMALIZATION,NRM_C08_SPLITTING,NRM_F23_JOIN_TABLE_KEY,NRM_FAM23_COMPOSITE_KEY,NRM_RG_SPLITTING,D3,APPLY,mcq,A join table pairs students with courses. What should its primary key be?,"Both foreign keys together, so a pairing cannot be recorded twice","A new auto-generated identifier, since every table should have one",The student identifier alone,The course identifier alone,A,"Both foreign keys together, so a pairing cannot be recorded twice","A composite key prevents duplicate enrolments. Either key alone would allow a student one course only, or a course one student.",AUTHORED,
GB2_NRM_024,DB_NORMALIZATION,NRM_C10_HISTORY,NRM_F24_SNAPSHOT_ADDRESS,NRM_FAM24_ADDRESS_AT_TIME,NRM_RG_HISTORY,D3,APPLY,mcq,"A delivery must record where a parcel was actually sent, and customers move house. How?",Keep a single address table and update it in place,Join to the customer address table whenever the delivery is displayed or reprinted later,"Store the delivery address on the delivery itself, not only a reference to the customer",Forbid customers from changing their address once set,C,"Store the delivery address on the delivery itself, not only a reference to the customer",Where it went is a fact about that delivery. Joining to the current address would rewrite history every time somebody moves.,AUTHORED,
GB2_NRM_025,DB_NORMALIZATION,NRM_C11_INTEGRITY,NRM_F25_CONSTRAINTS_ENFORCE,NRM_FAM25_ENFORCE_IN_SCHEMA,NRM_RG_INTEGRITY,D3,APPLY,mcq,"After normalising, what keeps the tables consistent with each other?",Foreign key constraints declared in the schema,Careful code review of every query that writes,Documentation describing the relationships,A scheduled job that checks the tables nightly,A,Foreign key constraints declared in the schema,"Constraints apply to every write from every path, including the admin panel and the migration script written next year. The others depend on somebody remembering.",AUTHORED,
GB2_NRM_026,DB_NORMALIZATION,NRM_C08_SPLITTING,NRM_F26_SPLIT_TWO_ENTITIES,NRM_FAM26_SEPARATE_KINDS,NRM_RG_SPLITTING,D3,APPLY,mcq,"A single table holds both individual and business customers, with half the columns null for each. What is the usual fix?",Two completely unrelated tables with no shared columns,Nulls replaced with empty strings so that no column is ever left unpopulated,A shared customers table plus a table of the columns specific to each kind,One table with a type column and all the columns kept nullable,C,A shared customers table plus a table of the columns specific to each kind,"The shared facts stay together and the specific ones move, so each column can be required where it applies. Filling nulls with blanks hides the problem rather than solving it.",AUTHORED,
GB2_NRM_027,DB_NORMALIZATION,NRM_C12_MIGRATION,NRM_F27_MIGRATION_ORDER,NRM_FAM27_SAFE_SPLIT_STEPS,NRM_RG_MIGRATION,D3,APPLY,mcq,"Splitting a live table into two, in what order should the steps run?",Create the new table and drop the old columns in one transaction,"Create the new table, copy the data, switch the reads, then drop the old columns","Switch the reads across first, and then create the table that those reads now expect","Drop the old columns, create the new table, then copy the data",B,"Create the new table, copy the data, switch the reads, then drop the old columns","Each step leaves the system working, which is what allows it to be deployed without downtime and stopped part way if something is wrong.",AUTHORED,
GB2_NRM_028,DB_NORMALIZATION,NRM_C11_INTEGRITY,NRM_F28_ORPHAN_CHECK,NRM_FAM28_FIND_ORPHANS,NRM_RG_INTEGRITY,D3,APPLY,mcq,How do you find rows referencing a parent that no longer exists?,Compare the row counts of the two tables,Inner join to the parent table and count the rows that come back from it,Left join to the parent and keep the rows where the parent side is null,Look for null values in the foreign key column,C,Left join to the parent and keep the rows where the parent side is null,"An inner join silently drops exactly the rows you are looking for. A null foreign key is a different case — deliberately no parent, rather than a missing one.",AUTHORED,
GB2_NRM_029,DB_NORMALIZATION,NRM_C09_TRADEOFF,NRM_F29_CACHED_TOTAL,NRM_FAM29_DERIVED_COLUMN,NRM_RG_TRADEOFF,D3,APPLY,mcq,An order_total column is added to avoid summing the line items. What must accompany it?,Something that recalculates it whenever a line item changes,An index on the new column,A comment in the schema explaining where the column comes from,A constraint that the total is greater than zero,A,Something that recalculates it whenever a line item changes,"A cached value with nothing maintaining it drifts, and a total that disagrees with its own lines is worse than a slow query. A trigger, or one code path that owns both, is the usual answer.",AUTHORED,
GB2_NRM_030,DB_NORMALIZATION,NRM_C12_MIGRATION,NRM_F30_BACKFILL,NRM_FAM30_BACKFILL_BEFORE_CONSTRAINT,NRM_RG_MIGRATION,D3,APPLY,mcq,A new required column is added to an existing table. In what order must it be done?,Delete the existing rows and re-insert them with the column populated,Make it required first so that no bad rows can be inserted meanwhile,"Add it nullable, fill in the existing rows, then make it required","Add it as required, which fills existing rows with a default",C,"Add it nullable, fill in the existing rows, then make it required",A required column cannot be added while rows violate it. The three-step order is the standard way to add any constraint to a table that already holds data.,AUTHORED,
GB2_NRM_031,DB_NORMALIZATION,NRM_C13_DIAGNOSIS,NRM_F31_TWO_ANSWERS,NRM_FAM31_CONTRADICTORY_DATA,NRM_RG_DIAGNOSIS,D4,ANALYZE,mcq,Two screens show different email addresses for one customer. What is the most likely underlying cause?,One screen is reading from a stale cache,The email is stored in two tables and only one was updated,The customer has two accounts in the system,One screen is formatting the address differently from the other,B,The email is stored in two tables and only one was updated,Duplicated storage with a partial update is the classic update anomaly. The other explanations are possible but do not leave the database itself holding two answers.,AUTHORED,
GB2_NRM_032,DB_NORMALIZATION,NRM_C13_DIAGNOSIS,NRM_F32_CANNOT_RECORD,NRM_FAM32_MISSING_ENTITY_TABLE,NRM_RG_DIAGNOSIS,D4,ANALYZE,mcq,"The business wants to record a supplier who has not yet delivered anything, and the system cannot. What does that reveal?",The application form for adding a supplier on its own has not been built yet,The supplier column does not permit null values,"Suppliers exist only as columns on deliveries, with no table of their own",The deliveries table is missing an index on supplier,C,"Suppliers exist only as columns on deliveries, with no table of their own","An entity that can only be recorded as a side effect of another has no table. This is the insert anomaly, and it usually surfaces as a business request that seems oddly hard.",AUTHORED,
GB2_NRM_033,DB_NORMALIZATION,NRM_C13_DIAGNOSIS,NRM_F33_HISTORY_REWRITTEN,NRM_FAM33_OVER_NORMALISED_HISTORY,NRM_RG_DIAGNOSIS,D4,ANALYZE,mcq,Last year's invoices change their totals after a product is repriced. What is the fault?,The invoice joins to the current product price instead of storing the price paid,The totals are being recalculated in the application layer each time they are shown,The product table is missing a history of its prices,The invoices were never saved after being generated,A,The invoice joins to the current product price instead of storing the price paid,This is normalisation applied to a fact that is historical rather than current. A price-history table would help but the invoice should hold what was actually charged.,AUTHORED,
GB2_NRM_034,DB_NORMALIZATION,NRM_C13_DIAGNOSIS,NRM_F34_TOTALS_DISAGREE,NRM_FAM34_CACHE_DRIFT,NRM_RG_DIAGNOSIS,D4,ANALYZE,mcq,An order_total column disagrees with the sum of the order lines on some orders. What has happened?,The total column has the wrong numeric type for the larger values,The order rows were inserted before their line items,The line items are being read from a stale replica,A code path changed the lines without updating the cached total,D,A code path changed the lines without updating the cached total,"A derived value is only as reliable as every path that can invalidate it, and there is usually one nobody remembered. The query that counts disagreeing orders tells you how long it has been happening.",AUTHORED,
GB2_NRM_035,DB_NORMALIZATION,NRM_C13_DIAGNOSIS,NRM_F35_DUPLICATES_IMPOSSIBLE,NRM_FAM35_MISSING_UNIQUE,NRM_RG_DIAGNOSIS,D4,ANALYZE,mcq,"Two customer rows share an email address, which the business says is impossible. What is missing?",An index on the email column,A unique constraint on the email column,A check that the email is correctly formatted,A trigger that logs new customer rows,B,A unique constraint on the email column,A rule everybody believes but nothing enforces is a rule the data will eventually break. An index makes lookups fast without preventing anything.,AUTHORED,
GB2_NRM_036,DB_NORMALIZATION,NRM_C13_DIAGNOSIS,NRM_F36_FIELD1_COLUMNS,NRM_FAM36_UNDESIGNED_COLUMNS,NRM_RG_DIAGNOSIS,D4,ANALYZE,mcq,"A table has columns named field1, extra and notes2. What does that usually indicate?",The naming convention was changed part way through,The columns are reserved for future use,The table was generated automatically from a spreadsheet that nobody has since looked at,"Things were added without a design decision, and their contents are now relied upon",D,"Things were added without a design decision, and their contents are now relied upon","Names that describe nothing mean nobody decided what they hold, yet code now depends on them. Finding out what is actually in them is the first step and usually a surprise.",AUTHORED,
GB2_NRM_037,DB_NORMALIZATION,NRM_C13_DIAGNOSIS,NRM_F37_DELETE_LOST_DATA,NRM_FAM37_CASCADE_DAMAGE,NRM_RG_DIAGNOSIS,D4,ANALYZE,mcq,Deleting one order removed the customer as well. What was wrong?,"The customer existed only inside the orders table, or the cascade was set the wrong way",The foreign key from orders to customers was never declared in the schema in the first place,The delete was run without a transaction,The customer row was already marked as inactive,A,"The customer existed only inside the orders table, or the cascade was set the wrong way","Either the customer had no independent row, or a cascade was declared on a relationship where the child does not own the parent. Both lose data that nobody asked to delete.",AUTHORED,
GB2_NRM_038,DB_NORMALIZATION,NRM_C13_DIAGNOSIS,NRM_F38_OVER_NORMALISED,NRM_FAM38_TOO_MANY_JOINS,NRM_RG_DIAGNOSIS,D4,ANALYZE,mcq,Displaying one screen requires joining eleven tables. What should be considered?,Whether the joins should be replaced by several separate queries run in turn,Whether every table has been given an index,Whether the database supports that many joins efficiently,Whether some of those tables represent facts that never vary independently,D,Whether some of those tables represent facts that never vary independently,"Splitting out something with a fixed one-to-one relationship adds a join and buys nothing. Eleven is a prompt to re-examine the model, not automatically a defect.",AUTHORED,
GB2_NRM_039,DB_NORMALIZATION,NRM_C13_DIAGNOSIS,NRM_F39_INCONSISTENT_SPELLING,NRM_FAM39_FREE_TEXT_CATEGORY,NRM_RG_DIAGNOSIS,D4,ANALYZE,mcq,"A city column holds ""Mumbai"", ""mumbai"", ""Bombay"" and ""Mumbai "" as separate values. What is the structural cause?",The column should have been given a longer maximum length,The column is missing a case-insensitive collation,The application is not trimming whitespace or normalising case on input,The city is free text rather than a reference to a table of cities,D,The city is free text rather than a reference to a table of cities,Trimming and collation treat the symptom. A reference to a cities table makes the invalid values unrepresentable rather than merely discouraged.,AUTHORED,
GB2_NRM_040,DB_NORMALIZATION,NRM_C13_DIAGNOSIS,NRM_F40_WHICH_IS_TRUE,NRM_FAM40_NO_SOURCE_OF_TRUTH,NRM_RG_DIAGNOSIS,D4,ANALYZE,mcq,Two tables hold a customer's phone number and they differ. Which is correct?,The one in the table that the application happens to write to first when saving,The schema cannot say — that is precisely the damage duplication does,The one in the table with the foreign key,The one in the table updated most recently,B,The schema cannot say — that is precisely the damage duplication does,"Without a designated single source, both are equally authoritative and the database holds a contradiction. Recency is a guess, and the write order is an implementation detail rather than a rule.",AUTHORED,
GB2_NRM_041,DB_NORMALIZATION,NRM_C14_JUDGEMENT,NRM_F41_HISTORICAL_VS_CURRENT,NRM_FAM41_FACT_KIND,NRM_RG_JUDGEMENT,D5,EVALUATE,mcq,What single question best decides whether an apparently duplicated value is really a normalisation error?,"If the original changes, must this copy change too?",Do the two values currently hold the same data?,Was the copy added before or after the original column?,Is the column indexed in both tables?,A,"If the original changes, must this copy change too?","Yes means one fact in two places. No means two different facts that coincide today — a price paid and a price list, an address delivered to and an address now.",AUTHORED,
GB2_NRM_042,DB_NORMALIZATION,NRM_C14_JUDGEMENT,NRM_F42_NORMALISE_FIRST,NRM_FAM42_ORDER_OF_WORK,NRM_RG_JUDGEMENT,D5,EVALUATE,mcq,"Why normalise first and denormalise later, rather than designing for reads from the start?",Denormalisation requires features many databases lack,"A normalised schema cannot hold contradictory data, and only measurement shows what is actually slow",Denormalised schemas are harder to write queries against once the duplication has spread across many tables,Normalised schemas always perform better in practice,B,"A normalised schema cannot hold contradictory data, and only measurement shows what is actually slow",Correctness is the property that is expensive to retrofit; speed can be added where it is needed. Designing for imagined load optimises a problem nobody has measured.,AUTHORED,
GB2_NRM_043,DB_NORMALIZATION,NRM_C14_JUDGEMENT,NRM_F43_ANALYTICS_EXCEPTION,NRM_FAM43_REPORTING_SCHEMA,NRM_RG_JUDGEMENT,D5,EVALUATE,mcq,Reporting databases are often deliberately denormalised. Why is that acceptable there?,Analytics databases cannot perform joins,The data is too large for a fully normalised schema to be queried effectively,Reporting queries do not need accurate data,"They are read-only copies, so duplicated values cannot drift out of step",D,"They are read-only copies, so duplicated values cannot drift out of step","The danger of duplication is inconsistent updates, and a read-only copy rebuilt from the source has none. The trade that is reckless in an operational database is sound here.",AUTHORED,
GB2_NRM_044,DB_NORMALIZATION,NRM_C14_JUDGEMENT,NRM_F44_COST_OF_FIXING_LATER,NRM_FAM44_RETROFIT_COST,NRM_RG_JUDGEMENT,D5,EVALUATE,mcq,Why is a normalisation problem so much more expensive to fix once a system is live?,Migrations cannot be run without taking the whole system offline for a while,Live databases cannot have their schemas altered,The application code cannot be changed after release,"The data has already diverged, so somebody must decide what the truth was",D,"The data has already diverged, so somebody must decide what the truth was","Restructuring is mechanical; reconciling contradictory rows is a business decision, one row at a time, with nothing in the database to say which copy was right.",AUTHORED,
GB2_NRM_045,DB_NORMALIZATION,NRM_C14_JUDGEMENT,NRM_F45_NOSQL_COMPARISON,NRM_FAM45_DOCUMENT_STORES,NRM_RG_JUDGEMENT,D5,EVALUATE,mcq,Document databases often embed related data rather than referencing it. What does that trade?,"Faster reads of a whole document, against updating every copy of an embedded fact","Correctness, which document databases cannot provide at all","Storage space, which embedding always increases substantially","Query flexibility, since data embedded in a document cannot be filtered or indexed separately",A,"Faster reads of a whole document, against updating every copy of an embedded fact","It is the same trade as denormalising, made structurally. It suits data read as a unit and changed rarely, and it suits a frequently updated shared fact badly.",AUTHORED,
GB2_NRM_046,DB_NORMALIZATION,NRM_C14_JUDGEMENT,NRM_F46_THIRD_FORM_ENOUGH,NRM_FAM46_HOW_FAR_TO_GO,NRM_RG_JUDGEMENT,D5,EVALUATE,mcq,Most practitioners stop at third normal form. Why?,Going further makes the schema impossible to query,The higher forms apply only to distributed systems,"It removes the anomalies that actually occur, and the higher forms address rarer cases",The higher forms are not supported by most relational database engines in common use today,C,"It removes the anomalies that actually occur, and the higher forms address rarer cases","Third normal form is where the return diminishes sharply. The higher forms are real and occasionally matter, but the cases they address are uncommon in ordinary business data.",AUTHORED,
GB2_NRM_047,DB_NORMALIZATION,NRM_C14_JUDGEMENT,NRM_F47_CONSTRAINT_VS_CODE,NRM_FAM47_WHERE_RULES_LIVE,NRM_RG_JUDGEMENT,D5,EVALUATE,mcq,Why enforce a relationship with a foreign key rather than in application code?,Foreign keys produce clearer error messages for users than application checks ever do,"Application validation is per code path, and there will be paths nobody remembers",Foreign keys make the related queries faster,Application code cannot check whether a row exists,B,"Application validation is per code path, and there will be paths nobody remembers","The admin screen, the bulk import and next year's migration are all paths, and the constraint is the only thing present in all of them. It usually costs a little speed rather than gaining it.",AUTHORED,
GB2_NRM_048,DB_NORMALIZATION,NRM_C14_JUDGEMENT,NRM_F48_SCHEMA_AS_DOCUMENTATION,NRM_FAM48_SCHEMA_COMMUNICATES,NRM_RG_JUDGEMENT,D5,EVALUATE,mcq,What does a well-normalised schema communicate to somebody reading it for the first time?,"What the system is about, and which rules the business actually holds",How much data the system is expected to hold,Which queries the system runs most often,How the application code that reads and writes those tables is organised,A,"What the system is about, and which rules the business actually holds","Tables name the entities and constraints state the rules, so the schema is often the clearest statement of the domain anywhere in the system — and the one most likely to be current.",AUTHORED,
GB2_NRM_049,DB_NORMALIZATION,NRM_C14_JUDGEMENT,NRM_F49_WHEN_DUPLICATION_IS_FINE,NRM_FAM49_ACCEPTABLE_DUPLICATION,NRM_RG_JUDGEMENT,D5,EVALUATE,mcq,Which duplicated value is NOT a normalisation problem?,A customer name repeated on each of their orders,The tax rate applied to a historical invoice,A department name repeated on each employee row,A product description repeated on each order line,B,The tax rate applied to a historical invoice,"The rate charged then must not change when the rate changes now, so it is a separate fact. The other three are single current facts copied across rows.",AUTHORED,
GB2_NRM_050,DB_NORMALIZATION,NRM_C14_JUDGEMENT,NRM_F50_DESIGN_FOR_QUESTIONS,NRM_FAM50_QUESTIONS_FIRST,NRM_RG_JUDGEMENT,D5,EVALUATE,mcq,Why write the queries a schema must support before finalising the tables?,The questions expose facts the design cannot answer while it is still cheap to change,It produces documentation for the development team,Table names follow naturally from the queries,The queries determine which indexes and which foreign keys the schema will eventually need,A,The questions expose facts the design cannot answer while it is still cheap to change,"Designing for the data you happen to have rather than the questions you will be asked is the commonest modelling mistake, and it surfaces only once the data exists.",AUTHORED,
GB2_TXN_001,DB_TRANSACTIONS,TXN_C01_DEFINITION,TXN_F01_WHAT_IT_IS,TXN_FAM01_DEFINITION,TXN_RG_DEFINITION,D1,REMEMBER,mcq,What is a database transaction?,A record of every change made to the database over a period,A connection held open between the application and the database server,A group of operations that either all take effect or none do,A single statement that reads or writes exactly one row at a time,C,A group of operations that either all take effect or none do,"All or nothing. The point is that no observer, and no crash, ever sees the half-finished state in between.",AUTHORED,
GB2_TXN_002,DB_TRANSACTIONS,TXN_C02_ACID,TXN_F02_ATOMICITY,TXN_FAM02_ATOMICITY_MEANING,TXN_RG_ACID,D1,REMEMBER,mcq,What does atomicity mean?,Each statement inside the transaction runs in the order it was written,The whole transaction succeeds or the whole transaction is undone,Committed changes survive a crash of the database server itself,Only one transaction may run against the database at any moment,B,The whole transaction succeeds or the whole transaction is undone,"There is no partial outcome. Surviving a crash after commit is durability, and running alone is closer to isolation.",AUTHORED,
GB2_TXN_003,DB_TRANSACTIONS,TXN_C02_ACID,TXN_F03_DURABILITY,TXN_FAM03_DURABILITY_MEANING,TXN_RG_ACID,D1,REMEMBER,mcq,What does durability mean?,The change cannot be undone by any later transaction whatsoever,The transaction can be retried if it fails for any reason,"Once committed, the change survives a crash",The data remains readable for as long as the table exists,C,"Once committed, the change survives a crash","Commit is a promise. A later transaction may of course change the data again — durability is about crashes, not about permanence.",AUTHORED,
GB2_TXN_004,DB_TRANSACTIONS,TXN_C03_COMMANDS,TXN_F04_ROLLBACK,TXN_FAM04_ROLLBACK_EFFECT,TXN_RG_COMMANDS,D1,REMEMBER,mcq,What does ROLLBACK do?,Undoes everything done since the transaction began,Undoes the most recent statement and leaves the rest in place,Restores the table to the state of the last backup taken,Cancels any transactions that are still waiting on a lock,A,Undoes everything done since the transaction began,"Back to the state at BEGIN, in one step. It does not undo statement by statement, and it touches nothing outside this transaction.",AUTHORED,
GB2_TXN_005,DB_TRANSACTIONS,TXN_C02_ACID,TXN_F05_ISOLATION,TXN_FAM05_ISOLATION_MEANING,TXN_RG_ACID,D1,REMEMBER,mcq,What does isolation mean?,Tables touched by a transaction are hidden from other queries,Concurrent transactions do not see each other's unfinished work,Each transaction runs on a separate connection to the database,"Transactions are executed strictly one after another, never together",B,Concurrent transactions do not see each other's unfinished work,Uncommitted work stays invisible. Databases run transactions concurrently and use isolation to make the result look as though they had not.,AUTHORED,
GB2_TXN_006,DB_TRANSACTIONS,TXN_C04_LOCKS,TXN_F06_LOCK_PURPOSE,TXN_FAM06_WHAT_LOCKS_DO,TXN_RG_LOCKS,D1,REMEMBER,mcq,What is a lock for?,To prevent unauthorised users from reading a particular table or row,To keep a row in memory so that reading it again is fast,To mark a row as read-only until an administrator releases it,To stop two transactions interfering with the same data at once,D,To stop two transactions interfering with the same data at once,"Locks are about concurrency, not permissions. They are taken and released by the database, usually without the application asking.",AUTHORED,
GB2_TXN_007,DB_TRANSACTIONS,TXN_C05_DEADLOCK,TXN_F07_DEADLOCK_DEFINITION,TXN_FAM07_DEADLOCK_MEANING,TXN_RG_DEADLOCK,D1,REMEMBER,mcq,What is a deadlock?,A query that never completes because the table is too large to scan,Two transactions each waiting for a lock the other holds,A row that has been locked and never released by its transaction,A transaction that has been waiting for a lock for a very long time,B,Two transactions each waiting for a lock the other holds,"A cycle of waiting that cannot resolve itself. The database detects it and kills one of the transactions, which is why the error arrives quickly.",AUTHORED,
GB2_TXN_008,DB_TRANSACTIONS,TXN_C02_ACID,TXN_F08_CONSISTENCY,TXN_FAM08_CONSISTENCY_MEANING,TXN_RG_ACID,D1,REMEMBER,mcq,What does consistency mean in ACID?,The database moves from one valid state to another valid state,Every table is kept in third normal form by the database engine,All users see identical data at exactly the same moment in time,The same query returns the same result every time it is executed,A,The database moves from one valid state to another valid state,"Constraints that held before the transaction hold after it. The ""everyone sees the same data"" sense belongs to distributed systems, not to this letter.",AUTHORED,
GB2_TXN_009,DB_TRANSACTIONS,TXN_C03_COMMANDS,TXN_F09_COMMIT,TXN_FAM09_COMMIT_EFFECT,TXN_RG_COMMANDS,D1,REMEMBER,mcq,What happens at COMMIT?,The changes are queued to be applied when the server is next idle,The changes are written to disk and the connection is then closed,The database checks the changes and applies them if they are valid,The changes become permanent and visible to everyone else,D,The changes become permanent and visible to everyone else,"Permanent and visible, in one step. The connection stays open, and nothing is deferred — that is the promise commit makes.",AUTHORED,
GB2_TXN_010,DB_TRANSACTIONS,TXN_C06_SCOPE,TXN_F10_IMPLICIT_TRANSACTION,TXN_FAM10_SINGLE_STATEMENT,TXN_RG_SCOPE,D1,REMEMBER,mcq,"Is a single UPDATE statement, run on its own, a transaction?",Only if it changes more than one row in the table,No — a transaction requires an explicit BEGIN statement first,Only if the table it is updating has constraints declared on it,Yes — the database wraps it in one automatically,D,Yes — the database wraps it in one automatically,"Every statement runs inside a transaction, declared or not. That is why a single UPDATE touching a thousand rows never leaves half of them changed.",AUTHORED,
GB2_TXN_011,DB_TRANSACTIONS,TXN_C07_WHY,TXN_F11_TRANSFER_EXAMPLE,TXN_FAM11_HALF_COMPLETED,TXN_RG_WHY,D2,UNDERSTAND,mcq,A transfer debits one account and credits another. What does wrapping it in a transaction prevent?,The balance being read while the transfer is still in progress,The transfer being applied twice if the request is retried,Two transfers from the same account running at the same time,Money leaving one account without arriving in the other,D,Money leaving one account without arriving in the other,"Atomicity rules out the half-completed transfer. Concurrent transfers need isolation, and duplicate requests need an idempotency key — different problems.",AUTHORED,
GB2_TXN_012,DB_TRANSACTIONS,TXN_C08_ANOMALIES,TXN_F12_DIRTY_READ,TXN_FAM12_DIRTY_READ,TXN_RG_ANOMALIES,D2,UNDERSTAND,mcq,What is a dirty read?,Reading a change that is later rolled back and never existed,Reading a row that another transaction is in the middle of deleting,Reading a row whose values fail the constraints declared on the table,Reading data that is out of date because a cache was not refreshed,A,Reading a change that is later rolled back and never existed,"You act on a number that was never true. Most databases prevent it by default, which is why it is more often discussed than encountered.",AUTHORED,
GB2_TXN_013,DB_TRANSACTIONS,TXN_C08_ANOMALIES,TXN_F13_LOST_UPDATE,TXN_FAM13_LOST_UPDATE,TXN_RG_ANOMALIES,D2,UNDERSTAND,mcq,"Two requests read a counter of 10, each add 1 and write 11. What is this called?",A lost update — one increment vanished,A deadlock — the two requests blocked each other,A constraint violation — the counter holds the wrong value,A dirty read — one request read uncommitted data,A,A lost update — one increment vanished,"Two increments went in and one came out. Nothing errored, nothing was logged, and the count is simply wrong from then on.",AUTHORED,
GB2_TXN_014,DB_TRANSACTIONS,TXN_C09_BOUNDARY,TXN_F14_WHERE_BOUNDARY,TXN_FAM14_BOUNDARY_CHOICE,TXN_RG_BOUNDARY,D2,UNDERSTAND,mcq,What decides where a transaction should begin and end?,How long the statements are expected to take to run,The number of statements that will be executed inside it,The set of changes that must not be left half-applied,Whether the statements touch more than one table,C,The set of changes that must not be left half-applied,The boundary follows the unit of work the business cares about. Statement count and table count are both beside the point.,AUTHORED,
GB2_TXN_015,DB_TRANSACTIONS,TXN_C10_COST,TXN_F15_LONG_TRANSACTION,TXN_FAM15_HOLDING_TOO_LONG,TXN_RG_COST,D2,UNDERSTAND,mcq,Why is a long-running transaction a problem?,"It holds locks, so other transactions queue behind it",It cannot be committed once it exceeds the connection timeout,It is more likely to be rolled back by the database automatically,It consumes more disk space than several shorter ones would,A,"It holds locks, so other transactions queue behind it",Everything waiting on those rows waits for the whole duration. One slow transaction can therefore make an entire application appear to hang.,AUTHORED,
GB2_TXN_016,DB_TRANSACTIONS,TXN_C10_COST,TXN_F16_NO_NETWORK_CALLS,TXN_FAM16_EXTERNAL_CALLS_INSIDE,TXN_RG_COST,D2,UNDERSTAND,mcq,Why should a call to an external payment API not sit inside a transaction?,"The database holds locks while waiting, and a rollback cannot undo the charge",Transactions are limited to statements written in SQL,External APIs cannot be called while a database connection has a transaction open,The API call would be rolled back along with the database changes,A,"The database holds locks while waiting, and a rollback cannot undo the charge","Two separate harms: an unbounded wait holding locks, and an external effect the database has no power to reverse. ROLLBACK does not un-charge a card.",AUTHORED,
GB2_TXN_017,DB_TRANSACTIONS,TXN_C11_LEVELS,TXN_F17_READ_COMMITTED,TXN_FAM17_DEFAULT_LEVEL,TXN_RG_LEVELS,D2,UNDERSTAND,mcq,"At READ COMMITTED, the usual default, what does a transaction see?","Everything other transactions have done, committed or not","Data committed by others, including changes made after it began",Only the data as it stood at the moment the transaction began,"Its own changes only, with everything else frozen until it commits",B,"Data committed by others, including changes made after it began","Uncommitted work is hidden, but newly committed work is not, so reading the same row twice can give two answers. Freezing the start state is REPEATABLE READ.",AUTHORED,
GB2_TXN_018,DB_TRANSACTIONS,TXN_C12_FAILURE,TXN_F18_ERROR_MEANS_ROLLBACK,TXN_FAM18_ERROR_HANDLING,TXN_RG_FAILURE,D2,UNDERSTAND,mcq,A statement inside a transaction throws an error. What must the code do?,Nothing — the database rolls the transaction back by itself,Commit what succeeded and log the statement that failed,"Roll back, so the earlier statements do not remain applied",Retry the failed statement and carry on with the rest,C,"Roll back, so the earlier statements do not remain applied","Leaving it open holds locks and may commit a partial change. Some drivers roll back on disconnect, but relying on that is relying on an accident.",AUTHORED,
GB2_TXN_019,DB_TRANSACTIONS,TXN_C08_ANOMALIES,TXN_F19_READ_MODIFY_WRITE,TXN_FAM19_WHY_LOST_UPDATES_HAPPEN,TXN_RG_ANOMALIES,D2,UNDERSTAND,mcq,Why is read-modify-write in application code dangerous?,The application may calculate the new value incorrectly,Another transaction can change the row between the read and the write,Reading and writing separately takes two round trips to the database instead of one,The database cannot index a column that is written this way,B,Another transaction can change the row between the read and the write,The gap between the two is where the other transaction fits. It is the commonest transaction bug in real systems and it never looks wrong when tested alone.,AUTHORED,
GB2_TXN_020,DB_TRANSACTIONS,TXN_C05_DEADLOCK,TXN_F20_DEADLOCK_RESPONSE,TXN_FAM20_HANDLING_DEADLOCK,TXN_RG_DEADLOCK,D2,UNDERSTAND,mcq,Your transaction is killed with a deadlock error. What is the normal response?,Report the failure to the user and take no further action for now,"Retry it, since the conflicting transaction has now finished",Increase the lock timeout so it waits longer next time,Split the transaction so that it takes fewer locks,B,"Retry it, since the conflicting transaction has now finished","Deadlocks are transient by nature, so a bounded retry usually succeeds. Taking locks in a consistent order is the fix when they become frequent.",AUTHORED,
GB2_TXN_021,DB_TRANSACTIONS,TXN_C13_PREVENTION,TXN_F21_ATOMIC_INCREMENT,TXN_FAM21_FIX_LOST_UPDATE,TXN_RG_PREVENTION,D3,APPLY,mcq,What is the simplest correct way to increment a counter column?,"SELECT the value, then UPDATE only if it has not changed meanwhile","UPDATE ... SET n = n + 1, letting the database do the arithmetic","Lock the whole table, read the value, write it back and unlock","SELECT the value, add one in code, then UPDATE with the result",B,"UPDATE ... SET n = n + 1, letting the database do the arithmetic",One statement means no gap for another transaction to slip into. The compare-and-set version is also correct but needs retry logic to go with it.,AUTHORED,
GB2_TXN_022,DB_TRANSACTIONS,TXN_C13_PREVENTION,TXN_F22_SELECT_FOR_UPDATE,TXN_FAM22_PESSIMISTIC_LOCK,TXN_RG_PREVENTION,D3,APPLY,mcq,"A value must be read, checked against business rules, then written. How do you make that safe?",Run the read and the write as two statements inside the same explicit transaction block,"Read the value, then verify it again immediately before writing it","SELECT ... FOR UPDATE inside the transaction, so the row is locked while you decide",Set the isolation level to READ COMMITTED before the read,C,"SELECT ... FOR UPDATE inside the transaction, so the row is locked while you decide",Being in a transaction does not by itself stop another from changing the row at READ COMMITTED. FOR UPDATE is what holds it until you commit.,AUTHORED,
GB2_TXN_023,DB_TRANSACTIONS,TXN_C09_BOUNDARY,TXN_F23_ORDER_PLACEMENT,TXN_FAM23_CHOOSING_SCOPE,TXN_RG_BOUNDARY,D3,APPLY,mcq,"Placing an order writes an order row, writes its line items, decrements stock, and emails the customer. What belongs in the transaction?","The three database writes, with the email sent after the commit",Each of the four steps in its own separate transaction,"All four steps, so that the email is not sent if anything at all fails","The order row only, with the rest written afterwards",A,"The three database writes, with the email sent after the commit",The writes must not be left half-applied; the email cannot be rolled back and the SMTP wait would hold locks. After commit is the correct place.,AUTHORED,
GB2_TXN_024,DB_TRANSACTIONS,TXN_C12_FAILURE,TXN_F24_TRY_FINALLY,TXN_FAM24_RELEASE_GUARANTEE,TXN_RG_FAILURE,D3,APPLY,mcq,How should transaction code be structured so a connection is never left open?,Wrap every statement in its own try/catch and continue past failures,Roll back at the start of the function in case one was left open,Rely on the connection pool to reclaim idle connections once a timeout has elapsed,"Commit on success, roll back on error, release the connection in a finally block",D,"Commit on success, roll back on error, release the connection in a finally block","The release must happen on every path, including the throw nobody anticipated. A pool timeout leaves locks held for its full duration first.",AUTHORED,
GB2_TXN_025,DB_TRANSACTIONS,TXN_C13_PREVENTION,TXN_F25_OPTIMISTIC_LOCK,TXN_FAM25_VERSION_COLUMN,TXN_RG_PREVENTION,D3,APPLY,mcq,"A form is loaded, edited for several minutes, then saved. How do you stop one user overwriting another?",Compare the timestamps and keep whichever save arrived most recently,Carry a version number and reject the save if the stored version has moved on,Lock the row when the form is opened and release it when it is saved,Save each field separately so that only the fields the user actually edited are written,B,Carry a version number and reject the save if the stored version has moved on,A lock held across user thinking time is a lock held until they go to lunch. The optimistic version detects the conflict at save and can tell the user about it.,AUTHORED,
GB2_TXN_026,DB_TRANSACTIONS,TXN_C05_DEADLOCK,TXN_F26_LOCK_ORDER,TXN_FAM26_PREVENTING_DEADLOCK,TXN_RG_DEADLOCK,D3,APPLY,mcq,"Two operations both touch accounts A and B, in opposite orders. How do you stop them deadlocking?",Shorten the transactions so that the window for a conflict is much smaller,"Always take the locks in the same order, for instance by ascending id",Put the two operations in a queue so they cannot overlap,Retry whichever transaction the database chooses to kill,B,"Always take the locks in the same order, for instance by ascending id","A cycle needs opposing orders, so a consistent order makes it impossible rather than merely rare. Shortening and retrying reduce the pain without removing the cause.",AUTHORED,
GB2_TXN_027,DB_TRANSACTIONS,TXN_C14_IDEMPOTENCY,TXN_F27_DUPLICATE_REQUEST,TXN_FAM27_RETRY_SAFETY,TXN_RG_IDEMPOTENCY,D3,APPLY,mcq,A user double-clicks Pay and two identical requests arrive. What prevents a double charge?,"A transaction around the payment, so only one can run at a time",Checking for a recent identical payment before inserting,"A unique key on the request, so the second insert is rejected",Disabling the button in the browser after the first click,C,"A unique key on the request, so the second insert is rejected",The database is the only place both requests must pass through. Checking first has the same read-modify-write gap the constraint closes; the disabled button helps but is not a guarantee.,AUTHORED,
GB2_TXN_028,DB_TRANSACTIONS,TXN_C10_COST,TXN_F28_BATCH_SIZE,TXN_FAM28_BULK_WORK,TXN_RG_COST,D3,APPLY,mcq,A job must update a million rows. How should it be transacted?,"In batches, each its own transaction, with the job able to resume","In one transaction, so the whole job can be rolled back cleanly on failure","One row per transaction, so that no lock is ever held for long","In one transaction, with a commit issued every few seconds",A,"In batches, each its own transaction, with the job able to resume","A single million-row transaction holds locks for its whole duration and must undo everything if it fails near the end. Batches trade atomicity for resumability, deliberately.",AUTHORED,
GB2_TXN_029,DB_TRANSACTIONS,TXN_C13_PREVENTION,TXN_F29_CONSTRAINT_OVER_CHECK,TXN_FAM29_LET_DB_ENFORCE,TXN_RG_PREVENTION,D3,APPLY,mcq,Stock must never go negative. What enforces that most reliably?,A transaction around the read and the decrement together,Reading the stock and refusing the sale if it has already reached zero,"A check constraint on the column, so no path can ever violate it",A background job that corrects any negative values it finds,C,"A check constraint on the column, so no path can ever violate it","A rule in the schema applies to every path, including the admin screen and the import script. A check in one code path protects that one code path.",AUTHORED,
GB2_TXN_030,DB_TRANSACTIONS,TXN_C12_FAILURE,TXN_F30_RETRY_BOUNDS,TXN_FAM30_SAFE_RETRY,TXN_RG_FAILURE,D3,APPLY,mcq,You add a retry around a transaction that can deadlock. What must the retry have?,A log entry written before each attempt begins,A longer timeout on each successive attempt,A fresh connection taken from the pool on each attempt,A limit on attempts and a growing delay between them,D,A limit on attempts and a growing delay between them,Unbounded immediate retries turn a transient conflict into sustained load on an already struggling database. Bounded attempts with backoff is the standard shape.,AUTHORED,
GB2_TXN_031,DB_TRANSACTIONS,TXN_C15_DIAGNOSIS,TXN_F31_COUNT_DRIFT,TXN_FAM31_COUNTER_WRONG,TXN_RG_DIAGNOSIS,D4,ANALYZE,mcq,"A view counter reads lower than the logged number of views, and only under load. What is happening?",The counter column is overflowing its numeric type under load,The counter is being read from a replica that lags behind the primary server,"Increments are being read, added and written back, and some are being lost",Some requests are failing before they reach the counter update,C,"Increments are being read, added and written back, and some are being lost","Only under load is the signature: concurrency is required to open the gap. A replica lag would show as a delay that catches up, not as a permanent shortfall.",AUTHORED,
GB2_TXN_032,DB_TRANSACTIONS,TXN_C15_DIAGNOSIS,TXN_F32_ORPHANED_ROWS,TXN_FAM32_PARTIAL_WRITE,TXN_RG_DIAGNOSIS,D4,ANALYZE,mcq,Some orders exist with no line items at all. What does that suggest?,The line items were deleted by a later cleanup job,The orders were created directly through the admin interface instead,A foreign key is missing between the two tables,The two writes were not in one transaction and the second failed,D,The two writes were not in one transaction and the second failed,"A half-applied unit of work is exactly what a missing boundary produces. A foreign key would not help here — nothing is pointing at a missing row, the rows simply were never written.",AUTHORED,
GB2_TXN_033,DB_TRANSACTIONS,TXN_C15_DIAGNOSIS,TXN_F33_TIMEOUT_CASCADE,TXN_FAM33_BLOCKED_BY_ONE,TXN_RG_DIAGNOSIS,D4,ANALYZE,mcq,"Requests all over the application start timing out at once, though the database is barely busy. What should you check first?",Whether the network between the application and database has degraded,Whether a query is missing an index and scanning a whole table,Whether one long transaction is holding locks everything else needs,Whether the database has run out of available connections,C,Whether one long transaction is holding locks everything else needs,"Idle CPU with everything waiting points at blocking rather than work. A missing index would show as a busy database, which is the opposite symptom.",AUTHORED,
GB2_TXN_034,DB_TRANSACTIONS,TXN_C15_DIAGNOSIS,TXN_F34_DEADLOCK_SPIKE,TXN_FAM34_FREQUENT_DEADLOCKS,TXN_RG_DIAGNOSIS,D4,ANALYZE,mcq,"Deadlocks were rare and are now constant, with no code change. What most likely changed?",The lock timeout was lowered by a configuration change,The database began detecting deadlocks that it had previously missed entirely,"Traffic rose, so transactions that rarely overlapped now routinely do","An index was dropped, making the transactions slower",C,"Traffic rose, so transactions that rarely overlapped now routinely do",The ordering fault was always there; volume made it likely rather than lucky. This is why deadlocks so often first appear on the day traffic grows.,AUTHORED,
GB2_TXN_035,DB_TRANSACTIONS,TXN_C15_DIAGNOSIS,TXN_F35_IDLE_IN_TRANSACTION,TXN_FAM35_LEAKED_TRANSACTION,TXN_RG_DIAGNOSIS,D4,ANALYZE,mcq,"Connections sit in state ""idle in transaction"" for minutes. What does that mean?",Code opened a transaction and neither committed nor rolled it back,The database is waiting for a slow query inside those transactions,The connection pool is holding connections open for reuse,Those transactions are blocked waiting on a lock held elsewhere,A,Code opened a transaction and neither committed nor rolled it back,Idle means the database is doing nothing and waiting on the application. Every lock those transactions took is still held while nobody is using them.,AUTHORED,
GB2_TXN_036,DB_TRANSACTIONS,TXN_C15_DIAGNOSIS,TXN_F36_DOUBLE_CHARGE,TXN_FAM36_DUPLICATE_EFFECT,TXN_RG_DIAGNOSIS,D4,ANALYZE,mcq,"A few customers were charged twice. The payment call sits inside the transaction, which sometimes fails afterwards and retries. What went wrong?",The payment provider processed the same request twice without noticing,The transaction was not isolated from other payments,The rollback undid the database row but could not undo the charge,The transaction was committed twice by the retry logic,C,The rollback undid the database row but could not undo the charge,"An external effect inside a transaction is outside the database's power to reverse, so the retry charges again. This is the concrete harm behind the rule about network calls.",AUTHORED,
GB2_TXN_037,DB_TRANSACTIONS,TXN_C15_DIAGNOSIS,TXN_F37_REPORT_INCONSISTENT,TXN_FAM37_READ_SKEW,TXN_RG_DIAGNOSIS,D4,ANALYZE,mcq,A report sums two tables in separate queries and the totals sometimes disagree. Why?,"A transfer committed between the two queries, so each saw a different moment",One query is missing rows because of a join condition that was written incorrectly,One of the two queries is reading from a stale replica,The two queries are rounding their results differently,A,"A transfer committed between the two queries, so each saw a different moment",Two queries outside one transaction see two points in time. Running both inside a single transaction at REPEATABLE READ gives them one consistent snapshot.,AUTHORED,
GB2_TXN_038,DB_TRANSACTIONS,TXN_C15_DIAGNOSIS,TXN_F38_WORKS_IN_TESTING,TXN_FAM38_UNTESTABLE_SERIALLY,TXN_RG_DIAGNOSIS,D4,ANALYZE,mcq,A concurrency bug passes every test and fails in production. Why do the tests miss it?,The tests use a different isolation level from production,The test database holds much less data than production does,The tests roll back their changes at the end instead of committing them,"The tests run operations one at a time, and the bug needs two at once",D,"The tests run operations one at a time, and the bug needs two at once",Sequential tests cannot produce a gap that requires overlap. Catching these means a test that deliberately runs two transactions concurrently.,AUTHORED,
GB2_TXN_039,DB_TRANSACTIONS,TXN_C15_DIAGNOSIS,TXN_F39_NEGATIVE_STOCK,TXN_FAM39_OVERSELL,TXN_RG_DIAGNOSIS,D4,ANALYZE,mcq,Stock went to minus three during a sale. The code checks stock before decrementing. What failed?,Several requests read the same positive stock before any of them wrote,The stock had not been updated after a previous delivery,The check was comparing against the wrong column,The decrement was applied more times than there were orders actually placed,A,Several requests read the same positive stock before any of them wrote,"Check-then-act is read-modify-write wearing a different hat. A conditional update, or a check constraint, closes the gap the check leaves open.",AUTHORED,
GB2_TXN_040,DB_TRANSACTIONS,TXN_C15_DIAGNOSIS,TXN_F40_SILENT_DATA_LOSS,TXN_FAM40_NO_ERROR_RAISED,TXN_RG_DIAGNOSIS,D4,ANALYZE,mcq,Why are lost updates so much harder to notice than deadlocks?,They resolve themselves once the conflicting transaction has finally finished,They occur only on databases without transaction support at all,Nothing fails — the write succeeds and the wrong value is simply stored,They are logged at a level most applications do not capture,C,Nothing fails — the write succeeds and the wrong value is simply stored,"A deadlock announces itself with an exception; a lost update is a successful write. It is usually found weeks later, by somebody who noticed a number looked wrong.",AUTHORED,
GB2_TXN_041,DB_TRANSACTIONS,TXN_C16_JUDGEMENT,TXN_F41_WHAT_TO_ASK,TXN_FAM41_BOUNDARY_QUESTION,TXN_RG_JUDGEMENT,D5,EVALUATE,mcq,What single question best decides whether two writes belong in one transaction?,Would it be acceptable for the first to happen and the second not to?,Does the second write depend on a value the first one produced?,Do the two writes touch the same table as each other?,Will the two writes usually run within a short time of each other in practice?,A,Would it be acceptable for the first to happen and the second not to?,It asks about consequences rather than mechanics. Dependency and shared tables are common in a unit of work but neither defines one.,AUTHORED,
GB2_TXN_042,DB_TRANSACTIONS,TXN_C16_JUDGEMENT,TXN_F42_ISOLATION_TRADEOFF,TXN_FAM42_WHY_NOT_SERIALIZABLE,TXN_RG_JUDGEMENT,D5,EVALUATE,mcq,SERIALIZABLE removes every concurrency anomaly. Why is it not the default?,It prevents more than one connection from writing at a time,It cannot be combined with explicit locking in a transaction,"It costs throughput, and adds failures the application must retry",It is not supported by most of the relational database engines in use,C,"It costs throughput, and adds failures the application must retry","Correctness by default would be a reasonable choice, and some systems make it. The trade is real work: more serialisation failures, each of which the code must be written to retry.",AUTHORED,
GB2_TXN_043,DB_TRANSACTIONS,TXN_C16_JUDGEMENT,TXN_F43_OPTIMISTIC_VS_PESSIMISTIC,TXN_FAM43_CHOOSING_STRATEGY,TXN_RG_JUDGEMENT,D5,EVALUATE,mcq,What decides between optimistic and pessimistic locking?,Whether the application is single-threaded or handles requests concurrently,How many tables the operation needs to write to,"How often conflicts actually occur, and how long the work is held open",Whether the database supports row-level locks natively,C,"How often conflicts actually occur, and how long the work is held open","Rare conflicts and long think time favour detecting at save. Frequent conflicts on short operations favour holding the lock, since retrying constantly is worse than waiting briefly.",AUTHORED,
GB2_TXN_044,DB_TRANSACTIONS,TXN_C16_JUDGEMENT,TXN_F44_DB_OVER_APPLICATION,TXN_FAM44_WHERE_SAFETY_LIVES,TXN_RG_JUDGEMENT,D5,EVALUATE,mcq,Why prefer a database constraint over a check in application code?,It can express rules that application code would be unable to express at all,It runs faster than the equivalent check in application code,"It applies to every writer, and it cannot be raced the way a check can",It produces error messages that are easier for users to understand,C,"It applies to every writer, and it cannot be raced the way a check can","Two separate advantages. The constraint is evaluated as part of the write itself, so there is no window between checking and acting, and no code path can skip it.",AUTHORED,
GB2_TXN_045,DB_TRANSACTIONS,TXN_C16_JUDGEMENT,TXN_F45_DISTRIBUTED_LIMIT,TXN_FAM45_ACROSS_SERVICES,TXN_RG_JUDGEMENT,D5,EVALUATE,mcq,Two services own separate databases and a single action must change both. What does that cost?,"Nothing, provided both services use transactions internally",Durability — committed changes may be lost if one service fails,Atomicity — the action must be made recoverable step by step instead,Isolation — the two services will read each other's uncommitted data,C,Atomicity — the action must be made recoverable step by step instead,"One transaction cannot span two databases, so the guarantee becomes eventual and the application must carry compensating steps. It is the price of the boundary, paid knowingly.",AUTHORED,
GB2_TXN_046,DB_TRANSACTIONS,TXN_C16_JUDGEMENT,TXN_F46_TESTING_CONCURRENCY,TXN_FAM46_HOW_TO_TEST,TXN_RG_JUDGEMENT,D5,EVALUATE,mcq,How do you write a test that would actually catch a lost update?,Run the operation with the isolation level set to SERIALIZABLE throughout,Mock the database and assert the update statement was called,Run the operation repeatedly and check it succeeds every time,Run the operation many times concurrently and assert the final total,D,Run the operation many times concurrently and assert the final total,"The assertion must be on the aggregate, not on each call, because every individual call succeeds. A hundred concurrent increments must leave exactly a hundred.",AUTHORED,
GB2_TXN_047,DB_TRANSACTIONS,TXN_C16_JUDGEMENT,TXN_F47_SHORT_TRANSACTIONS,TXN_FAM47_KEEP_THEM_SHORT,TXN_RG_JUDGEMENT,D5,EVALUATE,mcq,"Why is ""keep transactions short"" such a consistently good rule?",The database can optimise short transactions more effectively,"Duration multiplies every risk: locks held, conflicts met, work to undo",Short transactions are less likely to contain a programming error in them,Short transactions use fewer connections from the pool,B,"Duration multiplies every risk: locks held, conflicts met, work to undo","One variable drives three separate harms at once, which is what makes the rule worth following without case-by-case analysis.",AUTHORED,
GB2_TXN_048,DB_TRANSACTIONS,TXN_C16_JUDGEMENT,TXN_F48_WHEN_NOT_NEEDED,TXN_FAM48_UNNECESSARY_TRANSACTION,TXN_RG_JUDGEMENT,D5,EVALUATE,mcq,Which operation gains nothing from an explicit transaction?,Two updates that must both apply or neither apply,An insert into one table followed by an update to another,A single UPDATE against one row of one table,A read followed by a write that depends on what was read,C,A single UPDATE against one row of one table,It is already atomic — the database wrapped it. The other three each have a gap or a pair that an explicit boundary is there to close.,AUTHORED,
GB2_TXN_049,DB_TRANSACTIONS,TXN_C16_JUDGEMENT,TXN_F49_COMMON_MISTAKE,TXN_FAM49_MOST_COMMON_FAULT,TXN_RG_JUDGEMENT,D5,EVALUATE,mcq,Which transaction mistake causes the most damage in real systems?,Choosing an isolation level weaker than the operation requires,"Read-modify-write in application code, which loses data without any error","Forgetting to commit, which leaves the connection open indefinitely afterwards",Nesting one transaction inside another by mistake,B,"Read-modify-write in application code, which loses data without any error","The others announce themselves — a hang, a slow query, an exception. This one succeeds quietly, so it can run for months before anyone notices the number is wrong.",AUTHORED,
GB2_TXN_050,DB_TRANSACTIONS,TXN_C16_JUDGEMENT,TXN_F50_WHY_IT_MATTERS,TXN_FAM50_UNDERLYING_POINT,TXN_RG_JUDGEMENT,D5,EVALUATE,mcq,What is the underlying point of transactions?,To group related statements together so they are easier to read,To let code be written as though nothing else were running at the same time,To let many users work against the database simultaneously,To make the database recover automatically after a crash of the server itself,B,To let code be written as though nothing else were running at the same time,They buy back the simple mental model that concurrency destroys. Understanding where that illusion stops holding is what the rest of this skill is about.,AUTHORED,
