questionId,skillKey,conceptId,factId,familyId,reassessmentGroup,difficulty,cognitiveLevel,questionType,prompt,optionA,optionB,optionC,optionD,correctOption,correctAnswerText,explanation,provenance,sourceQuestionId
GB3_DPT_001,DESIGN_PATTERNS,DPT_C01_NATURE,DPT_F01_WHAT_A_PATTERN_IS,DPT_FAM01_PATTERN_MEANING,DPT_RG_NATURE,D1,REMEMBER,mcq,What is a design pattern?,A rule about how code must be structured,A diagram produced before coding,A name for a solution shape that keeps recurring,A library you install,C,A name for a solution shape that keeps recurring,"A name, not a rule. Code arrives at these shapes on its own; the name is what lets two engineers discuss one in a word.",AUTHORED,
GB3_DPT_002,DESIGN_PATTERNS,DPT_C02_STRATEGY,DPT_F02_WHAT_STRATEGY_DOES,DPT_FAM02_STRATEGY_MEANING,DPT_RG_STRATEGY,D1,REMEMBER,mcq,What does the strategy pattern let you change?,How two interfaces that were never meant to meet connect,Which class is created,"Which algorithm runs, without changing the caller",How objects are notified of events,C,"Which algorithm runs, without changing the caller",The algorithm varies; the caller does not. That separation is the whole pattern.,AUTHORED,
GB3_DPT_003,DESIGN_PATTERNS,DPT_C03_FACTORY,DPT_F03_WHAT_FACTORY_DOES,DPT_FAM03_FACTORY_MEANING,DPT_RG_FACTORY,D1,REMEMBER,mcq,What does a factory do?,Puts the decision about which object to make in one place,Guarantees only one instance exists,Converts one interface into another,Creates objects faster than calling a constructor directly,A,Puts the decision about which object to make in one place,"One place that decides. Speed has nothing to do with it, and a single instance is a different pattern.",AUTHORED,
GB3_DPT_004,DESIGN_PATTERNS,DPT_C04_OBSERVER,DPT_F04_WHAT_OBSERVER_DOES,DPT_FAM04_OBSERVER_MEANING,DPT_RG_OBSERVER,D1,REMEMBER,mcq,What problem does the observer pattern solve?,Telling interested parties that something happened,Choosing which class to instantiate,Restricting a class to one instance,Making two incompatible types work together,A,Telling interested parties that something happened,The thing that changed does not need to know who cares. That is what it buys.,AUTHORED,
GB3_DPT_005,DESIGN_PATTERNS,DPT_C05_ADAPTER,DPT_F05_WHAT_ADAPTER_DOES,DPT_FAM05_ADAPTER_MEANING,DPT_RG_ADAPTER,D1,REMEMBER,mcq,What is an adapter for?,Making something usable through an interface it does not implement,Notifying subscribers of a change,Adding behaviour to an object at runtime,Creating the right objects without naming their concrete class,A,Making something usable through an interface it does not implement,"Usually around a library you cannot change. It translates, and nothing else needs to know.",AUTHORED,
GB3_DPT_006,DESIGN_PATTERNS,DPT_C01_NATURE,DPT_F06_NOT_A_GOAL,DPT_FAM06_PATTERNS_ARE_NOT_A_TARGET,DPT_RG_NATURE,D1,REMEMBER,mcq,Is using more design patterns a sign of better code?,"Yes, for anything above a small project","Yes, patterns are best practice",Only in object-oriented languages,No — each one has to earn its place,D,No — each one has to earn its place,"Every pattern is machinery the next reader must hold. Unearned, it is cost without benefit.",AUTHORED,
GB3_DPT_007,DESIGN_PATTERNS,DPT_C06_VOCABULARY,DPT_F07_SHARED_NAME,DPT_FAM07_WHY_NAMES_HELP,DPT_RG_VOCABULARY,D1,REMEMBER,mcq,What is the main practical benefit of a pattern having a name?,It makes the code shorter,Two engineers can discuss the design in one word,The compiler can optimise it,It proves the design is correct before anything is written,B,Two engineers can discuss the design in one word,"Communication. ""Make it a strategy"" replaces a paragraph, and both people picture the same thing.",AUTHORED,
GB3_DPT_008,DESIGN_PATTERNS,DPT_C07_CHANGE,DPT_F08_WHAT_VARIES,DPT_FAM08_WHAT_PATTERNS_ISOLATE,DPT_RG_CHANGE,D1,REMEMBER,mcq,What do most design patterns separate?,Tested code from untested code,Fast code from slow code,Public code from private code,What changes from what stays the same,D,What changes from what stays the same,"Almost every pattern is an answer to ""what varies here, and what must not be disturbed when it does"".",AUTHORED,
GB3_DPT_009,DESIGN_PATTERNS,DPT_C08_SINGLETON,DPT_F09_WHAT_SINGLETON_IS,DPT_FAM09_SINGLETON_MEANING,DPT_RG_SINGLETON,D1,REMEMBER,mcq,What does a singleton guarantee?,That the object is created lazily,That the object is thread-safe,That only one instance of the class exists,That the class cannot be subclassed,C,That only one instance of the class exists,"One instance. Laziness and thread safety are implementation choices, and neither is implied.",AUTHORED,
GB3_DPT_010,DESIGN_PATTERNS,DPT_C09_LANGUAGE,DPT_F10_LANGUAGE_DEPENDENT,DPT_FAM10_PATTERNS_AND_LANGUAGES,DPT_RG_LANGUAGE,D1,REMEMBER,mcq,Why do some patterns look unnecessary in some languages?,The patterns only apply to compiled languages,Those languages actively discourage object-oriented design,The patterns were written for older hardware,The language already provides what the pattern works around,D,The language already provides what the pattern works around,Strategy is a class in one language and a function argument in another. The need is the same; the machinery is not.,AUTHORED,
GB3_DPT_011,DESIGN_PATTERNS,DPT_C02_STRATEGY,DPT_F11_WHY_STRATEGY,DPT_FAM11_WHY_STRATEGY_HELPS,DPT_RG_STRATEGY,D2,UNDERSTAND,mcq,"What does strategy replace, in code that has grown without it?",A function with too many parameters,A loop that does several things,A class hierarchy that is too deep,A conditional that keeps gaining branches,D,A conditional that keeps gaining branches,The signal is a switch on a type that gets edited every time a case is added. Strategy turns editing into adding.,AUTHORED,
GB3_DPT_012,DESIGN_PATTERNS,DPT_C03_FACTORY,DPT_F12_WHY_FACTORY,DPT_FAM12_WHY_FACTORY_HELPS,DPT_RG_FACTORY,D2,UNDERSTAND,mcq,Why put object creation behind a factory?,It removes the need for constructors,Objects end up being created rather more efficiently,The choice lives in one place instead of every caller,It makes the objects immutable,C,The choice lives in one place instead of every caller,"When the rule changes, one place changes. Callers that each decided for themselves are the problem it solves.",AUTHORED,
GB3_DPT_013,DESIGN_PATTERNS,DPT_C04_OBSERVER,DPT_F13_WHY_OBSERVER,DPT_FAM13_WHY_OBSERVER_HELPS,DPT_RG_OBSERVER,D2,UNDERSTAND,mcq,What does observer stop you from having to do?,Store the same piece of state in more than one place,Edit the source of the event every time a new listener appears,Pass data through several layers,Write code that runs concurrently,B,Edit the source of the event every time a new listener appears,"Without it, adding a fifth thing that cares about an order means editing the order code. With it, the order code never changes again.",AUTHORED,
GB3_DPT_014,DESIGN_PATTERNS,DPT_C05_ADAPTER,DPT_F14_WHY_ADAPTER,DPT_FAM14_WHY_ADAPTER_HELPS,DPT_RG_ADAPTER,D2,UNDERSTAND,mcq,Why is an adapter often the right answer around a third-party library?,It means you can skip reading the library documentation entirely,It removes the dependency entirely,"You cannot change the library, and it keeps its shape out of your code",It makes the library faster,C,"You cannot change the library, and it keeps its shape out of your code",It also means swapping the library later touches one file rather than forty.,AUTHORED,
GB3_DPT_015,DESIGN_PATTERNS,DPT_C08_SINGLETON,DPT_F15_SINGLETON_COST,DPT_FAM15_WHY_SINGLETON_IS_DISLIKED,DPT_RG_SINGLETON,D2,UNDERSTAND,mcq,Why is singleton the most criticised of the common patterns?,It always causes memory leaks,It is measurably slower than creating objects normally,It cannot be used in modern languages,"It is global state, which makes testing and reasoning harder",D,"It is global state, which makes testing and reasoning harder",A singleton is a global with better manners. Two tests sharing one now share its state as well.,AUTHORED,
GB3_DPT_016,DESIGN_PATTERNS,DPT_C07_CHANGE,DPT_F16_PREDICTING_CHANGE,DPT_FAM16_WHY_GUESSING_FAILS,DPT_RG_CHANGE,D2,UNDERSTAND,mcq,Why does applying a pattern early often make code worse?,A pattern cannot be refactored away once it is in place,You are guessing at which axis will actually change,Early code has no tests,Patterns are slower to execute,B,You are guessing at which axis will actually change,"The flexibility gets built along the wrong axis, and then both the machinery and the real change have to be paid for.",AUTHORED,
GB3_DPT_017,DESIGN_PATTERNS,DPT_C10_COMPOSITION,DPT_F17_PATTERNS_USE_COMPOSITION,DPT_FAM17_WHY_COMPOSITION_UNDERPINS,DPT_RG_COMPOSITION,D2,UNDERSTAND,mcq,Why do most patterns favour composition over inheritance?,Inheritance is slower,Composition uses less memory,Inheritance is not supported in every language you might use,Composed parts can be changed at runtime and independently,D,Composed parts can be changed at runtime and independently,Inheritance fixes the relationship when the code is written. Composition leaves it changeable when the program runs.,AUTHORED,
GB3_DPT_018,DESIGN_PATTERNS,DPT_C06_VOCABULARY,DPT_F18_NAMING_WRONGLY,DPT_FAM18_WHY_WRONG_NAMES_HARM,DPT_RG_VOCABULARY,D2,UNDERSTAND,mcq,A class is called OrderFactory but only ever returns one fixed type. What is the harm?,The name promises a flexibility the code does not have,A factory is required to return several different types,The class will be slower,The compiler cannot inline it,A,The name promises a flexibility the code does not have,A reader trusts the name and goes looking for the variation. Misleading vocabulary is worse than none.,AUTHORED,
GB3_DPT_019,DESIGN_PATTERNS,DPT_C11_TESTING,DPT_F19_PATTERNS_AND_TESTS,DPT_FAM19_WHY_PATTERNS_AFFECT_TESTS,DPT_RG_TESTING,D2,UNDERSTAND,mcq,How does strategy usually affect testability?,It removes the need for tests,It has no effect on testing,It worsens it — there are simply more classes to cover,It improves it — each algorithm can be tested alone,D,It improves it — each algorithm can be tested alone,"Behaviour behind an interface is behaviour you can substitute, which is most of what makes something testable.",AUTHORED,
GB3_DPT_020,DESIGN_PATTERNS,DPT_C01_NATURE,DPT_F20_DISCOVERED_NOT_INVENTED,DPT_FAM20_WHERE_PATTERNS_CAME_FROM,DPT_RG_NATURE,D2,UNDERSTAND,mcq,Where did the catalogued design patterns come from?,They were designed as a standard for the industry,They were observed in code people had already written,They were defined by language committees,They came from mathematical proofs,B,They were observed in code people had already written,"Catalogued, not invented. Which is why ""refactor towards a pattern once the need appears"" is the natural order.",AUTHORED,
GB3_DPT_021,DESIGN_PATTERNS,DPT_C02_STRATEGY,DPT_F21_APPLY_STRATEGY,DPT_FAM21_CHOOSING_FOR_A_PROBLEM,DPT_RG_STRATEGY,D3,APPLY,mcq,"Shipping cost is calculated by a switch on carrier, and a fourth carrier is being added. What fits?",Strategy — one implementation per carrier,Observer — notify carriers of orders,Adapter — wrap each carrier API,Singleton — one calculator for the application,A,Strategy — one implementation per carrier,The algorithm varies by carrier and the caller does not care which. Adding a carrier becomes adding a file.,AUTHORED,
GB3_DPT_022,DESIGN_PATTERNS,DPT_C04_OBSERVER,DPT_F22_APPLY_OBSERVER,DPT_FAM22_CHOOSING_FOR_EVENTS,DPT_RG_OBSERVER,D3,APPLY,mcq,"Placing an order must send an email, update stock and log analytics — and more will be added. What fits?",Strategy — swap the order algorithm,Factory — create the right order type,"Observer — the order publishes, others subscribe",Adapter — wrap each downstream service interface,C,"Observer — the order publishes, others subscribe","The list of things that care will keep growing, and none of them should require editing the order code.",AUTHORED,
GB3_DPT_023,DESIGN_PATTERNS,DPT_C05_ADAPTER,DPT_F23_APPLY_ADAPTER,DPT_FAM23_CHOOSING_FOR_A_LIBRARY,DPT_RG_ADAPTER,D3,APPLY,mcq,"You are replacing one payment provider with another, and their SDKs differ. What limits the damage?",An observer notified of payments,"An adapter, so your code talks to one interface either way",A singleton holding whichever provider is currently active,Nothing — the call sites must change,B,"An adapter, so your code talks to one interface either way","Done before the migration it is one file; done after, it is every call site twice.",AUTHORED,
GB3_DPT_024,DESIGN_PATTERNS,DPT_C03_FACTORY,DPT_F24_APPLY_FACTORY,DPT_FAM24_CHOOSING_FOR_CREATION,DPT_RG_FACTORY,D3,APPLY,mcq,"Which report object to build depends on the user plan, and the rule is repeated in six places. What fits?",An adapter over the report types,A factory holding the rule once,A singleton report builder,A strategy for each report,B,A factory holding the rule once,The repetition is the signal. The rule changing in five places out of six is the bug waiting to happen.,AUTHORED,
GB3_DPT_025,DESIGN_PATTERNS,DPT_C12_RESTRAINT,DPT_F25_NO_PATTERN_NEEDED,DPT_FAM25_WHEN_NOTHING_IS_NEEDED,DPT_RG_RESTRAINT,D3,APPLY,mcq,A function formats a date one way and nothing suggests it will ever do otherwise. What should you apply?,An adapter around the date library,Nothing — leave it as a function,"Strategy, in case formats are added",A factory for formatters,B,Nothing — leave it as a function,Flexibility nobody asked for is the commonest way patterns make code worse. Add it when the second format arrives.,AUTHORED,
GB3_DPT_026,DESIGN_PATTERNS,DPT_C13_REFACTOR_TO,DPT_F26_REFACTOR_TOWARDS,DPT_FAM26_WHEN_TO_INTRODUCE,DPT_RG_REFACTOR_TO,D3,APPLY,mcq,When is the right moment to introduce a pattern?,During the first implementation,Only during a dedicated refactoring sprint,"At the design stage, well before any code has been written","When the need has appeared, usually the second or third time",D,"When the need has appeared, usually the second or third time","Once is an instance, twice is a coincidence, three times is a shape. Refactoring towards a pattern beats guessing at one.",AUTHORED,
GB3_DPT_027,DESIGN_PATTERNS,DPT_C08_SINGLETON,DPT_F27_SINGLETON_ALTERNATIVE,DPT_FAM27_AVOIDING_SINGLETON,DPT_RG_SINGLETON,D3,APPLY,mcq,You need one database connection pool for the application. What is usually better than a singleton?,A new pool per request,Create it once at startup and pass it where it is needed,A global variable,A static class that exposes nothing but static methods,B,Create it once at startup and pass it where it is needed,"Same single instance, without the global reach — and a test can hand in a different one.",AUTHORED,
GB3_DPT_028,DESIGN_PATTERNS,DPT_C11_TESTING,DPT_F28_PATTERN_FOR_TESTS,DPT_FAM28_DESIGNING_FOR_SUBSTITUTION,DPT_RG_TESTING,D3,APPLY,mcq,A class calls a live email service directly and cannot be tested. What change helps most?,Make the sender a singleton,Take the sender as a dependency behind an interface,Add a flag that skips actually sending while under test,Move the call into a private method,B,Take the sender as a dependency behind an interface,A test then hands in a fake. The flag is the same idea done worse: test-only branches in production code.,AUTHORED,
GB3_DPT_029,DESIGN_PATTERNS,DPT_C10_COMPOSITION,DPT_F29_APPLY_COMPOSITION,DPT_FAM29_CHOOSING_COMPOSITION,DPT_RG_COMPOSITION,D3,APPLY,mcq,"A notification can be email, SMS, or both at once, and combinations keep being requested. What fits?",A singleton notifier with flags,A separate subclass for every possible combination,"Compose notifiers, so a combination is a list of them",A switch on notification type,C,"Compose notifiers, so a combination is a list of them",Subclassing combinations explodes: three channels is seven classes. Composition makes a combination a list.,AUTHORED,
GB3_DPT_030,DESIGN_PATTERNS,DPT_C12_RESTRAINT,DPT_F30_SIMPLEST_THING,DPT_FAM30_CHOOSING_THE_SMALLEST,DPT_RG_RESTRAINT,D3,APPLY,mcq,"Two implementations of one behaviour are needed, in a language with first-class functions. What is usually enough?",A factory returning the implementation,A strategy interface with two classes,An abstract base class,Pass a function,D,Pass a function,"The same separation with none of the machinery. The pattern is the idea, not the class diagram.",AUTHORED,
GB3_DPT_031,DESIGN_PATTERNS,DPT_C12_RESTRAINT,DPT_F31_PATTERN_SOUP,DPT_FAM31_DIAGNOSE_OVERUSE,DPT_RG_RESTRAINT,D4,ANALYZE,mcq,"Following one request through the code passes seven interfaces, each with one implementation. What is the problem?",Indirection that buys nothing,Poor naming,Missing documentation,Not enough abstraction,A,Indirection that buys nothing,"An interface with one implementation is a layer to read through, not a seam. Seven of them is a codebase nobody can follow.",AUTHORED,
GB3_DPT_032,DESIGN_PATTERNS,DPT_C02_STRATEGY,DPT_F32_WRONG_AXIS,DPT_FAM32_DIAGNOSE_WRONG_AXIS,DPT_RG_STRATEGY,D4,ANALYZE,mcq,"A strategy was built for payment methods, but every change so far has been to currency handling. What happened?",Currency should also be a strategy,Strategy was the wrong pattern for this problem entirely,The flexibility was built along an axis that does not change,The strategies were implemented badly,C,The flexibility was built along an axis that does not change,The cost is paid and the benefit never arrives. Which is the argument for adding a pattern once the change has shown itself.,AUTHORED,
GB3_DPT_033,DESIGN_PATTERNS,DPT_C08_SINGLETON,DPT_F33_SINGLETON_IN_TESTS,DPT_FAM33_DIAGNOSE_SHARED_STATE,DPT_RG_SINGLETON,D4,ANALYZE,mcq,Tests pass alone and fail when run together. The code uses a singleton cache. What is the likely cause?,Singletons are not safe to use across threads,The tests run too quickly,State from one test is still there in the next,The cache is too small,C,State from one test is still there in the next,The classic symptom of global state. It also means the tests now depend on the order they run in.,AUTHORED,
GB3_DPT_034,DESIGN_PATTERNS,DPT_C04_OBSERVER,DPT_F34_OBSERVER_UNTRACEABLE,DPT_FAM34_DIAGNOSE_OBSERVER_COST,DPT_RG_OBSERVER,D4,ANALYZE,mcq,Saving a record triggers effects nobody can locate. The system is event-driven throughout. What has been traded away?,The ability to add new listeners without editing the source,Performance,Traceability — you cannot see what happens next by reading,Type safety,C,Traceability — you cannot see what happens next by reading,"Decoupling is exactly what makes the consequences invisible. That is observer’s real cost, and it grows with the listeners.",AUTHORED,
GB3_DPT_035,DESIGN_PATTERNS,DPT_C14_NAMING,DPT_F35_MANAGER_CLASSES,DPT_FAM35_DIAGNOSE_VAGUE_NAMES,DPT_RG_NAMING,D4,ANALYZE,mcq,"A codebase is full of classes named Manager, Helper and Processor. What does that usually indicate?",Responsibilities were never really decided,The team follows a naming convention,The code is heavily patterned,The classes are utilities,A,Responsibilities were never really decided,"A class you cannot name precisely is usually a class doing several things. The vague name is the symptom, not the fault.",AUTHORED,
GB3_DPT_036,DESIGN_PATTERNS,DPT_C13_REFACTOR_TO,DPT_F36_PATTERN_TOO_LATE,DPT_FAM36_DIAGNOSE_MISSING_SEAM,DPT_RG_REFACTOR_TO,D4,ANALYZE,mcq,"A pricing rule must change, and the same conditional appears in eleven files. What was missing?",More tests around pricing,A faster algorithm,Better variable names,One place that owned the rule,D,One place that owned the rule,Whether that place is called a factory or a function hardly matters. The absence of it is the defect.,AUTHORED,
GB3_DPT_037,DESIGN_PATTERNS,DPT_C10_COMPOSITION,DPT_F37_INHERITANCE_EXPLOSION,DPT_FAM37_DIAGNOSE_SUBCLASS_GROWTH,DPT_RG_COMPOSITION,D4,ANALYZE,mcq,Adding a fourth option doubled the number of subclasses. What is the underlying mistake?,Independent choices were modelled as inheritance,The base class is too large,The subclasses are poorly named,The hierarchy is missing a common interface,A,Independent choices were modelled as inheritance,Each independent choice doubles a hierarchy and adds one to a composition. That growth rate IS the diagnosis.,AUTHORED,
GB3_DPT_038,DESIGN_PATTERNS,DPT_C11_TESTING,DPT_F38_HARD_TO_TEST,DPT_FAM38_DIAGNOSE_UNTESTABLE,DPT_RG_TESTING,D4,ANALYZE,mcq,A class is almost impossible to test. What does that usually say about its design?,It decides its own collaborators instead of being given them,It is simply not using enough of the established patterns,It has too many methods,It needs more comments,A,It decides its own collaborators instead of being given them,Difficulty testing is a design signal rather than a testing problem. Something it constructs internally cannot be substituted.,AUTHORED,
GB3_DPT_039,DESIGN_PATTERNS,DPT_C14_NAMING,DPT_F39_PATTERN_IN_NAME,DPT_FAM39_DIAGNOSE_PATTERN_NAMES,DPT_RG_NAMING,D4,ANALYZE,mcq,"Every class ends in Factory, Strategy or Builder. What does that suggest?",The codebase is mature,The design is well documented,Patterns are being applied as a goal rather than a solution,The team is unusually disciplined about its naming,C,Patterns are being applied as a goal rather than a solution,A name should say what the thing is FOR. A codebase named after its machinery has forgotten what it does.,AUTHORED,
GB3_DPT_040,DESIGN_PATTERNS,DPT_C09_LANGUAGE,DPT_F40_PORTED_PATTERN,DPT_FAM40_DIAGNOSE_MISFIT,DPT_RG_LANGUAGE,D4,ANALYZE,mcq,"A Python codebase has abstract base classes with single methods, one implementation each. What is happening?",The classes are placeholders,A pattern is being carried over that the language already handles,Python requires this for polymorphism,The code has been correctly designed for future extension,B,A pattern is being carried over that the language already handles,"In a language with first-class functions, that is a function. The shape was imported from a language that needed the class.",AUTHORED,
GB3_DPT_041,DESIGN_PATTERNS,DPT_C12_RESTRAINT,DPT_F41_WORTH_ITS_WEIGHT,DPT_FAM41_JUDGING_WORTH,DPT_RG_RESTRAINT,D5,EVALUATE,mcq,What is the test of whether a pattern earns its place?,Whether it appears in the catalogue,Whether the change it anticipates actually happens,Whether it reduces the number of lines,Whether everybody on the team recognises the pattern,B,Whether the change it anticipates actually happens,"Unused flexibility is pure cost, paid by every reader forever. The change arriving is what redeems it.",AUTHORED,
GB3_DPT_042,DESIGN_PATTERNS,DPT_C15_TEAM,DPT_F42_CONSISTENCY,DPT_FAM42_JUDGING_LOCAL_STYLE,DPT_RG_TEAM,D5,EVALUATE,mcq,A codebase solves a problem one way throughout; you know a better pattern. What matters most?,Whether the team has heard of it,"Whether your pattern is, in the abstract, objectively better",Whether it is in the original catalogue,"Whether the whole codebase will move, or only your corner",D,"Whether the whole codebase will move, or only your corner",One island of a better approach is a second convention. Better alone does not beat consistent.,AUTHORED,
GB3_DPT_043,DESIGN_PATTERNS,DPT_C16_SIMPLICITY,DPT_F43_SIMPLE_BEATS_CLEVER,DPT_FAM43_JUDGING_AGAINST_SIMPLE,DPT_RG_SIMPLICITY,D5,EVALUATE,mcq,A pattern and a plain conditional both solve the problem today. Which should you choose?,"The pattern, because it is more extensible","The pattern, because a conditional will not scale later on","The conditional, until a second reason to change appears",Whichever the team used last,C,"The conditional, until a second reason to change appears",Refactoring a conditional into a strategy later is easy. Removing machinery that turned out unnecessary rarely happens.,AUTHORED,
GB3_DPT_044,DESIGN_PATTERNS,DPT_C15_TEAM,DPT_F44_JUNIOR_READERS,DPT_FAM44_JUDGING_FOR_READERS,DPT_RG_TEAM,D5,EVALUATE,mcq,Does it matter that a pattern is unfamiliar to most of the team?,"No, they should learn it",Yes — code is read far more often than written,Only for very large teams,"No, these patterns are standard professional knowledge",B,Yes — code is read far more often than written,"Not an argument against ever using one — an argument for explaining it, and for weighing the cost honestly.",AUTHORED,
GB3_DPT_045,DESIGN_PATTERNS,DPT_C04_OBSERVER,DPT_F45_EVENTS_EVERYWHERE,DPT_FAM45_JUDGING_EVENT_DRIVEN,DPT_RG_OBSERVER,D5,EVALUATE,mcq,When is making a system event-driven throughout the wrong call?,When events are frequent,When the system is distributed across many separate services,When there are many listeners,When the flow is essentially a sequence somebody needs to follow,D,When the flow is essentially a sequence somebody needs to follow,"Events buy decoupling and spend traceability. For a linear process, calling the next step is clearer and honest.",AUTHORED,
GB3_DPT_046,DESIGN_PATTERNS,DPT_C16_SIMPLICITY,DPT_F46_REMOVING_A_PATTERN,DPT_FAM46_JUDGING_REMOVAL,DPT_RG_SIMPLICITY,D5,EVALUATE,mcq,A pattern has been in place two years and its flexibility was never used. What should happen?,Add more implementations so that it justifies itself,Document why it exists,"Leave it, in case it is needed",Consider removing it — unused indirection is a cost,D,Consider removing it — unused indirection is a cost,Two years of evidence beats the original guess. Taking machinery out is a legitimate refactoring and rarely done.,AUTHORED,
GB3_DPT_047,DESIGN_PATTERNS,DPT_C17_INTERVIEW,DPT_F47_DISCUSSING_DESIGN,DPT_FAM47_JUDGING_AN_ANSWER,DPT_RG_INTERVIEW,D5,EVALUATE,mcq,"In a design discussion, what makes a pattern suggestion convincing?",Citing where it is commonly used,Describing its class structure,Naming the change it protects against,Naming the pattern correctly,C,Naming the change it protects against,"""Strategy, because carriers are added twice a year"" is an argument. ""Strategy"" on its own is a word.",AUTHORED,
GB3_DPT_048,DESIGN_PATTERNS,DPT_C07_CHANGE,DPT_F48_UNCERTAIN_FUTURE,DPT_FAM48_JUDGING_UNDER_UNCERTAINTY,DPT_RG_CHANGE,D5,EVALUATE,mcq,You genuinely cannot tell which axis will change. What is the best response?,Choose whichever axis seems most likely today and commit to it fully,Delay the work until it is clearer,"Keep it simple and easy to change, rather than flexible in one direction",Add flexibility on every axis,C,"Keep it simple and easy to change, rather than flexible in one direction",Simple code can become anything. Code made flexible along the wrong axis has to be undone first.,AUTHORED,
GB3_DPT_049,DESIGN_PATTERNS,DPT_C13_REFACTOR_TO,DPT_F49_SECOND_OR_THIRD,DPT_FAM49_JUDGING_THE_MOMENT,DPT_RG_REFACTOR_TO,D5,EVALUATE,mcq,"Why is the second or third occurrence usually the right moment, rather than the first?",By then you can see the actual shape of the variation,Teams only approve refactoring after repetition,Two cases are easier to refactor than one,One occurrence cannot be abstracted,A,By then you can see the actual shape of the variation,One example tells you nothing about what varies. Three tell you where the seam belongs — and that it belongs.,AUTHORED,
GB3_DPT_050,DESIGN_PATTERNS,DPT_C01_NATURE,DPT_F50_THE_REAL_SKILL,DPT_FAM50_JUDGING_THE_WHOLE,DPT_RG_NATURE,D5,EVALUATE,mcq,What does knowing design patterns well actually give an engineer?,A reliable way of making almost any codebase more extensible,A standard structure for new projects,"A vocabulary for design, and judgement about when not to use it",A catalogue of solutions to apply,C,"A vocabulary for design, and judgement about when not to use it",The vocabulary is the easy half and the restraint is the valuable one. Somebody who knows all twenty-three and uses all of them is worse than somebody who knows four.,AUTHORED,
GB3_ARC_001,SOFTWARE_ARCHITECTURE,ARC_C01_LAYERS,ARC_F01_WHAT_A_LAYER_IS,ARC_FAM01_LAYER_MEANING,ARC_RG_LAYERS,D1,REMEMBER,mcq,What is a layer in an application?,A group of code with one kind of responsibility,A separate process the application runs,A version of the app released to users,A folder that keeps related files together,A,A group of code with one kind of responsibility,"Responsibility, not location. A folder is how you store it; a layer is what it is allowed to be about.",AUTHORED,
GB3_ARC_002,SOFTWARE_ARCHITECTURE,ARC_C02_DIRECTION,ARC_F02_DEPENDENCY_RULE,ARC_FAM02_WHICH_WAY_ARROWS_POINT,ARC_RG_DIRECTION,D1,REMEMBER,mcq,"In a layered application, which way should dependencies point?","Inward, towards the business rules","Outward, towards the database","Downward, towards the framework","Both ways, so layers can cooperate",A,"Inward, towards the business rules",The rules are the thing you keep. Everything else is a detail that should be replaceable around them.,AUTHORED,
GB3_ARC_003,SOFTWARE_ARCHITECTURE,ARC_C03_BOUNDARY,ARC_F03_WHAT_A_BOUNDARY_IS,ARC_FAM03_BOUNDARY_MEANING,ARC_RG_BOUNDARY,D1,REMEMBER,mcq,What does a boundary in a system represent?,A wall between two development teams,A point where the language changes,A limit on how much code a file may hold,A promise about what can change independently,D,A promise about what can change independently,That promise is the whole value. A boundary nothing can change across independently is only a folder.,AUTHORED,
GB3_ARC_004,SOFTWARE_ARCHITECTURE,ARC_C04_SEPARATION,ARC_F04_SEPARATION_MEANING,ARC_FAM04_SEPARATION_OF_CONCERNS,ARC_RG_SEPARATION,D1,REMEMBER,mcq,What does separation of concerns mean in practice?,One piece of code is about one thing,Business code is kept in one folder,Each developer owns a separate module,Concerns are documented before coding,A,One piece of code is about one thing,"Said plainly rather than abstractly: if you cannot name what a file is about in a phrase, it is about several things.",AUTHORED,
GB3_ARC_005,SOFTWARE_ARCHITECTURE,ARC_C05_COST,ARC_F05_LAYERS_COST,ARC_FAM05_ABSTRACTION_HAS_A_PRICE,ARC_RG_COST,D1,REMEMBER,mcq,What does adding a layer cost?,Something more for every reader to hold,A longer build and deployment time,More memory used while the app runs,Measurably slower execution at runtime,A,Something more for every reader to hold,"The cost is comprehension, paid by everybody who reads it afterwards. That is why a layer has to buy something.",AUTHORED,
GB3_ARC_006,SOFTWARE_ARCHITECTURE,ARC_C06_REVERSIBLE,ARC_F06_EXPENSIVE_DECISIONS,ARC_FAM06_WHICH_DECISIONS_MATTER,ARC_RG_REVERSIBLE,D1,REMEMBER,mcq,Which kind of decision deserves the most thought up front?,One that is expensive to reverse later,One that affects the most files today,One the team disagrees about most,One that takes longest to implement,A,One that is expensive to reverse later,Cheap to undo means decide quickly and move on. The expensive ones are where the thinking belongs.,AUTHORED,
GB3_ARC_007,SOFTWARE_ARCHITECTURE,ARC_C07_DOMAIN,ARC_F07_WHAT_THE_DOMAIN_IS,ARC_FAM07_DOMAIN_MEANING,ARC_RG_DOMAIN,D1,REMEMBER,mcq,What belongs in the domain layer?,The queries that read the database,The rules of the business itself,The endpoints the client calls,The settings the app starts with,B,The rules of the business itself,What the business would still be true about if you rewrote the whole application in another language.,AUTHORED,
GB3_ARC_008,SOFTWARE_ARCHITECTURE,ARC_C08_COUPLING,ARC_F08_COUPLING_MEANING,ARC_FAM08_COUPLING_AND_COHESION,ARC_RG_COUPLING,D1,REMEMBER,mcq,Two modules are tightly coupled. What does that mean?,They are written by the same team,They are stored in the same source folder,Changing one usually forces changing the other,They run inside the same process,C,Changing one usually forces changing the other,"Coupling is measured by what a change costs, not by where the files sit or who wrote them.",AUTHORED,
GB3_ARC_009,SOFTWARE_ARCHITECTURE,ARC_C09_INTERFACE,ARC_F09_INTERFACE_AT_BOUNDARY,ARC_FAM09_WHAT_SITS_AT_A_BOUNDARY,ARC_RG_INTERFACE,D1,REMEMBER,mcq,What usually sits at a boundary between layers?,An interface describing what is needed,A shared file of helper functions,A comment explaining the split,A database table both layers read,A,An interface describing what is needed,"The interface is stated by the layer that NEEDS the work, which is what keeps the dependency pointing inward.",AUTHORED,
GB3_ARC_010,SOFTWARE_ARCHITECTURE,ARC_C10_DIAGRAM,ARC_F10_DIAGRAM_IS_NOT_DESIGN,ARC_FAM10_WHAT_ARCHITECTURE_IS_NOT,ARC_RG_DIAGRAM,D1,REMEMBER,mcq,Is a diagram of boxes and arrows the architecture?,No — the decisions behind it are,"Yes, if it is kept up to date","Yes, that is what the word means",Only for systems above a certain size,A,No — the decisions behind it are,A diagram records an architecture. Two teams can draw the same boxes and have made opposite decisions.,AUTHORED,
GB3_ARC_011,SOFTWARE_ARCHITECTURE,ARC_C02_DIRECTION,ARC_F11_WHY_INWARD,ARC_FAM11_WHY_DIRECTION_MATTERS,ARC_RG_DIRECTION,D2,UNDERSTAND,mcq,Why should the business rules not import the database code?,So the rules can be written in any language,So the database can be queried more quickly,So the database schema stays simpler,So they can be tested and kept when it changes,D,So they can be tested and kept when it changes,"Rules that import a database need one to run, so every test needs one too — and swapping it rewrites them.",AUTHORED,
GB3_ARC_012,SOFTWARE_ARCHITECTURE,ARC_C03_BOUNDARY,ARC_F12_WHY_BOUNDARY_HELPS,ARC_FAM12_WHY_BOUNDARIES_HELP,ARC_RG_BOUNDARY,D2,UNDERSTAND,mcq,What does a well-placed boundary let you do?,Change one side without reading the other,Deploy the two halves separately,Assign the two sides to different teams,Write the two sides in different styles,A,Change one side without reading the other,Separate deployment is sometimes a consequence; not having to understand both sides is the point.,AUTHORED,
GB3_ARC_013,SOFTWARE_ARCHITECTURE,ARC_C08_COUPLING,ARC_F13_WHY_COUPLING_HURTS,ARC_FAM13_WHY_COUPLING_COSTS,ARC_RG_COUPLING,D2,UNDERSTAND,mcq,Why is tight coupling expensive over time?,Each change spreads further than intended,It makes the codebase larger on disk,It prevents the use of design patterns,Coupled code runs more slowly than split code,A,Each change spreads further than intended,"A one-line change that touches nine files is the symptom. The cost is paid on every change, forever.",AUTHORED,
GB3_ARC_014,SOFTWARE_ARCHITECTURE,ARC_C05_COST,ARC_F14_WHY_NOT_MORE_LAYERS,ARC_FAM14_WHY_LAYERS_ARE_NOT_FREE,ARC_RG_COST,D2,UNDERSTAND,mcq,"Why is ""add another layer"" not automatically an improvement?",Layers make automated testing harder,Layers always slow the application down,Most languages limit how many you can have,Indirection that buys nothing still has to be read,D,Indirection that buys nothing still has to be read,Following one request through seven hops is a real cost. Each hop has to earn itself against that.,AUTHORED,
GB3_ARC_015,SOFTWARE_ARCHITECTURE,ARC_C11_TESTABILITY,ARC_F15_ARCHITECTURE_AND_TESTS,ARC_FAM15_WHY_DESIGN_AFFECTS_TESTS,ARC_RG_TESTABILITY,D2,UNDERSTAND,mcq,Why is a hard-to-test class usually an architecture problem?,It has too many methods to cover,It decides its own collaborators internally,It lacks an interface of its own,Its tests were written after the code,B,It decides its own collaborators internally,"Something built inside cannot be substituted from outside. Difficulty testing is a design signal, not a testing one.",AUTHORED,
GB3_ARC_016,SOFTWARE_ARCHITECTURE,ARC_C06_REVERSIBLE,ARC_F16_CHEAP_DECISIONS,ARC_FAM16_WHY_SOME_DECISIONS_ARE_CHEAP,ARC_RG_REVERSIBLE,D2,UNDERSTAND,mcq,Why is choosing a logging library a cheap decision?,It sits at the edge and can be swapped,Logs are not important to the product,It only affects the operations team,Logging libraries are broadly identical,A,It sits at the edge and can be swapped,Cheap because of WHERE it sits. The same choice made in the middle of the domain would not be cheap at all.,AUTHORED,
GB3_ARC_017,SOFTWARE_ARCHITECTURE,ARC_C12_FRAMEWORK,ARC_F17_FRAMEWORK_IS_A_DETAIL,ARC_FAM17_WHERE_THE_FRAMEWORK_SITS,ARC_RG_FRAMEWORK,D2,UNDERSTAND,mcq,Why keep framework types out of the domain layer?,Frameworks change their names often,Frameworks are usually badly designed,It keeps the domain layer smaller,The framework will outlive its welcome first,D,The framework will outlive its welcome first,Business rules outlast frameworks. Rules written in a framework’s types are rewritten when it goes.,AUTHORED,
GB3_ARC_018,SOFTWARE_ARCHITECTURE,ARC_C13_COHESION,ARC_F18_WHY_COHESION,ARC_FAM18_WHY_THINGS_BELONG_TOGETHER,ARC_RG_COHESION,D2,UNDERSTAND,mcq,What is the benefit of putting things that change together in one place?,A change stays inside one module,Fewer modules exist overall,The code is faster to compile,The module can be deployed separately,A,A change stays inside one module,Cohesion and coupling are the same question asked twice: what does one change have to touch.,AUTHORED,
GB3_ARC_019,SOFTWARE_ARCHITECTURE,ARC_C14_SCALE,ARC_F19_ARCHITECTURE_AT_SMALL_SCALE,ARC_FAM19_WHEN_IT_APPLIES,ARC_RG_SCALE,D2,UNDERSTAND,mcq,Does a small application have an architecture?,"No, architecture begins at a certain size",Only once more than one team works on it,Yes — one that was chosen or one that happened,Only if it was designed before coding,C,Yes — one that was chosen or one that happened,"There is no such thing as no architecture. There is only one nobody decided, which is usually the expensive kind.",AUTHORED,
GB3_ARC_020,SOFTWARE_ARCHITECTURE,ARC_C10_DIAGRAM,ARC_F20_WHY_WRITE_IT_DOWN,ARC_FAM20_WHY_RECORD_DECISIONS,ARC_RG_DIAGRAM,D2,UNDERSTAND,mcq,Why record WHY an architectural decision was taken?,Because reviewers ask for documentation,So the original author can be identified,Otherwise it gets undone by somebody reasonable,To prove the design was considered,C,Otherwise it gets undone by somebody reasonable,"A constraint nobody can see looks like an accident, and the person who removes it is usually acting sensibly.",AUTHORED,
GB3_ARC_021,SOFTWARE_ARCHITECTURE,ARC_C02_DIRECTION,ARC_F21_INVERT_A_DEPENDENCY,ARC_FAM21_APPLYING_DIRECTION,ARC_RG_DIRECTION,D3,APPLY,mcq,Your pricing rules call the database directly. How do you point the dependency inward?,Cache the query so the rules call it less,Have the rules declare an interface the data layer implements,Move the database calls into a shared helper module,Put the pricing rules inside the data layer,B,Have the rules declare an interface the data layer implements,The inner layer states what it needs; the outer one supplies it. That inversion is the whole technique.,AUTHORED,
GB3_ARC_022,SOFTWARE_ARCHITECTURE,ARC_C03_BOUNDARY,ARC_F22_WHERE_TO_SPLIT,ARC_FAM22_CHOOSING_A_SPLIT,ARC_RG_BOUNDARY,D3,APPLY,mcq,Where should you put a boundary in a growing application?,Where the code uses two different libraries,Where the file has grown beyond a size limit,Where two different teams want to work,Where the two sides change for different reasons,D,Where the two sides change for different reasons,Different reasons to change is the signal. Splitting by size alone leaves both halves changing together.,AUTHORED,
GB3_ARC_023,SOFTWARE_ARCHITECTURE,ARC_C04_SEPARATION,ARC_F23_SPLIT_A_FILE,ARC_FAM23_APPLYING_SEPARATION,ARC_RG_SEPARATION,D3,APPLY,mcq,"One function validates input, applies a discount and writes a row. What should it become?",A class with the three as methods,Three files in the same folder,One function with clearer comments,"Three pieces, each about one of those",D,"Three pieces, each about one of those",Three reasons to change is three concerns. A class holding all three still changes for all three reasons.,AUTHORED,
GB3_ARC_024,SOFTWARE_ARCHITECTURE,ARC_C12_FRAMEWORK,ARC_F24_KEEP_IT_AT_THE_EDGE,ARC_FAM24_APPLYING_FRAMEWORK_EDGE,ARC_RG_FRAMEWORK,D3,APPLY,mcq,Your domain objects carry the web framework’s request types. What do you change?,Move the domain objects into the web layer,Document the coupling for future readers,Upgrade to a framework with better types,Translate to your own types at the edge,D,Translate to your own types at the edge,One translation at the boundary. Otherwise the framework reaches into every rule you own.,AUTHORED,
GB3_ARC_025,SOFTWARE_ARCHITECTURE,ARC_C05_COST,ARC_F25_WHEN_NOT_TO_LAYER,ARC_FAM25_WHEN_TO_LEAVE_IT,ARC_RG_COST,D3,APPLY,mcq,A small script reads a file and prints a total. What architecture does it need?,A service class holding the logic,A domain layer and a data layer,None beyond being readable,An interface for the file reading,C,None beyond being readable,Layering something with one reason to change adds cost and buys nothing. Structure answers a problem.,AUTHORED,
GB3_ARC_026,SOFTWARE_ARCHITECTURE,ARC_C11_TESTABILITY,ARC_F26_MAKE_IT_TESTABLE,ARC_FAM26_DESIGNING_FOR_TESTS,ARC_RG_TESTABILITY,D3,APPLY,mcq,A service builds its own HTTP client inside its constructor. What is the fix?,Make the client a module-level singleton,Move the construction into a static method,Accept the client as a constructor argument,Add a test-only flag that skips the calls,C,Accept the client as a constructor argument,"Given rather than built, it can be substituted. The flag is the same idea done worse — test branches in production code.",AUTHORED,
GB3_ARC_027,SOFTWARE_ARCHITECTURE,ARC_C06_REVERSIBLE,ARC_F27_DECIDE_QUICKLY,ARC_FAM27_SPENDING_THINKING_TIME,ARC_RG_REVERSIBLE,D3,APPLY,mcq,The team has spent two days choosing a date library. What should happen?,Continue until everyone genuinely agrees,Pick one and move on — it is easy to change,Write an adapter and defer the choice,Escalate the decision to an architect,B,Pick one and move on — it is easy to change,Two days on a reversible decision is two days not spent on the data model nobody can change later.,AUTHORED,
GB3_ARC_028,SOFTWARE_ARCHITECTURE,ARC_C13_COHESION,ARC_F28_GROUP_BY_CHANGE,ARC_FAM28_ORGANISING_CODE,ARC_RG_COHESION,D3,APPLY,mcq,Should you group files by technical type or by feature?,"By feature, since a change is usually one feature","By type, because most frameworks expect it","By type, so similar code sits together","By author, so ownership stays clear",A,"By feature, since a change is usually one feature",Grouping by type means every feature change touches four folders. Grouping by feature keeps a change local.,AUTHORED,
GB3_ARC_029,SOFTWARE_ARCHITECTURE,ARC_C09_INTERFACE,ARC_F29_WHO_OWNS_THE_INTERFACE,ARC_FAM29_PLACING_AN_INTERFACE,ARC_RG_INTERFACE,D3,APPLY,mcq,Which side of a boundary should define the interface?,The side that needs the work done,A shared module between the two,The side that performs the work,Whichever side was written first,A,The side that needs the work done,"Defined by the consumer, the dependency points at it rather than at the implementation. That is what inverts it.",AUTHORED,
GB3_ARC_030,SOFTWARE_ARCHITECTURE,ARC_C10_DIAGRAM,ARC_F30_WRITE_THE_DECISION,ARC_FAM30_RECORDING_A_DECISION,ARC_RG_DIAGRAM,D3,APPLY,mcq,What belongs in a record of an architectural decision?,A list of the files the change touched,The names of everybody who agreed to it,"The context, the options, the choice, the consequences",A diagram showing the resulting system structure,C,"The context, the options, the choice, the consequences",The rejected options matter most. Without them the next reader re-argues a case somebody already lost.,AUTHORED,
GB3_ARC_031,SOFTWARE_ARCHITECTURE,ARC_C08_COUPLING,ARC_F31_SHOTGUN_CHANGE,ARC_FAM31_DIAGNOSE_SPREAD,ARC_RG_COUPLING,D4,ANALYZE,mcq,Adding one field to an order touches eleven files. What does that say?,The team needs better refactoring tooling,The concept is spread across the codebase,The field was badly named,The codebase is simply large,B,The concept is spread across the codebase,Every one of those files knows the shape of an order. The concept has no single place that owns it.,AUTHORED,
GB3_ARC_032,SOFTWARE_ARCHITECTURE,ARC_C02_DIRECTION,ARC_F32_ARROWS_REVERSED,ARC_FAM32_DIAGNOSE_DIRECTION,ARC_RG_DIRECTION,D4,ANALYZE,mcq,Every unit test needs a running database. What has gone wrong architecturally?,There are not enough mocks in the suite,The database is too slow for testing,The rules depend on the database rather than the reverse,The tests were written at the wrong level entirely,C,The rules depend on the database rather than the reverse,You cannot test rules alone because they cannot run alone. The test pain is reporting the dependency direction.,AUTHORED,
GB3_ARC_033,SOFTWARE_ARCHITECTURE,ARC_C05_COST,ARC_F33_TOO_MANY_HOPS,ARC_FAM33_DIAGNOSE_OVER_LAYERING,ARC_RG_COST,D4,ANALYZE,mcq,A request passes six classes that each call one method on the next. What is the problem?,The team has not documented the flow,The classes are too small to be useful,Method calls are slowing the request,Layers that pass work along without adding any,D,Layers that pass work along without adding any,A layer that only forwards is a layer with no responsibility. Six of them is a codebase nobody can follow.,AUTHORED,
GB3_ARC_034,SOFTWARE_ARCHITECTURE,ARC_C13_COHESION,ARC_F34_GOD_OBJECT,ARC_FAM34_DIAGNOSE_LOW_COHESION,ARC_RG_COHESION,D4,ANALYZE,mcq,One class is imported by almost every file and changes weekly. What does that indicate?,It is doing several unrelated jobs,It needs to be split by team,It is a well-used shared utility,It should be made a singleton,A,It is doing several unrelated jobs,Changing weekly for unrelated reasons is the tell. A cohesive shared type changes rarely.,AUTHORED,
GB3_ARC_035,SOFTWARE_ARCHITECTURE,ARC_C12_FRAMEWORK,ARC_F35_FRAMEWORK_MIGRATION,ARC_FAM35_DIAGNOSE_FRAMEWORK_REACH,ARC_RG_FRAMEWORK,D4,ANALYZE,mcq,Replacing the web framework turns out to require rewriting the business rules. Why?,The framework was an unusually invasive one,The migration was planned badly,The rules were never covered by tests,The rules were written in the framework’s terms,D,The rules were written in the framework’s terms,The framework reached past the edge. A detail that got into the middle stops being cheap to change.,AUTHORED,
GB3_ARC_036,SOFTWARE_ARCHITECTURE,ARC_C03_BOUNDARY,ARC_F36_LEAKY_BOUNDARY,ARC_FAM36_DIAGNOSE_A_LEAK,ARC_RG_BOUNDARY,D4,ANALYZE,mcq,A service returns the database row straight to the client. What has that cost you?,The service is harder to unit test,The schema is now part of the public contract,The database has to stay available,The response is larger than it needs to be,B,The schema is now part of the public contract,Renaming a column is now a breaking API change. The boundary is drawn but nothing is translated across it.,AUTHORED,
GB3_ARC_037,SOFTWARE_ARCHITECTURE,ARC_C14_SCALE,ARC_F37_PREMATURE_SPLIT,ARC_FAM37_DIAGNOSE_EARLY_SPLIT,ARC_RG_SCALE,D4,ANALYZE,mcq,A new product was split into six services and every feature touches four. What happened?,The team is too small for six services,The boundaries were guessed before the domain was known,The services were each implemented inconsistently,The services need a shared library,B,The boundaries were guessed before the domain was known,"Boundaries drawn early are drawn in ignorance, and a wrong boundary costs more across a network than in a file.",AUTHORED,
GB3_ARC_038,SOFTWARE_ARCHITECTURE,ARC_C07_DOMAIN,ARC_F38_LOGIC_IN_THE_WRONG_PLACE,ARC_FAM38_DIAGNOSE_MISPLACED_RULES,ARC_RG_DOMAIN,D4,ANALYZE,mcq,The discount rule lives in a database query and in the front end. What is the risk?,The front end will be harder to style,The two will disagree and nobody will know,The query will run more slowly than before,The rule cannot be changed at all,B,The two will disagree and nobody will know,"A rule in two places is two rules. They agree until one is changed, and the disagreement is silent.",AUTHORED,
GB3_ARC_039,SOFTWARE_ARCHITECTURE,ARC_C10_DIAGRAM,ARC_F39_STALE_DIAGRAM,ARC_FAM39_DIAGNOSE_STALE_RECORDS,ARC_RG_DIAGRAM,D4,ANALYZE,mcq,The architecture diagram no longer matches the code. Which is the architecture?,Whichever the team agreed most recently,"The diagram, which the code should match",The code — the diagram is now a wish,"Neither, until they are reconciled",C,The code — the diagram is now a wish,The system behaves as the code says. A diagram that disagrees is documentation of an intention.,AUTHORED,
GB3_ARC_040,SOFTWARE_ARCHITECTURE,ARC_C06_REVERSIBLE,ARC_F40_LOCKED_IN,ARC_FAM40_DIAGNOSE_LOCK_IN,ARC_RG_REVERSIBLE,D4,ANALYZE,mcq,A choice made in week one now cannot be undone. What made it expensive?,It came from an outside consultant,Everything was allowed to depend on it,It was made before the team was complete,Nobody wrote down why it was chosen,B,Everything was allowed to depend on it,"Reversibility is about how much depends on it, not how old it is. Isolated choices stay cheap forever.",AUTHORED,
GB3_ARC_041,SOFTWARE_ARCHITECTURE,ARC_C15_TRADEOFF,ARC_F41_NO_BEST_ARCHITECTURE,ARC_FAM41_JUDGING_AN_ARCHITECTURE,ARC_RG_TRADEOFF,D5,EVALUATE,mcq,What makes one architecture better than another?,It follows the most established pattern,It has the fewest layers and files,It suits what this system must do and change,It is the one the team knows best,C,It suits what this system must do and change,"There is no best architecture in the abstract. There is one that fits these constraints, and it expires.",AUTHORED,
GB3_ARC_042,SOFTWARE_ARCHITECTURE,ARC_C14_SCALE,ARC_F42_MONOLITH_FIRST,ARC_FAM42_JUDGING_SERVICE_SPLITS,ARC_RG_SCALE,D5,EVALUATE,mcq,When is splitting into services usually the right call?,"At the start, so the split never has to happen later",Once the boundaries have proved themselves in one codebase,When the team grows past a certain number,When the application becomes slow to deploy,B,Once the boundaries have proved themselves in one codebase,A boundary inside one codebase is cheap to move. The same boundary across a network is not.,AUTHORED,
GB3_ARC_043,SOFTWARE_ARCHITECTURE,ARC_C15_TRADEOFF,ARC_F43_FLEXIBILITY_COST,ARC_FAM43_JUDGING_FLEXIBILITY,ARC_RG_TRADEOFF,D5,EVALUATE,mcq,"A design can swap its database, its queue and its cache. Is that good?",No — such designs are always over-built,"Yes, provided the interfaces are clean",Only if any of those are likely to be swapped,Yes — flexibility is always worth having,C,Only if any of those are likely to be swapped,Three unused seams are three abstractions everybody reads through forever. Likelihood is the whole question.,AUTHORED,
GB3_ARC_044,SOFTWARE_ARCHITECTURE,ARC_C16_EXISTING,ARC_F44_INHERITED_DESIGN,ARC_FAM44_JUDGING_WHAT_EXISTS,ARC_RG_EXISTING,D5,EVALUATE,mcq,You join a team whose architecture you would not have chosen. What comes first?,Documenting everything wrong with it,Isolating your work from the rest,Understanding what it was solving for,Proposing the design you would prefer,C,Understanding what it was solving for,Most odd architectures are answers to a constraint that is not visible in the code. Find it before you argue.,AUTHORED,
GB3_ARC_045,SOFTWARE_ARCHITECTURE,ARC_C17_EVOLUTION,ARC_F45_ARCHITECTURE_CHANGES,ARC_FAM45_JUDGING_CHANGE_OVER_TIME,ARC_RG_EVOLUTION,D5,EVALUATE,mcq,An architecture that fitted three years ago no longer does. What does that mean?,The team failed to maintain it,It was never properly documented,"The system’s constraints changed, as they do",The original design was a poor one to begin with,C,"The system’s constraints changed, as they do",Architectures have a shelf life because the problem moves. Expecting one to last forever is the actual mistake.,AUTHORED,
GB3_ARC_046,SOFTWARE_ARCHITECTURE,ARC_C16_EXISTING,ARC_F46_BIG_REWRITE,ARC_FAM46_JUDGING_A_REWRITE,ARC_RG_EXISTING,D5,EVALUATE,mcq,Why do full rewrites so often go badly?,The old code holds years of unrecorded knowledge,The new technology is usually immature,Rewrites always take longer than estimated,Teams lose interest partway through them,A,The old code holds years of unrecorded knowledge,Every strange branch is a bug somebody once hit. A rewrite discards the record and rediscovers them in production.,AUTHORED,
GB3_ARC_047,SOFTWARE_ARCHITECTURE,ARC_C18_INTERVIEW,ARC_F47_DEFENDING_A_DESIGN,ARC_FAM47_JUDGING_AN_ANSWER,ARC_RG_INTERVIEW,D5,EVALUATE,mcq,What makes a design answer convincing in an interview?,Drawing a complete component diagram,Naming what you gave up and why,Using well-known architectural patterns,Covering every requirement given,B,Naming what you gave up and why,Every design gives something up. An answer with no trade-off named has not understood the question.,AUTHORED,
GB3_ARC_048,SOFTWARE_ARCHITECTURE,ARC_C17_EVOLUTION,ARC_F48_INCREMENTAL,ARC_FAM48_JUDGING_HOW_TO_CHANGE,ARC_RG_EVOLUTION,D5,EVALUATE,mcq,How is an architecture usually changed safely?,By building the replacement alongside it,In a dedicated project with a feature freeze,By documenting the target state and migrating to it,"One boundary at a time, with the system working throughout",D,"One boundary at a time, with the system working throughout","The same rule as refactoring, at a larger scale: every step keeps the system running, so any step can be the last.",AUTHORED,
GB3_ARC_049,SOFTWARE_ARCHITECTURE,ARC_C15_TRADEOFF,ARC_F49_SIMPLE_DEFAULT,ARC_FAM49_JUDGING_THE_STARTING_POINT,ARC_RG_TRADEOFF,D5,EVALUATE,mcq,"With genuine uncertainty about what the system will become, what should you build?",A design that covers the likeliest future,The most flexible structure you can manage,Whatever the last successful project used,The simplest thing that is easy to change,D,The simplest thing that is easy to change,Simple code can become anything. Flexibility built along the wrong axis has to be removed before you can move.,AUTHORED,
GB3_ARC_050,SOFTWARE_ARCHITECTURE,ARC_C01_LAYERS,ARC_F50_WHAT_IT_REALLY_IS,ARC_FAM50_JUDGING_THE_WHOLE,ARC_RG_LAYERS,D5,EVALUATE,mcq,"What is an architecture, in the end?",The set of technologies chosen,The diagram the team agreed on,The structure of folders and modules,The decisions that are hard to change later,D,The decisions that are hard to change later,"Which is why so little of it is on the diagram, and why the expensive decisions deserve nearly all the thought.",AUTHORED,
GB3_AUN_001,AUTHENTICATION,AUN_C01_DEFINITION,AUN_F01_WHAT_IT_ANSWERS,AUN_FAM01_WHAT_AUTHENTICATION_IS,AUN_RG_DEFINITION,D1,REMEMBER,mcq,What question does authentication answer?,Whether this request is safe to run,Who is making this request,Where this request came from,What this request is allowed to do,B,Who is making this request,"Identity only. What they may do is authorization, and keeping the two apart is the first thing to learn.",AUTHORED,
GB3_AUN_002,AUTHENTICATION,AUN_C02_STORAGE,AUN_F02_NEVER_STORE_PLAIN,AUN_FAM02_HOW_PASSWORDS_ARE_KEPT,AUN_RG_STORAGE,D1,REMEMBER,mcq,How should a password be kept in the database?,As a slow one-way hash of it,"In plain text, on a locked table",Encrypted with the application key,As a SHA-256 digest of the text,A,As a slow one-way hash of it,"One-way so it cannot be read back, slow so guessing costs. SHA-256 is one-way but far too fast.",AUTHORED,
GB3_AUN_003,AUTHENTICATION,AUN_C03_SALT,AUN_F03_WHAT_A_SALT_IS,AUN_FAM03_SALT_MEANING,AUN_RG_SALT,D1,REMEMBER,mcq,What is a salt?,A second password the user sets,Random data mixed in before hashing,Extra characters added to the input,A secret key kept by the server,B,Random data mixed in before hashing,Random and per-user. It is stored beside the hash and is not a secret — its job is to make each hash unique.,AUTHORED,
GB3_AUN_004,AUTHENTICATION,AUN_C04_SESSION,AUN_F04_WHAT_A_SESSION_IS,AUN_FAM04_SESSION_MEANING,AUN_RG_SESSION,D1,REMEMBER,mcq,What is a session?,The time a user spends on the site,A record of the pages a user saw,A connection held open to the server,A remembered login across later requests,D,A remembered login across later requests,"HTTP forgets between requests, so something has to carry the fact that this person already proved who they are.",AUTHORED,
GB3_AUN_005,AUTHENTICATION,AUN_C05_TOKEN,AUN_F05_BEARER_MEANING,AUN_FAM05_TOKEN_MEANING,AUN_RG_TOKEN,D1,REMEMBER,mcq,What does it mean that a token is a bearer token?,It carries the user’s details inside it,It is issued by a trusted authority,Whoever holds it counts as that user,It must be sent on every request,C,Whoever holds it counts as that user,"Like cash. A stolen bearer token needs no password to use, which is why transport and expiry matter so much.",AUTHORED,
GB3_AUN_006,AUTHENTICATION,AUN_C06_MFA,AUN_F06_WHAT_A_FACTOR_IS,AUN_FAM06_FACTORS,AUN_RG_MFA,D1,REMEMBER,mcq,What makes two authentication factors genuinely different?,They are different kinds of thing entirely,They are checked at two separate times,They are stored in two separate systems,They are chosen by two different parties,A,They are different kinds of thing entirely,"Something you know, have or are. Two passwords are two of the same kind, so they are one factor twice.",AUTHORED,
GB3_AUN_007,AUTHENTICATION,AUN_C07_TRANSPORT,AUN_F07_OVER_TLS,AUN_FAM07_TRANSPORT,AUN_RG_TRANSPORT,D1,REMEMBER,mcq,How must credentials travel between browser and server?,"Over an encrypted connection, always",Hashed by the browser before sending,In the request body rather than the URL,Encoded so they are not human-readable,A,"Over an encrypted connection, always",Encoding is not encryption and a client-side hash just becomes the new password. TLS is not optional.,AUTHORED,
GB3_AUN_008,AUTHENTICATION,AUN_C08_EXPIRY,AUN_F08_TOKENS_EXPIRE,AUN_FAM08_EXPIRY,AUN_RG_EXPIRY,D1,REMEMBER,mcq,Why do access tokens carry an expiry time?,So the token stays a small size,So users are reminded to log in,So the server can free its memory,So a stolen one stops working soon,D,So a stolen one stops working soon,Expiry is damage limitation. It does not prevent theft; it bounds how long theft is useful.,AUTHORED,
GB3_AUN_009,AUTHENTICATION,AUN_C09_RESET,AUN_F09_RESET_IS_AUTH,AUN_FAM09_RESET_FLOW,AUN_RG_RESET,D1,REMEMBER,mcq,"What is a password reset flow, from a security point of view?",A way of changing a stored credential,Another way of logging in entirely,A convenience built on top of email,A support feature for locked-out users,B,Another way of logging in entirely,"It grants access without the password, so it is a login route — and it deserves the same care as the main one.",AUTHORED,
GB3_AUN_010,AUTHENTICATION,AUN_C10_OAUTH,AUN_F10_WHAT_OAUTH_DOES,AUN_FAM10_DELEGATED_LOGIN,AUN_RG_OAUTH,D1,REMEMBER,mcq,"What does ""log in with Google"" let your application avoid?",Checking who the user actually is,Holding a password of its own,Keeping any user records at all,Running its own session handling,B,Holding a password of its own,You still have users and sessions. What you no longer have is a password database worth stealing.,AUTHORED,
GB3_AUN_011,AUTHENTICATION,AUN_C02_STORAGE,AUN_F11_WHY_SLOW,AUN_FAM11_WHY_SLOW_HASHING,AUN_RG_STORAGE,D2,UNDERSTAND,mcq,Why must a password hash be deliberately slow?,Fast hashes produce more collisions,Slow hashing rate-limits the login endpoint,Slower hashes produce longer output,"A stolen table is guessed at offline, at speed",D,"A stolen table is guessed at offline, at speed",Once the table is stolen your rate limits are irrelevant. The only remaining brake is the cost per guess.,AUTHORED,
GB3_AUN_012,AUTHENTICATION,AUN_C03_SALT,AUN_F12_WHY_SALT,AUN_FAM12_WHY_SALTS_WORK,AUN_RG_SALT,D2,UNDERSTAND,mcq,What does a per-user salt actually prevent?,An attacker guessing a weak password,Two users choosing the same password,Reading a password back out of the hash,Cracking every account with one effort,D,Cracking every account with one effort,"Without it, one precomputed table breaks every matching password at once. Salts force per-account work.",AUTHORED,
GB3_AUN_013,AUTHENTICATION,AUN_C05_TOKEN,AUN_F13_WHY_NOT_LOCAL_STORAGE,AUN_FAM13_WHERE_TOKENS_LIVE,AUN_RG_TOKEN,D2,UNDERSTAND,mcq,Why is keeping a token in browser local storage risky?,Any injected script on the page can read it,Other sites on the browser can read it,It survives longer than the token expiry,Local storage is written to disk unencrypted,A,Any injected script on the page can read it,One cross-site scripting bug anywhere on the origin turns into a stolen identity. A cookie can be closed to scripts.,AUTHORED,
GB3_AUN_014,AUTHENTICATION,AUN_C11_ERRORS,AUN_F14_WHY_GENERIC_ERROR,AUN_FAM14_WHAT_ERRORS_LEAK,AUN_RG_ERRORS,D2,UNDERSTAND,mcq,Why should a failed login not say which field was wrong?,It exposes the validation rules used,It makes the error harder to translate,It confirms whether an account exists,It helps an attacker guess the password,C,It confirms whether an account exists,"""No such user"" is an account enumeration oracle. The attacker learns your customer list before trying a password.",AUTHORED,
GB3_AUN_015,AUTHENTICATION,AUN_C06_MFA,AUN_F15_WHY_MFA_HELPS,AUN_FAM15_WHY_A_SECOND_FACTOR,AUN_RG_MFA,D2,UNDERSTAND,mcq,Why does a second factor help even with a weak password?,It encrypts the password in transit,A remote attacker has only the one half,It makes the password harder to guess,It forces the user to change passwords,B,A remote attacker has only the one half,Most attacks are remote and at scale. A factor tied to a physical thing does not scale for the attacker.,AUTHORED,
GB3_AUN_016,AUTHENTICATION,AUN_C12_RATELIMIT,AUN_F16_WHY_LIMIT,AUN_FAM16_WHY_RATE_LIMITS,AUN_RG_RATELIMIT,D2,UNDERSTAND,mcq,What does rate limiting the login endpoint protect against?,Someone stealing the password database,A user forgetting their own password,Tokens being reused after expiry,Trying many passwords against one account,D,Trying many passwords against one account,"It is the only defence that works while the password is still secret, which makes it the cheapest one you own.",AUTHORED,
GB3_AUN_017,AUTHENTICATION,AUN_C13_REFRESH,AUN_F17_WHY_TWO_TOKENS,AUN_FAM17_WHY_REFRESH_EXISTS,AUN_RG_REFRESH,D2,UNDERSTAND,mcq,Why issue a short access token and a long refresh token rather than one long token?,Refresh tokens cannot be stolen at all,The one sent everywhere expires quickly,It reduces the number of login requests,Two tokens are harder to steal than one,B,The one sent everywhere expires quickly,The access token is exposed on every call; the refresh token is exposed rarely and can be revoked centrally.,AUTHORED,
GB3_AUN_018,AUTHENTICATION,AUN_C09_RESET,AUN_F18_WHY_RESET_TOKENS_EXPIRE,AUN_FAM18_WHY_RESET_LINKS_AGE,AUN_RG_RESET,D2,UNDERSTAND,mcq,Why should a password reset link stop working after an hour?,It sits in an inbox that may be read later,Long links are harder for users to copy,It keeps the token table from growing,Email providers delete old messages,A,It sits in an inbox that may be read later,The link is a login credential sitting in plain text somewhere you do not control. Short life is the only mitigation.,AUTHORED,
GB3_AUN_019,AUTHENTICATION,AUN_C14_LOGOUT,AUN_F19_WHY_SERVER_SIDE,AUN_FAM19_WHAT_LOGOUT_MEANS,AUN_RG_LOGOUT,D2,UNDERSTAND,mcq,Why is deleting the token in the browser not really a logout?,A copy taken earlier still works,Other tabs keep their own copy,The browser may restore it later,The server still has the session open,A,A copy taken earlier still works,"Client-side logout is a UI gesture. Until the server refuses that token, the credential is still live.",AUTHORED,
GB3_AUN_020,AUTHENTICATION,AUN_C10_OAUTH,AUN_F20_WHY_DELEGATE,AUN_FAM20_WHY_USE_A_PROVIDER,AUN_RG_OAUTH,D2,UNDERSTAND,mcq,What is the main security argument for delegating login to a provider?,It removes the need for session handling,You no longer hold the thing worth stealing,Users pick stronger passwords with them,Providers use stronger encryption than you,B,You no longer hold the thing worth stealing,"You cannot leak a password table you do not have. That is the whole argument, and it is a strong one.",AUTHORED,
GB3_AUN_021,AUTHENTICATION,AUN_C02_STORAGE,AUN_F21_CHOOSE_A_HASH,AUN_FAM21_PICKING_A_HASH,AUN_RG_STORAGE,D3,APPLY,mcq,You are storing passwords for a new service. What do you use?,SHA-256 with a random salt per user,AES encryption with a server-side key,SHA-256 applied several thousand times,An established password hashing function,D,An established password hashing function,"bcrypt, scrypt or argon2 — designed for this, tuned for cost. Hand-rolled iteration is how people get it wrong.",AUTHORED,
GB3_AUN_022,AUTHENTICATION,AUN_C11_ERRORS,AUN_F22_WRITE_THE_ERROR,AUN_FAM22_WORDING_A_FAILURE,AUN_RG_ERRORS,D3,APPLY,mcq,What should a failed login return to the user?,"A message if the user exists, else nothing",One message covering both possibilities,A generic message plus a support code,A message naming the field that failed,B,One message covering both possibilities,"""Email or password is incorrect."" One message, one response time, no signal about which half was wrong.",AUTHORED,
GB3_AUN_023,AUTHENTICATION,AUN_C09_RESET,AUN_F23_RESET_RESPONSE,AUN_FAM23_BUILDING_A_RESET,AUN_RG_RESET,D3,APPLY,mcq,Someone requests a reset for an email that has no account. What do you show?,"Nothing, and no email is sent at all",A note that no such account exists,The same message as for a real account,An invitation to create an account,C,The same message as for a real account,"Same message either way, or the reset form becomes the account enumeration tool the login form refused to be.",AUTHORED,
GB3_AUN_024,AUTHENTICATION,AUN_C05_TOKEN,AUN_F24_STORE_A_TOKEN,AUN_FAM24_CHOOSING_STORAGE,AUN_RG_TOKEN,D3,APPLY,mcq,Where should a browser keep a session token?,A cookie that scripts cannot read,A cookie readable by the front end,"Local storage, read by the API client","Memory only, refetched on reload",A,A cookie that scripts cannot read,"HttpOnly, Secure, SameSite. It survives a reload and an injected script cannot read it out.",AUTHORED,
GB3_AUN_025,AUTHENTICATION,AUN_C12_RATELIMIT,AUN_F25_LIMIT_BY_WHAT,AUN_FAM25_DESIGNING_A_LIMIT,AUN_RG_RATELIMIT,D3,APPLY,mcq,You rate limit login by IP address. What does that miss?,One password tried across many accounts,A user who keeps mistyping their password,Attempts made through your own API,Requests arriving from a mobile network,A,One password tried across many accounts,Password spraying spreads across accounts and addresses. Limit per account as well as per source.,AUTHORED,
GB3_AUN_026,AUTHENTICATION,AUN_C14_LOGOUT,AUN_F26_IMPLEMENT_LOGOUT,AUN_FAM26_BUILDING_LOGOUT,AUN_RG_LOGOUT,D3,APPLY,mcq,How do you make logout actually end the session?,Set the token expiry to the present,Clear the cookie from the browser,Have the server stop accepting that token,Redirect the user to the login page,C,Have the server stop accepting that token,Revoke server-side. Everything on the client is a request the holder of a stolen copy simply will not make.,AUTHORED,
GB3_AUN_027,AUTHENTICATION,AUN_C15_PASSWORD_RULES,AUN_F27_LENGTH_OVER_CLASSES,AUN_FAM27_SETTING_PASSWORD_RULES,AUN_RG_RULES,D3,APPLY,mcq,What password rule actually improves security?,A forced change every ninety days for everyone,"A generous minimum length, checked against known leaks",A maximum length so hashing stays fast,"One uppercase, one digit and one symbol required",B,"A generous minimum length, checked against known leaks",Composition rules produce Password1!. Length plus a breach list removes the passwords attackers actually try.,AUTHORED,
GB3_AUN_028,AUTHENTICATION,AUN_C16_COMPARISON,AUN_F28_CONSTANT_TIME,AUN_FAM28_COMPARING_SECRETS,AUN_RG_COMPARISON,D3,APPLY,mcq,How should you compare a submitted token against the stored one?,With a comparison that always takes the same time,By hashing both and comparing the hashes,"By comparing lengths first, then contents",With the language’s standard equality operator,A,With a comparison that always takes the same time,"Ordinary comparison stops at the first wrong byte, and that timing difference is measurable across many tries.",AUTHORED,
GB3_AUN_029,AUTHENTICATION,AUN_C13_REFRESH,AUN_F29_ROTATE,AUN_FAM29_HANDLING_REFRESH,AUN_RG_REFRESH,D3,APPLY,mcq,A refresh token is used. What is the safer thing to do next?,Extend its expiry by the same period,Keep it valid until its expiry time,Issue a new access token and nothing more,Issue a new one and retire the used one,D,Issue a new one and retire the used one,"Rotation makes theft detectable: if the old one is presented again, two parties hold it and you can cut both off.",AUTHORED,
GB3_AUN_030,AUTHENTICATION,AUN_C06_MFA,AUN_F30_WHICH_SECOND_FACTOR,AUN_FAM30_CHOOSING_A_FACTOR,AUN_RG_MFA,D3,APPLY,mcq,Which second factor is the weakest of these in practice?,A push approval in a trusted app,A hardware security key,A code from an authenticator app,A code sent by text message,D,A code sent by text message,"SIM swapping moves the number to the attacker. Still far better than nothing, but the weakest of the four.",AUTHORED,
GB3_AUN_031,AUTHENTICATION,AUN_C11_ERRORS,AUN_F31_TIMING_LEAK,AUN_FAM31_DIAGNOSE_A_LEAK,AUN_RG_ERRORS,D4,ANALYZE,mcq,"Your login returns one message, but unknown emails fail in 5ms and known ones in 300ms. What leaks?",How many users the system has,The hashing algorithm being used,Which email addresses have accounts,Whether the password was close,C,Which email addresses have accounts,The message is identical and the timing is not. Hash a dummy password when the user is missing.,AUTHORED,
GB3_AUN_032,AUTHENTICATION,AUN_C02_STORAGE,AUN_F32_ENCRYPTED_NOT_HASHED,AUN_FAM32_DIAGNOSE_STORAGE,AUN_RG_STORAGE,D4,ANALYZE,mcq,A system can email users their forgotten password. What does that prove?,The passwords are hashed with a weak function,The email system stores them separately,"The passwords are recoverable, not hashed",The reset flow was implemented incorrectly,C,"The passwords are recoverable, not hashed","If they can show it to you, they can show it to whoever takes the database. Hashing makes recovery impossible by design.",AUTHORED,
GB3_AUN_033,AUTHENTICATION,AUN_C04_SESSION,AUN_F33_FIXATION,AUN_FAM33_DIAGNOSE_SESSION_REUSE,AUN_RG_SESSION,D4,ANALYZE,mcq,The session id stays the same before and after login. Why is that dangerous?,An id planted beforehand becomes a logged-in one,Two users may end up sharing one session,The session cannot then be expired properly,The id can be guessed from the previous one,A,An id planted beforehand becomes a logged-in one,"Session fixation. Give the browser a fresh id at the moment privilege changes, which is exactly login.",AUTHORED,
GB3_AUN_034,AUTHENTICATION,AUN_C09_RESET,AUN_F34_GUESSABLE_TOKEN,AUN_FAM34_DIAGNOSE_A_RESET_TOKEN,AUN_RG_RESET,D4,ANALYZE,mcq,Reset tokens are built from the user id and the current timestamp. What is wrong?,Two users could receive the same token,"Both inputs are known, so it can be forged",The token cannot be expired reliably,The token will be longer than necessary,B,"Both inputs are known, so it can be forged",A token derived from known values is not a secret. Reset tokens come from a cryptographic random source.,AUTHORED,
GB3_AUN_035,AUTHENTICATION,AUN_C05_TOKEN,AUN_F35_TOKEN_IN_URL,AUN_FAM35_DIAGNOSE_TRANSPORT,AUN_RG_TOKEN,D4,ANALYZE,mcq,A token is passed as a query parameter over HTTPS. What is still exposed?,"Server logs, browser history and referrers",The token contents to network observers,The token to any script on the page,The user identity to the receiving site,A,"Server logs, browser history and referrers","TLS protects the wire, not what happens at either end. URLs get written down in several places automatically.",AUTHORED,
GB3_AUN_036,AUTHENTICATION,AUN_C17_JWT,AUN_F36_UNVERIFIED_CLAIM,AUN_FAM36_DIAGNOSE_TOKEN_TRUST,AUN_RG_JWT,D4,ANALYZE,mcq,A service decodes a JWT and trusts the user id inside without checking the signature. What can an attacker do?,Claim to be anybody they like,Learn the server’s signing key,Extend their own token expiry,Read other users’ token contents,A,Claim to be anybody they like,"A JWT body is encoded, not protected. The signature is the only thing separating a claim from a fact.",AUTHORED,
GB3_AUN_037,AUTHENTICATION,AUN_C12_RATELIMIT,AUN_F37_LOCKOUT_AS_DOS,AUN_FAM37_DIAGNOSE_A_LOCKOUT,AUN_RG_RATELIMIT,D4,ANALYZE,mcq,Accounts lock permanently after three failures. What has that enabled?,Sessions stay open after the lock,Attackers learn which accounts exist,Passwords can be guessed more cheaply,Anyone can lock anyone else out,D,Anyone can lock anyone else out,A defence that anybody can trigger against anybody is a denial of service. Prefer delays that decay over time.,AUTHORED,
GB3_AUN_038,AUTHENTICATION,AUN_C14_LOGOUT,AUN_F38_STOLEN_TOKEN_LIVES,AUN_FAM38_DIAGNOSE_REVOCATION,AUN_RG_LOGOUT,D4,ANALYZE,mcq,"A user reports their account was accessed. You reset the password, but access continues. Why?",The new password was also compromised,The reset only applied at next login,Existing tokens were never invalidated,The attacker reset the password back,C,Existing tokens were never invalidated,A password change must revoke every live session. Otherwise the attacker never needs the password again.,AUTHORED,
GB3_AUN_039,AUTHENTICATION,AUN_C18_SIGNUP,AUN_F39_UNVERIFIED_EMAIL,AUN_FAM39_DIAGNOSE_SIGNUP,AUN_RG_SIGNUP,D4,ANALYZE,mcq,Signup never verifies the email address. What breaks later?,Reset depends on an address nobody proved,Marketing emails will bounce frequently,Users will mistype and lose their account,Two accounts may share one address,A,Reset depends on an address nobody proved,"The reset flow is a login route keyed on that address. Unverified, it is a login route keyed on a guess.",AUTHORED,
GB3_AUN_040,AUTHENTICATION,AUN_C10_OAUTH,AUN_F40_EMAIL_AS_IDENTITY,AUN_FAM40_DIAGNOSE_PROVIDER_LINKING,AUN_RG_OAUTH,D4,ANALYZE,mcq,You match provider logins to accounts by email address alone. What is the risk?,Users with two providers get two accounts,A provider that does not verify email grants entry,Email addresses change and break the link,The provider may stop returning the email,B,A provider that does not verify email grants entry,"You are trusting somebody else’s verification. Match on the provider’s stable subject id, and check the verified flag.",AUTHORED,
GB3_AUN_041,AUTHENTICATION,AUN_C19_BUILD_OR_BUY,AUN_F41_ROLLING_YOUR_OWN,AUN_FAM41_JUDGING_BUILD_VS_BUY,AUN_RG_BUILD_BUY,D5,EVALUATE,mcq,When is writing your own authentication the right call?,For any system holding sensitive data,When the team has security experience,Whenever the product has unusual requirements,Rarely — the failure modes are subtle and known,D,Rarely — the failure modes are subtle and known,"Not because you are incapable, but because the bugs are invisible until exploited and everyone hits the same ones.",AUTHORED,
GB3_AUN_042,AUTHENTICATION,AUN_C20_USABILITY,AUN_F42_SECURITY_VS_FRICTION,AUN_FAM42_JUDGING_FRICTION,AUN_RG_USABILITY,D5,EVALUATE,mcq,A security measure makes login so awkward that users write passwords down. Is it a good measure?,"Yes, provided users are trained properly","Yes, the system itself is more secure","No, but only because users dislike it",No — it moved the weakness somewhere worse,D,No — it moved the weakness somewhere worse,Security that people route around is security you have lost while believing you have it. Behaviour is part of the system.,AUTHORED,
GB3_AUN_043,AUTHENTICATION,AUN_C08_EXPIRY,AUN_F43_CHOOSING_A_LIFETIME,AUN_FAM43_JUDGING_SESSION_LENGTH,AUN_RG_EXPIRY,D5,EVALUATE,mcq,What should decide how long a session lasts?,The default the framework provides,What a stolen session could do here,How often the average user returns,What competing products tend to use,B,What a stolen session could do here,"A bank and a recipe site have the same technology and opposite answers, because the loss on theft differs.",AUTHORED,
GB3_AUN_044,AUTHENTICATION,AUN_C21_STEPUP,AUN_F44_REAUTH,AUN_FAM44_JUDGING_STEP_UP,AUN_RG_STEPUP,D5,EVALUATE,mcq,When is it worth asking a logged-in user for their password again?,Every time the session has been idle,Whenever the user changes device,Before an action that is hard to undo,At a fixed interval during the session,C,Before an action that is hard to undo,"Step-up spends friction where the loss is greatest — changing the email, deleting the account, moving money.",AUTHORED,
GB3_AUN_045,AUTHENTICATION,AUN_C22_BREACH,AUN_F45_AFTER_A_BREACH,AUN_FAM45_JUDGING_A_RESPONSE,AUN_RG_BREACH,D5,EVALUATE,mcq,"The password table has leaked, well hashed. What is the right response?",Tell users and force a reset anyway,Monitor for unusual login activity,Increase the hashing cost factor,Nothing — the hashes are strong,A,Tell users and force a reset anyway,"Good hashing buys time, not safety, and weak passwords in the set will fall. Time is what you spend telling people.",AUTHORED,
GB3_AUN_046,AUTHENTICATION,AUN_C19_BUILD_OR_BUY,AUN_F46_DEPENDING_ON_A_PROVIDER,AUN_FAM46_JUDGING_DELEGATION_COST,AUN_RG_BUILD_BUY,D5,EVALUATE,mcq,What do you give up by making a third party your only login route?,Access for anyone they lock out or lose,Control over your own session lengths,The ability to identify your own users,The option of adding a second factor,A,Access for anyone they lock out or lose,Their outage is your outage and their account closure is your customer’s. Usually worth it — but it is a real cost.,AUTHORED,
GB3_AUN_047,AUTHENTICATION,AUN_C20_USABILITY,AUN_F47_FORCED_ROTATION,AUN_FAM47_JUDGING_A_POLICY,AUN_RG_USABILITY,D5,EVALUATE,mcq,Why did guidance turn against forcing regular password changes?,It conflicted with multi-factor rollouts,It increased the load on support teams,"People made small, predictable edits instead",Attackers moved to other techniques,C,"People made small, predictable edits instead",Summer2024! becomes Summer2025!. The measured behaviour was worse than the problem the rule was aimed at.,AUTHORED,
GB3_AUN_048,AUTHENTICATION,AUN_C23_THREAT,AUN_F48_WHO_IS_THE_ATTACKER,AUN_FAM48_JUDGING_THE_THREAT,AUN_RG_THREAT,D5,EVALUATE,mcq,Which attack should a typical web application plan for first?,Credentials reused from another site’s leak,An insider reading the password table,A targeted attempt to break its hashing,Interception of traffic on the network,A,Credentials reused from another site’s leak,Credential stuffing is where the volume is. Nobody breaks your cryptography when people reuse passwords.,AUTHORED,
GB3_AUN_049,AUTHENTICATION,AUN_C24_PASSWORDLESS,AUN_F49_MAGIC_LINKS,AUN_FAM49_JUDGING_PASSWORDLESS,AUN_RG_PASSWORDLESS,D5,EVALUATE,mcq,A team replaces passwords with emailed login links. What changed?,A second factor is no longer needed,Login became strictly more secure overall,The email account is now the whole security,Sessions can no longer be stolen at all,C,The email account is now the whole security,Not more secure or less — moved. Whether that is an improvement depends on how well that inbox is protected.,AUTHORED,
GB3_AUN_050,AUTHENTICATION,AUN_C01_DEFINITION,AUN_F50_SEPARATE_FROM_AUTHZ,AUN_FAM50_JUDGING_THE_BOUNDARY,AUN_RG_DEFINITION,D5,EVALUATE,mcq,Why keep authentication and authorization as separate concerns in code?,Identity is settled once; permissions are checked everywhere,Authorization is the more complex of the two,They are usually maintained by entirely different teams,Standards require the two to be separated,A,Identity is settled once; permissions are checked everywhere,"One happens at the edge, once. The other happens at every decision point, and mixing them leaves gaps at both.",AUTHORED,
GB3_AUZ_001,AUTHORIZATION,AUZ_C01_DEFINITION,AUZ_F01_WHAT_IT_ANSWERS,AUZ_FAM01_WHAT_AUTHORIZATION_IS,AUZ_RG_DEFINITION,D1,REMEMBER,mcq,What question does authorization answer?,Who is making this request,Whether the user is logged in,Whether the request is well formed,May this identity do this thing,D,May this identity do this thing,"Permission, not identity. Being logged in is an input to the question, not an answer to it.",AUTHORED,
GB3_AUZ_002,AUTHORIZATION,AUZ_C02_ROLE,AUZ_F02_WHAT_A_ROLE_IS,AUZ_FAM02_ROLE_MEANING,AUZ_RG_ROLE,D1,REMEMBER,mcq,What is a role?,A named bundle of permissions,"A level of access, from low to high",A group of users in the system,A job title stored on the account,A,A named bundle of permissions,"The bundle is the point: you grant one name instead of twenty permissions, and change it in one place.",AUTHORED,
GB3_AUZ_003,AUTHORIZATION,AUZ_C03_DEFAULT,AUZ_F03_DENY_BY_DEFAULT,AUZ_FAM03_DEFAULT_POSTURE,AUZ_RG_DEFAULT,D1,REMEMBER,mcq,What should happen to a request no rule covers?,It is logged and allowed,It is passed to an administrator,It is refused,It is allowed,C,It is refused,Deny by default. A new endpoint added next year is then closed until somebody deliberately opens it.,AUTHORED,
GB3_AUZ_004,AUTHORIZATION,AUZ_C04_PLACE,AUZ_F04_SERVER_SIDE,AUZ_FAM04_WHERE_THE_CHECK_LIVES,AUZ_RG_PLACE,D1,REMEMBER,mcq,Where must an authorization check run?,"In the client, before the request","At the network edge, once","On the server, for every request","In both, to catch it early",C,"On the server, for every request","Anything in the client is a suggestion, because the client is a program the user controls entirely.",AUTHORED,
GB3_AUZ_005,AUTHORIZATION,AUZ_C05_LEAST_PRIVILEGE,AUZ_F05_WHAT_IT_MEANS,AUZ_FAM05_LEAST_PRIVILEGE,AUZ_RG_LEAST,D1,REMEMBER,mcq,What does least privilege mean?,Only the access the job needs,Access that expires after each use,Permissions granted one at a time,The lowest role available to assign,A,Only the access the job needs,"Scoped to the work, not to the person’s seniority. It bounds the damage of any single account being taken.",AUTHORED,
GB3_AUZ_006,AUTHORIZATION,AUZ_C06_OWNERSHIP,AUZ_F06_WHAT_OWNERSHIP_IS,AUZ_FAM06_OWNERSHIP_CHECKS,AUZ_RG_OWNERSHIP,D1,REMEMBER,mcq,What is an ownership check?,Confirming the record still exists,Confirming the record belongs to this user,Confirming the user has the right role,Confirming the user is still logged in,B,Confirming the record belongs to this user,"Distinct from a role check, and the one people forget. Every customer has the ""customer"" role.",AUTHORED,
GB3_AUZ_007,AUTHORIZATION,AUZ_C07_SCOPE,AUZ_F07_WHAT_A_SCOPE_IS,AUZ_FAM07_SCOPE_MEANING,AUZ_RG_SCOPE,D1,REMEMBER,mcq,What does a scope on an API token express?,The subset of actions it may take,The user account it belongs to,How long the token remains valid,The services it is allowed to reach,A,The subset of actions it may take,A narrowing. The user may be able to do far more than the token they issued to some integration can.,AUTHORED,
GB3_AUZ_008,AUTHORIZATION,AUZ_C08_UI,AUZ_F08_HIDING_IS_NOT_SECURITY,AUZ_FAM08_UI_VERSUS_CONTROL,AUZ_RG_UI,D1,REMEMBER,mcq,What does hiding a button from a user achieve?,The same effect as a server check,"A tidier interface, and nothing more",A record that access was refused,Protection of the action behind it,B,"A tidier interface, and nothing more",The endpoint is still there and still reachable with any HTTP client. Hiding is courtesy; the check is security.,AUTHORED,
GB3_AUZ_009,AUTHORIZATION,AUZ_C09_ABAC,AUZ_F09_ATTRIBUTE_RULES,AUZ_FAM09_ATTRIBUTE_MODEL,AUZ_RG_ABAC,D1,REMEMBER,mcq,What does an attribute-based rule decide on?,The group the user has been placed in,The role assigned to the user account,"Facts about the user, the thing and the context",The permissions listed on the endpoint,C,"Facts about the user, the thing and the context","Department, record status, time of day, amount. It expresses rules roles alone cannot reach.",AUTHORED,
GB3_AUZ_010,AUTHORIZATION,AUZ_C10_AUDIT,AUZ_F10_WHAT_AN_AUDIT_LOG_IS,AUZ_FAM10_AUDIT,AUZ_RG_AUDIT,D1,REMEMBER,mcq,What does an audit log record?,"Who did what, and when",The requests that were refused,Every error the system raised,Changes made to the source code,A,"Who did what, and when",Including the allowed actions. A log of refusals alone cannot answer what an abused account actually did.,AUTHORED,
GB3_AUZ_011,AUTHORIZATION,AUZ_C04_PLACE,AUZ_F11_WHY_NOT_CLIENT,AUZ_FAM11_WHY_SERVER_SIDE,AUZ_RG_PLACE,D2,UNDERSTAND,mcq,Why can a client-side check never be trusted?,The user can send the request without it,The check may run before data loads,Browsers may disable the script entirely,Client code may be an outdated version,A,The user can send the request without it,Your interface is one way to call your API. Nothing obliges anybody to use it.,AUTHORED,
GB3_AUZ_012,AUTHORIZATION,AUZ_C03_DEFAULT,AUZ_F12_WHY_DENY_DEFAULT,AUZ_FAM12_WHY_DENY_WINS,AUZ_RG_DEFAULT,D2,UNDERSTAND,mcq,Why is a list of what is allowed safer than a list of what is forbidden?,The allowed list is shorter to write,Forbidden lists are harder to read,Allowed lists are faster to check,The allowed list can be complete,D,The allowed list can be complete,"You can enumerate what should work. You can never finish enumerating what should not, especially next year.",AUTHORED,
GB3_AUZ_013,AUTHORIZATION,AUZ_C06_OWNERSHIP,AUZ_F13_WHY_ROLE_IS_NOT_ENOUGH,AUZ_FAM13_WHY_OWNERSHIP_MATTERS,AUZ_RG_OWNERSHIP,D2,UNDERSTAND,mcq,"Why is ""the user has the customer role"" not enough to show them an invoice?",The role may have expired by now,Every customer has that same role,Invoices need a higher role than that,Roles can be changed by the user,B,Every customer has that same role,The role says what kind of user they are. It says nothing about whose invoice this particular one is.,AUTHORED,
GB3_AUZ_014,AUTHORIZATION,AUZ_C05_LEAST_PRIVILEGE,AUZ_F14_WHY_LEAST,AUZ_FAM14_WHY_LEAST_PRIVILEGE,AUZ_RG_LEAST,D2,UNDERSTAND,mcq,What does least privilege buy you when an account is compromised?,The compromise is detected more quickly,The account can be disabled more easily,The attacker inherits only that much reach,Fewer accounts are affected in total,C,The attacker inherits only that much reach,"It assumes compromise rather than preventing it, and bounds what any single stolen account is worth.",AUTHORED,
GB3_AUZ_015,AUTHORIZATION,AUZ_C11_CENTRAL,AUZ_F15_WHY_ONE_PLACE,AUZ_FAM15_WHY_CENTRALISE,AUZ_RG_CENTRAL,D2,UNDERSTAND,mcq,Why express permission rules in one place rather than inline everywhere?,A rule change then cannot be half-applied,Inline checks cannot be unit tested,It reduces the total lines of code,Centralised checks run more efficiently,A,A rule change then cannot be half-applied,Scattered rules drift. The one endpoint nobody updated is exactly where the hole ends up.,AUTHORED,
GB3_AUZ_016,AUTHORIZATION,AUZ_C07_SCOPE,AUZ_F16_WHY_SCOPES,AUZ_FAM16_WHY_NARROW_A_TOKEN,AUZ_RG_SCOPE,D2,UNDERSTAND,mcq,Why give an integration a read-only token rather than your own credentials?,Read-only tokens are harder to steal,It keeps the integration simpler to build,Its compromise then cannot change anything,It avoids sharing your account password,C,Its compromise then cannot change anything,Third-party code runs where you cannot see it. The scope decides what a bad day over there costs you.,AUTHORED,
GB3_AUZ_017,AUTHORIZATION,AUZ_C12_ERRORS,AUZ_F17_403_VERSUS_404,AUZ_FAM17_WHAT_REFUSALS_LEAK,AUZ_RG_ERRORS,D2,UNDERSTAND,mcq,"Why might you return ""not found"" instead of ""forbidden"" for another user’s record?",Forbidden invites the user to retry,Forbidden confirms the record exists,Not found is easier to cache safely,Not found is the more accurate code,B,Forbidden confirms the record exists,"Existence is itself information. Whether it matters depends on the data, which is why this is a judgement call.",AUTHORED,
GB3_AUZ_018,AUTHORIZATION,AUZ_C10_AUDIT,AUZ_F18_WHY_LOG_ALLOWED,AUZ_FAM18_WHY_AUDIT,AUZ_RG_AUDIT,D2,UNDERSTAND,mcq,"Why log actions that were permitted, not only those refused?",Auditors require a complete history,An abused account is doing permitted things,Permitted actions are easier to record,Refusals are rare and less informative,B,An abused account is doing permitted things,The insider and the stolen session both pass every check. A refusal log cannot see either of them.,AUTHORED,
GB3_AUZ_019,AUTHORIZATION,AUZ_C13_GROWTH,AUZ_F19_WHY_ROLES_SPRAWL,AUZ_FAM19_WHY_MODELS_DECAY,AUZ_RG_GROWTH,D2,UNDERSTAND,mcq,Why do role systems tend to grow dozens of near-identical roles?,Every new feature requires its own role,Teams forget which roles already exist,Roles cannot be deleted once created,Each exception becomes a new role,D,Each exception becomes a new role,"manager-except-refunds. Roles cannot express conditions, so every condition becomes another bundle.",AUTHORED,
GB3_AUZ_020,AUTHORIZATION,AUZ_C14_MULTITENANCY,AUZ_F20_WHY_TENANT_SCOPE,AUZ_FAM20_WHY_TENANTS_MATTER,AUZ_RG_TENANCY,D2,UNDERSTAND,mcq,"In a system serving many organisations, what must every query carry?",The permissions the endpoint requires,The identity of the logged-in user,The organisation the request belongs to,The role of the user making it,C,The organisation the request belongs to,"One missing tenant filter shows another company their competitor’s data, and the user was fully authorized.",AUTHORED,
GB3_AUZ_021,AUTHORIZATION,AUZ_C06_OWNERSHIP,AUZ_F21_WRITE_THE_CHECK,AUZ_FAM21_APPLYING_OWNERSHIP,AUZ_RG_OWNERSHIP,D3,APPLY,mcq,An endpoint returns /orders/:id. What check does it need beyond being logged in?,That the order id is a valid format,That the user has the customer role,That the order belongs to this user,That the session has not expired,C,That the order belongs to this user,"Without it, changing the number in the URL walks through everybody’s orders. This is the classic hole.",AUTHORED,
GB3_AUZ_022,AUTHORIZATION,AUZ_C15_QUERY,AUZ_F22_FILTER_IN_THE_QUERY,AUZ_FAM22_APPLYING_A_FILTER,AUZ_RG_QUERY,D3,APPLY,mcq,A list endpoint fetches all records then filters them in code. What is the better shape?,Cache the filtered list for the next request,Ask the database only for what they may see,Filter in code but add a second check after,Paginate before filtering to limit the rows,B,Ask the database only for what they may see,Filtering after fetching means one forgotten path leaks the lot. The constraint belongs in the query itself.,AUTHORED,
GB3_AUZ_023,AUTHORIZATION,AUZ_C11_CENTRAL,AUZ_F23_WHERE_TO_PUT_IT,AUZ_FAM23_PLACING_THE_CHECK,AUZ_RG_CENTRAL,D3,APPLY,mcq,Where is the safest layer to enforce record-level permission?,In the route handler for each endpoint,"In the client, before the call is made",As close to the data access as possible,In middleware before any handler runs,C,As close to the data access as possible,"Middleware sees the URL, not the record. The layer that loads the row is the one that can judge it.",AUTHORED,
GB3_AUZ_024,AUTHORIZATION,AUZ_C02_ROLE,AUZ_F24_ROLE_OR_PERMISSION,AUZ_FAM24_CHECKING_THE_RIGHT_THING,AUZ_RG_ROLE,D3,APPLY,mcq,"Should code check ""is an admin"" or ""may delete invoices""?","The role, since it is simpler to read","The role, as permissions change often","Both, so either grant path works","The permission, so the roles can change",D,"The permission, so the roles can change",Check the capability and the role becomes a configuration detail. Check the role and every change is a code change.,AUTHORED,
GB3_AUZ_025,AUTHORIZATION,AUZ_C14_MULTITENANCY,AUZ_F25_ENFORCE_TENANT,AUZ_FAM25_APPLYING_TENANCY,AUZ_RG_TENANCY,D3,APPLY,mcq,How do you stop one organisation ever reading another’s rows?,Review every query for the filter,Check the tenant in the route handler,Put each tenant in its own table,Make the tenant filter impossible to omit,D,Make the tenant filter impossible to omit,A scoped repository or a row-level policy. Anything relying on memory fails the first time somebody is in a hurry.,AUTHORED,
GB3_AUZ_026,AUTHORIZATION,AUZ_C08_UI,AUZ_F26_BOTH_LAYERS,AUZ_FAM26_APPLYING_UI_AND_SERVER,AUZ_RG_UI,D3,APPLY,mcq,Should the front end hide actions the user may not take?,"Yes, for usability, on top of a server check","No, it duplicates the server’s logic","No, users should see what they cannot do","Yes, and the server check is then optional",A,"Yes, for usability, on top of a server check","Both, with different jobs. The hidden button saves a pointless refusal; the server check is what enforces it.",AUTHORED,
GB3_AUZ_027,AUTHORIZATION,AUZ_C16_TESTS,AUZ_F27_TEST_THE_REFUSAL,AUZ_FAM27_TESTING_PERMISSIONS,AUZ_RG_TESTS,D3,APPLY,mcq,What must a permission test assert that people usually skip?,That the wrong user is actually refused,That the error message is worded well,That the check runs before the handler,That the right user is allowed through,A,That the wrong user is actually refused,The happy path passes even with no check at all. Only the refusal test can prove the check exists.,AUTHORED,
GB3_AUZ_028,AUTHORIZATION,AUZ_C17_ELEVATION,AUZ_F28_TEMPORARY_ACCESS,AUZ_FAM28_GRANTING_TEMPORARILY,AUZ_RG_ELEVATION,D3,APPLY,mcq,Support needs admin access to investigate one incident. What do you grant?,"Permanent admin, revoked afterwards",A shared admin account for the team,Access that expires on its own,Read access to the whole database,C,Access that expires on its own,Time-boxed by default. Access that has to be remembered to be removed is access that never gets removed.,AUTHORED,
GB3_AUZ_029,AUTHORIZATION,AUZ_C09_ABAC,AUZ_F29_WHEN_ROLES_FAIL,AUZ_FAM29_CHOOSING_A_MODEL,AUZ_RG_ABAC,D3,APPLY,mcq,"""A manager may approve, but not their own request."" How do you express that?",A rule comparing the requester and the approver,A check in the UI that hides the button,A second role for managers who may approve,A separate endpoint for self-approval,A,A rule comparing the requester and the approver,"The rule depends on a relationship between two parties, which no bundle of permissions can capture.",AUTHORED,
GB3_AUZ_030,AUTHORIZATION,AUZ_C12_ERRORS,AUZ_F30_CHOOSE_THE_CODE,AUZ_FAM30_CHOOSING_A_RESPONSE,AUZ_RG_ERRORS,D3,APPLY,mcq,A logged-in user requests a document belonging to a different company. What do you return?,"Forbidden, with the owner named","Not found, revealing nothing about it","Unauthorized, prompting a new login","Forbidden, so the refusal is honest",B,"Not found, revealing nothing about it","Across a tenant boundary, even existence is somebody else’s information. Within your own account, forbidden is kinder.",AUTHORED,
GB3_AUZ_031,AUTHORIZATION,AUZ_C06_OWNERSHIP,AUZ_F31_IDOR,AUZ_FAM31_DIAGNOSE_DIRECT_REFERENCE,AUZ_RG_OWNERSHIP,D4,ANALYZE,mcq,Changing the id in /api/profile/42 shows another user’s profile. What is missing?,Authentication on that endpoint,Rate limiting on profile requests,A check that the record is the caller’s,Validation of the id parameter,C,A check that the record is the caller’s,"Authentication worked perfectly. The request is from a real, logged-in user asking for something not theirs.",AUTHORED,
GB3_AUZ_032,AUTHORIZATION,AUZ_C08_UI,AUZ_F32_HIDDEN_BUT_OPEN,AUZ_FAM32_DIAGNOSE_UI_ONLY,AUZ_RG_UI,D4,ANALYZE,mcq,"The delete button is hidden for normal users, but the DELETE endpoint works for them. What happened?",The endpoint was deployed before the UI,The role was not applied to that user,The control was put only in the interface,Middleware was skipped for that route,C,The control was put only in the interface,Extremely common and usually found by accident. The interface expressed the intention; nothing enforced it.,AUTHORED,
GB3_AUZ_033,AUTHORIZATION,AUZ_C15_QUERY,AUZ_F33_LEAK_IN_A_JOIN,AUZ_FAM33_DIAGNOSE_A_QUERY_LEAK,AUZ_RG_QUERY,D4,ANALYZE,mcq,"A report endpoint filters by tenant, but a joined table is not filtered. What is the effect?",The report fails for smaller tenants,The query returns fewer rows than expected,Rows from other tenants appear in the results,The join runs more slowly than it should,C,Rows from other tenants appear in the results,The filter has to cover every table the data comes from. One unscoped join is a cross-tenant leak.,AUTHORED,
GB3_AUZ_034,AUTHORIZATION,AUZ_C18_MASS_ASSIGN,AUZ_F34_FIELD_LEVEL,AUZ_FAM34_DIAGNOSE_FIELD_ACCESS,AUZ_RG_FIELDS,D4,ANALYZE,mcq,A profile update copies the whole request body onto the user record. What can a user do?,"Set fields they should never control, like role",Overwrite another user’s profile entirely,Bypass the authentication on that route,Delete fields by omitting them from the body,A,"Set fields they should never control, like role","Mass assignment. Authorization is per field as well as per record; accept a named list, never the whole body.",AUTHORED,
GB3_AUZ_035,AUTHORIZATION,AUZ_C11_CENTRAL,AUZ_F35_ONE_MISSED_ROUTE,AUZ_FAM35_DIAGNOSE_INCONSISTENCY,AUZ_RG_CENTRAL,D4,ANALYZE,mcq,Nineteen endpoints check permission and one does not. How did that happen?,The last endpoint was written in a hurry,The team lacked a code review process,That route was added by a different team,The check is opt-in rather than automatic,D,The check is opt-in rather than automatic,A check somebody must remember is a check somebody will forget. Make the default closed and opening explicit.,AUTHORED,
GB3_AUZ_036,AUTHORIZATION,AUZ_C19_TRUST_INPUT,AUZ_F36_ROLE_FROM_CLIENT,AUZ_FAM36_DIAGNOSE_TRUSTED_INPUT,AUZ_RG_TRUST,D4,ANALYZE,mcq,The server reads the user’s role from a header the client sends. What is wrong?,The header may be stripped by a proxy,The client decides its own permissions,Roles should be sent in the body instead,Headers are not encrypted in transit,B,The client decides its own permissions,Anything the client sends is a claim. The role must come from the server’s own record of that identity.,AUTHORED,
GB3_AUZ_037,AUTHORIZATION,AUZ_C13_GROWTH,AUZ_F37_EVERYONE_IS_ADMIN,AUZ_FAM37_DIAGNOSE_PRIVILEGE_CREEP,AUZ_RG_GROWTH,D4,ANALYZE,mcq,"Over three years, most staff have ended up with the admin role. Why?",Staff requested it to do their jobs faster,Granting was easy and removal never happened,The company grew faster than the role model,The admin role gained too many permissions,B,Granting was easy and removal never happened,Privilege creep is a ratchet. Without periodic review it only ever turns one way.,AUTHORED,
GB3_AUZ_038,AUTHORIZATION,AUZ_C20_CACHE,AUZ_F38_CACHED_RESPONSE,AUZ_FAM38_DIAGNOSE_CACHING,AUZ_RG_CACHE,D4,ANALYZE,mcq,A per-user page is cached by a shared proxy. What can go wrong?,The page becomes stale for everybody,The cache grows larger than expected,One user is served another user’s page,Logged-out users see a login prompt,C,One user is served another user’s page,"The check ran once, for somebody else. Authorized responses need cache headers that say private.",AUTHORED,
GB3_AUZ_039,AUTHORIZATION,AUZ_C21_STALE,AUZ_F39_STALE_CLAIMS,AUZ_FAM39_DIAGNOSE_STALE_PERMISSIONS,AUZ_RG_STALE,D4,ANALYZE,mcq,"A user’s admin role is removed, but they keep admin access for hours. Why?",The role is carried inside a long-lived token,The cache of roles was not cleared,The change did not save to the database,Their session was not expired on change,A,The role is carried inside a long-lived token,A token is a snapshot of permissions at issue time. Anything self-contained is stale the moment reality changes.,AUTHORED,
GB3_AUZ_040,AUTHORIZATION,AUZ_C22_INTERNAL,AUZ_F40_INTERNAL_SERVICE,AUZ_FAM40_DIAGNOSE_INTERNAL_TRUST,AUZ_RG_INTERNAL,D4,ANALYZE,mcq,"An internal service performs no checks because ""only our own services call it"". What is the flaw?",Internal services can be called externally,Other teams may misuse the interface,Any foothold inside the network reaches it,The service cannot log who called it,C,Any foothold inside the network reaches it,Network position is not identity. One compromised service turns into everything that service can reach.,AUTHORED,
GB3_AUZ_041,AUTHORIZATION,AUZ_C09_ABAC,AUZ_F41_MODEL_CHOICE,AUZ_FAM41_JUDGING_A_MODEL,AUZ_RG_ABAC,D5,EVALUATE,mcq,When are simple roles the right choice over a richer model?,When the team is new to authorization,Whenever the system is still small,When the real rules genuinely fit them,When performance is a concern,C,When the real rules genuinely fit them,Roles are not a beginner model; they are the right model when permission really does follow the job.,AUTHORED,
GB3_AUZ_042,AUTHORIZATION,AUZ_C12_ERRORS,AUZ_F42_HONESTY_VS_LEAKAGE,AUZ_FAM42_JUDGING_A_REFUSAL,AUZ_RG_ERRORS,D5,EVALUATE,mcq,What decides whether a refusal should admit the resource exists?,How the front end wants to show it,Whether the user is inside the company,Which status code the standard prefers,Whether existence is itself sensitive here,D,Whether existence is itself sensitive here,Knowing a patient record exists can be the leak. Knowing a colleague’s document exists usually is not.,AUTHORED,
GB3_AUZ_043,AUTHORIZATION,AUZ_C05_LEAST_PRIVILEGE,AUZ_F43_FRICTION_COST,AUZ_FAM43_JUDGING_RESTRICTION,AUZ_RG_LEAST,D5,EVALUATE,mcq,Permissions are so tight that staff share accounts to get work done. What is the verdict?,The model failed — accountability is now gone,The model is working and staff need training,The model is right but needs more roles,The model should be relaxed for everyone,A,The model failed — accountability is now gone,"Shared accounts destroy the audit trail, which is worse than the over-permission you were avoiding.",AUTHORED,
GB3_AUZ_044,AUTHORIZATION,AUZ_C23_REVIEW,AUZ_F44_PERIODIC_REVIEW,AUZ_FAM44_JUDGING_UPKEEP,AUZ_RG_REVIEW,D5,EVALUATE,mcq,Why review who has what access on a schedule?,Grants accumulate; nothing removes them,Roles change meaning over time,Permissions can be lost silently,Auditors ask for the evidence,A,Grants accumulate; nothing removes them,People change teams and keep the old access. Only a deliberate review ever turns the ratchet back.,AUTHORED,
GB3_AUZ_045,AUTHORIZATION,AUZ_C21_STALE,AUZ_F45_TOKEN_OR_LOOKUP,AUZ_FAM45_JUDGING_FRESHNESS,AUZ_RG_STALE,D5,EVALUATE,mcq,Permissions in the token are fast; looking them up is fresh. How do you choose?,By how often permissions actually change,By how bad a few minutes of stale access is,By whether the token format supports it,By how many requests the system handles,B,By how bad a few minutes of stale access is,"The real question is the cost of the gap, not the frequency of change. Sometimes minutes are fine; sometimes not.",AUTHORED,
GB3_AUZ_046,AUTHORIZATION,AUZ_C22_INTERNAL,AUZ_F46_ZERO_TRUST,AUZ_FAM46_JUDGING_INTERNAL_POLICY,AUZ_RG_INTERNAL,D5,EVALUATE,mcq,What is the argument for services checking each other’s identity internally?,One breach then does not become all of them,External standards increasingly require it,It makes the services easier to test,It removes the need for network controls,A,One breach then does not become all of them,"Containment. The perimeter will be crossed eventually, and what matters then is how far the intruder gets.",AUTHORED,
GB3_AUZ_047,AUTHORIZATION,AUZ_C24_DELEGATION,AUZ_F47_ACTING_ON_BEHALF,AUZ_FAM47_JUDGING_IMPERSONATION,AUZ_RG_DELEGATION,D5,EVALUATE,mcq,Support staff can view the app as a customer. What must that feature include?,A read-only restriction on all actions,The customer’s consent before each use,"A record of who acted, not just as whom",A time limit on each viewing session,C,"A record of who acted, not just as whom","Without the real actor in the log, every impersonated action is attributed to the customer. That is the whole risk.",AUTHORED,
GB3_AUZ_048,AUTHORIZATION,AUZ_C16_TESTS,AUZ_F48_CONFIDENCE,AUZ_FAM48_JUDGING_ASSURANCE,AUZ_RG_TESTS,D5,EVALUATE,mcq,What gives the most confidence that no endpoint is unprotected?,An annual penetration test of the API,A checklist reviewers work through,A test per endpoint for the happy path,A test that every route is denied by default,D,A test that every route is denied by default,Enumerate the routes and assert refusal. A new endpoint then fails the suite until somebody opens it deliberately.,AUTHORED,
GB3_AUZ_049,AUTHORIZATION,AUZ_C25_COMPLEXITY,AUZ_F49_RULES_NOBODY_UNDERSTANDS,AUZ_FAM49_JUDGING_COMPLEXITY,AUZ_RG_COMPLEXITY,D5,EVALUATE,mcq,A permission model is so intricate that nobody can say who can do what. What is the risk?,Nobody can tell whether it is correct,The checks become slow to evaluate,New roles take longer to create,The rules are hard to document,A,Nobody can tell whether it is correct,Security you cannot reason about is security you are hoping for. Comprehensibility is a property of the control.,AUTHORED,
GB3_AUZ_050,AUTHORIZATION,AUZ_C01_DEFINITION,AUZ_F50_THE_HABIT,AUZ_FAM50_JUDGING_THE_WHOLE,AUZ_RG_DEFINITION,D5,EVALUATE,mcq,What question should you ask at every endpoint you write?,Is this user logged in properly,"Whose data is this, and is it theirs",Does this user hold the right role,Has this input been validated fully,B,"Whose data is this, and is it theirs",The role question is answered once at the door. The ownership question has to be asked at every single record.,AUTHORED,
GB3_GRF_001,DSA_GRAPHS,GRF_C01_PARTS,GRF_F01_WHAT_A_GRAPH_IS,GRF_FAM01_GRAPH_DEFINITION,GRF_RG_PARTS,D1,REMEMBER,mcq,What is a graph made of?,Values arranged in a parent-child order,Items stored one after another in memory,Nodes and the connections between them,Keys paired with the values they point to,C,Nodes and the connections between them,"Vertices and edges. Everything else — trees, grids, linked lists — is a graph with a restriction added.",AUTHORED,
GB3_GRF_002,DSA_GRAPHS,GRF_C02_DIRECTED,GRF_F02_DIRECTED_MEANING,GRF_FAM02_DIRECTION,GRF_RG_DIRECTED,D1,REMEMBER,mcq,What makes a graph directed?,It contains no cycles at all,The nodes are kept in an order,An edge goes one way only,It has a single starting node,C,An edge goes one way only,Following somebody is directed; being friends is not. The distinction decides what a traversal can reach.,AUTHORED,
GB3_GRF_003,DSA_GRAPHS,GRF_C03_BFS,GRF_F03_BFS_STRUCTURE,GRF_FAM03_BFS_MECHANISM,GRF_RG_BFS,D1,REMEMBER,mcq,What structure does breadth-first search use to hold nodes it has yet to visit?,A heap,A stack,A queue,A set,C,A queue,"First in, first out, which is what keeps it exploring one whole distance before starting the next.",AUTHORED,
GB3_GRF_004,DSA_GRAPHS,GRF_C04_DFS,GRF_F04_DFS_STRUCTURE,GRF_FAM04_DFS_MECHANISM,GRF_RG_DFS,D1,REMEMBER,mcq,"What does depth-first search use, explicitly or through recursion?",A stack,A queue,A priority queue,A sorted list,A,A stack,Recursion is a stack you did not write. That is why deep graphs overflow it and iterative versions do not.,AUTHORED,
GB3_GRF_005,DSA_GRAPHS,GRF_C05_VISITED,GRF_F05_WHY_VISITED_EXISTS,GRF_FAM05_VISITED_SET,GRF_RG_VISITED,D1,REMEMBER,mcq,What is the visited set for?,Recording the order nodes were seen,Stopping the traversal revisiting nodes,Counting how many nodes were reached,Storing the path back to the start,B,Stopping the traversal revisiting nodes,"Without it, any cycle makes the traversal run forever. It is part of the algorithm, not a speed-up.",AUTHORED,
GB3_GRF_006,DSA_GRAPHS,GRF_C06_WEIGHT,GRF_F06_WHAT_A_WEIGHT_IS,GRF_FAM06_WEIGHTS,GRF_RG_WEIGHT,D1,REMEMBER,mcq,What does a weight on an edge represent?,How important that node is,How many times it has been used,The order edges should be taken in,The cost of using that connection,D,The cost of using that connection,"Distance, time, price, risk. Once edges cost different amounts, counting them stops answering the question.",AUTHORED,
GB3_GRF_007,DSA_GRAPHS,GRF_C07_REPRESENTATION,GRF_F07_ADJACENCY_LIST,GRF_FAM07_STORING_A_GRAPH,GRF_RG_REPRESENTATION,D1,REMEMBER,mcq,What does an adjacency list store for each node?,Its position in the graph,The nodes it connects to,Whether it has been visited,Its distance from the start,B,The nodes it connects to,"Neighbours only. The whole graph is then one list per node, which is small when most pairs are unconnected.",AUTHORED,
GB3_GRF_008,DSA_GRAPHS,GRF_C08_CYCLE,GRF_F08_WHAT_A_CYCLE_IS,GRF_FAM08_CYCLES,GRF_RG_CYCLE,D1,REMEMBER,mcq,What is a cycle?,A node connected to every other node,A path that returns to where it began,A pair of nodes joined twice over,A graph with more edges than nodes,B,A path that returns to where it began,"Cycles are what make graphs harder than trees, and what makes the visited set non-negotiable.",AUTHORED,
GB3_GRF_009,DSA_GRAPHS,GRF_C09_COMPONENT,GRF_F09_CONNECTED_COMPONENT,GRF_FAM09_COMPONENTS,GRF_RG_COMPONENT,D1,REMEMBER,mcq,What is a connected component?,A group of nodes that can all reach each other,A set of nodes with the same number of edges,A part of the graph with no cycles in it,The largest group of nodes in the graph,A,A group of nodes that can all reach each other,"One traversal reaches exactly one component, which is why counting components means restarting from unvisited nodes.",AUTHORED,
GB3_GRF_010,DSA_GRAPHS,GRF_C10_DAG,GRF_F10_WHAT_A_DAG_IS,GRF_FAM10_DAG_MEANING,GRF_RG_DAG,D1,REMEMBER,mcq,What is a directed acyclic graph?,A directed graph shaped like a tree,A graph with exactly one path each way,A directed graph with no cycles,A graph where all edges point down,C,A directed graph with no cycles,"Dependencies, build steps, course prerequisites. The absence of cycles is what makes an ordering possible.",AUTHORED,
GB3_GRF_011,DSA_GRAPHS,GRF_C03_BFS,GRF_F11_BFS_GUARANTEE,GRF_FAM11_WHAT_BFS_PROMISES,GRF_RG_BFS,D2,UNDERSTAND,mcq,What does breadth-first search guarantee about the first time it reaches a node?,It arrived by the fewest edges possible,It arrived by the cheapest route there,It arrived along the only path to it,It arrived before any other traversal would,A,It arrived by the fewest edges possible,"Fewest edges, not cheapest. The two coincide only when every edge costs exactly the same.",AUTHORED,
GB3_GRF_012,DSA_GRAPHS,GRF_C04_DFS,GRF_F12_DFS_NO_SHORTEST,GRF_FAM12_WHAT_DFS_DOES_NOT_PROMISE,GRF_RG_DFS,D2,UNDERSTAND,mcq,Why does depth-first search not find shortest paths?,It stops as soon as the target is found,It commits to one branch before trying others,It does not keep track of the distances,It may visit some nodes more than once,B,It commits to one branch before trying others,"It follows one route to its end. The first arrival is simply the first route tried, not the shortest.",AUTHORED,
GB3_GRF_013,DSA_GRAPHS,GRF_C05_VISITED,GRF_F13_WHEN_TO_MARK,GRF_FAM13_MARKING_CORRECTLY,GRF_RG_VISITED,D2,UNDERSTAND,mcq,"In BFS, when should a node be marked visited?",When the traversal has finished,When it is put into the queue,When all its neighbours are explored,When it is taken out of the queue,B,When it is put into the queue,Marking on removal lets the same node be queued several times before it is ever processed.,AUTHORED,
GB3_GRF_014,DSA_GRAPHS,GRF_C07_REPRESENTATION,GRF_F14_LIST_VERSUS_MATRIX,GRF_FAM14_COMPARING_STORAGE,GRF_RG_REPRESENTATION,D2,UNDERSTAND,mcq,Why is an adjacency matrix a poor choice for a sparse graph?,It stores a cell for every possible pair,It has to be rebuilt when nodes are added,It cannot represent weighted edges well,It makes finding neighbours much slower,A,It stores a cell for every possible pair,"A million nodes means a trillion cells, nearly all of them empty. The list stores only what exists.",AUTHORED,
GB3_GRF_015,DSA_GRAPHS,GRF_C11_COMPLEXITY,GRF_F15_TRAVERSAL_COST,GRF_FAM15_COST_OF_TRAVERSAL,GRF_RG_COMPLEXITY,D2,UNDERSTAND,mcq,Why is a full traversal described as O(V + E) rather than O(V)?,Edges must be sorted before the traversal,Every edge is examined as well as every node,The queue operations each cost extra time,Some nodes are examined more than once,B,Every edge is examined as well as every node,You touch each node once and look down each of its edges once. Both terms are real work.,AUTHORED,
GB3_GRF_016,DSA_GRAPHS,GRF_C12_DIJKSTRA,GRF_F16_WHY_DIJKSTRA,GRF_FAM16_WHY_WEIGHTS_NEED_MORE,GRF_RG_DIJKSTRA,D2,UNDERSTAND,mcq,Why can BFS not be used for shortest paths on a weighted graph?,Weighted graphs usually contain cycles,BFS visits the nodes in the wrong order,BFS cannot read the weights at all,A longer route may cost less overall,D,A longer route may cost less overall,Three cheap hops can beat one expensive one. Counting hops answers a different question entirely.,AUTHORED,
GB3_GRF_017,DSA_GRAPHS,GRF_C13_TOPOSORT,GRF_F17_WHY_ACYCLIC,GRF_FAM17_WHY_ORDERING_NEEDS_A_DAG,GRF_RG_TOPOSORT,D2,UNDERSTAND,mcq,Why does a topological order require the graph to have no cycles?,Cycles make the ordering ambiguous,Cycles mean some nodes are unreachable,Cycles make the traversal run indefinitely,A cycle means each must come before the other,D,A cycle means each must come before the other,"The requirement is contradictory, not merely difficult. That is why a failed sort detects a dependency cycle.",AUTHORED,
GB3_GRF_018,DSA_GRAPHS,GRF_C14_GRID,GRF_F18_GRID_IS_A_GRAPH,GRF_FAM18_RECOGNISING_A_GRAPH,GRF_RG_GRID,D2,UNDERSTAND,mcq,In what sense is a grid of cells a graph?,The grid can be flattened into a list,Grids and graphs are both two-dimensional,Each cell is a node joined to its neighbours,The rows and columns form the edges,C,Each cell is a node joined to its neighbours,Seeing this is most of the skill. Half of all graph problems in interviews arrive drawn as a grid.,AUTHORED,
GB3_GRF_019,DSA_GRAPHS,GRF_C04_DFS,GRF_F19_DFS_MEMORY,GRF_FAM19_COMPARING_MEMORY,GRF_RG_DFS,D2,UNDERSTAND,mcq,"On a wide, shallow graph, which traversal uses less memory?",Whichever one visits fewer nodes,"Breadth-first, since it holds one level","Depth-first, since it holds one path",Both hold the same number of nodes,C,"Depth-first, since it holds one path","BFS holds a whole level at once, and on a wide graph a level is enormous. DFS holds only the current path.",AUTHORED,
GB3_GRF_020,DSA_GRAPHS,GRF_C09_COMPONENT,GRF_F20_WHY_RESTART,GRF_FAM20_WHY_ONE_RUN_IS_NOT_ENOUGH,GRF_RG_COMPONENT,D2,UNDERSTAND,mcq,Why might one traversal not reach every node?,The graph may be in separate pieces,The visited set may fill up early,The traversal may stop at a cycle,Some nodes may have no edges at all,A,The graph may be in separate pieces,A traversal reaches one component. Covering the graph means restarting from every node still unvisited.,AUTHORED,
GB3_GRF_021,DSA_GRAPHS,GRF_C03_BFS,GRF_F21_PICK_BFS,GRF_FAM21_CHOOSING_A_TRAVERSAL,GRF_RG_BFS,D3,APPLY,mcq,You need the fewest moves from one square to another on an unweighted board. What do you use?,Depth-first search from the start,Breadth-first search from the start,A topological ordering of the squares,A shortest-path algorithm with weights,B,Breadth-first search from the start,Unweighted and asking for fewest steps is precisely what BFS promises. Anything heavier is wasted.,AUTHORED,
GB3_GRF_022,DSA_GRAPHS,GRF_C12_DIJKSTRA,GRF_F22_PICK_DIJKSTRA,GRF_FAM22_CHOOSING_FOR_WEIGHTS,GRF_RG_DIJKSTRA,D3,APPLY,mcq,Roads have different travel times and you want the quickest route. What do you use?,Breadth-first search counting the roads,A topological ordering of the junctions,Depth-first search keeping the best found,A shortest-path search using a priority queue,D,A shortest-path search using a priority queue,Dijkstra: always expand the cheapest known node next. The priority queue is what makes that possible.,AUTHORED,
GB3_GRF_023,DSA_GRAPHS,GRF_C13_TOPOSORT,GRF_F23_PICK_TOPOSORT,GRF_FAM23_CHOOSING_FOR_ORDER,GRF_RG_TOPOSORT,D3,APPLY,mcq,Courses have prerequisites and you need a valid order to take them. What do you use?,Breadth-first search from the first course,A shortest-path search across the courses,A topological sort of the dependency graph,Depth-first search recording the depth,C,A topological sort of the dependency graph,"And if the sort cannot finish, the prerequisites contain a cycle — which is the other answer it gives you.",AUTHORED,
GB3_GRF_024,DSA_GRAPHS,GRF_C09_COMPONENT,GRF_F24_COUNT_ISLANDS,GRF_FAM24_COUNTING_GROUPS,GRF_RG_COMPONENT,D3,APPLY,mcq,How do you count separate islands of land cells in a grid?,Check each cell against its four neighbours,Count the land cells and divide by the average size,Traverse once from the first land cell found,"Traverse from each unvisited land cell, counting runs",D,"Traverse from each unvisited land cell, counting runs",Each traversal consumes one whole island. The number of times you had to start is the answer.,AUTHORED,
GB3_GRF_025,DSA_GRAPHS,GRF_C08_CYCLE,GRF_F25_DETECT_A_CYCLE,GRF_FAM25_DETECTING_CYCLES,GRF_RG_CYCLE,D3,APPLY,mcq,How do you detect a cycle in a directed graph with DFS?,Check whether any node has two parents,Look for a node already on the current path,Count whether edges outnumber the nodes,Look for a node already in the visited set,B,Look for a node already on the current path,Visited-anywhere is not enough; a diamond hits that with no cycle. Cycles need the path you are currently on.,AUTHORED,
GB3_GRF_026,DSA_GRAPHS,GRF_C15_PATH,GRF_F26_RECONSTRUCT_A_PATH,GRF_FAM26_RETURNING_THE_ROUTE,GRF_RG_PATH,D3,APPLY,mcq,BFS found the target. How do you produce the actual path taken?,Re-run the traversal recording each step,Store the full path with every queued node,Keep the whole queue and read it in order,Record each node’s predecessor and walk back,D,Record each node’s predecessor and walk back,"One parent pointer per node, then walk backwards from the target. Storing whole paths costs far more memory.",AUTHORED,
GB3_GRF_027,DSA_GRAPHS,GRF_C07_REPRESENTATION,GRF_F27_BUILD_FROM_PAIRS,GRF_FAM27_BUILDING_THE_GRAPH,GRF_RG_REPRESENTATION,D3,APPLY,mcq,You are given a list of connected pairs. What is the first thing to build?,A sorted list of all the pairs given,A matrix of every possible connection,A map from each node to its neighbours,A set of all the nodes that appear,C,A map from each node to its neighbours,The pair list cannot be traversed. Almost every graph solution starts by turning it into an adjacency map.,AUTHORED,
GB3_GRF_028,DSA_GRAPHS,GRF_C16_BIPARTITE,GRF_F28_TWO_COLOURING,GRF_FAM28_SPLITTING_INTO_TWO,GRF_RG_BIPARTITE,D3,APPLY,mcq,How do you check whether people can be split into two groups with no conflicts inside either?,Try every possible split and test each one,"Traverse, colouring each neighbour the opposite way",Sort the people by how many conflicts they have,Count the conflicts and halve the total,B,"Traverse, colouring each neighbour the opposite way",A two-colouring. It fails exactly when a neighbour already carries the colour you were about to assign.,AUTHORED,
GB3_GRF_029,DSA_GRAPHS,GRF_C14_GRID,GRF_F29_GRID_NEIGHBOURS,GRF_FAM29_TRAVERSING_A_GRID,GRF_RG_GRID,D3,APPLY,mcq,What must a grid traversal check before stepping to a neighbour?,That it is inside the grid and not yet seen,That it holds the value being searched for,That it is closer to the target than now,That it has not been queued this round,A,That it is inside the grid and not yet seen,"Bounds first, then visited. Off-by-one on the bounds check is the single most common grid bug.",AUTHORED,
GB3_GRF_030,DSA_GRAPHS,GRF_C17_MULTISOURCE,GRF_F30_MANY_STARTS,GRF_FAM30_STARTING_FROM_SEVERAL,GRF_RG_MULTISOURCE,D3,APPLY,mcq,You need each cell’s distance to its nearest of many sources. What is the efficient approach?,Run BFS from each cell towards the sources,Compute every pair of distances and compare,Run a separate BFS from each of the sources,Put every source in the queue and run BFS once,D,Put every source in the queue and run BFS once,"Multi-source BFS. Seeding all of them at distance zero spreads one wave, and the first arrival is the nearest.",AUTHORED,
GB3_GRF_031,DSA_GRAPHS,GRF_C05_VISITED,GRF_F31_NO_VISITED_SET,GRF_FAM31_DIAGNOSE_NO_MARKING,GRF_RG_VISITED,D4,ANALYZE,mcq,A traversal never finishes on a graph that has cycles. What is missing?,The check for nodes already seen,A limit on how deep it will go,A check for the target node,The base case in the recursion,A,The check for nodes already seen,It is going round the cycle forever. The visited set is not an optimisation; it is the termination condition.,AUTHORED,
GB3_GRF_032,DSA_GRAPHS,GRF_C05_VISITED,GRF_F32_MARK_TOO_LATE,GRF_FAM32_DIAGNOSE_LATE_MARKING,GRF_RG_VISITED,D4,ANALYZE,mcq,"A BFS marks nodes visited only when dequeued, and runs far slower than expected. Why?",Nodes are being processed out of order,The distances recorded become incorrect,The same node is queued many times over,The queue is being searched on each step,C,The same node is queued many times over,"Between queueing and dequeueing, every other neighbour queues it again. On a dense graph that is ruinous.",AUTHORED,
GB3_GRF_033,DSA_GRAPHS,GRF_C03_BFS,GRF_F33_BFS_ON_WEIGHTS,GRF_FAM33_DIAGNOSE_WRONG_TOOL,GRF_RG_BFS,D4,ANALYZE,mcq,BFS returns a route with three hops costing 90; another route has five hops costing 30. What went wrong?,The graph should be directed instead,"BFS minimised hops, not cost",The BFS implementation has a bug,The weights were read incorrectly,B,"BFS minimised hops, not cost","Nothing is broken. BFS did exactly what it promises, and what it promises was not the question being asked.",AUTHORED,
GB3_GRF_034,DSA_GRAPHS,GRF_C08_CYCLE,GRF_F34_VISITED_NOT_PATH,GRF_FAM34_DIAGNOSE_FALSE_CYCLE,GRF_RG_CYCLE,D4,ANALYZE,mcq,"A cycle detector reports a cycle in a graph shaped like a diamond, which has none. Why?",It follows edges in the wrong direction,It fails to mark nodes as visited at all,It treats any revisited node as a cycle,It starts the traversal from a leaf node,C,It treats any revisited node as a cycle,Two paths reaching the same node is not a cycle. The test is whether the node is on the CURRENT path.,AUTHORED,
GB3_GRF_035,DSA_GRAPHS,GRF_C04_DFS,GRF_F35_STACK_OVERFLOW,GRF_FAM35_DIAGNOSE_DEPTH,GRF_RG_DFS,D4,ANALYZE,mcq,A recursive DFS crashes on a long chain of a hundred thousand nodes. What is the cause?,The recursion missed its base case,The visited set grew beyond memory,The graph contains a hidden cycle,The call stack ran out of room,D,The call stack ran out of room,"Correct algorithm, wrong machine limit. The fix is an explicit stack, which puts the frames on the heap.",AUTHORED,
GB3_GRF_036,DSA_GRAPHS,GRF_C02_DIRECTED,GRF_F36_ONE_WAY_EDGES,GRF_FAM36_DIAGNOSE_DIRECTION_BUG,GRF_RG_DIRECTED,D4,ANALYZE,mcq,A friendship graph built from pairs finds A reaches B but B never reaches A. What was missed?,Each pair had to be added in both directions,Some pairs appeared in the input twice,The pairs were added in the wrong order,The visited set was shared between runs,A,Each pair had to be added in both directions,Friendship is undirected; the adjacency map was built as though it were not. Add each edge both ways.,AUTHORED,
GB3_GRF_037,DSA_GRAPHS,GRF_C12_DIJKSTRA,GRF_F37_NEGATIVE_WEIGHTS,GRF_FAM37_DIAGNOSE_WEIGHT_ASSUMPTIONS,GRF_RG_DIJKSTRA,D4,ANALYZE,mcq,Dijkstra gives a wrong answer on a graph containing a negative-cost edge. Why?,It assumes a settled node cannot improve,It cannot compare negative numbers correctly,Negative edges always create cycles,The priority queue orders them incorrectly,A,It assumes a settled node cannot improve,"Once it finalises a node it never revisits it, and a negative edge is exactly what would have made it cheaper.",AUTHORED,
GB3_GRF_038,DSA_GRAPHS,GRF_C11_COMPLEXITY,GRF_F38_SCAN_FOR_NEIGHBOURS,GRF_FAM38_DIAGNOSE_SLOWNESS,GRF_RG_COMPLEXITY,D4,ANALYZE,mcq,A traversal scans the whole edge list to find each node’s neighbours. What does that cost?,A factor of the edge count on every node,A slower result only on dense graphs,Nothing — the total work is unchanged,Extra memory proportional to the edges,A,A factor of the edge count on every node,O(V·E) instead of O(V+E). Building the adjacency map once is the difference between passing and timing out.,AUTHORED,
GB3_GRF_039,DSA_GRAPHS,GRF_C09_COMPONENT,GRF_F39_SHARED_VISITED,GRF_FAM39_DIAGNOSE_COMPONENT_COUNT,GRF_RG_COMPONENT,D4,ANALYZE,mcq,An island counter resets the visited set before each new start and reports far too many islands. Why?,The traversal never reaches the whole island,Cells of one island get counted repeatedly,The count is incremented in the wrong place,Some cells are skipped by the outer loop,B,Cells of one island get counted repeatedly,The visited set must span the whole outer loop. Resetting it makes each cell of an island look like a new one.,AUTHORED,
GB3_GRF_040,DSA_GRAPHS,GRF_C10_DAG,GRF_F40_SORT_NEVER_COMPLETES,GRF_FAM40_DIAGNOSE_A_FAILED_SORT,GRF_RG_DAG,D4,ANALYZE,mcq,A topological sort produces fewer nodes than the graph holds. What does that tell you?,Some nodes had no edges at all,Those left over sit in a cycle,The graph has separate components,The sort visited nodes in a bad order,B,Those left over sit in a cycle,Nodes in a cycle never reach zero remaining dependencies. The shortfall is the cycle detector.,AUTHORED,
GB3_GRF_041,DSA_GRAPHS,GRF_C18_MODELLING,GRF_F41_SEEING_THE_GRAPH,GRF_FAM41_JUDGING_THE_MODEL,GRF_RG_MODELLING,D5,EVALUATE,mcq,What most often decides whether someone solves a graph problem?,Noticing that it is a graph problem,Writing the traversal without bugs,Choosing the right representation,Knowing the algorithms by heart,A,Noticing that it is a graph problem,The algorithms are few and learnable. The translation from word problem to nodes and edges is the hard part.,AUTHORED,
GB3_GRF_042,DSA_GRAPHS,GRF_C19_TRADEOFF,GRF_F42_BFS_OR_DFS,GRF_FAM42_JUDGING_THE_CHOICE,GRF_RG_TRADEOFF,D5,EVALUATE,mcq,Both BFS and DFS would answer the question. How do you choose?,By whether the graph is directed,By the shape of the graph and the memory,By whichever is simpler to write,By which one runs faster in general,B,By the shape of the graph and the memory,"Same asymptotic cost, opposite memory profiles. Wide and shallow favours DFS; deep and narrow favours BFS.",AUTHORED,
GB3_GRF_043,DSA_GRAPHS,GRF_C12_DIJKSTRA,GRF_F43_OVERKILL,GRF_FAM43_JUDGING_OVER_ENGINEERING,GRF_RG_DIJKSTRA,D5,EVALUATE,mcq,A candidate reaches for Dijkstra on an unweighted graph. What is the issue?,The priority queue will not terminate,BFS answers it with less machinery,Dijkstra will give the wrong answer,Dijkstra cannot handle equal weights,B,BFS answers it with less machinery,"It works, and it signals not having noticed that equal weights collapse the problem into a simpler one.",AUTHORED,
GB3_GRF_044,DSA_GRAPHS,GRF_C20_SCALE,GRF_F44_GRAPH_TOO_BIG,GRF_FAM44_JUDGING_AT_SCALE,GRF_RG_SCALE,D5,EVALUATE,mcq,The graph is too large to hold in memory. What changes?,The graph must first be split into pieces,The traversal must generate nodes as it goes,Only depth-first search remains possible,The algorithms no longer apply at all,B,The traversal must generate nodes as it goes,An implicit graph: neighbours computed on demand rather than stored. Chess positions are never held as a list.,AUTHORED,
GB3_GRF_045,DSA_GRAPHS,GRF_C18_MODELLING,GRF_F45_WHAT_IS_A_NODE,GRF_FAM45_JUDGING_WHAT_TO_MODEL,GRF_RG_MODELLING,D5,EVALUATE,mcq,A puzzle asks for the fewest moves to reach a target state. What is a node?,One position on the board,One whole state of the puzzle,One move that can be made,One piece that can be moved,B,One whole state of the puzzle,States are nodes and moves are edges. This inversion is what turns puzzles into ordinary shortest-path problems.,AUTHORED,
GB3_GRF_046,DSA_GRAPHS,GRF_C19_TRADEOFF,GRF_F46_PREPROCESSING,GRF_FAM46_JUDGING_PRECOMPUTATION,GRF_RG_TRADEOFF,D5,EVALUATE,mcq,The same graph will be queried thousands of times. What is worth considering?,Using a faster traversal each time,Computing answers once and reusing them,Keeping the graph in a matrix instead,Reducing the number of edges stored,B,Computing answers once and reusing them,"A cost paid once against a cost paid per query. The shape of the workload, not the graph, decides this.",AUTHORED,
GB3_GRF_047,DSA_GRAPHS,GRF_C21_INTERVIEW,GRF_F47_STATING_ASSUMPTIONS,GRF_FAM47_JUDGING_AN_ANSWER,GRF_RG_INTERVIEW,D5,EVALUATE,mcq,What should you establish before writing any graph code in an interview?,"Whether it is directed, weighted and connected",Whether recursion is allowed here,Which traversal the interviewer expects,How large the input is likely to be,A,"Whether it is directed, weighted and connected",Those three facts determine the algorithm. Writing before asking is choosing the tool before knowing the job.,AUTHORED,
GB3_GRF_048,DSA_GRAPHS,GRF_C20_SCALE,GRF_F48_MEET_IN_THE_MIDDLE,GRF_FAM48_JUDGING_SEARCH_WIDTH,GRF_RG_SCALE,D5,EVALUATE,mcq,A BFS between two known points explores an enormous number of nodes. What can help?,Searching from both ends until they meet,Processing the queue in a different order,Switching to a depth-first traversal,Reducing the size of the visited set,A,Searching from both ends until they meet,Bidirectional search. Two halves of the depth explore vastly fewer nodes than one full one.,AUTHORED,
GB3_GRF_049,DSA_GRAPHS,GRF_C22_CORRECTNESS,GRF_F49_TESTING_A_TRAVERSAL,GRF_FAM49_JUDGING_CONFIDENCE,GRF_RG_CORRECTNESS,D5,EVALUATE,mcq,Which test case catches the most graph bugs?,A graph where every node joins every other,A large graph with many thousand nodes,A disconnected graph containing a cycle,A straight chain of connected nodes,C,A disconnected graph containing a cycle,"It catches the two classic failures at once: forgetting to restart, and forgetting the visited set.",AUTHORED,
GB3_GRF_050,DSA_GRAPHS,GRF_C01_PARTS,GRF_F50_WHY_IT_MATTERS,GRF_FAM50_JUDGING_THE_WHOLE,GRF_RG_PARTS,D5,EVALUATE,mcq,Why are graphs worth learning properly rather than memorising?,Most real problems become one once translated,The algorithms are the hardest to recall,Interviewers ask about them most often,They appear in every kind of system,A,Most real problems become one once translated,"Dependencies, routes, permissions, social ties, state machines. Memorising the code does not help you see that.",AUTHORED,
GB3_DYP_001,DSA_DP,DYP_C01_DEFINITION,DYP_F01_WHAT_DP_IS,DYP_FAM01_DP_DEFINITION,DYP_RG_DEFINITION,D1,REMEMBER,mcq,"What is dynamic programming, in one sentence?",Making a locally best choice at each step,Trying every option and keeping the best one,Breaking a problem into independent halves,Solving subproblems once and reusing the answers,D,Solving subproblems once and reusing the answers,"Recursion plus remembering. The other three describe divide and conquer, brute force and greedy.",AUTHORED,
GB3_DYP_002,DSA_DP,DYP_C02_OVERLAP,DYP_F02_OVERLAPPING_SUBPROBLEMS,DYP_FAM02_OVERLAP_MEANING,DYP_RG_OVERLAP,D1,REMEMBER,mcq,What does it mean for subproblems to overlap?,Solving one changes the answer to another,The same subproblem is reached many times,Subproblems can be solved in any order,Subproblems share some of their inputs,B,The same subproblem is reached many times,Reached repeatedly by different routes. That repetition is the only thing a cache can save you.,AUTHORED,
GB3_DYP_003,DSA_DP,DYP_C03_SUBSTRUCTURE,DYP_F03_OPTIMAL_SUBSTRUCTURE,DYP_FAM03_SUBSTRUCTURE_MEANING,DYP_RG_SUBSTRUCTURE,D1,REMEMBER,mcq,What does optimal substructure mean?,The best answer is built from best sub-answers,Every subproblem has exactly one answer,The subproblems do not depend on each other,The problem can be split into equal parts,A,The best answer is built from best sub-answers,"It is what makes the recurrence valid. Without it, combining the best pieces need not give the best whole.",AUTHORED,
GB3_DYP_004,DSA_DP,DYP_C04_MEMO,DYP_F04_WHAT_MEMOISATION_IS,DYP_FAM04_MEMOISATION,DYP_RG_MEMO,D1,REMEMBER,mcq,What is memoisation?,Caching a function’s result against its arguments,Storing the whole recursion tree in memory,Writing results into a table from the bottom up,Keeping the best answer found so far,A,Caching a function’s result against its arguments,Top-down. You keep the recursion you already wrote and add a lookup before doing the work.,AUTHORED,
GB3_DYP_005,DSA_DP,DYP_C05_TABULATION,DYP_F05_WHAT_TABULATION_IS,DYP_FAM05_TABULATION,DYP_RG_TABULATION,D1,REMEMBER,mcq,What is tabulation?,Caching results as the recursion returns them,Filling a table from the smallest case upward,Sorting the subproblems before solving them,Storing the inputs alongside their answers,B,Filling a table from the smallest case upward,"Bottom-up. Same recurrence, no recursion, and no risk of exhausting the call stack.",AUTHORED,
GB3_DYP_006,DSA_DP,DYP_C06_STATE,DYP_F06_WHAT_A_STATE_IS,DYP_FAM06_STATE_MEANING,DYP_RG_STATE,D1,REMEMBER,mcq,What is the state in a dynamic programming solution?,The values still left to be computed,The order the subproblems are solved in,The answer computed for a subproblem,What a subproblem’s answer depends on,D,What a subproblem’s answer depends on,"The arguments, not the result. Getting this wrong is the single most common way a DP solution fails.",AUTHORED,
GB3_DYP_007,DSA_DP,DYP_C07_BASE,DYP_F07_BASE_CASE,DYP_FAM07_BASE_CASES,DYP_RG_BASE,D1,REMEMBER,mcq,What is a base case in a DP recurrence?,The case the recursion starts from,The first entry written into the table,A case whose answer is known outright,The smallest input the problem allows,C,A case whose answer is known outright,"Known without recursing. Everything else is defined in terms of it, so a wrong base is wrong everywhere.",AUTHORED,
GB3_DYP_008,DSA_DP,DYP_C08_TRANSITION,DYP_F08_WHAT_A_TRANSITION_IS,DYP_FAM08_TRANSITIONS,DYP_RG_TRANSITION,D1,REMEMBER,mcq,What does a transition express?,How many states the problem has in total,Which state the problem should start from,How the table is filled in from left to right,How one state’s answer follows from smaller ones,D,How one state’s answer follows from smaller ones,The recurrence itself. State plus transition plus base case is the whole of a DP solution.,AUTHORED,
GB3_DYP_009,DSA_DP,DYP_C09_COMPLEXITY,DYP_F09_COST_FORMULA,DYP_FAM09_COST,DYP_RG_COMPLEXITY,D1,REMEMBER,mcq,How do you work out the cost of a DP solution?,"The size of the input, squared",The number of base cases needed,States multiplied by the work per state,The depth of the recursion tree,C,States multiplied by the work per state,"Each state is solved once. So the count of states, times what each one costs, is the whole calculation.",AUTHORED,
GB3_DYP_010,DSA_DP,DYP_C10_CLASSIC,DYP_F10_FIBONACCI,DYP_FAM10_SIMPLEST_EXAMPLE,DYP_RG_CLASSIC,D1,REMEMBER,mcq,Why is naive recursive Fibonacci the standard example?,It cannot be written iteratively,It has no base case of its own,It recomputes the same values constantly,It uses more memory than it needs,C,It recomputes the same values constantly,"fib(30) computes fib(10) thousands of times. One cache turns exponential into linear, visibly.",AUTHORED,
GB3_DYP_011,DSA_DP,DYP_C02_OVERLAP,DYP_F11_WHY_CACHING_PAYS,DYP_FAM11_WHY_MEMO_HELPS,DYP_RG_OVERLAP,D2,UNDERSTAND,mcq,Why does caching turn an exponential recursion into a fast one?,The distinct subproblems are far fewer than the calls,Recursion becomes iteration once results are stored,The recursion tree is pruned to a single branch,The cache lookup is faster than the computation,A,The distinct subproblems are far fewer than the calls,The tree has billions of nodes but only a few thousand distinct ones. You pay for the distinct ones.,AUTHORED,
GB3_DYP_012,DSA_DP,DYP_C03_SUBSTRUCTURE,DYP_F12_WHY_SUBSTRUCTURE_NEEDED,DYP_FAM12_WHY_SUBSTRUCTURE,DYP_RG_SUBSTRUCTURE,D2,UNDERSTAND,mcq,Why does DP need optimal substructure and not just overlap?,Otherwise the best pieces need not make the best whole,Otherwise the table cannot be filled in order,Otherwise the recursion will not terminate,Otherwise the subproblems cannot be cached safely,A,Otherwise the best pieces need not make the best whole,"Overlap says caching pays. Substructure says the recurrence is true. Both are required, for different reasons.",AUTHORED,
GB3_DYP_013,DSA_DP,DYP_C06_STATE,DYP_F13_WHY_STATE_MUST_BE_COMPLETE,DYP_FAM13_WHY_STATE_MATTERS,DYP_RG_STATE,D2,UNDERSTAND,mcq,What goes wrong if the state leaves out something the answer depends on?,Some subproblems are never computed at all,The table ends up larger than necessary,The recursion never reaches its base case,A cached answer is reused where it does not apply,D,A cached answer is reused where it does not apply,"Two genuinely different situations look identical to the cache, so one of them gets the other’s answer.",AUTHORED,
GB3_DYP_014,DSA_DP,DYP_C06_STATE,DYP_F14_WHY_NOT_TOO_MUCH,DYP_FAM14_WHY_STATE_STAYS_SMALL,DYP_RG_STATE,D2,UNDERSTAND,mcq,What goes wrong if the state carries more than it needs to?,The recursion depth grows beyond the limit,The answers become incorrect for edge cases,The base cases can no longer be defined,"Nothing repeats, so nothing can be reused",D,"Nothing repeats, so nothing can be reused",Put the whole path in the state and every state is unique. The cache never hits and you are back to brute force.,AUTHORED,
GB3_DYP_015,DSA_DP,DYP_C11_COMPARE,DYP_F15_TOP_VERSUS_BOTTOM,DYP_FAM15_COMPARING_APPROACHES,DYP_RG_COMPARE,D2,UNDERSTAND,mcq,What does top-down memoisation give you that tabulation does not?,It runs faster on every kind of input,It handles larger inputs without failing,It computes only the states actually reached,It uses less memory for the same problem,C,It computes only the states actually reached,"Tabulation fills the table whether or not each cell is needed. When most are not, top-down wins.",AUTHORED,
GB3_DYP_016,DSA_DP,DYP_C11_COMPARE,DYP_F16_WHY_TABULATE,DYP_FAM16_WHY_BOTTOM_UP,DYP_RG_COMPARE,D2,UNDERSTAND,mcq,What does tabulation give you that memoisation does not?,"No recursion, so no stack limit to hit",The ability to skip unused subproblems,A smaller table for the same problem,Correct answers on more input shapes,A,"No recursion, so no stack limit to hit",Deep recursion on a large input overflows. The loop version of the same recurrence never does.,AUTHORED,
GB3_DYP_017,DSA_DP,DYP_C12_GREEDY,DYP_F17_WHY_NOT_GREEDY,DYP_FAM17_DP_VERSUS_GREEDY,DYP_RG_GREEDY,D2,UNDERSTAND,mcq,Why does a greedy choice fail on problems that need DP?,The choices cannot be made in any order,Greedy algorithms cannot handle large inputs,The best local step can lead to a worse total,Greedy algorithms do not have base cases,C,The best local step can lead to a worse total,"DP tries every choice and keeps the best outcome. Greedy commits, which only works when committing is safe.",AUTHORED,
GB3_DYP_018,DSA_DP,DYP_C13_SPACE,DYP_F18_WHY_ROLLING,DYP_FAM18_WHY_SPACE_CAN_SHRINK,DYP_RG_SPACE,D2,UNDERSTAND,mcq,Why can some DP tables be reduced to a couple of rows?,Only the final row is ever read back,Most of the table holds identical values,Each row depends only on the row before,The earlier rows can be recomputed cheaply,C,Each row depends only on the row before,"Look at what the transition actually reads. If it never reaches back further than one row, nothing older is needed.",AUTHORED,
GB3_DYP_019,DSA_DP,DYP_C14_RECONSTRUCT,DYP_F19_VALUE_VERSUS_CHOICE,DYP_FAM19_WHY_THE_TABLE_IS_NOT_ENOUGH,DYP_RG_RECONSTRUCT,D2,UNDERSTAND,mcq,The table gives the best total but not the choices that produced it. Why?,"Each cell stores a value, not a decision",The table was reduced to save memory,The transitions were applied out of order,The choices were overwritten as it filled,A,"Each cell stores a value, not a decision",The value is what you asked it to store. Getting the choices back means recording them or walking the table again.,AUTHORED,
GB3_DYP_020,DSA_DP,DYP_C09_COMPLEXITY,DYP_F20_WHY_STATES_MATTER,DYP_FAM20_WHY_STATE_COUNT_DECIDES,DYP_RG_COMPLEXITY,D2,UNDERSTAND,mcq,Why does adding one dimension to the state matter so much?,The number of states multiplies by its size,The recursion grows one level deeper,More base cases have to be defined,Each state then costs more work to solve,A,The number of states multiplies by its size,States multiply rather than add. A third dimension of size a thousand is a thousand times the work.,AUTHORED,
GB3_DYP_021,DSA_DP,DYP_C06_STATE,DYP_F21_DEFINE_STATE_STAIRS,DYP_FAM21_DEFINING_A_STATE,DYP_RG_STATE,D3,APPLY,mcq,Counting ways to climb n stairs taking one or two at a time. What is the state?,The last step size that was used,The number of stairs remaining,The steps taken so far in order,The total ways found up to now,B,The number of stairs remaining,How you arrived does not change what remains. That is precisely why the subproblems overlap.,AUTHORED,
GB3_DYP_022,DSA_DP,DYP_C08_TRANSITION,DYP_F22_WRITE_A_TRANSITION,DYP_FAM22_WRITING_A_RECURRENCE,DYP_RG_TRANSITION,D3,APPLY,mcq,"For the stairs problem, what is the transition?",Ways(n) is Ways(n-1) times two,Ways(n) is Ways(n-1) plus Ways(n-2),Ways(n) is Ways(n-1) plus one,Ways(n) is the larger of the two below,B,Ways(n) is Ways(n-1) plus Ways(n-2),"Every route ends with a one-step or a two-step, so the counts from those two positions add up.",AUTHORED,
GB3_DYP_023,DSA_DP,DYP_C15_KNAPSACK,DYP_F23_KNAPSACK_STATE,DYP_FAM23_TWO_DIMENSIONAL_STATE,DYP_RG_KNAPSACK,D3,APPLY,mcq,Choosing items to maximise value within a weight limit. What is the state?,The heaviest item that is still available,The total value collected so far,Which item you are at and the capacity left,The set of items already chosen,C,Which item you are at and the capacity left,"Two dimensions. The set of chosen items would be complete but unique per path, so nothing would reuse.",AUTHORED,
GB3_DYP_024,DSA_DP,DYP_C16_STRINGS,DYP_F24_TWO_POINTERS_AS_STATE,DYP_FAM24_STRING_STATE,DYP_RG_STRINGS,D3,APPLY,mcq,Comparing two strings for their longest common subsequence. What is the state?,The length of the longer string,A position in each of the two strings,The characters matched so far,The difference between the positions,B,A position in each of the two strings,"Two indices. Nearly every two-string DP has this shape, which is why recognising it is worth so much.",AUTHORED,
GB3_DYP_025,DSA_DP,DYP_C07_BASE,DYP_F25_CHOOSE_BASE,DYP_FAM25_SETTING_A_BASE,DYP_RG_BASE,D3,APPLY,mcq,"For minimum coins to make an amount, what should the value at amount zero be?","Zero, since no coins are needed","Infinity, since it cannot be made","Undefined, since it never happens","One, since one coin is the least",A,"Zero, since no coins are needed",Zero coins make zero. Getting this wrong shifts every other answer by exactly one.,AUTHORED,
GB3_DYP_026,DSA_DP,DYP_C13_SPACE,DYP_F26_REDUCE_SPACE,DYP_FAM26_SHRINKING_THE_TABLE,DYP_RG_SPACE,D3,APPLY,mcq,Your table is n by m but the transition only reads the previous row. What can you do?,Store the table on disk rather than memory,Reduce the table to a single value,Keep two rows instead of the whole table,Compute the earlier rows again as needed,C,Keep two rows instead of the whole table,"Two rows, swapped each iteration. O(n·m) memory becomes O(m) with the same running time.",AUTHORED,
GB3_DYP_027,DSA_DP,DYP_C04_MEMO,DYP_F27_ADD_A_CACHE,DYP_FAM27_APPLYING_A_CACHE,DYP_RG_MEMO,D3,APPLY,mcq,You have a correct but slow recursion. What is the smallest change that fixes it?,Sort the inputs before the recursion starts,Look up the arguments before doing the work,Reduce how deep the recursion can go,Rewrite the recursion as a bottom-up loop,B,Look up the arguments before doing the work,"Two lines. Check the cache, and store before returning. The recursion you already trust is unchanged.",AUTHORED,
GB3_DYP_028,DSA_DP,DYP_C14_RECONSTRUCT,DYP_F28_GET_THE_CHOICES,DYP_FAM28_RECOVERING_A_SOLUTION,DYP_RG_RECONSTRUCT,D3,APPLY,mcq,"You need which items were chosen, not just the best value. What do you add?",A record of which branch each cell took,A re-run of the algorithm per item,A second table holding the item lists,A counter of how many items were used,A,A record of which branch each cell took,"One decision per cell, then walk back from the answer. Storing whole lists multiplies the memory.",AUTHORED,
GB3_DYP_029,DSA_DP,DYP_C17_ORDER,DYP_F29_FILL_ORDER,DYP_FAM29_ORDERING_THE_FILL,DYP_RG_ORDER,D3,APPLY,mcq,In what order must a tabulated DP fill its cells?,In the order the recursion would visit them,From the largest subproblem downward,"From the first index to the last, always",So each cell’s dependencies are already filled,D,So each cell’s dependencies are already filled,"Dependencies first. Some tables fill backwards, some diagonally — the transition decides, not convention.",AUTHORED,
GB3_DYP_030,DSA_DP,DYP_C18_RECOGNISE,DYP_F30_SPOT_A_DP,DYP_FAM30_RECOGNISING_DP,DYP_RG_RECOGNISE,D3,APPLY,mcq,Which phrasing most often signals a DP problem?,The first item satisfying a given condition,Whether two collections share any element,The items appearing more than once,"The number of ways, or the best possible total",D,"The number of ways, or the best possible total","Counting arrangements or optimising over choices. Both mean exploring choices, which means repeated subproblems.",AUTHORED,
GB3_DYP_031,DSA_DP,DYP_C06_STATE,DYP_F31_INCOMPLETE_STATE,DYP_FAM31_DIAGNOSE_MISSING_DIMENSION,DYP_RG_STATE,D4,ANALYZE,mcq,A memoised solution is right without the cache and wrong with it. What does that mean?,The base case is defined incorrectly,The state omits something the answer depends on,The cache is being cleared between the calls,The recursion is going too deep to finish,B,The state omits something the answer depends on,The clearest signal in DP. The recursion is fine; the key is not distinguishing cases that genuinely differ.,AUTHORED,
GB3_DYP_032,DSA_DP,DYP_C06_STATE,DYP_F32_STATE_TOO_BIG,DYP_FAM32_DIAGNOSE_NO_REUSE,DYP_RG_STATE,D4,ANALYZE,mcq,A memoised solution is correct but no faster than the plain recursion. Why?,The base case is reached too rarely,The cache is too small to hold the states,The lookups cost as much as the work,The key includes something unique per call,D,The key includes something unique per call,"Usually the path or the chosen set has crept into the key, so no two calls ever share one.",AUTHORED,
GB3_DYP_033,DSA_DP,DYP_C17_ORDER,DYP_F33_READ_BEFORE_WRITE,DYP_FAM33_DIAGNOSE_FILL_ORDER,DYP_RG_ORDER,D4,ANALYZE,mcq,A tabulated DP reads cells that are still at their initial value. What is wrong?,The transition reads the wrong neighbouring cells,The table is one row smaller than it needs,The fill order does not respect the dependencies,The table was not initialised to the right value,C,The fill order does not respect the dependencies,The recurrence is right and the loops run the wrong way round. Some tables must fill from the far end.,AUTHORED,
GB3_DYP_034,DSA_DP,DYP_C19_REUSE,DYP_F34_ITEM_USED_TWICE,DYP_FAM34_DIAGNOSE_DOUBLE_USE,DYP_RG_REUSE,D4,ANALYZE,mcq,A knapsack that should use each item once is using some of them twice. What caused it?,The capacity loop runs in the wrong direction,The value table was initialised to zero,The base case allows an empty selection,The item loop starts at the wrong index,A,The capacity loop runs in the wrong direction,"In the one-row version, ascending capacity reads a cell this item already updated. Descending fixes it.",AUTHORED,
GB3_DYP_035,DSA_DP,DYP_C07_BASE,DYP_F35_OFF_BY_ONE_BASE,DYP_FAM35_DIAGNOSE_A_BASE_CASE,DYP_RG_BASE,D4,ANALYZE,mcq,Every answer is exactly one more than it should be. Where do you look first?,The base case value,The order of the loops,The table dimensions,The transition formula,A,The base case value,"A constant error everywhere comes from the one value everything is built on, not from the recurrence.",AUTHORED,
GB3_DYP_036,DSA_DP,DYP_C05_TABULATION,DYP_F36_STACK_DEPTH,DYP_FAM36_DIAGNOSE_DEPTH_FAILURE,DYP_RG_TABULATION,D4,ANALYZE,mcq,A memoised solution passes small tests and crashes on a large input. What is the likely cause?,The cache has grown larger than memory,The recursion is deeper than the stack allows,The answer overflows the number type,The base case is never reached at all,B,The recursion is deeper than the stack allows,Correct and unscalable. The same recurrence written bottom-up has no stack to exhaust.,AUTHORED,
GB3_DYP_037,DSA_DP,DYP_C20_INFEASIBLE,DYP_F37_SENTINEL_ARITHMETIC,DYP_FAM37_DIAGNOSE_IMPOSSIBLE_CASES,DYP_RG_INFEASIBLE,D4,ANALYZE,mcq,A minimum-coins DP returns strange small numbers for impossible amounts. What went wrong?,The impossible marker was added to as a number,The base case was set to one instead of zero,The table was too small for the amount,The coin values were not sorted beforehand,A,The impossible marker was added to as a number,"A large sentinel plus one wraps or competes as a real answer. Impossible states must be checked, not arithmetic.",AUTHORED,
GB3_DYP_038,DSA_DP,DYP_C03_SUBSTRUCTURE,DYP_F38_NO_SUBSTRUCTURE,DYP_FAM38_DIAGNOSE_INVALID_RECURRENCE,DYP_RG_SUBSTRUCTURE,D4,ANALYZE,mcq,A DP gives answers that are consistently good but not optimal. What should you suspect?,The base case is slightly too large,The table is being filled too early,The recurrence does not actually hold,The cache is returning stale values,C,The recurrence does not actually hold,Plausible-but-wrong is the signature of a broken recurrence. The best sub-answers are not composing correctly.,AUTHORED,
GB3_DYP_039,DSA_DP,DYP_C09_COMPLEXITY,DYP_F39_WORK_PER_STATE,DYP_FAM39_DIAGNOSE_HIDDEN_COST,DYP_RG_COMPLEXITY,D4,ANALYZE,mcq,There are n² states but the solution runs in cubic time. Where did the extra factor come from?,Each state is computed more than once,Each state loops over its options,The cache lookup is not constant time,The table is allocated inside the loop,B,Each state loops over its options,States times work per state. A transition with an inner loop adds a factor the state count does not show.,AUTHORED,
GB3_DYP_040,DSA_DP,DYP_C21_KEY,DYP_F40_MUTABLE_KEY,DYP_FAM40_DIAGNOSE_CACHE_KEYS,DYP_RG_KEY,D4,ANALYZE,mcq,A cache keyed on an array that the code keeps modifying behaves unpredictably. Why?,Arrays cannot be used as keys at all,The stored key changes after it is stored,"The comparison is by value, not identity",The cache grows faster than expected,B,The stored key changes after it is stored,A key that mutates points at an entry describing something else. Keys must be immutable values.,AUTHORED,
GB3_DYP_041,DSA_DP,DYP_C12_GREEDY,DYP_F41_WHEN_GREEDY_IS_ENOUGH,DYP_FAM41_JUDGING_THE_APPROACH,DYP_RG_GREEDY,D5,EVALUATE,mcq,"When should you prefer greedy over DP, given both produce an answer?",When the greedy version is simpler to write,When the greedy choice is provably always safe,When the input is too large for a table,When the answer need not be exactly optimal,B,When the greedy choice is provably always safe,The proof is the requirement. Greedy that merely looks right is the most common wrong answer in interviews.,AUTHORED,
GB3_DYP_042,DSA_DP,DYP_C22_OVERKILL,DYP_F42_DP_NOT_NEEDED,DYP_FAM42_JUDGING_NECESSITY,DYP_RG_OVERKILL,D5,EVALUATE,mcq,A candidate builds a DP table for a problem a single loop solves. What is the issue?,The table will use too much memory,Machinery was added where none was needed,DP cannot be applied to simple problems,The DP answer will be subtly incorrect,B,Machinery was added where none was needed,Correct but unreadable. Reaching for DP because it was the topic is a habit interviewers notice.,AUTHORED,
GB3_DYP_043,DSA_DP,DYP_C11_COMPARE,DYP_F43_WHICH_FORM,DYP_FAM43_JUDGING_THE_FORM,DYP_RG_COMPARE,D5,EVALUATE,mcq,How do you decide between memoisation and tabulation for a given problem?,By recursion depth and how many states are used,By which one the interviewer asked for,By whichever gives the smaller constant factor,By whether the problem is one or two dimensional,A,By recursion depth and how many states are used,Deep recursion argues for bottom-up; a sparse state space argues for top-down. Otherwise they are the same thing.,AUTHORED,
GB3_DYP_044,DSA_DP,DYP_C23_PROCESS,DYP_F44_START_WITH_RECURSION,DYP_FAM44_JUDGING_A_METHOD,DYP_RG_PROCESS,D5,EVALUATE,mcq,What is the most reliable way to arrive at a DP solution under pressure?,"Write the plain recursion first, then cache it",Draw the table and work out how to fill it,Identify the dimensions before anything else,Recall a similar problem and adapt its code,A,"Write the plain recursion first, then cache it",The recursion forces you to name the state honestly. Starting from the table means guessing at it.,AUTHORED,
GB3_DYP_045,DSA_DP,DYP_C13_SPACE,DYP_F45_SPACE_VERSUS_CLARITY,DYP_FAM45_JUDGING_OPTIMISATION,DYP_RG_SPACE,D5,EVALUATE,mcq,When is the rolling-array space optimisation worth making?,When the table has two dimensions,When the full table genuinely will not fit,When the interviewer mentions memory,Whenever the transition allows it,B,When the full table genuinely will not fit,It costs readability and the ability to reconstruct the answer. Pay that when the memory is actually a problem.,AUTHORED,
GB3_DYP_046,DSA_DP,DYP_C24_PSEUDO,DYP_F46_PSEUDO_POLYNOMIAL,DYP_FAM46_JUDGING_THE_COST_HONESTLY,DYP_RG_PSEUDO,D5,EVALUATE,mcq,Knapsack runs in O(n·W). Why is that not as good as it sounds?,W can be huge while its input is tiny,The constant factor is unusually large,It only holds for sorted item lists,The memory grows faster than the time,A,W can be huge while its input is tiny,A capacity of a billion is ten digits to type and a billion columns to fill. That is why it is pseudo-polynomial.,AUTHORED,
GB3_DYP_047,DSA_DP,DYP_C23_PROCESS,DYP_F47_EXPLAIN_THE_STATE,DYP_FAM47_JUDGING_AN_EXPLANATION,DYP_RG_PROCESS,D5,EVALUATE,mcq,What makes a DP answer convincing to an interviewer?,Stating the complexity of the solution,Naming the standard problem it matches,Writing the code without any errors,Saying in words what one cell means,D,Saying in words what one cell means,"""dp[i][w] is the best value using the first i items within w."" Someone who can say that has actually solved it.",AUTHORED,
GB3_DYP_048,DSA_DP,DYP_C25_LIMITS,DYP_F48_TOO_MANY_STATES,DYP_FAM48_JUDGING_FEASIBILITY,DYP_RG_LIMITS,D5,EVALUATE,mcq,Your state space works out to 10¹² entries. What does that tell you?,The table should be stored on disk,"The state needs rethinking, not a bigger table",The problem requires a faster language,Memoisation will avoid most of the entries,B,"The state needs rethinking, not a bigger table",An impossible state count means the formulation is wrong. Look for a dimension that is not really needed.,AUTHORED,
GB3_DYP_049,DSA_DP,DYP_C22_OVERKILL,DYP_F49_READABILITY,DYP_FAM49_JUDGING_PRODUCTION_CODE,DYP_RG_OVERKILL,D5,EVALUATE,mcq,A DP solution ships to production. What does it need that the interview version did not?,A fallback for very large inputs,A comment saying what a cell holds,A rewrite into a simpler algorithm,Tests covering every input size,B,A comment saying what a cell holds,DP code is unreadable without its state definition. One sentence saves every future reader an hour.,AUTHORED,
GB3_DYP_050,DSA_DP,DYP_C01_DEFINITION,DYP_F50_WHAT_IT_REALLY_IS,DYP_FAM50_JUDGING_THE_WHOLE,DYP_RG_DEFINITION,D5,EVALUATE,mcq,What is the hard part of dynamic programming?,Remembering the standard problems,Working out the complexity,Writing the table-filling loops,Deciding what a subproblem is,D,Deciding what a subproblem is,"Once the state is right, the rest is mechanical. Everybody who fails a DP question fails at the state.",AUTHORED,
GB3_HEP_001,DSA_HEAPS,HEP_C01_PROPERTY,HEP_F01_HEAP_PROPERTY,HEP_FAM01_WHAT_A_HEAP_GUARANTEES,HEP_RG_PROPERTY,D1,REMEMBER,mcq,What does a min heap guarantee?,The items form a balanced search tree,The items are held in sorted order,The smallest item is at the root,Each level is smaller than the last,C,The smallest item is at the root,"The root, and only the root. Everything below it is unordered relative to its siblings.",AUTHORED,
GB3_HEP_002,DSA_HEAPS,HEP_C02_OPERATIONS,HEP_F02_PEEK_COST,HEP_FAM02_OPERATION_COSTS,HEP_RG_OPERATIONS,D1,REMEMBER,mcq,What does it cost to look at the smallest item in a min heap?,Logarithmic time,Linear time,Linearithmic time,Constant time,D,Constant time,It is the root. Looking costs nothing; it is removing it that requires the heap to reorganise.,AUTHORED,
GB3_HEP_003,DSA_HEAPS,HEP_C02_OPERATIONS,HEP_F03_PUSH_POP_COST,HEP_FAM03_INSERT_AND_REMOVE,HEP_RG_OPERATIONS,D1,REMEMBER,mcq,What do inserting and removing cost on a heap of n items?,"Constant to insert, linear to remove",Constant time each,Logarithmic time each,Linear time each,C,Logarithmic time each,"Both walk one path from root to leaf, and the tree is balanced, so that path is log n long.",AUTHORED,
GB3_HEP_004,DSA_HEAPS,HEP_C03_STORAGE,HEP_F04_ARRAY_BACKED,HEP_FAM04_HOW_IT_IS_STORED,HEP_RG_STORAGE,D1,REMEMBER,mcq,How is a heap usually stored?,"As two arrays, one for each half of the tree",As nodes holding pointers to their children,As a sorted list rebuilt after each change,"In a plain array, with positions implying the tree",D,"In a plain array, with positions implying the tree","A child of position i sits at 2i+1 and 2i+2. No pointers exist, which is why heaps are so fast in practice.",AUTHORED,
GB3_HEP_005,DSA_HEAPS,HEP_C04_PRIORITY_QUEUE,HEP_F05_PQ_RELATION,HEP_FAM05_HEAP_AND_PRIORITY_QUEUE,HEP_RG_PQ,D1,REMEMBER,mcq,What is the relationship between a heap and a priority queue?,A heap is a priority queue with fixed size,A heap is how a priority queue is usually built,They are two names for the same structure,A priority queue is a heap kept sorted,B,A heap is how a priority queue is usually built,The priority queue is the interface; the heap is the implementation. Most languages give you the former.,AUTHORED,
GB3_HEP_006,DSA_HEAPS,HEP_C05_NOT_SORTED,HEP_F06_NOT_SORTED,HEP_FAM06_WHAT_IT_DOES_NOT_GIVE,HEP_RG_NOT_SORTED,D1,REMEMBER,mcq,What order do you get by iterating a heap’s underlying array?,Descending order of the items,Ascending order of the items,No useful order at all,The order they were inserted in,C,No useful order at all,Only the parent-child relation holds. Reading the array out is one of the most common heap mistakes.,AUTHORED,
GB3_HEP_007,DSA_HEAPS,HEP_C06_SEARCH,HEP_F07_SEARCH_COST,HEP_FAM07_FINDING_AN_ARBITRARY_ITEM,HEP_RG_SEARCH,D1,REMEMBER,mcq,What does finding an arbitrary value in a heap cost?,Linearithmic time,Constant time,Logarithmic time,Linear time,D,Linear time,"You must check everything. A heap is not a search structure, which is the main thing it is not.",AUTHORED,
GB3_HEP_008,DSA_HEAPS,HEP_C07_BUILD,HEP_F08_HEAPIFY_COST,HEP_FAM08_BUILDING_A_HEAP,HEP_RG_BUILD,D1,REMEMBER,mcq,What does building a heap from n existing items cost?,Constant time,Linearithmic time,Linear time,Quadratic time,C,Linear time,"O(n), not O(n log n). Most nodes are near the bottom and barely sink at all.",AUTHORED,
GB3_HEP_009,DSA_HEAPS,HEP_C08_MAX,HEP_F09_MAX_HEAP,HEP_FAM09_MIN_AND_MAX,HEP_RG_MAX,D1,REMEMBER,mcq,How does a max heap differ from a min heap?,It uses a different underlying structure,It supports removal from either end,It stores the items in the opposite order,"The comparison is reversed, nothing else",D,"The comparison is reversed, nothing else","One comparison. Languages with only a min heap get a max heap by negating, or by passing a comparator.",AUTHORED,
GB3_HEP_010,DSA_HEAPS,HEP_C09_SHAPE,HEP_F10_COMPLETE_TREE,HEP_FAM10_SHAPE,HEP_RG_SHAPE,D1,REMEMBER,mcq,What shape is a heap always kept in?,A tree where each node has two children,A tree with every leaf at the same depth,A tree where both sides hold equal counts,"A tree filled level by level, left to right",D,"A tree filled level by level, left to right",Complete. That is what keeps the depth at log n and lets the array indexing work with no gaps.,AUTHORED,
GB3_HEP_011,DSA_HEAPS,HEP_C02_OPERATIONS,HEP_F11_WHY_LOG,HEP_FAM11_WHY_LOGARITHMIC,HEP_RG_OPERATIONS,D2,UNDERSTAND,mcq,Why is inserting into a heap logarithmic rather than linear?,Only half the items need to be compared,The new item rises at most the tree’s height,The comparison is made just once per level,The array does not need to be resized,B,The new item rises at most the tree’s height,"It swaps upward while it is smaller than its parent, and a complete tree of n items is log n deep.",AUTHORED,
GB3_HEP_012,DSA_HEAPS,HEP_C07_BUILD,HEP_F12_WHY_LINEAR_BUILD,HEP_FAM12_WHY_BUILDING_IS_CHEAP,HEP_RG_BUILD,D2,UNDERSTAND,mcq,Why is building a heap from an array linear rather than n log n?,The build skips the items that are leaves,Each item is compared only with its parent,Most items sit near the bottom and barely move,The array is already partly in heap order,C,Most items sit near the bottom and barely move,Half the nodes are leaves and sink zero levels. The sum across all depths comes out linear.,AUTHORED,
GB3_HEP_013,DSA_HEAPS,HEP_C05_NOT_SORTED,HEP_F13_WHY_NOT_SORTED,HEP_FAM13_WHY_ORDER_IS_PARTIAL,HEP_RG_NOT_SORTED,D2,UNDERSTAND,mcq,Why is a heap not fully sorted?,The array layout cannot express an order,Full sorting is more work than it needs to do,Items arrive too quickly to be sorted,Sorting would break the tree’s shape,B,Full sorting is more work than it needs to do,Partial order is cheaper to maintain and answers the only question a heap is asked. That is the trade.,AUTHORED,
GB3_HEP_014,DSA_HEAPS,HEP_C10_VERSUS_SORT,HEP_F14_WHY_NOT_SORT,HEP_FAM14_HEAP_VERSUS_SORTING,HEP_RG_VERSUS_SORT,D2,UNDERSTAND,mcq,"Why use a heap rather than sorting, when you need the smallest few?",Sorting cannot handle arriving items,You never pay to order the rest,Heaps use less memory than sorting,Sorting is slower on every input,B,You never pay to order the rest,"Sorting orders all n. If you only ever look at k of them, most of that work was thrown away.",AUTHORED,
GB3_HEP_015,DSA_HEAPS,HEP_C11_STREAM,HEP_F15_WHY_STREAMS,HEP_FAM15_WHY_HEAPS_SUIT_STREAMS,HEP_RG_STREAM,D2,UNDERSTAND,mcq,Why does a heap suit data that arrives over time?,It processes the items in arrival order,It absorbs a new item without redoing the rest,It discards items that are no longer needed,It can store an unlimited number of items,B,It absorbs a new item without redoing the rest,A sorted list has to find the insertion point and shift; a heap just sifts one path.,AUTHORED,
GB3_HEP_016,DSA_HEAPS,HEP_C12_KLARGEST,HEP_F16_WHY_MIN_FOR_LARGEST,HEP_FAM16_WHY_THE_HEAP_IS_INVERTED,HEP_RG_KLARGEST,D2,UNDERSTAND,mcq,"For the k largest items, why is a MIN heap of size k the right structure?",It keeps the largest item easy to read,It sorts the k items as they arrive,Its root is the weakest of the current best,It discards small items automatically,C,Its root is the weakest of the current best,The root is the one to evict. You compare each newcomer against it and drop whichever is smaller.,AUTHORED,
GB3_HEP_017,DSA_HEAPS,HEP_C06_SEARCH,HEP_F17_WHY_NO_SEARCH,HEP_FAM17_WHY_SEARCH_IS_SLOW,HEP_RG_SEARCH,D2,UNDERSTAND,mcq,Why can you not binary search a heap?,The heap is not stored as a real tree,The items may contain duplicate values,The heap changes its shape while you search it,A node tells you nothing about which side to take,D,A node tells you nothing about which side to take,"In a search tree, smaller goes left. In a heap both children are simply larger, so there is no direction.",AUTHORED,
GB3_HEP_018,DSA_HEAPS,HEP_C13_HEAPSORT,HEP_F18_HOW_HEAPSORT_WORKS,HEP_FAM18_SORTING_WITH_A_HEAP,HEP_RG_HEAPSORT,D2,UNDERSTAND,mcq,How does heapsort produce a sorted array?,By removing the root repeatedly,By sifting every item into place once,By comparing each pair of siblings,By merging the two halves of the heap,A,By removing the root repeatedly,"n removals at log n each. The heap gives you the next item in order every time, which is a sort.",AUTHORED,
GB3_HEP_019,DSA_HEAPS,HEP_C14_DIJKSTRA,HEP_F19_WHY_PQ_IN_DIJKSTRA,HEP_FAM19_WHY_ALGORITHMS_USE_HEAPS,HEP_RG_DIJKSTRA,D2,UNDERSTAND,mcq,Why does Dijkstra’s algorithm use a priority queue?,It repeatedly needs the cheapest node not yet settled,It needs to remove nodes from both ends,It needs the nodes kept in sorted order,It needs to look nodes up by their given name,A,It repeatedly needs the cheapest node not yet settled,"Take the cheapest, relax its edges, repeat. That single operation is exactly what a heap is for.",AUTHORED,
GB3_HEP_020,DSA_HEAPS,HEP_C15_STABILITY,HEP_F20_TIES,HEP_FAM20_EQUAL_PRIORITIES,HEP_RG_STABILITY,D2,UNDERSTAND,mcq,Two items have the same priority. Which comes out first?,The one inserted first,The one nearer the root,Either — the heap makes no promise,The one inserted most recently,C,Either — the heap makes no promise,"Heaps are not stable. If arrival order matters, the tiebreak has to be part of the key you compare.",AUTHORED,
GB3_HEP_021,DSA_HEAPS,HEP_C12_KLARGEST,HEP_F21_K_LARGEST_APPROACH,HEP_FAM21_APPLYING_K_LARGEST,HEP_RG_KLARGEST,D3,APPLY,mcq,You need the 10 largest of a million numbers. What do you do?,Keep a max heap of all million numbers,Keep a min heap of ten and compare each one,"Scan for the largest, ten times over",Sort the million and take the last ten,B,Keep a min heap of ten and compare each one,"O(n log k) with ten items in memory, against O(n log n) with a million. The gap is enormous.",AUTHORED,
GB3_HEP_022,DSA_HEAPS,HEP_C11_STREAM,HEP_F22_RUNNING_MEDIAN,HEP_FAM22_TWO_HEAPS,HEP_RG_STREAM,D3,APPLY,mcq,How do you track the median of a stream of numbers?,A running total divided by the count,A sorted list rebuilt as each arrives,"Two heaps, one for each half, kept balanced",One heap holding every number seen,C,"Two heaps, one for each half, kept balanced",A max heap of the low half and a min heap of the high half. The median sits at one root or between them.,AUTHORED,
GB3_HEP_023,DSA_HEAPS,HEP_C16_MERGE,HEP_F23_MERGE_K_LISTS,HEP_FAM23_MERGING_WITH_A_HEAP,HEP_RG_MERGE,D3,APPLY,mcq,How do you merge k already-sorted lists efficiently?,Concatenate them all and sort the result,Compare all k fronts on every step,"Merge them two at a time, in pairs","Heap the front of each list, take the smallest",D,"Heap the front of each list, take the smallest",The heap holds k items and always names the next output. O(n log k) rather than O(n·k).,AUTHORED,
GB3_HEP_024,DSA_HEAPS,HEP_C17_SCHEDULING,HEP_F24_TASK_QUEUE,HEP_FAM24_SCHEDULING,HEP_RG_SCHEDULING,D3,APPLY,mcq,Tasks arrive with urgencies and must run most urgent first. What do you use?,A priority queue keyed on urgency,"A queue, with urgent tasks at the front","A stack, so the newest runs first",A list sorted after each arrival,A,A priority queue keyed on urgency,This is the definition of the structure. Re-sorting a list on each arrival does the same job far slower.,AUTHORED,
GB3_HEP_025,DSA_HEAPS,HEP_C08_MAX,HEP_F25_ONLY_MIN_AVAILABLE,HEP_FAM25_GETTING_A_MAX_HEAP,HEP_RG_MAX,D3,APPLY,mcq,Your language only provides a min heap and you need a max heap. What do you do?,"Insert the values negated, and negate on the way out",Keep a separate record of the largest seen,Remove all items and re-insert them reversed,Insert everything and read the array backwards,A,"Insert the values negated, and negate on the way out",Or pass a reversed comparator where one is supported. Negation is the trick for libraries that take neither.,AUTHORED,
GB3_HEP_026,DSA_HEAPS,HEP_C18_KEYED,HEP_F26_COMPARE_ON_A_FIELD,HEP_FAM26_HEAPING_OBJECTS,HEP_RG_KEYED,D3,APPLY,mcq,You need a heap of task objects ordered by their deadline. What do you supply?,"The deadlines only, with a lookup table",A comparison that reads the deadline field,A wrapper class holding just the deadline,A pre-sorted list of the tasks by deadline,B,A comparison that reads the deadline field,The heap needs one thing: a way to say which of two items comes first. Everything else stays as it is.,AUTHORED,
GB3_HEP_027,DSA_HEAPS,HEP_C15_STABILITY,HEP_F27_BREAK_A_TIE,HEP_FAM27_FORCING_AN_ORDER,HEP_RG_STABILITY,D3,APPLY,mcq,Equal-priority tasks must run in arrival order. How do you arrange that?,Compare an arrival counter when priorities match,Insert equal items in reverse arrival order,Adjust the priorities so no two are equal,Use a queue instead of a heap entirely,A,Compare an arrival counter when priorities match,A monotonic counter as the second key. The heap now has a total order and behaves stably.,AUTHORED,
GB3_HEP_028,DSA_HEAPS,HEP_C19_UPDATE,HEP_F28_LAZY_DELETION,HEP_FAM28_CHANGING_A_PRIORITY,HEP_RG_UPDATE,D3,APPLY,mcq,An item already in the heap needs a new priority. What is the usual practical approach?,Search the heap and update it where it sits,Push the new version and ignore the stale one later,Remove every item until that one appears,Rebuild the entire heap from the items,B,Push the new version and ignore the stale one later,"Lazy deletion. Finding the item costs linear time, so most code skips the old entry when it surfaces.",AUTHORED,
GB3_HEP_029,DSA_HEAPS,HEP_C07_BUILD,HEP_F29_BUILD_OR_INSERT,HEP_FAM29_CHOOSING_HOW_TO_BUILD,HEP_RG_BUILD,D3,APPLY,mcq,You have all n items already. How should you build the heap?,"Sort them first, then load them in order",Insert them one at a time into an empty heap,"Insert the smallest half, then the rest","Heapify the array in place, in one pass",D,"Heapify the array in place, in one pass","O(n) against O(n log n). When everything is present up front, heapify is strictly the better option.",AUTHORED,
GB3_HEP_030,DSA_HEAPS,HEP_C20_TOPK_FREQ,HEP_F30_FREQUENCY,HEP_FAM30_COMBINING_STRUCTURES,HEP_RG_TOPK,D3,APPLY,mcq,You need the k most common words in a document. What is the approach?,Sort the whole document and count the runs,Heap the words as they are read from the text,Keep a heap of every word seen so far,"Count with a map, then heap the counts by k",D,"Count with a map, then heap the counts by k","Two structures, each doing what it is good at. The map answers ""how many""; the heap answers ""which k"".",AUTHORED,
GB3_HEP_031,DSA_HEAPS,HEP_C05_NOT_SORTED,HEP_F31_READ_THE_ARRAY,HEP_FAM31_DIAGNOSE_ASSUMED_ORDER,HEP_RG_NOT_SORTED,D4,ANALYZE,mcq,Code reads a heap’s array to list items in order and the list is wrong. Why?,The array includes some empty slots,The heap was built in the wrong order,The array holds the items reversed,Only the root position is guaranteed,D,Only the root position is guaranteed,Sorted output means popping repeatedly. Reading the array is reading a structure that was never sorted.,AUTHORED,
GB3_HEP_032,DSA_HEAPS,HEP_C12_KLARGEST,HEP_F32_WRONG_HEAP_TYPE,HEP_FAM32_DIAGNOSE_INVERTED_CHOICE,HEP_RG_KLARGEST,D4,ANALYZE,mcq,"Someone keeps a MAX heap of size k to find the k largest items, and gets wrong answers. Why?",The comparison must be reversed on output,The root is the one they should be keeping,A max heap cannot be limited in size,The heap needs to hold every item seen,B,The root is the one they should be keeping,"To evict you need the weakest of the current best at hand, and in a max heap it is buried in the leaves.",AUTHORED,
GB3_HEP_033,DSA_HEAPS,HEP_C19_UPDATE,HEP_F33_STALE_ENTRIES,HEP_FAM33_DIAGNOSE_LAZY_DELETION,HEP_RG_UPDATE,D4,ANALYZE,mcq,A Dijkstra using lazy deletion sometimes processes a node twice. What is missing?,A limit on how many entries may be pushed,A check that the popped distance is still current,A removal of the old entry when pushing,A separate heap for the settled nodes,B,A check that the popped distance is still current,"Stale entries remain in the heap by design. You skip them on the way out, which is the price of laziness.",AUTHORED,
GB3_HEP_034,DSA_HEAPS,HEP_C18_KEYED,HEP_F34_MUTATED_KEY,HEP_FAM34_DIAGNOSE_MUTATION,HEP_RG_KEYED,D4,ANALYZE,mcq,An object’s priority field is changed while it sits in the heap. What happens?,The heap order silently becomes invalid,The heap reorders itself on the next read,The object moves to the end of the array,The change is ignored until it is popped,A,The heap order silently becomes invalid,The structure was arranged around the old value and nothing told it to move. Corruption with no error.,AUTHORED,
GB3_HEP_035,DSA_HEAPS,HEP_C06_SEARCH,HEP_F35_SEARCHING_IN_A_LOOP,HEP_FAM35_DIAGNOSE_MISUSE,HEP_RG_SEARCH,D4,ANALYZE,mcq,"Code checks ""is this value in the heap?"" on every iteration and runs slowly. What is wrong?",The heap has grown larger than expected,A heap cannot answer membership quickly,The heap is being rebuilt on each check,The comparison function is too costly,B,A heap cannot answer membership quickly,Membership is a set question. Keep a set alongside the heap rather than scanning it.,AUTHORED,
GB3_HEP_036,DSA_HEAPS,HEP_C21_SIZE,HEP_F36_UNBOUNDED_GROWTH,HEP_FAM36_DIAGNOSE_MEMORY,HEP_RG_SIZE,D4,ANALYZE,mcq,A top-k solution over a huge stream runs out of memory. What was the mistake?,Every item was pushed and none evicted,The heap was built before the stream ended,The heap was rebuilt on each new item,The items were larger than anticipated,A,Every item was pushed and none evicted,The whole point of the k-sized heap is the eviction. Without it you have stored the entire stream.,AUTHORED,
GB3_HEP_037,DSA_HEAPS,HEP_C15_STABILITY,HEP_F37_UNEXPECTED_TIE_ORDER,HEP_FAM37_DIAGNOSE_TIES,HEP_RG_STABILITY,D4,ANALYZE,mcq,Equal-priority jobs come out in a different order each run. What explains it?,The comparison function is not deterministic,"Nothing distinguishes them, so any order is valid",The jobs are being inserted at random times,The heap is being corrupted between the runs,B,"Nothing distinguishes them, so any order is valid",Not a bug in the heap — a missing requirement in the key. Add the tiebreak if the order matters.,AUTHORED,
GB3_HEP_038,DSA_HEAPS,HEP_C22_COMPARATOR,HEP_F38_BAD_COMPARATOR,HEP_FAM38_DIAGNOSE_COMPARISON,HEP_RG_COMPARATOR,D4,ANALYZE,mcq,A heap of numbers pops 10 before 9. What is the likely cause?,"They are being compared as text, not numbers",The heap was not rebuilt after insertion,Duplicate values confused the ordering,The heap is a max heap rather than a min heap,A,"They are being compared as text, not numbers","String comparison puts ""10"" before ""9"" because ""1"" precedes ""9"". A classic in loosely typed languages.",AUTHORED,
GB3_HEP_039,DSA_HEAPS,HEP_C10_VERSUS_SORT,HEP_F39_HEAP_WHERE_SORT_WAS_FINE,HEP_FAM39_DIAGNOSE_UNNECESSARY_HEAP,HEP_RG_VERSUS_SORT,D4,ANALYZE,mcq,"A heap is used to output every item in order, and is slower than sorting. Why?",The heap needed rebuilding between pops,Popping all n costs the same but with overhead,The heap was built one item at a time,Sorting uses a faster comparison method,B,Popping all n costs the same but with overhead,"Both are O(n log n), and a library sort has far better memory behaviour. The heap wins only for partial output.",AUTHORED,
GB3_HEP_040,DSA_HEAPS,HEP_C09_SHAPE,HEP_F40_MANUAL_ARRAY_EDIT,HEP_FAM40_DIAGNOSE_BROKEN_INVARIANT,HEP_RG_SHAPE,D4,ANALYZE,mcq,Code writes directly into the heap’s backing array and later pops the wrong item. Why?,The array needed to be sorted afterwards,The array indices no longer map to the tree,The heap property was broken without resifting,The heap size counter was not updated,C,The heap property was broken without resifting,"Every heap operation restores the invariant. A raw write does not, and nothing checks.",AUTHORED,
GB3_HEP_041,DSA_HEAPS,HEP_C23_CHOICE,HEP_F41_WHEN_NOT_A_HEAP,HEP_FAM41_JUDGING_THE_FIT,HEP_RG_CHOICE,D5,EVALUATE,mcq,When is a heap the wrong structure despite involving order?,When you need to query positions other than the extreme,When the number of items is very large,When items keep arriving continuously over time,When the priorities are all different,A,When you need to query positions other than the extreme,"Asking for the median, a rank or a range means a balanced search tree or a sorted structure, not a heap.",AUTHORED,
GB3_HEP_042,DSA_HEAPS,HEP_C24_K_SIZE,HEP_F42_WHEN_K_IS_LARGE,HEP_FAM42_JUDGING_K,HEP_RG_K_SIZE,D5,EVALUATE,mcq,"For top-k where k is nearly n, what should you do?",Partition the data and heap each part,Use a heap holding the n minus k smallest,Use a heap of size k as you normally would,Sort — the heap has stopped being an advantage,D,Sort — the heap has stopped being an advantage,O(n log k) with k near n is O(n log n) plus overhead. The heap only pays when k is genuinely small.,AUTHORED,
GB3_HEP_043,DSA_HEAPS,HEP_C25_QUICKSELECT,HEP_F43_ALTERNATIVE,HEP_FAM43_JUDGING_ALTERNATIVES,HEP_RG_QUICKSELECT,D5,EVALUATE,mcq,"You need the kth largest of an array you already hold, once. What beats a heap?",Building a balanced search tree from it,Partitioning the array around a pivot,Scanning the array k separate times,Sorting the array and indexing into it,B,Partitioning the array around a pivot,Quickselect averages O(n). The heap is for streams and repeated queries; for one shot on an array it loses.,AUTHORED,
GB3_HEP_044,DSA_HEAPS,HEP_C13_HEAPSORT,HEP_F44_WHY_NOT_HEAPSORT,HEP_FAM44_JUDGING_HEAPSORT,HEP_RG_HEAPSORT,D5,EVALUATE,mcq,Heapsort is O(n log n) and in place. Why is it rarely the library default?,It gives incorrect results on some inputs,"It cannot be applied to objects, only numbers",It needs extra space despite being in place,Its memory access pattern is poor in practice,D,Its memory access pattern is poor in practice,It jumps around the array; merge and quicksort work locally and the cache rewards them heavily.,AUTHORED,
GB3_HEP_045,DSA_HEAPS,HEP_C23_CHOICE,HEP_F45_LIBRARY_OR_OWN,HEP_FAM45_JUDGING_IMPLEMENTATION,HEP_RG_CHOICE,D5,EVALUATE,mcq,Should production code use a library heap or a hand-written one?,"The library one, unless it cannot express the need","A hand-written one, to avoid the dependency","The library one, since sifting is hard to write","A hand-written one, for full control of it",A,"The library one, unless it cannot express the need",Sifting is easy to write and easy to get subtly wrong. The library version has been exercised for years.,AUTHORED,
GB3_HEP_046,DSA_HEAPS,HEP_C26_CONSTANTS,HEP_F46_SMALL_N,HEP_FAM46_JUDGING_SMALL_INPUTS,HEP_RG_CONSTANTS,D5,EVALUATE,mcq,"For finding the smallest of twenty items, what should you use?",A sort of the twenty items,A heap built from the twenty,A single pass over the twenty,"A heap of size one, updated",C,A single pass over the twenty,Big-O says nothing at twenty. A linear scan is one line and beats any structure you could build.,AUTHORED,
GB3_HEP_047,DSA_HEAPS,HEP_C27_INTERVIEW,HEP_F47_SPOTTING_IT,HEP_FAM47_JUDGING_RECOGNITION,HEP_RG_INTERVIEW,D5,EVALUATE,mcq,What phrase in a problem statement most reliably suggests a heap?,Repeatedly take the best remaining one,Find all the items matching a rule,Count how many satisfy a condition,Check whether an item is present,A,Repeatedly take the best remaining one,"Repeatedly, and best remaining. One without the other usually points somewhere else entirely.",AUTHORED,
GB3_HEP_048,DSA_HEAPS,HEP_C21_SIZE,HEP_F48_BOUNDED_MEMORY,HEP_FAM48_JUDGING_STREAM_DESIGN,HEP_RG_SIZE,D5,EVALUATE,mcq,Why is the bounded heap such a valuable pattern in real systems?,It guarantees the answer is exactly correct,Memory stays fixed however much data arrives,It processes each item more quickly than a list,It removes the need to store the input at all,B,Memory stays fixed however much data arrives,A log processor with a heap of 100 uses the same memory for a gigabyte as for a terabyte. That is the win.,AUTHORED,
GB3_HEP_049,DSA_HEAPS,HEP_C22_COMPARATOR,HEP_F49_COMPARATOR_CORRECTNESS,HEP_FAM49_JUDGING_A_COMPARISON,HEP_RG_COMPARATOR,D5,EVALUATE,mcq,What must a comparison function satisfy for a heap to behave?,A result computed in constant time,A different result for every pair given,A symmetric result for equal items,A consistent order with no contradictions,D,A consistent order with no contradictions,"If a beats b and b beats c, a must beat c. An inconsistent comparator corrupts the heap without erroring.",AUTHORED,
GB3_HEP_050,DSA_HEAPS,HEP_C01_PROPERTY,HEP_F50_THE_ONE_IDEA,HEP_FAM50_JUDGING_THE_WHOLE,HEP_RG_PROPERTY,D5,EVALUATE,mcq,What is the single idea behind the heap?,Store a tree without using pointers,Make insertion as fast as possible,Keep data sorted at the lowest cost,Pay only for the order you actually use,D,Pay only for the order you actually use,"Full sorting is more order than most problems need, and the heap charges you for the part you use.",AUTHORED,
GB3_RFC_001,REFACTORING,RFC_C01_DEFINITION,RFC_F01_BEHAVIOUR_UNCHANGED,RFC_FAM01_WHAT_REFACTORING_IS,RFC_RG_DEFINITION,D1,REMEMBER,mcq,What defines a refactoring?,The design follows a recognised pattern,The change is made without any new tests,The code becomes shorter than it was before,The structure changes and the behaviour does not,D,The structure changes and the behaviour does not,Behaviour held constant is the whole definition. Everything else is a different kind of change.,AUTHORED,
GB3_RFC_002,REFACTORING,RFC_C02_EXTRACT,RFC_F02_EXTRACT_FUNCTION,RFC_FAM02_EXTRACT_MOVE,RFC_RG_EXTRACT,D1,REMEMBER,mcq,What does extracting a function do?,Gives a block of code a name of its own,Copies a block so it can be reused later,Removes code that is no longer being used,Splits a file into two smaller files,A,Gives a block of code a name of its own,The name is the value. A well-named extraction can make a comment unnecessary.,AUTHORED,
GB3_RFC_003,REFACTORING,RFC_C03_TESTS,RFC_F03_TESTS_FIRST,RFC_FAM03_SAFETY_NET,RFC_RG_TESTS,D1,REMEMBER,mcq,What should exist before you begin refactoring?,Tests that describe the current behaviour,A written plan of the changes to make,A branch separate from the main one,Agreement from the code’s original author,A,Tests that describe the current behaviour,You are promising not to change behaviour. Without tests you cannot tell whether you kept that promise.,AUTHORED,
GB3_RFC_004,REFACTORING,RFC_C04_SMELL,RFC_F04_WHAT_A_SMELL_IS,RFC_FAM04_SMELLS,RFC_RG_SMELL,D1,REMEMBER,mcq,What is a code smell?,A violation of the team’s style rules,A defect that will cause a failure,A sign that something may need attention,A section of code nobody understands,C,A sign that something may need attention,"A hint, not a verdict. A long method is sometimes exactly right, which is why it is a smell and not a rule.",AUTHORED,
GB3_RFC_005,REFACTORING,RFC_C05_SMALL_STEPS,RFC_F05_SMALL_STEPS,RFC_FAM05_STEP_SIZE,RFC_RG_STEPS,D1,REMEMBER,mcq,How large should each refactoring step be?,Small enough to review in a few minutes,Large enough to finish the work in one go,Whatever fits into a single commit message,Small enough that the tests still pass after it,D,Small enough that the tests still pass after it,Green between every step. That is what makes any step safe to stop at or to undo.,AUTHORED,
GB3_RFC_006,REFACTORING,RFC_C06_RENAME,RFC_F06_RENAME_IS_REFACTORING,RFC_FAM06_RENAMING,RFC_RG_RENAME,D1,REMEMBER,mcq,Is renaming a variable a refactoring?,Only when done across a whole file,"Yes, and often a valuable one","No, it changes nothing structural",Only if the name was actively wrong,B,"Yes, and often a valuable one","The cheapest refactoring there is, and the one that most often makes the next one obvious.",AUTHORED,
GB3_RFC_007,REFACTORING,RFC_C07_INLINE,RFC_F07_INLINE,RFC_FAM07_INLINING,RFC_RG_INLINE,D1,REMEMBER,mcq,What does inlining a function do?,Moves the function nearer to its callers,Replaces the calls with the body itself,Marks the function for the compiler,Makes the function run faster at runtime,B,Replaces the calls with the body itself,"The opposite of extracting, and equally legitimate. Some abstractions are worth undoing.",AUTHORED,
GB3_RFC_008,REFACTORING,RFC_C08_NOT_REWRITE,RFC_F08_NOT_A_REWRITE,RFC_FAM08_WHAT_IT_IS_NOT,RFC_RG_NOT_REWRITE,D1,REMEMBER,mcq,How does refactoring differ from rewriting?,It keeps the system working at every point,It touches fewer files in total,It is done by the original authors,It does not require any planning,A,It keeps the system working at every point,"A rewrite has a period where nothing runs. A refactor never does, which is why it can be abandoned safely.",AUTHORED,
GB3_RFC_009,REFACTORING,RFC_C09_DUPLICATION,RFC_F09_DUPLICATION_SMELL,RFC_FAM09_DUPLICATION,RFC_RG_DUPLICATION,D1,REMEMBER,mcq,Why is duplicated logic considered a smell?,It means the author did not read the code,It slows the program down when it runs,A change has to be made in several places,It makes the codebase larger than needed,C,A change has to be made in several places,"And the cost is paid when one copy is updated and another is not, which is silent.",AUTHORED,
GB3_RFC_010,REFACTORING,RFC_C10_WHEN,RFC_F10_WHEN_TO_DO_IT,RFC_FAM10_TIMING,RFC_RG_WHEN,D1,REMEMBER,mcq,When is refactoring usually done?,Whenever a smell is noticed anywhere,Just before changing the code in question,Once the feature work has been completed,In a scheduled cleanup at the sprint end,B,Just before changing the code in question,"Make the change easy, then make the easy change. Refactoring detached from a purpose rarely survives review.",AUTHORED,
GB3_RFC_011,REFACTORING,RFC_C03_TESTS,RFC_F11_WHY_TESTS,RFC_FAM11_WHY_A_SAFETY_NET,RFC_RG_TESTS,D2,UNDERSTAND,mcq,Why are tests essential to refactoring specifically?,They make the refactoring go more quickly,They are required before merging a change,They document what the new design does,They are the only proof behaviour was preserved,D,They are the only proof behaviour was preserved,"Without them, ""I did not change the behaviour"" is a belief. With them, it is a checked claim.",AUTHORED,
GB3_RFC_012,REFACTORING,RFC_C05_SMALL_STEPS,RFC_F12_WHY_SMALL,RFC_FAM12_WHY_SMALL_STEPS,RFC_RG_STEPS,D2,UNDERSTAND,mcq,Why take small steps rather than one large restructuring?,Large steps are harder to describe clearly,Small steps are quicker to write overall,A break is found while the cause is still obvious,Reviewers prefer smaller pull requests,C,A break is found while the cause is still obvious,The last green state is one step behind you. With a large step it is an hour of changes behind you.,AUTHORED,
GB3_RFC_013,REFACTORING,RFC_C11_SEPARATION,RFC_F13_NOT_WITH_FEATURES,RFC_FAM13_WHY_NOT_MIXED,RFC_RG_SEPARATION,D2,UNDERSTAND,mcq,Why keep refactoring in separate commits from feature work?,A failure can be traced to one or the other,It keeps each commit smaller in size,Reviewers can skip the refactoring parts,It makes the history easier to read later,A,A failure can be traced to one or the other,"Mixed together, a regression could be either and reverting loses the feature. Separated, you can revert one.",AUTHORED,
GB3_RFC_014,REFACTORING,RFC_C04_SMELL,RFC_F14_WHY_SMELLS_NOT_RULES,RFC_FAM14_WHY_JUDGEMENT,RFC_RG_SMELL,D2,UNDERSTAND,mcq,Why are smells described as hints rather than rules?,Teams disagree about what counts as one,Different languages have different smells,Sometimes the smelly version is the better one,Rules would be harder for tools to check,C,Sometimes the smelly version is the better one,A long function of sequential steps can beat eight tiny ones. Applying smells as rules produces worse code.,AUTHORED,
GB3_RFC_015,REFACTORING,RFC_C12_VALUE,RFC_F15_WHY_BOTHER,RFC_FAM15_WHY_IT_PAYS,RFC_RG_VALUE,D2,UNDERSTAND,mcq,What is the business case for refactoring?,Developers enjoy the work more,The software runs more efficiently,Future changes cost less to make,Defect counts fall immediately,C,Future changes cost less to make,It buys nothing today. It is an investment in the cost of every change after this one.,AUTHORED,
GB3_RFC_016,REFACTORING,RFC_C07_INLINE,RFC_F16_WHY_INLINE,RFC_FAM16_WHY_UNDO_AN_ABSTRACTION,RFC_RG_INLINE,D2,UNDERSTAND,mcq,Why would you ever inline a function that already exists?,Function calls are slower than inline code,Its abstraction is in the way of a better one,Its name no longer matches what it does,It is only called from a single place,B,Its abstraction is in the way of a better one,"Sometimes you must make it worse to make it better. Collapse the bad seam, then cut a good one.",AUTHORED,
GB3_RFC_017,REFACTORING,RFC_C13_NAMES,RFC_F17_WHY_NAMES_MATTER,RFC_FAM17_WHY_NAMING_IS_STRUCTURAL,RFC_RG_NAMES,D2,UNDERSTAND,mcq,Why is renaming considered structural work rather than cosmetic?,Renaming touches every file that uses it,Names are checked by the compiler,Tools can perform renames automatically,A name is how the next reader understands it,D,A name is how the next reader understands it,Code is read far more than written. A wrong name misleads every reader until somebody fixes it.,AUTHORED,
GB3_RFC_018,REFACTORING,RFC_C14_LEGACY,RFC_F18_WHY_LEGACY_IS_HARD,RFC_FAM18_WHY_UNTESTED_CODE_RESISTS,RFC_RG_LEGACY,D2,UNDERSTAND,mcq,Why is untested code so hard to refactor?,It tends to be older and use outdated patterns,You must change it to test it and test it to change it,It was usually written by somebody who has left,It has more defects than tested code does,B,You must change it to test it and test it to change it,The circular bind of legacy work. Breaking it takes the smallest safe change that creates a seam.,AUTHORED,
GB3_RFC_019,REFACTORING,RFC_C15_TOOLS,RFC_F19_WHY_USE_TOOLS,RFC_FAM19_WHY_AUTOMATED_MOVES,RFC_RG_TOOLS,D2,UNDERSTAND,mcq,Why prefer the editor’s rename over a find and replace?,It is faster than typing the replacement,It records the change in the history,"It understands scope, so it misses nothing",It checks the new name is not taken,C,"It understands scope, so it misses nothing","Find and replace hits the same word in a comment, a string and an unrelated variable. The tool does not.",AUTHORED,
GB3_RFC_020,REFACTORING,RFC_C16_DESIGN,RFC_F20_DESIGN_EMERGES,RFC_FAM20_WHY_DESIGN_CAN_WAIT,RFC_RG_DESIGN,D2,UNDERSTAND,mcq,How does refactoring change when a design must be settled?,"It can be discovered later, from real code",It must be complete before coding starts,It stops mattering once tests exist,It becomes the reviewer’s responsibility,A,"It can be discovered later, from real code","If the structure can be changed safely, you need not guess right up front — which is a large freedom.",AUTHORED,
GB3_RFC_021,REFACTORING,RFC_C02_EXTRACT,RFC_F21_WHEN_TO_EXTRACT,RFC_FAM21_APPLYING_EXTRACT,RFC_RG_EXTRACT,D3,APPLY,mcq,A block inside a long function has a comment explaining what it does. What does that suggest?,Move the comment above the function,Expand the comment with more detail,Split the function exactly in half,Extract it and let the name say it,D,Extract it and let the name say it,A comment naming a block is the block asking to be a function. The comment becomes the name.,AUTHORED,
GB3_RFC_022,REFACTORING,RFC_C14_LEGACY,RFC_F22_CHARACTERISATION_TEST,RFC_FAM22_TESTING_LEGACY_FIRST,RFC_RG_LEGACY,D3,APPLY,mcq,You must refactor code nobody understands and there are no tests. What comes first?,A rewrite of the worst function in it,A request for the original author’s help,Tests recording what it currently does,A document describing how it works,C,Tests recording what it currently does,"Characterisation tests. They assert the current behaviour, bugs included, because that is what must be preserved.",AUTHORED,
GB3_RFC_023,REFACTORING,RFC_C09_DUPLICATION,RFC_F23_WHEN_TO_UNIFY,RFC_FAM23_HANDLING_DUPLICATION,RFC_RG_DUPLICATION,D3,APPLY,mcq,Two blocks look identical. What do you check before merging them?,Whether they would change for the same reason,Whether both are covered by tests,Whether they sit in the same module,Whether they are exactly the same length,A,Whether they would change for the same reason,Code that looks alike but changes for different reasons is coincidence. Merging it couples two unrelated things.,AUTHORED,
GB3_RFC_024,REFACTORING,RFC_C17_CONDITIONALS,RFC_F24_GUARD_CLAUSES,RFC_FAM24_SIMPLIFYING_BRANCHES,RFC_RG_CONDITIONALS,D3,APPLY,mcq,A function nests five levels of conditions before doing its work. What move helps?,Return early on each failing case,Extract each level into a function,Invert the outermost condition only,Combine the conditions into one test,A,Return early on each failing case,Guard clauses flatten the shape. The exceptional cases leave at the top and the real work sits unindented.,AUTHORED,
GB3_RFC_025,REFACTORING,RFC_C18_PARAMETERS,RFC_F25_PARAMETER_OBJECT,RFC_FAM25_LONG_PARAMETER_LISTS,RFC_RG_PARAMETERS,D3,APPLY,mcq,The same four parameters are passed through six functions together. What does that suggest?,The call chain is one level too deep,They belong together as one thing,The functions should be combined,The parameters should be globals,B,They belong together as one thing,Data that always travels together is a concept without a name yet. Give it one and the signatures shrink.,AUTHORED,
GB3_RFC_026,REFACTORING,RFC_C05_SMALL_STEPS,RFC_F26_COMMIT_CADENCE,RFC_FAM26_WORKING_SAFELY,RFC_RG_STEPS,D3,APPLY,mcq,You are midway through a refactor and the tests go red. What is the best move?,Push on until the restructuring is complete,Debug forward from where you are now,Return to the last green state and go smaller,Disable the failing test and continue,C,Return to the last green state and go smaller,Red midway means the step was too big. Going back costs minutes; debugging forward can cost an afternoon.,AUTHORED,
GB3_RFC_027,REFACTORING,RFC_C19_DEAD_CODE,RFC_F27_DELETE_IT,RFC_FAM27_REMOVING_CODE,RFC_RG_DEAD,D3,APPLY,mcq,You find a function nothing calls. What do you do?,Delete it — the history keeps it,Mark it deprecated and leave it there,Comment it out in case it is needed,Move it into a folder of old code,A,Delete it — the history keeps it,Commented-out code is noise that never gets deleted. Version control already remembers everything.,AUTHORED,
GB3_RFC_028,REFACTORING,RFC_C20_SEAM,RFC_F28_CREATE_A_SEAM,RFC_FAM28_MAKING_CODE_TESTABLE,RFC_RG_SEAM,D3,APPLY,mcq,"A class calls the network directly, so it cannot be tested. What is the first small change?",Add a flag that disables the call,Rewrite the class to avoid the network,Write a test that uses the real network,Move the call behind something you can pass in,D,Move the call behind something you can pass in,"One seam is enough to get a test in. Once the test exists, the rest of the refactor is safe.",AUTHORED,
GB3_RFC_029,REFACTORING,RFC_C21_MAGIC,RFC_F29_NAME_A_CONSTANT,RFC_FAM29_NAMING_VALUES,RFC_RG_MAGIC,D3,APPLY,mcq,The number 86400 appears in four places. What do you do?,Name it once and use the name,Replace it with a calculation,Move all four into one function,Add a comment beside each use,A,Name it once and use the name,SECONDS_PER_DAY. The name explains it and the single definition means one place to change.,AUTHORED,
GB3_RFC_030,REFACTORING,RFC_C11_SEPARATION,RFC_F30_SEQUENCE_THE_WORK,RFC_FAM30_ORDERING_THE_WORK,RFC_RG_SEPARATION,D3,APPLY,mcq,A feature needs a messy area cleaned up first. What order do you work in?,Do both together in a single change,Add the feature and leave the mess alone,"Refactor and commit, then add the feature","Add the feature, then clean up afterwards",C,"Refactor and commit, then add the feature","Refactor first and the diff of the feature is small and readable. Afterwards, the cleanup usually never happens.",AUTHORED,
GB3_RFC_031,REFACTORING,RFC_C01_DEFINITION,RFC_F31_BEHAVIOUR_CHANGED,RFC_FAM31_DIAGNOSE_SCOPE_CREEP,RFC_RG_DEFINITION,D4,ANALYZE,mcq,"A ""refactoring"" pull request fixes a bug along the way. What is the problem?","Behaviour changed, so it cannot be reverted cleanly",The bug fix will not be reviewed carefully,The commit message is now inaccurate,The tests will need to be updated too,A,"Behaviour changed, so it cannot be reverted cleanly",Revert it and you lose the fix; keep it and you keep the restructure. Two changes need two commits.,AUTHORED,
GB3_RFC_032,REFACTORING,RFC_C03_TESTS,RFC_F32_TESTS_TOO_COUPLED,RFC_FAM32_DIAGNOSE_BRITTLE_TESTS,RFC_RG_TESTS,D4,ANALYZE,mcq,Every refactoring breaks dozens of tests even though behaviour is unchanged. What does that say?,The refactorings are larger than they should be,"The tests are asserting on structure, not behaviour",The tests were written by a different team,The test suite needs to be run less often,B,"The tests are asserting on structure, not behaviour",Tests that know about internals turn the safety net into a straitjacket. They should assert outcomes.,AUTHORED,
GB3_RFC_033,REFACTORING,RFC_C22_OVER_ABSTRACTION,RFC_F33_TOO_MANY_TINY_PIECES,RFC_FAM33_DIAGNOSE_OVER_EXTRACTION,RFC_RG_OVER,D4,ANALYZE,mcq,"After a refactor, following one operation means opening eleven files. What went wrong?",Extraction was applied past the point it helped,The operation was too complex to begin with,The functions were given unhelpful names,The files were organised in the wrong folders,A,Extraction was applied past the point it helped,Each extraction was defensible and the total is unreadable. Smells applied as rules produce exactly this.,AUTHORED,
GB3_RFC_034,REFACTORING,RFC_C09_DUPLICATION,RFC_F34_WRONG_UNIFICATION,RFC_FAM34_DIAGNOSE_FALSE_SHARING,RFC_RG_DUPLICATION,D4,ANALYZE,mcq,A shared function has grown four boolean flags since two blocks were merged. What does that tell you?,The two cases were never really the same,The flags should be replaced by an enum,The callers are using it incorrectly,The function needs splitting by parameter,A,The two cases were never really the same,Flags accumulating after a merge is the sign that the duplication was coincidental. Separate them again.,AUTHORED,
GB3_RFC_035,REFACTORING,RFC_C05_SMALL_STEPS,RFC_F35_BIG_BANG,RFC_FAM35_DIAGNOSE_A_STALLED_REFACTOR,RFC_RG_STEPS,D4,ANALYZE,mcq,A refactoring branch is three weeks old and cannot be merged. What was the mistake?,The branch was not rebased often enough,It was never kept in a mergeable state,The scope was agreed with the wrong people,The team did not review it quickly enough,B,It was never kept in a mergeable state,Refactoring done properly is mergeable at every step. A branch that is not is a rewrite wearing the name.,AUTHORED,
GB3_RFC_036,REFACTORING,RFC_C23_PERFORMANCE,RFC_F36_SLOWER_AFTER,RFC_FAM36_DIAGNOSE_A_REGRESSION,RFC_RG_PERFORMANCE,D4,ANALYZE,mcq,A tidy refactor made a loop noticeably slower. What most likely happened?,The compiler can no longer optimise it,Work that was hoisted out got moved back in,The code now uses more memory per pass,The new functions are slower to call,B,Work that was hoisted out got moved back in,Extracting a function can quietly pull a setup step inside the loop. Behaviour held; cost did not.,AUTHORED,
GB3_RFC_037,REFACTORING,RFC_C13_NAMES,RFC_F37_NAME_LIES,RFC_FAM37_DIAGNOSE_A_BAD_NAME,RFC_RG_NAMES,D4,ANALYZE,mcq,A function called getUser also writes to the database. What is the real problem?,The function has no tests covering the write,The name promises something the code breaks,The function is doing two things at once,The database write belongs in another layer,B,The name promises something the code breaks,"All three are true; the dangerous one is the name, because callers act on it without reading the body.",AUTHORED,
GB3_RFC_038,REFACTORING,RFC_C24_COVERAGE,RFC_F38_GREEN_BUT_BROKEN,RFC_FAM38_DIAGNOSE_FALSE_CONFIDENCE,RFC_RG_COVERAGE,D4,ANALYZE,mcq,A refactor passed every test and broke production. What was the gap?,The refactor was larger than it appeared,Production uses a different configuration,The tests were run against the wrong build,The tests did not cover the path that broke,D,The tests did not cover the path that broke,"The net only catches what it covers. Green means the covered behaviour held, not that all behaviour held.",AUTHORED,
GB3_RFC_039,REFACTORING,RFC_C25_OWNERSHIP,RFC_F39_UNREQUESTED_CLEANUP,RFC_FAM39_DIAGNOSE_A_REVIEW_PROBLEM,RFC_RG_OWNERSHIP,D4,ANALYZE,mcq,A one-line fix arrives with 600 lines of unrelated tidying. What is the cost?,The commit history becomes harder to read,The tidying will introduce new defects,The actual fix cannot be reviewed properly,The author spent more time than needed,C,The actual fix cannot be reviewed properly,Reviewers skim large diffs. The one line that matters gets less attention than if it had arrived alone.,AUTHORED,
GB3_RFC_040,REFACTORING,RFC_C20_SEAM,RFC_F40_TEST_ONLY_CODE,RFC_FAM40_DIAGNOSE_A_BAD_SEAM,RFC_RG_SEAM,D4,ANALYZE,mcq,Production code now has branches that only run during tests. What went wrong?,The branches were never removed afterwards,The seam was cut inside instead of at the edge,The tests are covering too much at once,The test framework needed the extra paths,B,The seam was cut inside instead of at the edge,You are now shipping code the tests do not exercise and testing code you do not ship. Inject at the boundary.,AUTHORED,
GB3_RFC_041,REFACTORING,RFC_C26_WHEN_NOT,RFC_F41_LEAVE_IT_ALONE,RFC_FAM41_JUDGING_WHETHER_TO_ACT,RFC_RG_WHEN_NOT,D5,EVALUATE,mcq,When is ugly code not worth refactoring?,When nobody needs to read or change it,When the original author has left,When it was written a long time ago,When it has no tests covering it,A,When nobody needs to read or change it,"Refactoring buys cheaper future change. Where there is no future change, there is nothing to buy.",AUTHORED,
GB3_RFC_042,REFACTORING,RFC_C08_NOT_REWRITE,RFC_F42_WHEN_TO_REWRITE,RFC_FAM42_JUDGING_REWRITE,RFC_RG_NOT_REWRITE,D5,EVALUATE,mcq,When does a rewrite beat incremental refactoring?,When the team wants to use newer technology,When refactoring would take several months,When the code is beyond anybody’s understanding,Rarely — usually when the platform itself is gone,D,Rarely — usually when the platform itself is gone,"Incomprehensible code is an argument for characterisation tests, not for discarding the knowledge inside it.",AUTHORED,
GB3_RFC_043,REFACTORING,RFC_C12_VALUE,RFC_F43_ARGUING_FOR_TIME,RFC_FAM43_JUDGING_THE_CASE,RFC_RG_VALUE,D5,EVALUATE,mcq,How do you make the case for refactoring to a sceptical manager?,By explaining the design principles involved,As a matter of engineering professionalism,By showing how poor the current code is,In terms of what the next features will cost,D,In terms of what the next features will cost,"""This area takes three days per change and would take one."" That is a sentence a manager can act on.",AUTHORED,
GB3_RFC_044,REFACTORING,RFC_C22_OVER_ABSTRACTION,RFC_F44_HOW_MUCH_IS_ENOUGH,RFC_FAM44_JUDGING_WHEN_TO_STOP,RFC_RG_OVER,D5,EVALUATE,mcq,How do you know when to stop refactoring an area?,When the functions are all short enough,When no smells remain anywhere in it,When the code matches the team’s style,When the change you came to make is now easy,D,When the change you came to make is now easy,"The purpose bounds the work. Without one, refactoring continues until somebody runs out of patience.",AUTHORED,
GB3_RFC_045,REFACTORING,RFC_C27_CULTURE,RFC_F45_WHO_DECIDES,RFC_FAM45_JUDGING_TEAM_PRACTICE,RFC_RG_CULTURE,D5,EVALUATE,mcq,Should refactoring be planned as separate tickets?,"Yes, so the time spent is visible and tracked",Mostly no — it belongs inside the work it enables,"Yes, so the team can prioritise it properly","No, it should be done in developers’ own time",B,Mostly no — it belongs inside the work it enables,"Separate tickets are the first thing dropped when a deadline looms, so the cleanup never happens.",AUTHORED,
GB3_RFC_046,REFACTORING,RFC_C28_RISK,RFC_F46_RISKY_AREAS,RFC_FAM46_JUDGING_RISK,RFC_RG_RISK,D5,EVALUATE,mcq,Which area is riskiest to refactor?,One with the longest functions in it,One nobody on the team has read,One with poor tests and heavy traffic,One written in an older style,C,One with poor tests and heavy traffic,Risk is exposure times the chance of being wrong. Poor tests supply the second and traffic the first.,AUTHORED,
GB3_RFC_047,REFACTORING,RFC_C26_WHEN_NOT,RFC_F47_DEADLINE,RFC_FAM47_JUDGING_UNDER_PRESSURE,RFC_RG_WHEN_NOT,D5,EVALUATE,mcq,A release is tomorrow and you notice a mess. What is the right call?,Refactor only the very worst part,Raise it as a blocker for the release,Refactor it now while you can see it,Note it and refactor after the release,D,Note it and refactor after the release,Timing is part of the judgement. The same refactor is right on Monday and reckless the night before a release.,AUTHORED,
GB3_RFC_048,REFACTORING,RFC_C24_COVERAGE,RFC_F48_HOW_MUCH_SAFETY,RFC_FAM48_JUDGING_THE_NET,RFC_RG_COVERAGE,D5,EVALUATE,mcq,How much test coverage do you need before refactoring an area?,Enough to cover the behaviour you might break,At least as much as the rest of the codebase,Full coverage of every line in the area,Whatever the team’s threshold requires,A,Enough to cover the behaviour you might break,"Coverage of the behaviour at risk, not of the file. A percentage target measures the wrong thing here.",AUTHORED,
GB3_RFC_049,REFACTORING,RFC_C27_CULTURE,RFC_F49_CONTINUOUS,RFC_FAM49_JUDGING_THE_HABIT,RFC_RG_CULTURE,D5,EVALUATE,mcq,Why do codebases that refactor continuously stay easier to work in?,The developers are more skilled on average,The code follows patterns more consistently,The mess never gets large enough to be scary,The tests are written before the code is,C,The mess never gets large enough to be scary,"Small messes get tidied in the course of work. Large ones need permission, a plan and courage.",AUTHORED,
GB3_RFC_050,REFACTORING,RFC_C01_DEFINITION,RFC_F50_THE_DISCIPLINE,RFC_FAM50_JUDGING_THE_WHOLE,RFC_RG_DEFINITION,D5,EVALUATE,mcq,What separates refactoring from just changing code?,"You worked in small, reviewable steps",You can prove nothing about behaviour moved,You followed a named refactoring move,You improved the design of the code,B,You can prove nothing about behaviour moved,"The proof is what makes it a discipline. Without it, you have changed a lot of code and are hoping.",AUTHORED,
GB3_ATS_001,AUTOMATED_TESTING,ATS_C01_UNIT,ATS_F01_WHAT_A_UNIT_TEST_IS,ATS_FAM01_UNIT_LEVEL,ATS_RG_UNIT,D1,REMEMBER,mcq,What does a unit test check?,One file of the source code,One piece of logic on its own,One requirement from the spec,One feature from end to end,B,One piece of logic on its own,In isolation. The isolation is what makes it fast and makes a failure point at one place.,AUTHORED,
GB3_ATS_002,AUTOMATED_TESTING,ATS_C02_INTEGRATION,ATS_F02_WHAT_INTEGRATION_CHECKS,ATS_FAM02_INTEGRATION_LEVEL,ATS_RG_INTEGRATION,D1,REMEMBER,mcq,What does an integration test check?,That each piece works on its own,That the system performs fast enough,That the whole product meets its spec,That pieces work correctly together,D,That pieces work correctly together,The seams. Units can each be right while the assumptions between them disagree.,AUTHORED,
GB3_ATS_003,AUTOMATED_TESTING,ATS_C03_E2E,ATS_F03_WHAT_E2E_CHECKS,ATS_FAM03_END_TO_END_LEVEL,ATS_RG_E2E,D1,REMEMBER,mcq,What does an end-to-end test exercise?,The API layer with stubbed storage,Every function the feature calls,The user interface components alone,The real system as a user would,D,The real system as a user would,Through the real interface against a real stack. The most realistic and the most expensive kind.,AUTHORED,
GB3_ATS_004,AUTOMATED_TESTING,ATS_C04_PYRAMID,ATS_F04_SHAPE,ATS_FAM04_SUITE_SHAPE,ATS_RG_PYRAMID,D1,REMEMBER,mcq,What shape should a test suite usually have?,Only the level the team prefers,An equal number at every level,"Many fast tests, few slow ones","Many slow tests, few fast ones",C,"Many fast tests, few slow ones",The pyramid. Cheap tests catch most mistakes; expensive ones catch what only reality can show.,AUTHORED,
GB3_ATS_005,AUTOMATED_TESTING,ATS_C05_DOUBLE,ATS_F05_WHAT_A_MOCK_IS,ATS_FAM05_TEST_DOUBLES,ATS_RG_DOUBLE,D1,REMEMBER,mcq,What is a test double?,A test that runs twice to check stability,A stand-in for something the code depends on,A second copy of a test for another case,A duplicate of the code under test,B,A stand-in for something the code depends on,"Mocks, stubs and fakes are all doubles. They exist so a unit can be run without its real collaborators.",AUTHORED,
GB3_ATS_006,AUTOMATED_TESTING,ATS_C06_FLAKY,ATS_F06_WHAT_FLAKY_MEANS,ATS_FAM06_FLAKINESS,ATS_RG_FLAKY,D1,REMEMBER,mcq,What is a flaky test?,One that fails more often than it passes,One that depends on another test,One that takes too long to finish,One that passes or fails on the same code,D,One that passes or fails on the same code,"Same input, different verdict. That inconsistency is what destroys the suite’s authority.",AUTHORED,
GB3_ATS_007,AUTOMATED_TESTING,ATS_C07_COVERAGE,ATS_F07_WHAT_COVERAGE_MEASURES,ATS_FAM07_COVERAGE,ATS_RG_COVERAGE,D1,REMEMBER,mcq,What does test coverage measure?,How many requirements have tests,Which lines ran while the tests ran,How much behaviour has been verified,How thorough the assertions are,B,Which lines ran while the tests ran,"Executed, not checked. A test with no assertions at all still raises the number.",AUTHORED,
GB3_ATS_008,AUTOMATED_TESTING,ATS_C08_REGRESSION,ATS_F08_REGRESSION_TEST,ATS_FAM08_REGRESSION,ATS_RG_REGRESSION,D1,REMEMBER,mcq,What is a regression test?,One that checks performance over time,One that runs after every release,One that tests the previous version,One that stops an old bug returning,D,One that stops an old bug returning,"Written when the bug is fixed, kept forever. It is the cheapest test to justify, because it already happened.",AUTHORED,
GB3_ATS_009,AUTOMATED_TESTING,ATS_C09_CI,ATS_F09_WHERE_TESTS_RUN,ATS_FAM09_AUTOMATION,ATS_RG_CI,D1,REMEMBER,mcq,What makes a test suite automated rather than manual?,It covers most of the codebase,It produces a report when it finishes,It was written in a scripting language,It runs without anybody asking it to,D,It runs without anybody asking it to,A suite somebody must remember to run is a suite that stops being run within about a month.,AUTHORED,
GB3_ATS_010,AUTOMATED_TESTING,ATS_C10_ASSERTION,ATS_F10_WHAT_AN_ASSERTION_IS,ATS_FAM10_ASSERTIONS,ATS_RG_ASSERTION,D1,REMEMBER,mcq,What does an assertion do in a test?,States what must be true for it to pass,Records what the code produced,Sets up the data the test will use,Describes what the test is for,A,States what must be true for it to pass,The only line that can fail. A test without one runs the code and reports success regardless.,AUTHORED,
GB3_ATS_011,AUTOMATED_TESTING,ATS_C04_PYRAMID,ATS_F11_WHY_PYRAMID,ATS_FAM11_WHY_THE_SHAPE,ATS_RG_PYRAMID,D2,UNDERSTAND,mcq,Why should most tests be at the unit level?,They cover more of the code per test,They are the easiest kind of test to write,They are the only level that finds defects,"They are fast, and a failure names one cause",D,"They are fast, and a failure names one cause","Speed decides how often it runs, and precision decides how long the fix takes. Units win on both.",AUTHORED,
GB3_ATS_012,AUTOMATED_TESTING,ATS_C06_FLAKY,ATS_F12_WHY_FLAKY_IS_WORSE,ATS_FAM12_WHY_FLAKINESS_SPREADS,ATS_RG_FLAKY,D2,UNDERSTAND,mcq,Why is a flaky test worse than having no test?,It runs more slowly than a reliable test,It hides the defect it was written for,It takes longer to fix than to rewrite,The team learns to ignore every red build,D,The team learns to ignore every red build,"The damage spreads beyond that one test. Once red might mean nothing, no red means anything.",AUTHORED,
GB3_ATS_013,AUTOMATED_TESTING,ATS_C07_COVERAGE,ATS_F13_WHY_COVERAGE_MISLEADS,ATS_FAM13_WHY_THE_NUMBER_LIES,ATS_RG_COVERAGE,D2,UNDERSTAND,mcq,Why can high coverage coexist with a useless suite?,Some lines cannot be covered at all,Coverage counts test code as well as source,Running a line is not the same as checking it,Coverage tools miss some kinds of branch,C,Running a line is not the same as checking it,"Call everything, assert nothing, and the report says 100%. Coverage bounds quality; it does not measure it.",AUTHORED,
GB3_ATS_014,AUTOMATED_TESTING,ATS_C11_BEHAVIOUR,ATS_F14_WHY_NOT_INTERNALS,ATS_FAM14_WHY_TEST_OUTCOMES,ATS_RG_BEHAVIOUR,D2,UNDERSTAND,mcq,Why should tests assert on behaviour rather than on internals?,Otherwise every restructuring breaks them,Internals change less often than outputs,Internals are harder to assert on,Behaviour tests run more quickly,A,Otherwise every restructuring breaks them,A test coupled to the implementation opposes the refactoring it was supposed to make safe.,AUTHORED,
GB3_ATS_015,AUTOMATED_TESTING,ATS_C03_E2E,ATS_F15_WHY_FEW_E2E,ATS_FAM15_WHY_E2E_IS_LIMITED,ATS_RG_E2E,D2,UNDERSTAND,mcq,Why keep end-to-end tests few in number?,They need a separate team to maintain,They find fewer defects than unit tests,They are slow and break for many reasons,They cannot be run automatically,C,They are slow and break for many reasons,"A failure could be any layer, the network or a timing window. Diagnosing one costs far more than writing it.",AUTHORED,
GB3_ATS_016,AUTOMATED_TESTING,ATS_C05_DOUBLE,ATS_F16_WHY_MOCK,ATS_FAM16_WHY_DOUBLES_EXIST,ATS_RG_DOUBLE,D2,UNDERSTAND,mcq,Why replace a real dependency with a double?,To control what it does and keep it fast,To make the test cover more of the code,To avoid writing tests for that dependency,To keep the dependency from being changed,A,To control what it does and keep it fast,"You can make it fail on demand, which is how error paths get tested at all.",AUTHORED,
GB3_ATS_017,AUTOMATED_TESTING,ATS_C12_SPEED,ATS_F17_WHY_SPEED_MATTERS,ATS_FAM17_WHY_FAST_SUITES_WIN,ATS_RG_SPEED,D2,UNDERSTAND,mcq,Why does suite speed matter so much?,Slow suites cost more in build minutes,A slow suite gets run less and less often,Slow tests are more likely to be flaky,Fast suites find more defects per test,B,A slow suite gets run less and less often,A suite run once a day catches a mistake a day later. One run per save catches it while you are still there.,AUTHORED,
GB3_ATS_018,AUTOMATED_TESTING,ATS_C13_INDEPENDENCE,ATS_F18_WHY_INDEPENDENT,ATS_FAM18_WHY_TESTS_STAND_ALONE,ATS_RG_INDEPENDENCE,D2,UNDERSTAND,mcq,Why must each test be independent of the others?,Otherwise they cannot be run in parallel,Otherwise failures are harder to read,Otherwise order decides whether they pass,Otherwise the suite takes longer to run,C,Otherwise order decides whether they pass,"Shared state means a test passes only because another ran first, and the suite fails when anything is reordered.",AUTHORED,
GB3_ATS_019,AUTOMATED_TESTING,ATS_C14_FAILURE_MESSAGE,ATS_F19_WHY_GOOD_FAILURES,ATS_FAM19_WHY_THE_MESSAGE_MATTERS,ATS_RG_FAILURE,D2,UNDERSTAND,mcq,Why does the wording of a failure matter?,It determines whether the build stops,It is read by someone with no context,It is included in the coverage report,It is the only record of the test,B,It is read by someone with no context,"""expected true, got false"" sends somebody into the source. ""expected 3 retries, got 1"" fixes it in a minute.",AUTHORED,
GB3_ATS_020,AUTOMATED_TESTING,ATS_C15_TDD,ATS_F20_WHY_TEST_FIRST,ATS_FAM20_WHY_ORDER_MATTERS,ATS_RG_TDD,D2,UNDERSTAND,mcq,What does writing the test first actually give you?,Fewer defects in the finished code,Higher coverage than writing it after,"Proof the test can fail, and a usable design",A faster route to finishing the feature,C,"Proof the test can fail, and a usable design","A test written after the code has never been seen to fail, so nobody knows whether it can.",AUTHORED,
GB3_ATS_021,AUTOMATED_TESTING,ATS_C16_LEVEL_CHOICE,ATS_F21_PICK_THE_LEVEL,ATS_FAM21_CHOOSING_A_LEVEL,ATS_RG_LEVEL,D3,APPLY,mcq,You are testing a discount calculation with twelve rules. At what level?,Unit tests over the calculation alone,Integration tests against the database,End-to-end tests through the checkout,Manual tests run before each release,A,Unit tests over the calculation alone,Pure logic with many cases is exactly what units are for. Twelve cases through a browser is an hour per run.,AUTHORED,
GB3_ATS_022,AUTOMATED_TESTING,ATS_C16_LEVEL_CHOICE,ATS_F22_WHEN_INTEGRATION,ATS_FAM22_CHOOSING_INTEGRATION,ATS_RG_LEVEL,D3,APPLY,mcq,Your code builds a complex database query. What test tells you most?,One that mocks the database entirely,One that runs the whole request flow,One that checks the query string matches,One that runs it against a real database,D,One that runs it against a real database,Asserting on the string tests your own formatting. Only the database can say whether the query is right.,AUTHORED,
GB3_ATS_023,AUTOMATED_TESTING,ATS_C17_EDGE,ATS_F23_WHICH_CASES,ATS_FAM23_CHOOSING_CASES,ATS_RG_EDGE,D3,APPLY,mcq,Which inputs are worth testing for a function taking a list?,"Empty, one item, many, and the invalid case",Several lists of different random sizes,The largest list the function allows,A representative list of about ten items,A,"Empty, one item, many, and the invalid case",The boundaries are where the bugs are. Three typical lists exercise the same path three times.,AUTHORED,
GB3_ATS_024,AUTOMATED_TESTING,ATS_C11_BEHAVIOUR,ATS_F24_ASSERT_THE_OUTCOME,ATS_FAM24_WRITING_ASSERTIONS,ATS_RG_BEHAVIOUR,D3,APPLY,mcq,"Testing ""registering a user sends a welcome email"", what do you assert?",That the mail queue length increased,That the mail helper method was called,That an email was sent to that address,That no exception was raised by it,C,That an email was sent to that address,The outcome survives a rewrite of how mail is sent. The method call does not.,AUTHORED,
GB3_ATS_025,AUTOMATED_TESTING,ATS_C13_INDEPENDENCE,ATS_F25_RESET_STATE,ATS_FAM25_KEEPING_TESTS_CLEAN,ATS_RG_INDEPENDENCE,D3,APPLY,mcq,Tests share a database. How do you keep them independent?,Clean up at the end of each test,Reset to a known state before each one,Run them strictly in a fixed order,Give each test a unique record id,B,Reset to a known state before each one,"Before, not after — a test that fails midway never reaches its cleanup and poisons the next one.",AUTHORED,
GB3_ATS_026,AUTOMATED_TESTING,ATS_C06_FLAKY,ATS_F26_FIX_A_TIMING_FLAKE,ATS_FAM26_REMOVING_FLAKINESS,ATS_RG_FLAKY,D3,APPLY,mcq,A test fails occasionally because a page has not finished loading. What is the fix?,Retry the test when it fails,Wait for the thing you need to appear,Increase the overall test timeout,Add a fixed delay before the assertion,B,Wait for the thing you need to appear,"Wait on a condition, never on the clock. A fixed delay is slow when it works and flaky when it does not.",AUTHORED,
GB3_ATS_027,AUTOMATED_TESTING,ATS_C18_TIME,ATS_F27_CONTROL_THE_CLOCK,ATS_FAM27_TESTING_TIME,ATS_RG_TIME,D3,APPLY,mcq,Logic depends on the current date. How do you test it reliably?,Pass the time in rather than reading it,Compare against a recomputed date,Allow a margin around the expected value,Run the tests only at a fixed hour,A,Pass the time in rather than reading it,"The clock is a dependency like any other. Injected, you can test the end of February without waiting for it.",AUTHORED,
GB3_ATS_028,AUTOMATED_TESTING,ATS_C08_REGRESSION,ATS_F28_TEST_THE_BUG,ATS_FAM28_RESPONDING_TO_A_DEFECT,ATS_RG_REGRESSION,D3,APPLY,mcq,A bug is reported in production. What is the first thing to write?,A note in the defect tracker,A fix for the line that looks wrong,A failing test that reproduces it,A log line to confirm the cause,C,A failing test that reproduces it,The failing test proves you understand it and proves the fix worked. Both from the same few lines.,AUTHORED,
GB3_ATS_029,AUTOMATED_TESTING,ATS_C19_NAMING,ATS_F29_NAME_THE_TEST,ATS_FAM29_NAMING_TESTS,ATS_RG_NAMING,D3,APPLY,mcq,What should a test name say?,The kind of test that it is,The number of the requirement,The situation and what should happen,The function that is being tested,C,The situation and what should happen,"""rejects a transfer that would overdraw the account."" The failure output then reads as a sentence.",AUTHORED,
GB3_ATS_030,AUTOMATED_TESTING,ATS_C20_FIXTURE,ATS_F30_BUILD_TEST_DATA,ATS_FAM30_MANAGING_FIXTURES,ATS_RG_FIXTURE,D3,APPLY,mcq,"Tests need objects with twenty fields, of which each test cares about two. What helps?",A copy of the full object in each test,A shared fixture object used by every test,"A builder giving defaults, overridden per test",A fixture file loaded before the suite,C,"A builder giving defaults, overridden per test","The test then shows only what matters to it, and the other eighteen fields stop hiding the point.",AUTHORED,
GB3_ATS_031,AUTOMATED_TESTING,ATS_C10_ASSERTION,ATS_F31_NO_ASSERTION,ATS_FAM31_DIAGNOSE_AN_EMPTY_TEST,ATS_RG_ASSERTION,D4,ANALYZE,mcq,A test has never failed in two years and covers active code. What should you check?,Whether it asserts anything at all,Whether the code is actually reached,Whether it runs in the CI pipeline,Whether the code has changed since,A,Whether it asserts anything at all,Break the code deliberately and see if it goes red. A test that cannot fail is a comment that costs runtime.,AUTHORED,
GB3_ATS_032,AUTOMATED_TESTING,ATS_C05_DOUBLE,ATS_F32_MOCKING_EVERYTHING,ATS_FAM32_DIAGNOSE_OVER_MOCKING,ATS_RG_DOUBLE,D4,ANALYZE,mcq,"Every collaborator is mocked and the tests all pass, yet the feature is broken. Why?",The feature needs an end-to-end test,The mocks were configured incorrectly,"The mocks assert your assumptions, not reality",The tests are running the wrong code,C,"The mocks assert your assumptions, not reality",You tested that your code works against a world you invented. Nothing checked that world matches this one.,AUTHORED,
GB3_ATS_033,AUTOMATED_TESTING,ATS_C13_INDEPENDENCE,ATS_F33_ORDER_DEPENDENT,ATS_FAM33_DIAGNOSE_SHARED_STATE,ATS_RG_INDEPENDENCE,D4,ANALYZE,mcq,The suite passes in order and fails when shuffled. What is the cause?,The tests are running too quickly in parallel,State is leaking from one test to the next,The shuffle exposed a timing problem,Some tests were written for a fixed order,B,State is leaking from one test to the next,A test is relying on something another one set up. Shuffling is a cheap way to find it.,AUTHORED,
GB3_ATS_034,AUTOMATED_TESTING,ATS_C11_BEHAVIOUR,ATS_F34_TESTS_BLOCK_REFACTOR,ATS_FAM34_DIAGNOSE_COUPLED_TESTS,ATS_RG_BEHAVIOUR,D4,ANALYZE,mcq,Renaming a private method breaks forty tests. What does that reveal?,The tests reach inside the implementation,The rename was applied incompletely,The method was more public than it seemed,The tests share too much setup code,A,The tests reach inside the implementation,"Behaviour did not change and forty tests disagreed. They were asserting on how, not on what.",AUTHORED,
GB3_ATS_035,AUTOMATED_TESTING,ATS_C06_FLAKY,ATS_F35_RETRY_HIDES_IT,ATS_FAM35_DIAGNOSE_A_BAD_FIX,ATS_RG_FLAKY,D4,ANALYZE,mcq,A team configures flaky tests to retry three times. What is the risk?,The results become harder to read,A real intermittent bug is now invisible,The flaky tests will never be fixed,The suite takes three times as long,B,A real intermittent bug is now invisible,Some flakiness is the test; some is a genuine race in the product. Retrying hides both equally well.,AUTHORED,
GB3_ATS_036,AUTOMATED_TESTING,ATS_C07_COVERAGE,ATS_F36_COVERAGE_TARGET,ATS_FAM36_DIAGNOSE_A_TARGET,ATS_RG_COVERAGE,D4,ANALYZE,mcq,A team is told to reach 90% coverage. What usually happens?,Tests appear that execute code without checking it,Coverage rises and defect counts fall,The most important paths get covered first,The team writes far more integration tests,A,Tests appear that execute code without checking it,A number that is targeted stops measuring anything. The easiest way to reach it is the least useful one.,AUTHORED,
GB3_ATS_037,AUTOMATED_TESTING,ATS_C12_SPEED,ATS_F37_SUITE_TOO_SLOW,ATS_FAM37_DIAGNOSE_SLOWNESS,ATS_RG_SPEED,D4,ANALYZE,mcq,A suite takes forty minutes and developers push without running it. What is the root problem?,The build machines are underpowered,The team lacks discipline about testing,Too much is being tested at a high level,There are simply too many tests now,C,Too much is being tested at a high level,Forty minutes almost always means a pyramid standing on its head. The fix is moving tests down a level.,AUTHORED,
GB3_ATS_038,AUTOMATED_TESTING,ATS_C21_DUPLICATE_LOGIC,ATS_F38_TEST_REIMPLEMENTS,ATS_FAM38_DIAGNOSE_A_CIRCULAR_TEST,ATS_RG_DUPLICATE,D4,ANALYZE,mcq,A test computes the expected value using the same formula as the code. What is wrong?,It will agree with the code even when wrong,It makes the test harder to understand,It will be slower than a literal value,It duplicates logic that should be shared,A,It will agree with the code even when wrong,"The expected value must come from outside the code — worked out by hand, or from the specification.",AUTHORED,
GB3_ATS_039,AUTOMATED_TESTING,ATS_C22_SKIPPED,ATS_F39_DISABLED_TESTS,ATS_FAM39_DIAGNOSE_SKIPS,ATS_RG_SKIPPED,D4,ANALYZE,mcq,The suite has sixty skipped tests. What does that represent?,Tests that will be re-enabled later,A suite that runs faster than it should,Features that were never completed,Coverage the team believes it still has,D,Coverage the team believes it still has,Everybody counts them as covered and none of them run. Skipped tests should be fixed or deleted.,AUTHORED,
GB3_ATS_040,AUTOMATED_TESTING,ATS_C14_FAILURE_MESSAGE,ATS_F40_UNREADABLE_FAILURE,ATS_FAM40_DIAGNOSE_A_FAILURE_REPORT,ATS_RG_FAILURE,D4,ANALYZE,mcq,A failing test prints two 400-line objects that differ somewhere. What went wrong in its design?,The test was checking too many cases at once,The test framework formats output poorly,The objects should have been serialised first,It asserts on everything instead of what matters,D,It asserts on everything instead of what matters,Assert on the fields the test is about. Whole-object comparison fails loudly and says nothing.,AUTHORED,
GB3_ATS_041,AUTOMATED_TESTING,ATS_C23_WHAT_TO_TEST,ATS_F41_NOT_EVERYTHING,ATS_FAM41_JUDGING_WHAT_DESERVES_A_TEST,ATS_RG_WHAT,D5,EVALUATE,mcq,What deserves a test least?,A calculation with several branches,A bug that reached production once,A boundary between two services,A getter that returns a stored field,D,A getter that returns a stored field,Tests cost maintenance. Spend them where the code could plausibly be wrong.,AUTHORED,
GB3_ATS_042,AUTOMATED_TESTING,ATS_C24_CONFIDENCE,ATS_F42_WHAT_A_SUITE_IS_FOR,ATS_FAM42_JUDGING_THE_PURPOSE,ATS_RG_CONFIDENCE,D5,EVALUATE,mcq,What is a test suite ultimately for?,Finding as many defects as possible,Meeting the quality standards required,Letting people change the code without fear,Documenting how the system behaves,C,Letting people change the code without fear,It does the others too. But a suite nobody trusts enough to change code behind has failed at its job.,AUTHORED,
GB3_ATS_043,AUTOMATED_TESTING,ATS_C15_TDD,ATS_F43_WHEN_TDD_FITS,ATS_FAM43_JUDGING_TEST_FIRST,ATS_RG_TDD,D5,EVALUATE,mcq,When does writing tests first work least well?,When the feature is large and complicated,When the team has not used it before,When the deadline is uncomfortably close,When you do not yet know what you are building,D,When you do not yet know what you are building,Exploration needs to be thrown away cheaply. Tests on code you will discard are wasted effort.,AUTHORED,
GB3_ATS_044,AUTOMATED_TESTING,ATS_C25_MAINTENANCE,ATS_F44_DELETING_TESTS,ATS_FAM44_JUDGING_REMOVAL,ATS_RG_MAINTENANCE,D5,EVALUATE,mcq,Is it ever right to delete a passing test?,"No, a passing test is always worth keeping",Only with the original author’s agreement,"Yes, when it costs more than it protects",Only when the code it tested is removed,C,"Yes, when it costs more than it protects",Tests are code and carry maintenance. A brittle test asserting what three others do is a net loss.,AUTHORED,
GB3_ATS_045,AUTOMATED_TESTING,ATS_C26_TRADEOFF,ATS_F45_REALISM_VERSUS_SPEED,ATS_FAM45_JUDGING_THE_TRADE,ATS_RG_TRADEOFF,D5,EVALUATE,mcq,What is the central trade-off in choosing a test level?,How easy it is to write against to maintain,How much it covers against how long it takes,How many defects it finds against its cost,How real it is against how fast and precise,D,How real it is against how fast and precise,Realism rises and both speed and precision fall. Every level decision is a position on that line.,AUTHORED,
GB3_ATS_046,AUTOMATED_TESTING,ATS_C27_CONTRACT,ATS_F46_BETWEEN_SERVICES,ATS_FAM46_JUDGING_SERVICE_TESTS,ATS_RG_CONTRACT,D5,EVALUATE,mcq,Two services must agree on a message format. What testing approach fits?,End-to-end tests exercising both together,Each mocks the other in its own tests,Both check against one shared definition,Manual checks before each deployment,C,Both check against one shared definition,Contract testing. Each side mocking the other is how two suites stay green while the integration is broken.,AUTHORED,
GB3_ATS_047,AUTOMATED_TESTING,ATS_C25_MAINTENANCE,ATS_F47_TESTS_ARE_CODE,ATS_FAM47_JUDGING_TEST_QUALITY,ATS_RG_MAINTENANCE,D5,EVALUATE,mcq,Should test code be held to the same standard as production code?,"Yes, but only the integration level ones","No, duplication in tests is always fine",Yes — it is read and changed just as often,"No, tests are throwaway by their nature",C,Yes — it is read and changed just as often,With one exception: a little duplication in tests is often better than a shared helper nobody can follow.,AUTHORED,
GB3_ATS_048,AUTOMATED_TESTING,ATS_C28_INHERITED,ATS_F48_NO_TESTS_AT_ALL,ATS_FAM48_JUDGING_WHERE_TO_START,ATS_RG_INHERITED,D5,EVALUATE,mcq,You inherit a large system with no tests. Where do you start?,By measuring the current coverage first,With end-to-end tests of the main flows,"At the lowest level, function by function",Around the part you are about to change,D,Around the part you are about to change,Testing everything will not be finished. Testing what you are about to touch pays for itself this week.,AUTHORED,
GB3_ATS_049,AUTOMATED_TESTING,ATS_C24_CONFIDENCE,ATS_F49_GREEN_IS_NOT_SAFE,ATS_FAM49_JUDGING_A_GREEN_BUILD,ATS_RG_CONFIDENCE,D5,EVALUATE,mcq,What does a green build actually tell you?,The code behaves as it is supposed to,The coverage was sufficient this time,The change is safe to release to users,Nothing you checked for has gone wrong,D,Nothing you checked for has gone wrong,"Green is bounded by the suite. Reading it as ""safe"" is how tested systems still break on release day.",AUTHORED,
GB3_ATS_050,AUTOMATED_TESTING,ATS_C26_TRADEOFF,ATS_F50_THE_MEASURE,ATS_FAM50_JUDGING_THE_WHOLE,ATS_RG_TRADEOFF,D5,EVALUATE,mcq,How do you tell whether a suite is any good?,By how quickly the whole suite runs,By the number of tests it contains,By the percentage of the lines that it covers,By whether the team trusts it to catch mistakes,D,By whether the team trusts it to catch mistakes,Trust is the measurable outcome. Everything else in this file is a way of earning or losing it.,AUTHORED,
GB3_APD_001,API_DESIGN,APD_C01_CONTRACT,APD_F01_WHAT_AN_API_IS,APD_FAM01_API_AS_CONTRACT,APD_RG_CONTRACT,D1,REMEMBER,mcq,"What is an API, from the designer’s point of view?",A promise about how the system behaves,A document describing the available calls,The layer between client and database,A set of endpoints the server exposes,A,A promise about how the system behaves,"A promise, which is why breaking it is a different kind of act from changing your own internals.",AUTHORED,
GB3_APD_002,API_DESIGN,APD_C02_RESOURCE,APD_F02_NOUNS_NOT_VERBS,APD_FAM02_NAMING_ENDPOINTS,APD_RG_RESOURCE,D1,REMEMBER,mcq,How are REST endpoints conventionally named?,"After the things, with the verb in the method",After the action the endpoint performs,After the function that handles them,After the screen that calls them,A,"After the things, with the verb in the method","GET /orders, not /getOrders. The method already carries the verb, so repeating it adds nothing.",AUTHORED,
GB3_APD_003,API_DESIGN,APD_C03_IDEMPOTENT,APD_F03_WHAT_IDEMPOTENT_MEANS,APD_FAM03_IDEMPOTENCE,APD_RG_IDEMPOTENT,D1,REMEMBER,mcq,What does it mean for an operation to be idempotent?,Repeating it leaves the same result,It can be run by several callers,It never changes any stored data,It always returns the same response,A,Repeating it leaves the same result,"Same end state, however many times it arrives. That is what makes a retry safe.",AUTHORED,
GB3_APD_004,API_DESIGN,APD_C04_VERSION,APD_F04_WHY_VERSIONS_EXIST,APD_FAM04_VERSIONING,APD_RG_VERSION,D1,REMEMBER,mcq,What is an API version for?,Separating the internal and public APIs,Tracking which release the code was built from,Letting the contract change without breaking callers,Showing how mature the interface is,C,Letting the contract change without breaking callers,"Two promises live side by side while callers move. Without that, a change is a coordinated outage.",AUTHORED,
GB3_APD_005,API_DESIGN,APD_C05_BREAKING,APD_F05_WHAT_BREAKS,APD_FAM05_BREAKING_CHANGES,APD_RG_BREAKING,D1,REMEMBER,mcq,Which change breaks existing callers?,Adding an optional query parameter,Removing a field from the response,Adding a new endpoint alongside,Adding a field to the response,B,Removing a field from the response,Additions are safe; removals and renames are not. That asymmetry shapes almost every API decision.,AUTHORED,
GB3_APD_006,API_DESIGN,APD_C06_ERRORS,APD_F06_ERRORS_ARE_PART_OF_IT,APD_FAM06_ERROR_DESIGN,APD_RG_ERRORS,D1,REMEMBER,mcq,Are error responses part of the API contract?,Only the status codes are part of it,"No, they are implementation details",Only for errors the caller can fix,Yes — callers write code against them,D,Yes — callers write code against them,Changing an error shape breaks the handling code as surely as changing a success shape breaks the parsing.,AUTHORED,
GB3_APD_007,API_DESIGN,APD_C07_PAGINATION,APD_F07_WHY_PAGINATE,APD_FAM07_PAGINATION,APD_RG_PAGINATION,D1,REMEMBER,mcq,Why does a list endpoint need pagination?,It keeps the response format simple,It reduces the load on the database,Clients prefer to read data in pages,The collection will grow past what fits,D,The collection will grow past what fits,Every unpaginated list endpoint is a future outage waiting for the collection to get large enough.,AUTHORED,
GB3_APD_008,API_DESIGN,APD_C08_CONSISTENCY,APD_F08_ONE_STYLE,APD_FAM08_CONSISTENCY,APD_RG_CONSISTENCY,D1,REMEMBER,mcq,Why does an API need internal consistency?,It makes the documentation shorter,It reduces the amount of server code,It is required by the REST standard,A caller can then guess the next endpoint,D,A caller can then guess the next endpoint,"A consistent API is partly learnable without documentation, which is the strongest thing usability can buy.",AUTHORED,
GB3_APD_009,API_DESIGN,APD_C09_REPRESENTATION,APD_F09_NOT_THE_TABLE,APD_FAM09_WHAT_TO_EXPOSE,APD_RG_REPRESENTATION,D1,REMEMBER,mcq,Should an API response mirror the database table?,No — it should suit the caller,"Yes, if the table is well designed","Yes, it keeps the mapping simple","Only for internal APIs, not public ones",A,No — it should suit the caller,Mirror the table and every schema change becomes a breaking API change you did not intend.,AUTHORED,
GB3_APD_010,API_DESIGN,APD_C10_DOCS,APD_F10_WHAT_DOCS_ARE_FOR,APD_FAM10_DOCUMENTATION,APD_RG_DOCS,D1,REMEMBER,mcq,What is the most important thing API documentation provides?,A complete list of every field,A record of the version history,A worked example the caller can copy,A description of the architecture,C,A worked example the caller can copy,People start from an example and read the reference when it fails. Reference-only documentation is a wall.,AUTHORED,
GB3_APD_011,API_DESIGN,APD_C03_IDEMPOTENT,APD_F11_WHY_IDEMPOTENCE,APD_FAM11_WHY_RETRIES_NEED_IT,APD_RG_IDEMPOTENT,D2,UNDERSTAND,mcq,Why does idempotence matter over a network?,Servers may process requests concurrently,A caller cannot tell a lost reply from a failure,Retries are faster than reporting an error,Networks deliver some requests out of order,B,A caller cannot tell a lost reply from a failure,"The request may have succeeded and the response been lost. Retrying is the only option, so it must be safe.",AUTHORED,
GB3_APD_012,API_DESIGN,APD_C05_BREAKING,APD_F12_WHY_ADDITIVE,APD_FAM12_WHY_ADDITIONS_ARE_SAFE,APD_RG_BREAKING,D2,UNDERSTAND,mcq,Why is adding a response field usually safe?,Extra fields are stripped in transit,Callers request the fields they need,Callers ignore fields they do not know,Callers validate against a schema first,C,Callers ignore fields they do not know,"Usually. A caller that rejects unknown fields makes even additions breaking, which is worth knowing about.",AUTHORED,
GB3_APD_013,API_DESIGN,APD_C09_REPRESENTATION,APD_F13_WHY_NOT_THE_SCHEMA,APD_FAM13_WHY_TRANSLATE,APD_RG_REPRESENTATION,D2,UNDERSTAND,mcq,What does exposing your database shape actually cost you?,Callers can infer your table structure,Responses become larger than needed,You can no longer change it freely,Queries have to be written differently,C,You can no longer change it freely,Your schema stops being yours. Renaming a column is now a negotiation with every integrator.,AUTHORED,
GB3_APD_014,API_DESIGN,APD_C06_ERRORS,APD_F14_WHY_STRUCTURED_ERRORS,APD_FAM14_WHY_ERRORS_NEED_STRUCTURE,APD_RG_ERRORS,D2,UNDERSTAND,mcq,Why should an error carry a stable code as well as a message?,Codes are shorter to send than messages,"Callers branch on the code, not the words",Messages cannot be translated reliably,Codes can be logged more efficiently,B,"Callers branch on the code, not the words","Without a code, integrators match on your message text, and your next copy edit breaks their code.",AUTHORED,
GB3_APD_015,API_DESIGN,APD_C11_GRANULARITY,APD_F15_WHY_NOT_TOO_CHATTY,APD_FAM15_WHY_CALL_COUNT_MATTERS,APD_RG_GRANULARITY,D2,UNDERSTAND,mcq,Why is an API that needs twenty calls per screen a problem?,The client code becomes longer,"Latency adds up, especially on mobile",Each call needs its own documentation,The server does more work per screen,B,"Latency adds up, especially on mobile",Twenty round trips on a slow connection is seconds of blank screen. The design leaked onto the user.,AUTHORED,
GB3_APD_016,API_DESIGN,APD_C12_STATUS,APD_F16_WHY_STATUS_CODES,APD_FAM16_WHY_USE_THE_CODES,APD_RG_STATUS,D2,UNDERSTAND,mcq,Why return a proper status code rather than 200 with an error inside?,It is shorter than a body field,Everything in between reads the code too,Clients cannot parse bodies reliably,The standard forbids the alternative,B,Everything in between reads the code too,"Proxies, load balancers, monitoring and retry logic all act on the code. 200 tells all of them it worked.",AUTHORED,
GB3_APD_017,API_DESIGN,APD_C07_PAGINATION,APD_F17_WHY_CURSORS,APD_FAM17_WHY_OFFSETS_DRIFT,APD_RG_PAGINATION,D2,UNDERSTAND,mcq,Why can page-number pagination miss or repeat records?,Items shift position as data is added,The client may request pages twice,The sort order is not guaranteed,Page sizes may vary between requests,A,Items shift position as data is added,"An insert before your position pushes one item from page two onto page three, unseen. Cursors avoid that.",AUTHORED,
GB3_APD_018,API_DESIGN,APD_C13_DEFAULTS,APD_F18_WHY_SAFE_DEFAULTS,APD_FAM18_WHY_DEFAULTS_MATTER,APD_RG_DEFAULTS,D2,UNDERSTAND,mcq,Why does the default behaviour of an endpoint matter so much?,Defaults affect the server’s load,Defaults cannot be changed later,Defaults are hardest to document,Most callers will never change it,D,Most callers will never change it,The default is the design for almost everybody. An unpaginated default means most callers fetch everything.,AUTHORED,
GB3_APD_019,API_DESIGN,APD_C14_DEPRECATION,APD_F19_WHY_NOTICE,APD_FAM19_WHY_RETIREMENT_TAKES_TIME,APD_RG_DEPRECATION,D2,UNDERSTAND,mcq,Why can you not simply delete an endpoint nobody should be using?,Old clients cannot be updated at all,Someone is using it and you cannot see them,The documentation would become wrong,Deletion requires a new version number,B,Someone is using it and you cannot see them,"Usage data tells you who called yesterday, not who calls monthly. Retirement is measured, announced, then done.",AUTHORED,
GB3_APD_020,API_DESIGN,APD_C01_CONTRACT,APD_F20_WHY_DESIGN_FIRST,APD_FAM20_WHY_THE_INTERFACE_LEADS,APD_RG_CONTRACT,D2,UNDERSTAND,mcq,Why design the API before building the implementation?,It lets the front end start work sooner,It produces better documentation,The interface is the hardest part to change,It reveals the data model earlier,C,The interface is the hardest part to change,Internals can be rewritten on a Tuesday. The interface needs everybody who depends on it to agree.,AUTHORED,
GB3_APD_021,API_DESIGN,APD_C03_IDEMPOTENT,APD_F21_IDEMPOTENCY_KEY,APD_FAM21_MAKING_CREATION_SAFE,APD_RG_IDEMPOTENT,D3,APPLY,mcq,A payment call may be retried after a timeout. How do you avoid double charges?,Reject any request that arrives twice quickly,Ask the caller to confirm before retrying,Compare the amount against recent payments,Have the caller send a key you check against,D,Have the caller send a key you check against,The key makes the retry a repeat of the same operation rather than a second one. You return the first result.,AUTHORED,
GB3_APD_022,API_DESIGN,APD_C06_ERRORS,APD_F22_VALIDATION_ERRORS,APD_FAM22_REPORTING_BAD_INPUT,APD_RG_ERRORS,D3,APPLY,mcq,A submitted form has four invalid fields. What should the response contain?,A single message listing them,"All four problems, named by field",A count of the invalid fields,The first problem encountered,B,"All four problems, named by field",One at a time means four round trips and a user fixing one box per attempt. Report them together.,AUTHORED,
GB3_APD_023,API_DESIGN,APD_C05_BREAKING,APD_F23_RENAME_A_FIELD,APD_FAM23_CHANGING_SAFELY,APD_RG_BREAKING,D3,APPLY,mcq,A response field is badly named and you want to fix it. What do you do?,Rename it in the next major version only,"Add the new name, keep the old, retire it later","Leave it, since the name is only cosmetic",Rename it and announce the change clearly,B,"Add the new name, keep the old, retire it later","Both for a while, then measure who still reads the old one. Expand, migrate, contract.",AUTHORED,
GB3_APD_024,API_DESIGN,APD_C11_GRANULARITY,APD_F24_SHAPE_FOR_THE_SCREEN,APD_FAM24_SIZING_A_RESPONSE,APD_RG_GRANULARITY,D3,APPLY,mcq,A dashboard needs data from five resources. What is a reasonable approach?,Five calls the client makes in parallel,One endpoint returning what the dashboard needs,A stream the client subscribes to,One endpoint returning everything available,B,One endpoint returning what the dashboard needs,Purpose-built endpoints are not impure REST so much as an admission that screens are real.,AUTHORED,
GB3_APD_025,API_DESIGN,APD_C07_PAGINATION,APD_F25_PICK_A_SCHEME,APD_FAM25_CHOOSING_PAGINATION,APD_RG_PAGINATION,D3,APPLY,mcq,A feed has constant insertions at the top. Which pagination fits?,A timestamp range chosen by the client,A page number the client increments,An offset counted from the beginning,A cursor pointing at the last item seen,D,A cursor pointing at the last item seen,"The cursor is anchored to an item, so inserts elsewhere cannot shift what comes next.",AUTHORED,
GB3_APD_026,API_DESIGN,APD_C15_ASYNC,APD_F26_LONG_OPERATIONS,APD_FAM26_SLOW_WORK,APD_RG_ASYNC,D3,APPLY,mcq,An operation takes four minutes. How should the API handle it?,Run it faster so it fits in a request,Hold the connection open until it finishes,"Accept it, return a job the caller can poll",Split it into four separate endpoints,C,"Accept it, return a job the caller can poll",202 with a job resource. Anything holding a connection for minutes will be cut by something in between.,AUTHORED,
GB3_APD_027,API_DESIGN,APD_C09_REPRESENTATION,APD_F27_WHAT_TO_INCLUDE,APD_FAM27_CHOOSING_FIELDS,APD_RG_REPRESENTATION,D3,APPLY,mcq,Which fields should a new resource expose?,Every field the record holds,"The ones callers need, and no more",The ones cheapest to compute,The ones the first caller asked for,B,"The ones callers need, and no more",Every exposed field is a promise. Adding one later is easy; withdrawing one you should not have shown is not.,AUTHORED,
GB3_APD_028,API_DESIGN,APD_C04_VERSION,APD_F28_WHERE_THE_VERSION_GOES,APD_FAM28_APPLYING_VERSIONING,APD_RG_VERSION,D3,APPLY,mcq,You must version a public API. What is the most common approach?,A version segment at the front of the path,A version field inside the request body,A separate domain for each version,A version chosen per endpoint as needed,A,A version segment at the front of the path,"/v1/orders. Visible in a log, a browser and a bug report, which headers are not.",AUTHORED,
GB3_APD_029,API_DESIGN,APD_C16_PARTIAL,APD_F29_UPDATE_SOME_FIELDS,APD_FAM29_PARTIAL_UPDATES,APD_RG_PARTIAL,D3,APPLY,mcq,A client wants to change one field of a large resource. What should the API accept?,"The complete resource, as stored",Just the fields being changed,The old and the new values both,A list of the operations to apply,B,Just the fields being changed,Requiring the whole resource means a client that read it a moment ago overwrites somebody else’s change.,AUTHORED,
GB3_APD_030,API_DESIGN,APD_C17_LIMITS,APD_F30_RATE_LIMIT_RESPONSE,APD_FAM30_COMMUNICATING_LIMITS,APD_RG_LIMITS,D3,APPLY,mcq,A caller exceeds their rate limit. What should the response tell them?,That they should reduce their usage,"That they are limited, and when to retry",That the request could not be processed,That their account may be suspended,B,"That they are limited, and when to retry","429 plus a retry-after. Without the second part, a well-meaning client can only guess, usually badly.",AUTHORED,
GB3_APD_031,API_DESIGN,APD_C12_STATUS,APD_F31_ALWAYS_200,APD_FAM31_DIAGNOSE_STATUS_MISUSE,APD_RG_STATUS,D4,ANALYZE,mcq,An API returns 200 for everything with a success flag in the body. What breaks?,The responses become larger than needed,Monitoring and retries see only successes,Clients cannot read the flag reliably,Errors cannot carry enough detail,B,Monitoring and retries see only successes,"Your error rate dashboard reads zero during an outage, because every failure was reported as a success.",AUTHORED,
GB3_APD_032,API_DESIGN,APD_C09_REPRESENTATION,APD_F32_SCHEMA_LEAKED,APD_FAM32_DIAGNOSE_A_LEAK,APD_RG_REPRESENTATION,D4,ANALYZE,mcq,A database refactor cannot proceed because clients read the column names. What was the error?,The refactor was planned without consultation,The database was designed for the API,The storage shape became the public contract,The clients were written against the wrong docs,C,The storage shape became the public contract,"Made years ago, paid now. A translation layer at the edge would have cost an hour then.",AUTHORED,
GB3_APD_033,API_DESIGN,APD_C03_IDEMPOTENT,APD_F33_DUPLICATE_ORDERS,APD_FAM33_DIAGNOSE_DOUBLE_SUBMISSION,APD_RG_IDEMPOTENT,D4,ANALYZE,mcq,Customers occasionally get two identical orders. What is the likely cause?,Two servers processed the request at once,A retry after a timeout created a second one,The client submitted the form too quickly,The database wrote the same record twice,B,A retry after a timeout created a second one,The first request succeeded and its response was lost. Without an idempotency key the retry is a new order.,AUTHORED,
GB3_APD_034,API_DESIGN,APD_C06_ERRORS,APD_F34_MESSAGE_MATCHING,APD_FAM34_DIAGNOSE_FRAGILE_HANDLING,APD_RG_ERRORS,D4,ANALYZE,mcq,Fixing a typo in an error message broke a customer’s integration. What was missing?,A test covering that error path,A version bump for the change,A stable code they could branch on,A notice period before the change,C,A stable code they could branch on,"They matched on the text because you gave them nothing else. The typo was the symptom, not the cause.",AUTHORED,
GB3_APD_035,API_DESIGN,APD_C07_PAGINATION,APD_F35_UNBOUNDED_LIST,APD_FAM35_DIAGNOSE_A_LIST_ENDPOINT,APD_RG_PAGINATION,D4,ANALYZE,mcq,An endpoint that was fine for two years now times out. What most likely changed?,The database queries became less efficient,The collection grew past a workable size,More clients are calling it concurrently,The response format grew more complex,B,The collection grew past a workable size,Unpaginated endpoints do not fail on release day. They fail on the day the data gets big enough.,AUTHORED,
GB3_APD_036,API_DESIGN,APD_C08_CONSISTENCY,APD_F36_INCONSISTENT_SHAPES,APD_FAM36_DIAGNOSE_INCONSISTENCY,APD_RG_CONSISTENCY,D4,ANALYZE,mcq,Three endpoints return dates in three different formats. What does that cost the caller?,The responses are larger than needed,Dates may be parsed with lost precision,Nothing can be reused between endpoints,The documentation becomes longer,C,Nothing can be reused between endpoints,Every inconsistency is a special case in the client. The API stops being learnable and becomes memorisable.,AUTHORED,
GB3_APD_037,API_DESIGN,APD_C18_OVER_FETCH,APD_F37_TOO_MUCH_DATA,APD_FAM37_DIAGNOSE_RESPONSE_SIZE,APD_RG_OVER_FETCH,D4,ANALYZE,mcq,A mobile list screen downloads two megabytes to show ten names. What is wrong?,The client is caching the data poorly,The list is not being paginated by the server,The response carries far more than the screen uses,The images are not being compressed,C,The response carries far more than the screen uses,A summary representation for lists and a full one for detail. One shape for both always fails one of them.,AUTHORED,
GB3_APD_038,API_DESIGN,APD_C14_DEPRECATION,APD_F38_SILENT_REMOVAL,APD_FAM38_DIAGNOSE_A_REMOVAL,APD_RG_DEPRECATION,D4,ANALYZE,mcq,"An endpoint with no traffic for a month was deleted, and a customer broke. What was missed?",Some integrations run only occasionally,The traffic data was being measured wrongly,The endpoint had an internal caller too,The deletion was not properly announced,A,Some integrations run only occasionally,A quarterly reconciliation job shows no traffic for eleven weeks and then matters enormously.,AUTHORED,
GB3_APD_039,API_DESIGN,APD_C16_PARTIAL,APD_F39_LOST_UPDATE,APD_FAM39_DIAGNOSE_OVERWRITES,APD_RG_PARTIAL,D4,ANALYZE,mcq,Two users edit different fields of one record and one change disappears. Why?,The record was cached on the client,Each sent the whole record as they had read it,The two requests arrived at the same time,The database rejected the second write,B,Each sent the whole record as they had read it,The second full write carried a stale copy of the first user’s field. Partial updates avoid the whole class.,AUTHORED,
GB3_APD_040,API_DESIGN,APD_C19_NAMING,APD_F40_ACTION_ENDPOINTS,APD_FAM40_DIAGNOSE_ENDPOINT_SPRAWL,APD_RG_NAMING,D4,ANALYZE,mcq,An API has grown to 200 endpoints like /updateUserEmail and /updateUserPhone. What happened?,The resources were modelled too finely,Each new need became its own endpoint,The team added endpoints without review,The naming convention was never agreed,B,Each new need became its own endpoint,Verb-shaped APIs grow one endpoint per need forever. Resource-shaped ones absorb new fields into what exists.,AUTHORED,
GB3_APD_041,API_DESIGN,APD_C20_AUDIENCE,APD_F41_INTERNAL_OR_PUBLIC,APD_FAM41_JUDGING_BY_AUDIENCE,APD_RG_AUDIENCE,D5,EVALUATE,mcq,What changes most between an internal API and a public one?,How the errors should be reported,How carefully it should be documented,How the endpoints should be named,How expensive it is to change later,D,How expensive it is to change later,"Internal, you can update every caller yourself in an afternoon. Public, you cannot, and that changes everything.",AUTHORED,
GB3_APD_042,API_DESIGN,APD_C21_PURITY,APD_F42_REST_DOGMA,APD_FAM42_JUDGING_CONVENTION,APD_RG_PURITY,D5,EVALUATE,mcq,An operation does not fit the resource model cleanly. What should you do?,Move the operation to another service,Rework the model until it fits,Design what is clearest and move on,Force it into a resource anyway,C,Design what is clearest and move on,REST is a style that usually helps. Contorting a genuine action into a fake noun helps nobody.,AUTHORED,
GB3_APD_043,API_DESIGN,APD_C04_VERSION,APD_F43_COST_OF_VERSIONS,APD_FAM43_JUDGING_VERSION_COUNT,APD_RG_VERSION,D5,EVALUATE,mcq,What does keeping three API versions alive actually cost?,Every change must be made three times over,The documentation becomes three times longer,Three times the server resources are needed,Callers are confused about which to use,A,Every change must be made three times over,"Including security fixes. Versions are a promise to maintain, which is why fewer and shorter is better.",AUTHORED,
GB3_APD_044,API_DESIGN,APD_C22_FLEXIBILITY,APD_F44_LET_CLIENTS_CHOOSE,APD_FAM44_JUDGING_FLEXIBILITY,APD_RG_FLEXIBILITY,D5,EVALUATE,mcq,Should clients be able to specify exactly which fields they want?,"Yes, it always reduces the data transferred","No, it makes caching impossible to do",Only if the flexibility is genuinely needed,"Yes, it is the modern approach to APIs",C,Only if the flexibility is genuinely needed,"It costs caching, predictable performance and a simple contract. Worth it for some APIs, not most.",AUTHORED,
GB3_APD_045,API_DESIGN,APD_C23_EMPATHY,APD_F45_USE_YOUR_OWN,APD_FAM45_JUDGING_USABILITY,APD_RG_EMPATHY,D5,EVALUATE,mcq,What most reliably improves an API’s design?,Writing thorough documentation for it,Building a real client against it yourself,Reviewing it against a style guide,Having another team read the spec,B,Building a real client against it yourself,Awkwardness is invisible from the server side and obvious after twenty minutes of calling it.,AUTHORED,
GB3_APD_046,API_DESIGN,APD_C24_EVOLUTION,APD_F46_DESIGNING_FOR_CHANGE,APD_FAM46_JUDGING_FUTURE_PROOFING,APD_RG_EVOLUTION,D5,EVALUATE,mcq,How do you design an API that can change later?,Add extension points wherever possible,Promise as little as you can get away with,Document which parts may change,Version every endpoint from the start,B,Promise as little as you can get away with,"Every field, code and behaviour you expose is frozen by somebody. The smallest honest surface stays flexible.",AUTHORED,
GB3_APD_047,API_DESIGN,APD_C25_CONSUMER,APD_F47_WHOSE_MODEL,APD_FAM47_JUDGING_THE_MODEL,APD_RG_CONSUMER,D5,EVALUATE,mcq,Whose mental model should the API reflect?,"The caller’s, expressed in their terms","The database’s, for a clean mapping","The domain expert’s, for accuracy","The team’s, since they maintain it",A,"The caller’s, expressed in their terms","An API is a user interface for programmers. Organised around your internals, it is organised around nobody.",AUTHORED,
GB3_APD_048,API_DESIGN,APD_C26_MISTAKE,APD_F48_LIVING_WITH_IT,APD_FAM48_JUDGING_A_KNOWN_FLAW,APD_RG_MISTAKE,D5,EVALUATE,mcq,You discover a design flaw in an API thousands depend on. What is usually right?,Add the better way and leave the old working,Fix it now and notify every caller,Document the flaw and leave it alone,Fix it properly in the next major version,A,Add the better way and leave the old working,"Two ways to do it is ugly and cheap. A break is elegant and expensive, and the bill goes to other people.",AUTHORED,
GB3_APD_049,API_DESIGN,APD_C10_DOCS,APD_F49_DOCS_DRIFT,APD_FAM49_JUDGING_DOCUMENTATION,APD_RG_DOCS,D5,EVALUATE,mcq,How do you keep API documentation from going stale?,Review it as part of every release,Keep it short enough to maintain,Assign an owner responsible for it,Generate or verify it from the code itself,D,Generate or verify it from the code itself,"Hand-maintained docs drift within months, and wrong documentation is worse than none.",AUTHORED,
GB3_APD_050,API_DESIGN,APD_C01_CONTRACT,APD_F50_THE_WEIGHT,APD_FAM50_JUDGING_THE_WHOLE,APD_RG_CONTRACT,D5,EVALUATE,mcq,What makes API design harder than designing internal code?,You cannot change it by yourself afterwards,It has to handle far more traffic,It is written in a different style,It must be documented thoroughly,A,You cannot change it by yourself afterwards,"Internal code answers to you. An API answers to everyone who built on it, which is why you think first.",AUTHORED,
GB3_IDX_001,DB_INDEXING,IDX_C01_DEFINITION,IDX_F01_WHAT_AN_INDEX_IS,IDX_FAM01_INDEX_DEFINITION,IDX_RG_DEFINITION,D1,REMEMBER,mcq,What is a database index?,A second structure for finding rows quickly,A copy of the table kept sorted by key,A cache of the rows queried most often,A constraint ensuring values stay unique,A,A second structure for finding rows quickly,"A lookup structure held beside the table. It is extra data, which is where all its costs come from.",AUTHORED,
GB3_IDX_002,DB_INDEXING,IDX_C02_TRADE,IDX_F02_WRITE_COST,IDX_FAM02_THE_TRADE,IDX_RG_TRADE,D1,REMEMBER,mcq,What does adding an index cost?,More memory while queries are running,Slower reads on the other columns,A longer time to open a connection,Slower writes and more storage used,D,Slower writes and more storage used,"Every insert, update and delete must maintain it. That is the bet you are making on every index.",AUTHORED,
GB3_IDX_003,DB_INDEXING,IDX_C03_SCAN,IDX_F03_FULL_SCAN,IDX_FAM03_SCANNING,IDX_RG_SCAN,D1,REMEMBER,mcq,What is a full table scan?,Reading every row to find the matches,Reading the table into memory at once,Reading every column of each row,Reading the index from start to end,A,Reading every row to find the matches,"What the database does with no usable index. Fine on a small table, ruinous on a large one.",AUTHORED,
GB3_IDX_004,DB_INDEXING,IDX_C04_COMPOSITE,IDX_F04_WHAT_COMPOSITE_IS,IDX_FAM04_COMPOSITE_BASICS,IDX_RG_COMPOSITE,D1,REMEMBER,mcq,What is a composite index?,An index shared between two tables,An index built from a computed value,One index covering several columns in order,Two separate indexes used in one query,C,One index covering several columns in order,"In order. The order is the whole design decision, and it is where most indexing mistakes live.",AUTHORED,
GB3_IDX_005,DB_INDEXING,IDX_C05_PRIMARY,IDX_F05_PRIMARY_KEY_INDEXED,IDX_FAM05_KEYS,IDX_RG_PRIMARY,D1,REMEMBER,mcq,Does a primary key need an index created for it?,"Yes, it must be added separately",Only if the key is not an integer,"No, the database makes one already",Only on tables above a certain size,C,"No, the database makes one already","Uniqueness has to be checked on every insert, and checking it without an index would mean a scan.",AUTHORED,
GB3_IDX_006,DB_INDEXING,IDX_C06_PLAN,IDX_F06_WHAT_EXPLAIN_SHOWS,IDX_FAM06_QUERY_PLANS,IDX_RG_PLAN,D1,REMEMBER,mcq,What does EXPLAIN tell you?,How long the query took when it last ran,How the database intends to run the query,Whether the query returns correct results,Which indexes exist on the tables used,B,How the database intends to run the query,The plan. It is the only way to know whether an index you added is actually being used.,AUTHORED,
GB3_IDX_007,DB_INDEXING,IDX_C07_SELECTIVITY,IDX_F07_WHAT_SELECTIVITY_IS,IDX_FAM07_SELECTIVITY,IDX_RG_SELECTIVITY,D1,REMEMBER,mcq,What does it mean for a column to be highly selective?,The column holds no empty values,The column is used in many queries,A value matches very few rows,The values are stored in sorted order,C,A value matches very few rows,An email address is selective; a yes-or-no flag is not. Selectivity decides whether an index helps at all.,AUTHORED,
GB3_IDX_008,DB_INDEXING,IDX_C08_COVERING,IDX_F08_WHAT_COVERING_IS,IDX_FAM08_COVERING,IDX_RG_COVERING,D1,REMEMBER,mcq,What is a covering index?,One replacing all the other indexes,One holding every column the query needs,One built across two joined tables,One that covers every row in the table,B,One holding every column the query needs,The database answers from the index alone and never opens the table. The fastest read there is.,AUTHORED,
GB3_IDX_009,DB_INDEXING,IDX_C09_UNIQUE,IDX_F09_UNIQUE_INDEX,IDX_FAM09_UNIQUENESS,IDX_RG_UNIQUE,D1,REMEMBER,mcq,What does a unique index do beyond speeding lookups?,It reduces the storage the table needs,It keeps the rows in a sorted order,It refuses duplicate values on insert,It removes duplicates already present,C,It refuses duplicate values on insert,"It is a constraint as much as an index, which is why it is the right way to enforce ""one per customer"".",AUTHORED,
GB3_IDX_010,DB_INDEXING,IDX_C10_WHERE,IDX_F10_WHICH_COLUMNS,IDX_FAM10_WHAT_TO_INDEX,IDX_RG_WHERE,D1,REMEMBER,mcq,Which columns are the usual candidates for an index?,Ones holding the largest values,Ones returned in the select list,"Ones filtered, joined or sorted on",Ones updated least frequently,C,"Ones filtered, joined or sorted on","WHERE, JOIN and ORDER BY. A column only ever selected is along for the ride, not searched by.",AUTHORED,
GB3_IDX_011,DB_INDEXING,IDX_C01_DEFINITION,IDX_F11_WHY_FASTER,IDX_FAM11_WHY_READS_SPEED_UP,IDX_RG_DEFINITION,D2,UNDERSTAND,mcq,Why does an index make a lookup so much faster?,It stores the rows in a smaller format,It runs the search on several threads,It narrows the search instead of reading all,It keeps the rows entirely in memory,C,It narrows the search instead of reading all,A million rows becomes about twenty steps. That is the difference between a scan and a tree descent.,AUTHORED,
GB3_IDX_012,DB_INDEXING,IDX_C02_TRADE,IDX_F12_WHY_WRITES_SLOW,IDX_FAM12_WHY_WRITES_PAY,IDX_RG_TRADE,D2,UNDERSTAND,mcq,Why does a table with six indexes write slowly?,The database checks each one for conflicts,The indexes compete for the same lock,Each write must update all six as well,The row has to be written six times over,C,Each write must update all six as well,One logical insert is seven physical writes. Indexes are read speed bought with write speed.,AUTHORED,
GB3_IDX_013,DB_INDEXING,IDX_C04_COMPOSITE,IDX_F13_WHY_ORDER_MATTERS,IDX_FAM13_WHY_ORDER_DECIDES,IDX_RG_COMPOSITE,D2,UNDERSTAND,mcq,Why does the column order in a composite index matter?,The database reads it left to right,It can only be entered from the left,Later columns are compressed more,The first column is stored separately,B,It can only be entered from the left,Like a phone book sorted by surname then forename. Knowing only the forename does not help you.,AUTHORED,
GB3_IDX_014,DB_INDEXING,IDX_C07_SELECTIVITY,IDX_F14_WHY_LOW_SELECTIVITY_FAILS,IDX_FAM14_WHY_SOME_INDEXES_ARE_IGNORED,IDX_RG_SELECTIVITY,D2,UNDERSTAND,mcq,Why might the database ignore an index on a true-or-false column?,Boolean columns cannot be indexed usefully,Reading half the rows is cheaper that way,The index would be too large to load,The optimiser cannot read such indexes,B,Reading half the rows is cheaper that way,"Matching half the table, an index means random jumps to every second row. A straight scan beats that.",AUTHORED,
GB3_IDX_015,DB_INDEXING,IDX_C08_COVERING,IDX_F15_WHY_COVERING_WINS,IDX_FAM15_WHY_AVOIDING_THE_TABLE_HELPS,IDX_RG_COVERING,D2,UNDERSTAND,mcq,Why is a covering index faster than an ordinary one?,The index is smaller on the disk,The table itself is never touched,The index is held fully in memory,Fewer columns have to be compared,B,The table itself is never touched,"A normal index finds the row and then fetches it. Covering skips that second, random-access half.",AUTHORED,
GB3_IDX_016,DB_INDEXING,IDX_C11_SORT,IDX_F16_WHY_INDEX_HELPS_ORDER,IDX_FAM16_WHY_SORTING_BENEFITS,IDX_RG_SORT,D2,UNDERSTAND,mcq,Why can an index remove the cost of ORDER BY?,Sorting an index is faster than a table,The index already holds them in that order,The index caches the sorted result set,The index tells the sorter where to start,B,The index already holds them in that order,Read it in order and the sort disappears entirely — which matters enormously on a large result.,AUTHORED,
GB3_IDX_017,DB_INDEXING,IDX_C12_UNUSED,IDX_F17_WHY_UNUSED_HURTS,IDX_FAM17_WHY_SPARE_INDEXES_COST,IDX_RG_UNUSED,D2,UNDERSTAND,mcq,What does an index nobody queries actually cost?,Only the disk space it occupies,Time when the optimiser considers it,"Nothing, since it is never read from","Write time and space, forever, for nothing",D,"Write time and space, forever, for nothing","Which is why ""add one just in case"" is not free, and why unused indexes are worth hunting down.",AUTHORED,
GB3_IDX_018,DB_INDEXING,IDX_C13_FUNCTION,IDX_F18_WHY_FUNCTIONS_BREAK_IT,IDX_FAM18_WHY_WRAPPING_KILLS_IT,IDX_RG_FUNCTION,D2,UNDERSTAND,mcq,Why does WHERE LOWER(email) = ? not use an index on email?,The optimiser skips text comparisons,The index holds the original values,Functions are not allowed in WHERE,The index cannot compare text values,B,The index holds the original values,The index is sorted by the raw column. The database cannot know where the lowercased ones would sit.,AUTHORED,
GB3_IDX_019,DB_INDEXING,IDX_C14_STATS,IDX_F19_WHY_STATS_MATTER,IDX_FAM19_WHY_THE_OPTIMISER_GUESSES,IDX_RG_STATS,D2,UNDERSTAND,mcq,How does the database decide whether to use an index?,It estimates the cost from stored statistics,It follows the order the indexes were made,It tries both ways and keeps the faster,It always uses one when a column matches,A,It estimates the cost from stored statistics,An estimate from sampled statistics. Stale statistics therefore produce confidently wrong plans.,AUTHORED,
GB3_IDX_020,DB_INDEXING,IDX_C15_SIZE,IDX_F20_WHY_SMALL_TABLES_DIFFER,IDX_FAM20_WHY_SIZE_CHANGES_THE_ANSWER,IDX_RG_SIZE,D2,UNDERSTAND,mcq,Why does indexing a two-hundred-row table rarely help?,The optimiser ignores small tables,The index would be larger than the table,Small tables cannot hold an index,Reading all of it is already cheap,D,Reading all of it is already cheap,The whole table is likely one or two pages in memory. There is no scan cost left to remove.,AUTHORED,
GB3_IDX_021,DB_INDEXING,IDX_C04_COMPOSITE,IDX_F21_CHOOSE_THE_ORDER,IDX_FAM21_APPLYING_COLUMN_ORDER,IDX_RG_COMPOSITE,D3,APPLY,mcq,Queries filter on tenant_id always and on status sometimes. What index do you build?,"One on tenant_id first, then status","One on status first, then tenant_id","One on status alone, since it varies",Two separate single-column indexes,A,"One on tenant_id first, then status",The always-present column leads. That one index then serves both the tenant-only and the combined query.,AUTHORED,
GB3_IDX_022,DB_INDEXING,IDX_C13_FUNCTION,IDX_F22_INDEX_THE_EXPRESSION,IDX_FAM22_FIXING_A_WRAPPED_COLUMN,IDX_RG_FUNCTION,D3,APPLY,mcq,Your lookups all use LOWER(email). How do you make them indexed?,"Index the expression, or store it lowercased",Add a second index on the raw column,Sort the table by the email column,Remove the function from the query,A,"Index the expression, or store it lowercased","Index what you actually search by. Either a functional index, or a column holding the normalised form.",AUTHORED,
GB3_IDX_023,DB_INDEXING,IDX_C08_COVERING,IDX_F23_BUILD_A_COVERING,IDX_FAM23_APPLYING_COVERING,IDX_RG_COVERING,D3,APPLY,mcq,A hot query filters on user_id and returns only created_at. How do you make it covering?,Index every column in the table,Index user_id and include created_at,Index user_id and cache the results,Index created_at and user_id equally,B,Index user_id and include created_at,"Filter column first, returned column carried along. The table is then never opened at all.",AUTHORED,
GB3_IDX_024,DB_INDEXING,IDX_C16_JOIN,IDX_F24_INDEX_THE_FOREIGN_KEY,IDX_FAM24_INDEXING_FOR_JOINS,IDX_RG_JOIN,D3,APPLY,mcq,A join between orders and customers is slow. What is usually missing?,A covering index on both tables,An index on the sorted column,A unique constraint on the join,An index on the joining column,D,An index on the joining column,"Foreign keys are not automatically indexed in every database, and an unindexed one scans per row.",AUTHORED,
GB3_IDX_025,DB_INDEXING,IDX_C11_SORT,IDX_F25_INDEX_FOR_PAGINATION,IDX_FAM25_INDEXING_A_FEED,IDX_RG_SORT,D3,APPLY,mcq,A feed filters by author and sorts by date descending. What index serves it?,One on date only,"One on author, then date",One on author only,"One on date, then author",B,"One on author, then date","Equality column first, then the sort column. The rows arrive filtered and already in order.",AUTHORED,
GB3_IDX_026,DB_INDEXING,IDX_C06_PLAN,IDX_F26_CHECK_THE_PLAN,IDX_FAM26_VERIFYING_AN_INDEX,IDX_RG_PLAN,D3,APPLY,mcq,You added an index. How do you confirm it is being used?,Look at the size of the index file,Check the index appears in the schema,Read the query plan for that query,Time the query before and after,C,Read the query plan for that query,"Timing can improve for unrelated reasons, like a warm cache. The plan states what actually happened.",AUTHORED,
GB3_IDX_027,DB_INDEXING,IDX_C17_PARTIAL,IDX_F27_PARTIAL_INDEX,IDX_FAM27_INDEXING_A_SUBSET,IDX_RG_PARTIAL,D3,APPLY,mcq,Only the 2% of orders that are pending are ever queried by status. What fits?,An index covering just those rows,An index on the status column,A separate table for pending orders,An index on status and created date,A,An index covering just those rows,"A partial index. Tiny, cheap to maintain, and it serves the only query that asks the question.",AUTHORED,
GB3_IDX_028,DB_INDEXING,IDX_C12_UNUSED,IDX_F28_FIND_THE_DEAD_ONES,IDX_FAM28_REMOVING_INDEXES,IDX_RG_UNUSED,D3,APPLY,mcq,How do you decide which indexes to drop?,Read the usage counters the database keeps,Drop any index on a small table,Remove all but the primary key,Drop the ones added most recently,A,Read the usage counters the database keeps,Most databases count scans per index. Zero over a full business cycle is the evidence you want.,AUTHORED,
GB3_IDX_029,DB_INDEXING,IDX_C18_CREATION,IDX_F29_BUILD_WITHOUT_LOCKING,IDX_FAM29_ADDING_SAFELY,IDX_RG_CREATION,D3,APPLY,mcq,You must add an index to a large live table. What matters?,Building it without blocking the writes,Building it before the table grows,Building two and dropping the slower,Building it during the busiest period,A,Building it without blocking the writes,A plain CREATE INDEX can lock the table for minutes. Most databases offer a concurrent form for this.,AUTHORED,
GB3_IDX_030,DB_INDEXING,IDX_C19_REDUNDANT,IDX_F30_PREFIX_REDUNDANCY,IDX_FAM30_AVOIDING_DUPLICATES,IDX_RG_REDUNDANT,D3,APPLY,mcq,"You have an index on (a, b) and want one on (a). What should you do?",Nothing — the first one already serves it,Add it and drop the composite index,"Add it, since single columns are faster",Replace the composite with two singles,A,Nothing — the first one already serves it,A composite serves any leftmost prefix of itself. The extra index is pure write cost.,AUTHORED,
GB3_IDX_031,DB_INDEXING,IDX_C13_FUNCTION,IDX_F31_WRAPPED_IN_PRODUCTION,IDX_FAM31_DIAGNOSE_A_WRAPPED_COLUMN,IDX_RG_FUNCTION,D4,ANALYZE,mcq,An index exists on created_at but WHERE DATE(created_at) = ? still scans. Why?,The statistics have not been refreshed,Date columns cannot be indexed usefully,The index was built on the wrong column,The function hides the column from the index,D,The function hides the column from the index,"Compare against a range of raw timestamps instead, and the same index starts working immediately.",AUTHORED,
GB3_IDX_032,DB_INDEXING,IDX_C04_COMPOSITE,IDX_F32_WRONG_LEADING_COLUMN,IDX_FAM32_DIAGNOSE_ORDER,IDX_RG_COMPOSITE,D4,ANALYZE,mcq,"An index on (status, tenant_id) is unused by a query filtering only on tenant_id. Why?",The two columns are of different types,The index was created after the query,tenant_id is not selective enough,The query does not constrain the first column,D,The query does not constrain the first column,There is no way in without the leading column. Reversing the order would serve both queries.,AUTHORED,
GB3_IDX_033,DB_INDEXING,IDX_C14_STATS,IDX_F33_STALE_STATISTICS,IDX_FAM33_DIAGNOSE_A_BAD_PLAN,IDX_RG_STATS,D4,ANALYZE,mcq,A query that was fast for months suddenly picks a scan after a bulk import. What happened?,The import rebuilt the index incorrectly,The index was dropped during the import,The table exceeded its maximum size,The statistics no longer match the data,D,The statistics no longer match the data,The optimiser is costing against a picture of yesterday’s table. Refresh the statistics after bulk loads.,AUTHORED,
GB3_IDX_034,DB_INDEXING,IDX_C02_TRADE,IDX_F34_TOO_MANY_INDEXES,IDX_FAM34_DIAGNOSE_WRITE_SLOWDOWN,IDX_RG_TRADE,D4,ANALYZE,mcq,Inserts into a reporting table have become very slow. What would you check first?,How many indexes the table carries,How many columns the table has,How large each individual row is,How often the table is queried,A,How many indexes the table carries,"Reporting tables collect indexes, one per ad-hoc report, and every one of them taxes every insert.",AUTHORED,
GB3_IDX_035,DB_INDEXING,IDX_C20_TYPE_MISMATCH,IDX_F35_TYPE_COERCION,IDX_FAM35_DIAGNOSE_A_TYPE_PROBLEM,IDX_RG_TYPE,D4,ANALYZE,mcq,An indexed integer column is queried with a string value and the index is skipped. Why?,The query is rejected and retried as a scan,The database must convert before comparing,The index stores integers in another form,String comparisons cannot use an index,B,The database must convert before comparing,"The conversion is applied to the column, which is the same failure as wrapping it in a function.",AUTHORED,
GB3_IDX_036,DB_INDEXING,IDX_C21_LEADING_WILDCARD,IDX_F36_LIKE_PREFIX,IDX_FAM36_DIAGNOSE_A_TEXT_SEARCH,IDX_RG_WILDCARD,D4,ANALYZE,mcq,LIKE 'smith%' uses the index but LIKE '%smith' does not. Why the difference?,The index stores text in reverse order,The second form matches too many rows,Only a known beginning locates a position,Trailing wildcards are more expensive,C,Only a known beginning locates a position,An index is sorted from the left. Not knowing the start is like searching a dictionary by last letter.,AUTHORED,
GB3_IDX_037,DB_INDEXING,IDX_C22_OR,IDX_F37_OR_CONDITIONS,IDX_FAM37_DIAGNOSE_OR,IDX_RG_OR,D4,ANALYZE,mcq,A query with WHERE a = ? OR b = ? ignores both single-column indexes. Why might that be?,The indexes conflict with each other,The optimiser only reads one index,Combining two index scans can cost more,OR conditions are never indexable,C,Combining two index scans can cost more,It must scan both and merge the results. Sometimes rewriting as a union of two queries is faster.,AUTHORED,
GB3_IDX_038,DB_INDEXING,IDX_C07_SELECTIVITY,IDX_F38_INDEX_ON_A_FLAG,IDX_FAM38_DIAGNOSE_A_USELESS_INDEX,IDX_RG_SELECTIVITY,D4,ANALYZE,mcq,"An index on is_active, where 95% of rows are active, is never used. Why?",Boolean values are stored without an index,The optimiser cannot estimate its cost,"Matching almost everything, a scan is cheaper",The column changes too often to index,C,"Matching almost everything, a scan is cheaper","Worth noting the mirror image: an index on the rare 5% would be used, which is what partial indexes are for.",AUTHORED,
GB3_IDX_039,DB_INDEXING,IDX_C23_BLOAT,IDX_F39_FRAGMENTATION,IDX_FAM39_DIAGNOSE_DEGRADATION,IDX_RG_BLOAT,D4,ANALYZE,mcq,An index on a heavily updated table has grown far larger than its data. What is happening?,The index is storing duplicate values,The index was built with wrong options,The column values have grown longer,Deleted entries are still occupying space,D,Deleted entries are still occupying space,"Bloat. Churn leaves dead entries behind, and a periodic rebuild is what reclaims the space.",AUTHORED,
GB3_IDX_040,DB_INDEXING,IDX_C24_N_PLUS_ONE,IDX_F40_INDEX_HID_A_PROBLEM,IDX_FAM40_DIAGNOSE_A_MASKED_ISSUE,IDX_RG_N_PLUS_ONE,D4,ANALYZE,mcq,"Each query is fast and indexed, yet the page takes four seconds. What should you suspect?",The rows returned are too large to send,The database connection is the bottleneck,The indexes are not actually being used,The page is issuing far too many queries,D,The page is issuing far too many queries,A thousand fast queries is slow. Indexing cannot fix a problem whose cause is the number of round trips.,AUTHORED,
GB3_IDX_041,DB_INDEXING,IDX_C25_STRATEGY,IDX_F41_WHEN_TO_ADD,IDX_FAM41_JUDGING_WHEN_TO_INDEX,IDX_RG_STRATEGY,D5,EVALUATE,mcq,When should you add an index?,When the schema is first designed,When a column appears in any WHERE,When the table passes a certain size,When a real query is measurably slow,D,When a real query is measurably slow,"Indexes are answers to measured questions. Added speculatively, most of them are permanent write tax.",AUTHORED,
GB3_IDX_042,DB_INDEXING,IDX_C26_WORKLOAD,IDX_F42_READ_OR_WRITE_HEAVY,IDX_FAM42_JUDGING_BY_WORKLOAD,IDX_RG_WORKLOAD,D5,EVALUATE,mcq,What most changes how aggressively you should index?,The total size of the database,The number of tables involved,The database product being used,The ratio of reads to writes,D,The ratio of reads to writes,"A reporting store can carry many; an event ingest table can barely afford one. Same rules, opposite answers.",AUTHORED,
GB3_IDX_043,DB_INDEXING,IDX_C25_STRATEGY,IDX_F43_NOT_THE_ANSWER,IDX_FAM43_JUDGING_THE_WRONG_FIX,IDX_RG_STRATEGY,D5,EVALUATE,mcq,When is adding an index the wrong response to a slow query?,When the table is updated several times a day,When the query already has one index on it,When the query asks for far more than it needs,When the database is under heavy load,C,When the query asks for far more than it needs,Indexing a query that pulls a million rows to count them speeds up the wrong thing. Fix the question.,AUTHORED,
GB3_IDX_044,DB_INDEXING,IDX_C27_DESIGN,IDX_F44_INDEX_PER_QUERY,IDX_FAM44_JUDGING_COVERAGE,IDX_RG_DESIGN,D5,EVALUATE,mcq,Should every slow query get its own tailored index?,"No, only the slowest should get one",No — one index often serves several,"Yes, tailored indexes are always fastest","Yes, provided the table is read-heavy",B,No — one index often serves several,Composite indexes serve every leftmost prefix. Designing across the query set beats one per query.,AUTHORED,
GB3_IDX_045,DB_INDEXING,IDX_C28_MEASURE,IDX_F45_MEASURE_REALISTICALLY,IDX_FAM45_JUDGING_EVIDENCE,IDX_RG_MEASURE,D5,EVALUATE,mcq,Why can an index that helped on your laptop fail to help in production?,The data volume and distribution differ,The query is written differently there,Production uses a different database,Production has more indexes competing,A,The data volume and distribution differ,"A thousand rows fits in memory, so everything is fast. Plans are chosen against the data that is there.",AUTHORED,
GB3_IDX_046,DB_INDEXING,IDX_C29_MAINTENANCE,IDX_F46_REVIEWING_THEM,IDX_FAM46_JUDGING_UPKEEP,IDX_RG_MAINTENANCE,D5,EVALUATE,mcq,Why review a table’s indexes periodically?,The table grows beyond their capacity,Indexes degrade in accuracy over time,The queries they were built for may be gone,New database versions change the rules,C,The queries they were built for may be gone,"Features get removed and their indexes stay. Nobody dares drop one, so the write tax compounds for years.",AUTHORED,
GB3_IDX_047,DB_INDEXING,IDX_C30_ALTERNATIVES,IDX_F47_OTHER_TOOLS,IDX_FAM47_JUDGING_ALTERNATIVES,IDX_RG_ALTERNATIVES,D5,EVALUATE,mcq,Full-text search over a large corpus is slow. Is an index the answer?,"No, text cannot be searched efficiently","Yes, an index on the text column works","Yes, provided the column is not too long",Not an ordinary one — that needs a different kind,D,Not an ordinary one — that needs a different kind,"A B-tree cannot answer ""contains this word"". Full-text and search engines index differently on purpose.",AUTHORED,
GB3_IDX_048,DB_INDEXING,IDX_C26_WORKLOAD,IDX_F48_COST_OF_BEING_WRONG,IDX_FAM48_JUDGING_RISK,IDX_RG_WORKLOAD,D5,EVALUATE,mcq,What makes an index a relatively safe change to try?,It cannot affect the query results,It is invisible to the application code,It can be dropped again without data loss,It only takes effect on the next query,C,It can be dropped again without data loss,"Reversible and non-semantic, which is why measuring beats theorising — on a copy of real data.",AUTHORED,
GB3_IDX_049,DB_INDEXING,IDX_C28_MEASURE,IDX_F49_WHAT_TO_MEASURE,IDX_FAM49_JUDGING_SUCCESS,IDX_RG_MEASURE,D5,EVALUATE,mcq,"After adding an index, what should you check besides the query time?",Whether other queries return the same,Whether the plan mentions the index,Whether the index file is large,Whether write throughput has suffered,D,Whether write throughput has suffered,The read win is the visible half. The write cost is the half that shows up as an incident a month later.,AUTHORED,
GB3_IDX_050,DB_INDEXING,IDX_C01_DEFINITION,IDX_F50_THE_ONE_IDEA,IDX_FAM50_JUDGING_THE_WHOLE,IDX_RG_DEFINITION,D5,EVALUATE,mcq,"What is an index, in one sentence a colleague would remember?",A structure the optimiser may choose to use,A bet that reads will outnumber writes,A copy of a column kept in sorted order,A way of making all queries run faster,B,A bet that reads will outnumber writes,Every index is that bet. Stating it that way makes the cost visible at the moment you are adding one.,AUTHORED,
GB3_QOP_001,QUERY_OPTIMIZATION,QOP_C01_PLAN,QOP_F01_WHAT_A_PLAN_IS,QOP_FAM01_THE_QUERY_PLAN,QOP_RG_PLAN,D1,REMEMBER,mcq,What is a query plan?,The list of indexes the query may use,The steps the database will take to answer,The time the query is expected to take,The order the tables were joined in,B,The steps the database will take to answer,SQL says what you want; the plan is how the database decided to get it. Optimising means changing the plan.,AUTHORED,
GB3_QOP_002,QUERY_OPTIMIZATION,QOP_C02_OPTIMISER,QOP_F02_WHAT_IT_DOES,QOP_FAM02_THE_OPTIMISER,QOP_RG_OPTIMISER,D1,REMEMBER,mcq,What does the query optimiser do?,Decides which indexes should exist,Runs the query several ways at once,Rewrites the SQL into a faster form,Chooses the cheapest plan it can estimate,D,Chooses the cheapest plan it can estimate,"Estimates, from statistics. It is choosing, not calculating, which is why it can be confidently wrong.",AUTHORED,
GB3_QOP_003,QUERY_OPTIMIZATION,QOP_C03_ROWS,QOP_F03_ROWS_EXAMINED,QOP_FAM03_ROWS_TOUCHED,QOP_RG_ROWS,D1,REMEMBER,mcq,What usually determines how long a query takes?,How many lines of SQL it contains,How many columns it returns,How many rows it has to touch,How many tables it mentions,C,How many rows it has to touch,"Rows examined, not rows returned. A query returning ten rows after reading a million is a slow query.",AUTHORED,
GB3_QOP_004,QUERY_OPTIMIZATION,QOP_C04_NPLUSONE,QOP_F04_WHAT_N_PLUS_ONE_IS,QOP_FAM04_N_PLUS_ONE,QOP_RG_NPLUSONE,D1,REMEMBER,mcq,What is the N+1 query problem?,One query returning one row too many,One query repeated by several callers,"One query for a list, then one per item",One query joining one table too many,C,"One query for a list, then one per item","Fifty orders becomes fifty-one queries. Each is fast and the page is slow, which is why it hides so well.",AUTHORED,
GB3_QOP_005,QUERY_OPTIMIZATION,QOP_C05_SELECT_STAR,QOP_F05_SELECT_STAR,QOP_FAM05_ASKING_FOR_LESS,QOP_RG_SELECT,D1,REMEMBER,mcq,What is the problem with SELECT *?,It prevents the query from being cached,It stops the optimiser choosing a plan,It fetches columns nobody is going to use,It returns the columns in a random order,C,It fetches columns nobody is going to use,"Wasted transfer, and it defeats covering indexes — the index can no longer hold everything asked for.",AUTHORED,
GB3_QOP_006,QUERY_OPTIMIZATION,QOP_C06_JOIN,QOP_F06_WHAT_A_JOIN_COSTS,QOP_FAM06_JOIN_COST,QOP_RG_JOIN,D1,REMEMBER,mcq,What makes a join expensive?,The order the tables were written in,The number of columns being returned,The number of row pairs it must consider,The number of tables in the statement,C,The number of row pairs it must consider,"Pairs, not tables. A join of two big tables with no usable index considers the product of both.",AUTHORED,
GB3_QOP_007,QUERY_OPTIMIZATION,QOP_C07_LIMIT,QOP_F07_LIMIT_MEANING,QOP_FAM07_LIMITING_RESULTS,QOP_RG_LIMIT,D1,REMEMBER,mcq,Does adding LIMIT 10 always make a query fast?,No — it may still sort everything first,"No, LIMIT is applied by the client","Yes, it stops after the first ten rows","Yes, provided the table has an index",A,No — it may still sort everything first,"With an ORDER BY it cannot know the top ten until it has ordered them, unless an index supplies the order.",AUTHORED,
GB3_QOP_008,QUERY_OPTIMIZATION,QOP_C08_MEASURE,QOP_F08_MEASURE_FIRST,QOP_FAM08_MEASURING,QOP_RG_MEASURE,D1,REMEMBER,mcq,What should you do before optimising a query?,Reduce the number of rows returned,Rewrite it in a simpler form first,Add indexes to the filtered columns,Measure where the time is actually going,D,Measure where the time is actually going,"Otherwise you are optimising the part that looked slow, which is a different thing from the part that is.",AUTHORED,
GB3_QOP_009,QUERY_OPTIMIZATION,QOP_C09_AGGREGATE,QOP_F09_AGGREGATION_COST,QOP_FAM09_AGGREGATES,QOP_RG_AGGREGATE,D1,REMEMBER,mcq,Why is COUNT(*) on a huge table often slow?,It returns before the count is final,It cannot make use of any index,It may have to visit every row to count,It locks the table while it is counting,C,It may have to visit every row to count,"Some databases keep a running count and some do not. Where they do not, an exact count is a full pass.",AUTHORED,
GB3_QOP_010,QUERY_OPTIMIZATION,QOP_C10_SLOW_LOG,QOP_F10_WHERE_TO_LOOK,QOP_FAM10_FINDING_SLOW_QUERIES,QOP_RG_SLOW_LOG,D1,REMEMBER,mcq,How do you find which queries are worth optimising?,By checking which tables are largest,From a log of the slowest and most frequent,By reading the code for complex queries,By testing each endpoint by hand,B,From a log of the slowest and most frequent,"Total time, not worst time. A 50ms query run ten thousand times outweighs a 2-second one run twice.",AUTHORED,
GB3_QOP_011,QUERY_OPTIMIZATION,QOP_C04_NPLUSONE,QOP_F11_WHY_N_PLUS_ONE_HIDES,QOP_FAM11_WHY_IT_IS_INVISIBLE,QOP_RG_NPLUSONE,D2,UNDERSTAND,mcq,Why does an N+1 problem not show up in the slow query log?,Every individual query is fast enough,The queries are issued asynchronously,The log only records failed queries,The queries are cached after the first,A,Every individual query is fast enough,Two hundred queries at 3ms is 600ms and not one entry in a log thresholded at 100ms.,AUTHORED,
GB3_QOP_012,QUERY_OPTIMIZATION,QOP_C11_ROUNDTRIP,QOP_F12_WHY_ROUND_TRIPS_COST,QOP_FAM12_WHY_NETWORK_MATTERS,QOP_RG_ROUNDTRIP,D2,UNDERSTAND,mcq,Why is one query returning 100 rows better than 100 queries returning one?,Fewer rows are read from the disk,The database can compress the rows,The fixed cost per call is paid once,The optimiser plans it more cleverly,C,The fixed cost per call is paid once,"Parse, plan, network, result handling — all paid a hundred times for the same rows.",AUTHORED,
GB3_QOP_013,QUERY_OPTIMIZATION,QOP_C03_ROWS,QOP_F13_WHY_EXAMINED_NOT_RETURNED,QOP_FAM13_WHY_EXAMINED_MATTERS,QOP_RG_ROWS,D2,UNDERSTAND,mcq,Why compare rows examined against rows returned?,The difference is the network cost,A wide gap means work is being wasted,The ratio determines the memory used,Returned rows are counted differently,B,A wide gap means work is being wasted,Examining a million to return ten says the filtering happened too late. That ratio is the first thing to read.,AUTHORED,
GB3_QOP_014,QUERY_OPTIMIZATION,QOP_C06_JOIN,QOP_F14_WHY_ORDER_IS_CHOSEN,QOP_FAM14_WHY_JOIN_ORDER_MATTERS,QOP_RG_JOIN,D2,UNDERSTAND,mcq,Why does the database reorder joins rather than following your SQL?,The written order is often invalid,Filtering early leaves far less to join,It reduces the memory each join needs,It parallelises them more easily,B,Filtering early leaves far less to join,"Join a thousand rows to a million, or filter to ten first and join those. Same answer, wildly different cost.",AUTHORED,
GB3_QOP_015,QUERY_OPTIMIZATION,QOP_C12_SORT_COST,QOP_F15_WHY_SORTS_ARE_COSTLY,QOP_FAM15_WHY_SORTING_HURTS,QOP_RG_SORT,D2,UNDERSTAND,mcq,Why is a large sort particularly expensive?,It has to compare every pair of rows,It may not fit in memory and spill to disk,It requires an exclusive lock to run,It cannot start until all rows are read,B,It may not fit in memory and spill to disk,"An in-memory sort is fast; a sort that spills is an order of magnitude worse, and the plan will say which.",AUTHORED,
GB3_QOP_016,QUERY_OPTIMIZATION,QOP_C13_OFFSET,QOP_F16_WHY_DEEP_OFFSET_IS_SLOW,QOP_FAM16_WHY_PAGINATION_DEGRADES,QOP_RG_OFFSET,D2,UNDERSTAND,mcq,Why does OFFSET 100000 LIMIT 20 get slower the deeper you page?,The result set is cached and grows,The database re-sorts on every page,The index has to be rebuilt each time,The skipped rows are still produced first,D,The skipped rows are still produced first,OFFSET discards; it does not skip. Page five thousand produces a hundred thousand rows and throws them away.,AUTHORED,
GB3_QOP_017,QUERY_OPTIMIZATION,QOP_C02_OPTIMISER,QOP_F17_WHY_ESTIMATES_FAIL,QOP_FAM17_WHY_PLANS_GO_WRONG,QOP_RG_OPTIMISER,D2,UNDERSTAND,mcq,Why does the optimiser sometimes choose a terrible plan?,It picks a plan at random when unsure,"It optimises for memory, not for speed",Its estimate of the row counts was wrong,It cannot see the indexes that exist,C,Its estimate of the row counts was wrong,"Expecting ten rows and getting a million, it chose a strategy that is correct for ten and hopeless for a million.",AUTHORED,
GB3_QOP_018,QUERY_OPTIMIZATION,QOP_C14_SUBQUERY,QOP_F18_WHY_CORRELATED_IS_SLOW,QOP_FAM18_WHY_SUBQUERIES_REPEAT,QOP_RG_SUBQUERY,D2,UNDERSTAND,mcq,Why can a correlated subquery be slow?,It returns more rows than the outer query,It has to be parsed on each execution,It may be evaluated once for every row,It cannot make use of any index,C,It may be evaluated once for every row,It is an N+1 written in one statement. Often a join or a grouped subquery does the same work once.,AUTHORED,
GB3_QOP_019,QUERY_OPTIMIZATION,QOP_C15_LOCK,QOP_F19_WHY_WAITING_LOOKS_SLOW,QOP_FAM19_WHY_CONTENTION_MATTERS,QOP_RG_LOCK,D2,UNDERSTAND,mcq,A query is fast alone and slow under load. What does that suggest?,It is waiting on locks or shared resources,Its indexes are not used concurrently,Its result set grows under real traffic,Its plan changes when the load rises,A,It is waiting on locks or shared resources,"Time spent waiting is not time spent working, and no amount of query tuning removes a contention problem.",AUTHORED,
GB3_QOP_020,QUERY_OPTIMIZATION,QOP_C16_DENORMAL,QOP_F20_WHY_PRECOMPUTE,QOP_FAM20_WHY_STORING_RESULTS_HELPS,QOP_RG_DENORMAL,D2,UNDERSTAND,mcq,Why does storing a computed total sometimes beat calculating it?,It reduces the size of the table,The cost moves to the rarer operation,Stored values are always more accurate,Calculations cannot use an index,B,The cost moves to the rarer operation,"Read a thousand times and written twice, you compute at write time. The price is keeping it true.",AUTHORED,
GB3_QOP_021,QUERY_OPTIMIZATION,QOP_C04_NPLUSONE,QOP_F21_FIX_N_PLUS_ONE,QOP_FAM21_FIXING_N_PLUS_ONE,QOP_RG_NPLUSONE,D3,APPLY,mcq,A page loads 50 orders then queries each customer separately. What is the fix?,Load the orders in smaller batches,Fetch all the customers in one query,Cache each customer after fetching,Add an index on the customer id,B,Fetch all the customers in one query,"A join, or one IN query for the fifty ids. The index makes each of the fifty faster; it stays fifty.",AUTHORED,
GB3_QOP_022,QUERY_OPTIMIZATION,QOP_C13_OFFSET,QOP_F22_FIX_DEEP_PAGING,QOP_FAM22_FIXING_PAGINATION,QOP_RG_OFFSET,D3,APPLY,mcq,Deep pages of a large list time out. What do you change?,Increase the page size to reduce the pages,"Page from the last value seen, not an offset",Add an index on the sorted column,Cache each page after it is generated,B,"Page from the last value seen, not an offset",Keyset pagination: WHERE id > last ORDER BY id LIMIT 20. Every page then costs the same as the first.,AUTHORED,
GB3_QOP_023,QUERY_OPTIMIZATION,QOP_C05_SELECT_STAR,QOP_F23_NARROW_THE_SELECT,QOP_FAM23_REDUCING_COLUMNS,QOP_RG_SELECT,D3,APPLY,mcq,A list view selects every column including a large text body. What is the cheap fix?,Select only the columns the list shows,Add an index on the text column,Compress the text before storing it,Move the text into another table,A,Select only the columns the list shows,"Usually a large win for one line of change, and it may make a covering index possible as well.",AUTHORED,
GB3_QOP_024,QUERY_OPTIMIZATION,QOP_C09_AGGREGATE,QOP_F24_APPROXIMATE_COUNT,QOP_FAM24_COUNTING_CHEAPLY,QOP_RG_AGGREGATE,D3,APPLY,mcq,"A page shows ""about 2 million results"" and the count is slow. What is reasonable?",Count only the first thousand rows,Cache the exact count for an hour,Remove the count from the page,"Use an estimate, since it says about",D,"Use an estimate, since it says about",The requirement was never exactness. Reading the requirement is a legitimate optimisation technique.,AUTHORED,
GB3_QOP_025,QUERY_OPTIMIZATION,QOP_C14_SUBQUERY,QOP_F25_REWRITE_AS_JOIN,QOP_FAM25_REWRITING_SUBQUERIES,QOP_RG_SUBQUERY,D3,APPLY,mcq,A subquery runs once per outer row. How do you usually fix it?,Compute it once for all rows and join,Move the subquery into the SELECT list,Limit the number of outer rows,Add an index inside the subquery,A,Compute it once for all rows and join,"One grouped pass over the inner table, joined to the outer. The same work, done once instead of N times.",AUTHORED,
GB3_QOP_026,QUERY_OPTIMIZATION,QOP_C01_PLAN,QOP_F26_READ_THE_PLAN,QOP_FAM26_USING_THE_PLAN,QOP_RG_PLAN,D3,APPLY,mcq,What do you look for first when reading a query plan?,The step that appears at the very top,The step where the row count explodes,Whether any index is being used,The total cost the plan estimates,B,The step where the row count explodes,Follow the rows. The step where they jump from thousands to millions is where the query went wrong.,AUTHORED,
GB3_QOP_027,QUERY_OPTIMIZATION,QOP_C17_FILTER_EARLY,QOP_F27_FILTER_BEFORE_JOIN,QOP_FAM27_REDUCING_EARLY,QOP_RG_FILTER,D3,APPLY,mcq,A query joins two large tables and then filters to one month. What often helps?,Joining on more columns than before,Splitting the query into two statements,Sorting both tables by the date first,Applying the date filter before the join,D,Applying the date filter before the join,"The optimiser usually does this itself; when its estimates are off, saying so explicitly is the fix.",AUTHORED,
GB3_QOP_028,QUERY_OPTIMIZATION,QOP_C18_BATCH,QOP_F28_BATCH_WRITES,QOP_FAM28_BATCHING,QOP_RG_BATCH,D3,APPLY,mcq,A job inserts ten thousand rows one statement at a time. What do you change?,Disable the constraints while loading,Run the inserts on several threads,Insert them in batches per statement,Add an index to speed the inserts,C,Insert them in batches per statement,Ten thousand round trips and transactions becomes a few dozen. Usually an order of magnitude.,AUTHORED,
GB3_QOP_029,QUERY_OPTIMIZATION,QOP_C16_DENORMAL,QOP_F29_MATERIALISE,QOP_FAM29_PRECOMPUTING,QOP_RG_DENORMAL,D3,APPLY,mcq,A dashboard aggregates millions of rows and is viewed constantly. What fits?,Add indexes to the aggregated columns,Compute it periodically and read the result,Rewrite the aggregate as several queries,Increase the memory available for sorts,B,Compute it periodically and read the result,"A summary table or materialised view. The question becomes how stale the dashboard may be, which is a product call.",AUTHORED,
GB3_QOP_030,QUERY_OPTIMIZATION,QOP_C08_MEASURE,QOP_F30_VERIFY_THE_FIX,QOP_FAM30_CONFIRMING_A_FIX,QOP_RG_MEASURE,D3,APPLY,mcq,You rewrote a query and it is faster on the second run. What should you check?,Whether the results are still correct,Whether the first run warmed the cache,Whether the plan mentions an index,Whether the rewrite is more readable,B,Whether the first run warmed the cache,"Both matter, but cache warming is the trap: it makes almost any second run look like a successful optimisation.",AUTHORED,
GB3_QOP_031,QUERY_OPTIMIZATION,QOP_C04_NPLUSONE,QOP_F31_ORM_LAZY_LOADING,QOP_FAM31_DIAGNOSE_AN_ORM,QOP_RG_NPLUSONE,D4,ANALYZE,mcq,A page got slower after someone added one field to a template. What likely happened?,The extra column made the query wider,That field loads a relation for every row,The page cache was invalidated by it,The template now renders more slowly,B,That field loads a relation for every row,"Lazy loading. One innocuous field in a loop turns one query into one per row, with nothing in the code to show it.",AUTHORED,
GB3_QOP_032,QUERY_OPTIMIZATION,QOP_C02_OPTIMISER,QOP_F32_PLAN_FLIPPED,QOP_FAM32_DIAGNOSE_A_PLAN_CHANGE,QOP_RG_OPTIMISER,D4,ANALYZE,mcq,An unchanged query became slow overnight with no deployment. What is the likely cause?,The database version was upgraded,The query was cached and then evicted,Another query is now blocking it,The data changed and the plan changed with it,D,The data changed and the plan changed with it,Plans are chosen against the data of the moment. Crossing an estimate threshold flips the strategy.,AUTHORED,
GB3_QOP_033,QUERY_OPTIMIZATION,QOP_C12_SORT_COST,QOP_F33_SPILLED_SORT,QOP_FAM33_DIAGNOSE_A_SPILL,QOP_RG_SORT,D4,ANALYZE,mcq,A report is fine for small date ranges and collapses on large ones. What should you suspect?,The sort or grouping no longer fits in memory,The index stops being used past a size,The network cannot carry the result,The query times out before completing,A,The sort or grouping no longer fits in memory,A cliff rather than a curve is the signature of spilling to disk. The plan will name the temporary file.,AUTHORED,
GB3_QOP_034,QUERY_OPTIMIZATION,QOP_C03_ROWS,QOP_F34_HUGE_INTERMEDIATE,QOP_FAM34_DIAGNOSE_ROW_EXPLOSION,QOP_RG_ROWS,D4,ANALYZE,mcq,A query returns 40 rows but the plan shows 12 million examined. What does that point to?,A join or filter happening far too late,A table that has grown too large,A result set being sorted twice over,An index that needs to be rebuilt,A,A join or filter happening far too late,The work is being done and thrown away. Find the step that produces the twelve million and constrain it.,AUTHORED,
GB3_QOP_035,QUERY_OPTIMIZATION,QOP_C19_CARTESIAN,QOP_F35_MISSING_JOIN_CONDITION,QOP_FAM35_DIAGNOSE_A_CROSS_JOIN,QOP_RG_CARTESIAN,D4,ANALYZE,mcq,A three-table query returns far more rows than any table holds. What is wrong?,The query is missing a DISTINCT clause,A join condition is missing between two,The tables contain duplicate records,The joins were written in a bad order,B,A join condition is missing between two,An accidental cross join multiplies the tables together. DISTINCT hides the symptom and keeps the cost.,AUTHORED,
GB3_QOP_036,QUERY_OPTIMIZATION,QOP_C15_LOCK,QOP_F36_LONG_TRANSACTION,QOP_FAM36_DIAGNOSE_BLOCKING,QOP_RG_LOCK,D4,ANALYZE,mcq,Many quick queries all stall at the same moment each night. What would you look for?,A plan change at that hour,A spike in the number of users,A backup saturating the disk,A long transaction holding a lock,D,A long transaction holding a lock,"Both the first two are worth checking, but simultaneous stalling of unrelated queries is the signature of a lock.",AUTHORED,
GB3_QOP_037,QUERY_OPTIMIZATION,QOP_C20_PARAMETER,QOP_F37_PARAMETER_SNIFFING,QOP_FAM37_DIAGNOSE_PARAMETER_EFFECTS,QOP_RG_PARAMETER,D4,ANALYZE,mcq,The same prepared query is fast for one customer and slow for another. Why might that be?,One plan was cached for a very different input,The query is being parsed again each time,The second customer has no index coverage,The customers are on different servers,A,One plan was cached for a very different input,"A plan chosen for a customer with ten rows is reused for one with two million, and it is wrong for them.",AUTHORED,
GB3_QOP_038,QUERY_OPTIMIZATION,QOP_C11_ROUNDTRIP,QOP_F38_CHATTY_SERVICE,QOP_FAM38_DIAGNOSE_LATENCY_SUM,QOP_RG_ROUNDTRIP,D4,ANALYZE,mcq,Queries total 80ms of database time but the request takes 900ms. Where is the rest?,In the database connection setup,In parsing the query statements,In the waiting between the calls,In serialising the result rows,C,In the waiting between the calls,Database time excludes the round trips around it. Count the queries before optimising any of them.,AUTHORED,
GB3_QOP_039,QUERY_OPTIMIZATION,QOP_C21_FALSE_FIX,QOP_F39_INDEX_DID_NOT_HELP,QOP_FAM39_DIAGNOSE_A_FAILED_FIX,QOP_RG_FALSE_FIX,D4,ANALYZE,mcq,Adding an index made no difference to a slow query. What is the first thing to establish?,Whether the slowness was ever about finding rows,Whether the index was created successfully,Whether the table statistics were refreshed,Whether the index is on the right column,A,Whether the slowness was ever about finding rows,"All four are worth checking; the first is the one people skip. Sorting, locking and round trips ignore indexes.",AUTHORED,
GB3_QOP_040,QUERY_OPTIMIZATION,QOP_C22_IN_CLAUSE,QOP_F40_HUGE_IN_LIST,QOP_FAM40_DIAGNOSE_A_LARGE_IN,QOP_RG_IN_CLAUSE,D4,ANALYZE,mcq,An IN clause with fifty thousand ids performs badly. What has gone wrong upstream?,The ids were not sorted before being sent,The statement exceeded the parser limit,Work that belongs in the database was done outside,The IN clause cannot use an index at all,C,Work that belongs in the database was done outside,Those ids came from another query. Keeping the join inside the database avoids shipping them out and back.,AUTHORED,
GB3_QOP_041,QUERY_OPTIMIZATION,QOP_C23_WHEN,QOP_F41_WHEN_TO_OPTIMISE,QOP_FAM41_JUDGING_WHEN,QOP_RG_WHEN,D5,EVALUATE,mcq,Which query is most worth your time?,The most complex one in the codebase,A 40ms one called on every request,A 3-second one run twice a day,The one over the largest table,B,A 40ms one called on every request,Total time is frequency times duration. The dramatic slow query is often not where the hours are going.,AUTHORED,
GB3_QOP_042,QUERY_OPTIMIZATION,QOP_C24_READABILITY,QOP_F42_CLEVER_SQL,QOP_FAM42_JUDGING_A_REWRITE,QOP_RG_READABILITY,D5,EVALUATE,mcq,A rewrite is 5% faster and nobody on the team can read it. Is it worth it?,No — 5% does not buy that maintenance cost,"No, unless the query is on a hot path","Yes, provided it is thoroughly commented","Yes, any measured gain is worth keeping",A,No — 5% does not buy that maintenance cost,Optimisation has the same economics as everything else. Order-of-magnitude wins justify ugliness; 5% does not.,AUTHORED,
GB3_QOP_043,QUERY_OPTIMIZATION,QOP_C25_ARCHITECTURE,QOP_F43_NOT_A_QUERY_PROBLEM,QOP_FAM43_JUDGING_THE_REAL_CAUSE,QOP_RG_ARCHITECTURE,D5,EVALUATE,mcq,Every query is tuned and the system is still slow. What should you question?,Whether the data is being asked for at all well,Whether the database needs more memory,Whether the queries should be cached,Whether the indexes need rebuilding,A,Whether the data is being asked for at all well,"At some point the answer stops being the query and becomes the access pattern, the schema or the design.",AUTHORED,
GB3_QOP_044,QUERY_OPTIMIZATION,QOP_C16_DENORMAL,QOP_F44_COST_OF_DUPLICATION,QOP_FAM44_JUDGING_DENORMALISATION,QOP_RG_DENORMAL,D5,EVALUATE,mcq,What do you accept when you store a precomputed total?,A slower write path on every table,A dependency on a scheduled job,A second thing that can disagree with the first,A permanently larger database file on disk,C,A second thing that can disagree with the first,"Two sources of truth, and the derived one drifting silently. Worth it sometimes, never free.",AUTHORED,
GB3_QOP_045,QUERY_OPTIMIZATION,QOP_C26_TESTING,QOP_F45_TEST_WITH_REAL_DATA,QOP_FAM45_JUDGING_THE_TEST_BED,QOP_RG_TESTING,D5,EVALUATE,mcq,Why must performance work be done against realistic data?,Plans depend on the volume and the spread,Test databases lack the right indexes,Production hardware is always faster,Small datasets are held entirely in memory,A,Plans depend on the volume and the spread,Both the first two are true and the first is the deeper one: the optimiser makes different choices entirely.,AUTHORED,
GB3_QOP_046,QUERY_OPTIMIZATION,QOP_C27_HINTS,QOP_F46_FORCING_A_PLAN,QOP_FAM46_JUDGING_HINTS,QOP_RG_HINTS,D5,EVALUATE,mcq,When is forcing the optimiser to use a particular index defensible?,Whenever the estimates are inaccurate,Whenever you know a better plan exists,"As a last resort, with a note saying why",On any query that appears on a hot path,C,"As a last resort, with a note saying why","A hint freezes today’s answer into code. When the data changes, it is the thing preventing the right plan.",AUTHORED,
GB3_QOP_047,QUERY_OPTIMIZATION,QOP_C28_CACHE,QOP_F47_CACHE_OR_TUNE,QOP_FAM47_JUDGING_CACHING,QOP_RG_CACHE,D5,EVALUATE,mcq,Should you cache a slow query rather than fix it?,"Yes, provided the data changes rarely","No, caching hides problems permanently","Yes, caching is always the cheaper fix",Only once you know why it is slow,D,Only once you know why it is slow,Caching an unnecessarily slow query makes the first caller wait and everyone depend on the cache staying warm.,AUTHORED,
GB3_QOP_048,QUERY_OPTIMIZATION,QOP_C29_MONITORING,QOP_F48_KEEP_WATCHING,QOP_FAM48_JUDGING_DURABILITY,QOP_RG_MONITORING,D5,EVALUATE,mcq,Why does an optimised query need watching afterwards?,Its results may become incorrect,Its index may be dropped by someone,Its plan can change as the data grows,Its cache will eventually be evicted,C,Its plan can change as the data grows,"Query performance is not a state you reach. It is a property of the current data, and the data keeps moving.",AUTHORED,
GB3_QOP_049,QUERY_OPTIMIZATION,QOP_C23_WHEN,QOP_F49_GOOD_ENOUGH,QOP_FAM49_JUDGING_WHEN_TO_STOP,QOP_RG_WHEN,D5,EVALUATE,mcq,When should you stop optimising a query?,When it is faster than the other queries,When the plan uses every available index,When no further improvement is possible,When it no longer affects the experience,D,When it no longer affects the experience,Going from 40ms to 20ms on a page that takes a second is real work with no visible result.,AUTHORED,
GB3_QOP_050,QUERY_OPTIMIZATION,QOP_C08_MEASURE,QOP_F50_THE_HABIT,QOP_FAM50_JUDGING_THE_WHOLE,QOP_RG_MEASURE,D5,EVALUATE,mcq,What separates someone good at this from someone guessing?,They understand the database internals,They know more optimisation techniques,They write simpler SQL to begin with,They find the cost before changing anything,D,They find the cost before changing anything,Everything in this file is downstream of that. The techniques are common knowledge; the discipline is not.,AUTHORED,
GB3_CCH_001,CACHING,CCH_C01_DEFINITION,CCH_F01_WHAT_A_CACHE_IS,CCH_FAM01_CACHE_DEFINITION,CCH_RG_DEFINITION,D1,REMEMBER,mcq,What is a cache?,A faster database placed in front,A record of what a user requested,A copy kept somewhere cheaper to reach,A store of data that is used often,C,A copy kept somewhere cheaper to reach,A copy. Everything difficult about caching follows from the original being able to change underneath it.,AUTHORED,
GB3_CCH_002,CACHING,CCH_C02_HIT,CCH_F02_HIT_AND_MISS,CCH_FAM02_HITS_AND_MISSES,CCH_RG_HIT,D1,REMEMBER,mcq,What is a cache miss?,The value returned turned out to be wrong,The cache could not be reached at all,The value was not there and must be fetched,The value was there but had expired,C,The value was not there and must be fetched,"Not present, so you do the real work. The hit rate is the single number that says whether a cache is earning its place.",AUTHORED,
GB3_CCH_003,CACHING,CCH_C03_TTL,CCH_F03_WHAT_A_TTL_IS,CCH_FAM03_EXPIRY,CCH_RG_TTL,D1,REMEMBER,mcq,What does a time-to-live do?,Discards the entry after a set period,Decides how long a read may take,Limits how many times it can be read,Refreshes the entry when it gets old,A,Discards the entry after a set period,"It bounds staleness without anybody having to remember to clear it, which is why it is so hard to beat.",AUTHORED,
GB3_CCH_004,CACHING,CCH_C04_STALE,CCH_F04_WHAT_STALE_MEANS,CCH_FAM04_STALENESS,CCH_RG_STALE,D1,REMEMBER,mcq,What does it mean for cached data to be stale?,The entry is about to be evicted for space,The entry was written by an old version,The entry has been in the cache too long,The original has changed since it was copied,D,The original has changed since it was copied,"Age is a proxy for it, not the definition. A ten-day-old entry whose source never changed is perfectly fresh.",AUTHORED,
GB3_CCH_005,CACHING,CCH_C05_INVALIDATE,CCH_F05_WHAT_INVALIDATION_IS,CCH_FAM05_INVALIDATION,CCH_RG_INVALIDATE,D1,REMEMBER,mcq,What is cache invalidation?,Refusing to cache a particular value,Removing an entry that is no longer right,Checking whether an entry is still valid,Marking an entry as having expired,B,Removing an entry that is no longer right,Getting rid of it when the underlying thing changes. Famously one of the two hard problems in computing.,AUTHORED,
GB3_CCH_006,CACHING,CCH_C06_KEY,CCH_F06_WHAT_A_KEY_IS,CCH_FAM06_CACHE_KEYS,CCH_RG_KEY,D1,REMEMBER,mcq,What must a cache key identify?,The time at which it was stored,The place the value was fetched from,Everything the cached value depends on,The user who first requested it,C,Everything the cached value depends on,Everything. A key missing one input hands the wrong value to whoever differs on that input.,AUTHORED,
GB3_CCH_007,CACHING,CCH_C07_LAYERS,CCH_F07_WHERE_CACHES_LIVE,CCH_FAM07_CACHE_LAYERS,CCH_RG_LAYERS,D1,REMEMBER,mcq,Where can caching happen in a web request?,Only in the application server,Only between the app and the database,At almost every layer it passes through,Only in the user’s own browser,C,At almost every layer it passes through,"Browser, CDN, proxy, application, database. Knowing which layer served a response is half of debugging one.",AUTHORED,
GB3_CCH_008,CACHING,CCH_C08_EVICTION,CCH_F08_WHAT_EVICTION_IS,CCH_FAM08_EVICTION,CCH_RG_EVICTION,D1,REMEMBER,mcq,Why does a cache evict entries?,The entries have become incorrect,The entries were never read again,It clears itself on a fixed schedule,It has a limited amount of room,D,It has a limited amount of room,Eviction is about space; expiry is about freshness. They are different mechanisms and get confused constantly.,AUTHORED,
GB3_CCH_009,CACHING,CCH_C09_LRU,CCH_F09_WHAT_LRU_IS,CCH_FAM09_EVICTION_POLICY,CCH_RG_LRU,D1,REMEMBER,mcq,What does a least-recently-used policy discard?,Whatever has gone longest without a read,Whatever has been in the cache longest,Whatever takes up the most space,Whatever has been read the fewest times,A,Whatever has gone longest without a read,"Recency, not frequency or age. It bets that what was useful lately will be useful shortly, which usually holds.",AUTHORED,
GB3_CCH_010,CACHING,CCH_C10_SHARED,CCH_F10_SHARED_OR_LOCAL,CCH_FAM10_WHERE_IT_IS_STORED,CCH_RG_SHARED,D1,REMEMBER,mcq,What is the difference between an in-process cache and a shared one?,"One is faster, the other holds more","One expires entries, the other does not","One is for reads, the other for writes","One is per server, the other seen by all",D,"One is per server, the other seen by all",Per-process caches are faster and diverge between servers. Shared caches agree and cost a network hop.,AUTHORED,
GB3_CCH_011,CACHING,CCH_C04_STALE,CCH_F11_WHAT_YOU_GIVE_UP,CCH_FAM11_WHY_CACHING_COSTS,CCH_RG_STALE,D2,UNDERSTAND,mcq,What does every cache trade away?,Certainty that the data is current,Control over the response time,Some of the available memory,Simplicity of the deployment,A,Certainty that the data is current,"That is the deal being made, and it should be made deliberately rather than discovered in an incident.",AUTHORED,
GB3_CCH_012,CACHING,CCH_C05_INVALIDATE,CCH_F12_WHY_INVALIDATION_IS_HARD,CCH_FAM12_WHY_CLEARING_IS_HARD,CCH_RG_INVALIDATE,D2,UNDERSTAND,mcq,Why is invalidation harder than it sounds?,The cache may be on another machine,Clearing the cache is a slow operation,Entries cannot be removed while in use,You must know every entry a change affects,D,You must know every entry a change affects,"One price change may touch a product page, three listings, a search result and a total. Missing one is a bug.",AUTHORED,
GB3_CCH_013,CACHING,CCH_C03_TTL,CCH_F13_WHY_TTL_IS_GOOD,CCH_FAM13_WHY_EXPIRY_IS_ROBUST,CCH_RG_TTL,D2,UNDERSTAND,mcq,Why is a short time-to-live often better than precise invalidation?,It uses less memory in the cache,It keeps the data fresher on average,It is faster for the cache to apply,It cannot be forgotten by a new code path,D,It cannot be forgotten by a new code path,Event-based invalidation is only as complete as the code that remembers it. Expiry needs nobody to remember.,AUTHORED,
GB3_CCH_014,CACHING,CCH_C06_KEY,CCH_F14_WHY_KEYS_LEAK,CCH_FAM14_WHY_KEYS_MUST_BE_COMPLETE,CCH_RG_KEY,D2,UNDERSTAND,mcq,What happens if a per-user page is cached under a key without the user?,The cache fills up more quickly,One user is served another’s page,The page is never found in the cache,The entry expires sooner than expected,B,One user is served another’s page,"The worst caching bug there is, because it is a data breach that looks like a performance improvement.",AUTHORED,
GB3_CCH_015,CACHING,CCH_C11_STAMPEDE,CCH_F15_WHY_EXPIRY_IS_RISKY,CCH_FAM15_WHY_SIMULTANEOUS_MISSES_HURT,CCH_RG_STAMPEDE,D2,UNDERSTAND,mcq,Why can a popular entry expiring cause an outage?,Every waiting request recomputes it at once,The cache rejects writes while expiring,The database refuses the extra connections,The entry cannot be written back quickly,A,Every waiting request recomputes it at once,A thousand simultaneous misses all hit the database with the same expensive query. That is a stampede.,AUTHORED,
GB3_CCH_016,CACHING,CCH_C12_HIT_RATE,CCH_F16_WHY_HIT_RATE_MATTERS,CCH_FAM16_WHY_THE_RATE_DECIDES,CCH_RG_HIT_RATE,D2,UNDERSTAND,mcq,Why is a cache with a 5% hit rate worse than none?,You pay the lookup on every request for little,The cache holds memory it does not need,The misses are slower than the originals,The entries expire before being read,A,You pay the lookup on every request for little,"Complexity, memory and a lookup on every request, buying a saving one time in twenty. Measure before keeping it.",AUTHORED,
GB3_CCH_017,CACHING,CCH_C10_SHARED,CCH_F17_WHY_LOCAL_DIVERGES,CCH_FAM17_WHY_PER_SERVER_CACHES_DISAGREE,CCH_RG_SHARED,D2,UNDERSTAND,mcq,Why can an in-process cache produce inconsistent behaviour?,Each server holds its own idea of the value,Each server expires entries at a different rate,The cache cannot be cleared from outside,The cache is lost whenever a server restarts,A,Each server holds its own idea of the value,Refresh the page and you hit a different server with a different copy. The value appears to flicker.,AUTHORED,
GB3_CCH_018,CACHING,CCH_C13_WRITE,CCH_F18_WHY_WRITES_COMPLICATE,CCH_FAM18_WHY_WRITING_IS_HARDER,CCH_RG_WRITE,D2,UNDERSTAND,mcq,Why is caching harder once the data is written as well as read?,Written data cannot be safely copied,Writes are slower than reads to cache,Two copies can now disagree with each other,The cache must handle more traffic,C,Two copies can now disagree with each other,"Read-only data caches trivially. The moment something writes, you own a consistency problem.",AUTHORED,
GB3_CCH_019,CACHING,CCH_C14_COLD,CCH_F19_WHY_COLD_STARTS_HURT,CCH_FAM19_WHY_AN_EMPTY_CACHE_IS_DANGEROUS,CCH_RG_COLD,D2,UNDERSTAND,mcq,Why is a restart risky for a system that depends on caching?,The cache loses its configuration,Full traffic arrives with nothing cached,The cache takes a long time to start,The old entries may still be served,B,Full traffic arrives with nothing cached,The database sized for a 95% hit rate suddenly sees twenty times its normal load. Restarts become outages.,AUTHORED,
GB3_CCH_020,CACHING,CCH_C15_WHAT_TO_CACHE,CCH_F20_WHY_SOME_THINGS_SUIT_IT,CCH_FAM20_WHY_SOME_DATA_FITS,CCH_RG_WHAT,D2,UNDERSTAND,mcq,What kind of data caches best?,"Read often, changed rarely, costly to make",Small enough to fit entirely in memory,Changed often and read immediately,Read rarely but extremely expensive,A,"Read often, changed rarely, costly to make","All three conditions. Missing any one of them and the cache is either useless, wrong or not worth the trouble.",AUTHORED,
GB3_CCH_021,CACHING,CCH_C06_KEY,CCH_F21_BUILD_A_KEY,CCH_FAM21_DESIGNING_A_KEY,CCH_RG_KEY,D3,APPLY,mcq,"A search result depends on the query, the filters and the tenant. What goes in the key?",The query text only,The query and the filters,All three of them,The query and the tenant,C,All three of them,Every input. Leaving out the tenant is how one company sees another’s search results.,AUTHORED,
GB3_CCH_022,CACHING,CCH_C11_STAMPEDE,CCH_F22_PREVENT_A_STAMPEDE,CCH_FAM22_HANDLING_SIMULTANEOUS_MISSES,CCH_RG_STAMPEDE,D3,APPLY,mcq,How do you stop a thousand requests recomputing the same expired entry?,Give the entry a much longer lifetime,Recompute the entry on a fixed hourly schedule,Spread the requests across more servers,Let one recompute while the rest wait or use the old,D,Let one recompute while the rest wait or use the old,"A lock so one wins, or serve stale while it refreshes. Either way, exactly one request does the work.",AUTHORED,
GB3_CCH_023,CACHING,CCH_C16_JITTER,CCH_F23_STAGGER_EXPIRY,CCH_FAM23_SPREADING_EXPIRY,CCH_RG_JITTER,D3,APPLY,mcq,A thousand entries were written together and all expire together. What helps?,Write the entries in smaller groups,Refresh them all before they expire,Vary each lifetime by a random amount,Give every entry a longer lifetime,C,Vary each lifetime by a random amount,"Jitter. Without it the load pattern that created them recreates itself exactly, forever.",AUTHORED,
GB3_CCH_024,CACHING,CCH_C13_WRITE,CCH_F24_UPDATE_ON_WRITE,CCH_FAM24_KEEPING_IN_STEP,CCH_RG_WRITE,D3,APPLY,mcq,A record is updated. What is the safest thing to do to its cache entry?,Write the new value into it directly,Delete it and let the next read rebuild,Leave it and wait for it to expire,Mark it as needing a refresh soon,B,Delete it and let the next read rebuild,Deleting cannot write the wrong thing. Updating in place risks racing another writer and storing a stale value.,AUTHORED,
GB3_CCH_025,CACHING,CCH_C14_COLD,CCH_F25_WARM_IT,CCH_FAM25_HANDLING_RESTARTS,CCH_RG_COLD,D3,APPLY,mcq,Restarts overwhelm your database. What do you do?,Add more memory to the cache,Fill the cache before taking traffic,Increase the cache expiry times,Restart the servers more frequently,B,Fill the cache before taking traffic,"Warm it, or bring servers back gradually. The alternative is a self-inflicted outage on every deployment.",AUTHORED,
GB3_CCH_026,CACHING,CCH_C03_TTL,CCH_F26_CHOOSE_A_TTL,CCH_FAM26_CHOOSING_A_LIFETIME,CCH_RG_TTL,D3,APPLY,mcq,What should decide the lifetime you give an entry?,How long it takes to recompute,How often the entry is read,How wrong the data may safely be,How much memory the cache has,C,How wrong the data may safely be,"A product description may be an hour stale; a stock level may not. The answer comes from the business, not the code.",AUTHORED,
GB3_CCH_027,CACHING,CCH_C07_LAYERS,CCH_F27_PICK_A_LAYER,CCH_FAM27_CHOOSING_A_LAYER,CCH_RG_LAYERS,D3,APPLY,mcq,Static images are slow for users far away. Where should they be cached?,In a shared cache beside the app,At edge locations near the users,In the application server memory,In the database alongside the data,B,At edge locations near the users,"Distance is the cost, so the cache has to be near the user. Caching it on your server saves nothing here.",AUTHORED,
GB3_CCH_028,CACHING,CCH_C17_NEGATIVE,CCH_F28_CACHE_THE_ABSENCE,CCH_FAM28_CACHING_NOT_FOUND,CCH_RG_NEGATIVE,D3,APPLY,mcq,Requests for records that do not exist hammer the database. What helps?,Cache the fact that it was not found,Return an error without checking,Reject the requests at the edge,Increase the database connection pool,A,Cache the fact that it was not found,"Negative caching, with a short lifetime so a record created later appears soon. Otherwise misses bypass the cache entirely.",AUTHORED,
GB3_CCH_029,CACHING,CCH_C18_DEGRADE,CCH_F29_CACHE_UNAVAILABLE,CCH_FAM29_HANDLING_CACHE_FAILURE,CCH_RG_DEGRADE,D3,APPLY,mcq,The cache server becomes unreachable. What should the application do?,Switch to an in-process cache,Retry the cache until it responds,Return an error to the caller,Carry on by going to the source,D,Carry on by going to the source,"A cache is an optimisation. If its absence takes the system down, it stopped being one and became a dependency.",AUTHORED,
GB3_CCH_030,CACHING,CCH_C12_HIT_RATE,CCH_F30_MEASURE_IT,CCH_FAM30_MEASURING_A_CACHE,CCH_RG_HIT_RATE,D3,APPLY,mcq,What should you record about a cache in production?,The time each lookup takes,The memory it is currently using,The number of entries it holds,"The hit rate, and what a miss costs",D,"The hit rate, and what a miss costs",Together they say whether it is worth keeping. Either alone can look healthy while the cache does nothing useful.,AUTHORED,
GB3_CCH_031,CACHING,CCH_C06_KEY,CCH_F31_WRONG_USER_SERVED,CCH_FAM31_DIAGNOSE_A_KEY_LEAK,CCH_RG_KEY,D4,ANALYZE,mcq,Users occasionally see another account’s name in the header. What would you check first?,Whether the database query filters by user,Whether the template reads the wrong field,Whether the cache key includes the user,Whether the session cookie is being reused,C,Whether the cache key includes the user,Occasional and cross-account points at a shared cache. The header was cached under a key that ignored who asked.,AUTHORED,
GB3_CCH_032,CACHING,CCH_C05_INVALIDATE,CCH_F32_MISSED_AN_ENTRY,CCH_FAM32_DIAGNOSE_INCOMPLETE_INVALIDATION,CCH_RG_INVALIDATE,D4,ANALYZE,mcq,An edited product updates on its own page but not in the listing. What happened?,The listing reads from a replica server,The edit did not save to the database,Only one of the affected entries was cleared,The listing is cached for far longer,C,Only one of the affected entries was cleared,The classic invalidation miss: the obvious entry was cleared and the derived one was forgotten.,AUTHORED,
GB3_CCH_033,CACHING,CCH_C10_SHARED,CCH_F33_FLICKERING_VALUE,CCH_FAM33_DIAGNOSE_DIVERGENCE,CCH_RG_SHARED,D4,ANALYZE,mcq,A value alternates between old and new as the user refreshes. What does that indicate?,The database has not finished replicating,The browser is caching one of the responses,Servers hold their own copies and disagree,The cache is expiring entries too quickly,C,Servers hold their own copies and disagree,Alternating rather than settling is the tell: the load balancer is rotating you between disagreeing caches.,AUTHORED,
GB3_CCH_034,CACHING,CCH_C11_STAMPEDE,CCH_F34_PERIODIC_SPIKE,CCH_FAM34_DIAGNOSE_A_LOAD_SPIKE,CCH_RG_STAMPEDE,D4,ANALYZE,mcq,Database load spikes sharply every five minutes. What would you suspect?,A health check querying the database,A batch of entries expiring together,A scheduled job running every five minutes,The cache being cleared on a timer,B,A batch of entries expiring together,All are possible; a five-minute period matching a five-minute lifetime is the strongest signal.,AUTHORED,
GB3_CCH_035,CACHING,CCH_C08_EVICTION,CCH_F35_CACHE_TOO_SMALL,CCH_FAM35_DIAGNOSE_A_LOW_HIT_RATE,CCH_RG_EVICTION,D4,ANALYZE,mcq,A cache has a long lifetime but a poor hit rate. What is the likely cause?,Entries are evicted for space before reuse,The cache is not being written to at all,The lifetime is still shorter than needed,The keys are being generated incorrectly,A,Entries are evicted for space before reuse,Expiry and eviction are different mechanisms. A long lifetime means nothing if there is no room to keep it.,AUTHORED,
GB3_CCH_036,CACHING,CCH_C19_SERIALISATION,CCH_F36_SHAPE_CHANGED,CCH_FAM36_DIAGNOSE_A_DEPLOY_PROBLEM,CCH_RG_SERIALISATION,D4,ANALYZE,mcq,"After a deployment, cached objects cause errors when read back. What went wrong?",The entries expired during the deployment,The new version cannot reach the cache,The cache was not cleared on deployment,The stored shape no longer matches the code,D,The stored shape no longer matches the code,"Old entries were written by old code. Version the key, or clear on deploy, or tolerate the old shape.",AUTHORED,
GB3_CCH_037,CACHING,CCH_C18_DEGRADE,CCH_F37_CACHE_BECAME_CRITICAL,CCH_FAM37_DIAGNOSE_A_DEPENDENCY,CCH_RG_DEGRADE,D4,ANALYZE,mcq,The cache went down and took the whole site with it. What does that reveal?,The cache was misconfigured for failover,The source can no longer serve the real load,The application retried the cache forever,The cache held data stored nowhere else,B,The source can no longer serve the real load,The cache stopped being an optimisation and became capacity. That is a decision worth making knowingly.,AUTHORED,
GB3_CCH_038,CACHING,CCH_C20_BROWSER,CCH_F38_STALE_ASSET,CCH_FAM38_DIAGNOSE_A_CLIENT_CACHE,CCH_RG_BROWSER,D4,ANALYZE,mcq,Users keep seeing the old JavaScript after a release. What is the fix?,Serve the file from a different domain,Set the cache lifetime much shorter,Change the filename whenever the content changes,Tell users to clear their browser cache,C,Change the filename whenever the content changes,"Content-hashed filenames. A new name cannot be stale, which lets you cache the old one effectively forever.",AUTHORED,
GB3_CCH_039,CACHING,CCH_C21_RACE,CCH_F39_WRITE_RACE,CCH_FAM39_DIAGNOSE_A_RACE,CCH_RG_RACE,D4,ANALYZE,mcq,A cache occasionally holds a value that was never the current one. How?,The cache returned a partially written value,The entry was restored from a backup,A slow read wrote its result after a newer write,Two writers updated the entry at once,C,A slow read wrote its result after a newer write,"Read-miss, slow fetch, someone updates meanwhile, then the stale fetch stores its result over the top.",AUTHORED,
GB3_CCH_040,CACHING,CCH_C22_MEMORY,CCH_F40_UNBOUNDED,CCH_FAM40_DIAGNOSE_MEMORY_GROWTH,CCH_RG_MEMORY,D4,ANALYZE,mcq,An in-process cache slowly exhausts the server’s memory. What is missing?,A limit on the size of each value,A shorter lifetime on the entries,A background task to compact it,A bound on how many entries it keeps,D,A bound on how many entries it keeps,A map you only ever add to is a memory leak wearing the word cache. A cache must be able to forget.,AUTHORED,
GB3_CCH_041,CACHING,CCH_C23_WHEN_NOT,CCH_F41_WHEN_NOT_TO_CACHE,CCH_FAM41_JUDGING_WHETHER_TO_CACHE,CCH_RG_WHEN_NOT,D5,EVALUATE,mcq,When should you not add a cache?,When correctness matters more than the speed,When the source is already quite fast,When the data changes more than hourly,When the system has no spare memory,A,When correctness matters more than the speed,An account balance or a stock level. There are places where a second of staleness is a real-world loss.,AUTHORED,
GB3_CCH_042,CACHING,CCH_C24_FIRST_RESORT,CCH_F42_FIX_OR_CACHE,CCH_FAM42_JUDGING_THE_ORDER,CCH_RG_FIRST_RESORT,D5,EVALUATE,mcq,Something is slow. Should caching be the first thing you reach for?,"Yes, if the data changes infrequently",No — find out why it is slow first,"No, unless the source cannot be changed","Yes, it is the cheapest available fix",B,No — find out why it is slow first,Caching an accidentally slow operation preserves it forever and makes the first caller pay for everyone.,AUTHORED,
GB3_CCH_043,CACHING,CCH_C25_STALENESS_BUDGET,CCH_F43_WHO_DECIDES,CCH_FAM43_JUDGING_ACCEPTABLE_STALENESS,CCH_RG_BUDGET,D5,EVALUATE,mcq,Who should decide how stale cached data may be?,Whoever owns the database being read,The engineer implementing the cache,Whatever the framework defaults to,Whoever understands the cost of being wrong,D,Whoever understands the cost of being wrong,It is a product question dressed as a technical one. Five minutes of staleness has a business meaning.,AUTHORED,
GB3_CCH_044,CACHING,CCH_C26_COMPLEXITY,CCH_F44_COST_OF_A_CACHE,CCH_FAM44_JUDGING_THE_OVERHEAD,CCH_RG_COMPLEXITY,D5,EVALUATE,mcq,"Besides staleness, what does adding a cache cost?","Another thing to run, watch and reason about",A restriction on how data can be stored,A reduction in the database throughput,A measurable amount of request latency,A,"Another thing to run, watch and reason about","Every bug now has two possible homes, and every explanation starts with ""unless it was cached"".",AUTHORED,
GB3_CCH_045,CACHING,CCH_C03_TTL,CCH_F45_TTL_VERSUS_EVENTS,CCH_FAM45_JUDGING_THE_STRATEGY,CCH_RG_TTL,D5,EVALUATE,mcq,How do you choose between expiry and event-based invalidation?,By whether you can enumerate every change,By how fresh the data needs to be,By how expensive the value is to compute,By whether the cache is shared or local,A,By whether you can enumerate every change,"If you cannot list every path that changes it, events will miss some. Expiry is bounded wrongness you chose.",AUTHORED,
GB3_CCH_046,CACHING,CCH_C27_LAYER_CHOICE,CCH_F46_ONE_LAYER_OR_MANY,CCH_FAM46_JUDGING_LAYERING,CCH_RG_LAYER_CHOICE,D5,EVALUATE,mcq,What is the risk of caching the same data at four layers?,Nobody can say how old a value really is,The total memory used becomes excessive,Each layer slows the request slightly,The layers will evict each other’s entries,A,Nobody can say how old a value really is,Four lifetimes compound. Clearing one and still seeing old data is how afternoons disappear.,AUTHORED,
GB3_CCH_047,CACHING,CCH_C18_DEGRADE,CCH_F47_OPTIMISATION_OR_CAPACITY,CCH_FAM47_JUDGING_THE_ROLE,CCH_RG_DEGRADE,D5,EVALUATE,mcq,How do you tell whether your cache is an optimisation or a dependency?,Whether the hit rate is above a threshold,Whether the system survives it being empty,Whether it holds data stored anywhere else,Whether it sits inside or outside the app,B,Whether the system survives it being empty,"Test it deliberately rather than discovering it during an incident, and size the source accordingly.",AUTHORED,
GB3_CCH_048,CACHING,CCH_C28_DEBUGGING,CCH_F48_MAKE_IT_VISIBLE,CCH_FAM48_JUDGING_OBSERVABILITY,CCH_RG_DEBUGGING,D5,EVALUATE,mcq,What makes a cached system easier to debug?,A shorter lifetime on every entry,Responses saying whether they were cached,A log of every cache write made,A single cache rather than several,B,Responses saying whether they were cached,"A hit-or-miss marker turns ""is this stale?"" from an investigation into a glance.",AUTHORED,
GB3_CCH_049,CACHING,CCH_C23_WHEN_NOT,CCH_F49_REMOVING_A_CACHE,CCH_FAM49_JUDGING_REMOVAL,CCH_RG_WHEN_NOT,D5,EVALUATE,mcq,When is removing a cache the right move?,When the hit rate falls below one half,When the data starts changing more often,When it has caused more than one incident,When the source got fast enough not to need it,D,When the source got fast enough not to need it,Caches outlive their reasons. Deleting one that no longer earns its complexity is real engineering work.,AUTHORED,
GB3_CCH_050,CACHING,CCH_C01_DEFINITION,CCH_F50_THE_ONE_IDEA,CCH_FAM50_JUDGING_THE_WHOLE,CCH_RG_DEFINITION,D5,EVALUATE,mcq,What question should you always answer before adding a cache?,How much faster will this make it,How often will this actually be hit,"How wrong may this be, and for how long",How much memory will this require,C,"How wrong may this be, and for how long","All four matter and only the first is about correctness, which is the one that turns into an incident.",AUTHORED,
GB3_CNT_001,CONTAINERS_DOCKER,CNT_C01_WHAT,CNT_F01_WHAT_A_CONTAINER_IS,CNT_FAM01_CONTAINER_DEFINITION,CNT_RG_WHAT,D1,REMEMBER,mcq,What is a container?,A process running in an isolated view,A lightweight virtual machine image,A sandbox with its own kernel inside,A packaged copy of an application,A,A process running in an isolated view,A normal process the kernel shows a restricted world to. Holding that sentence explains almost everything else.,AUTHORED,
GB3_CNT_002,CONTAINERS_DOCKER,CNT_C02_IMAGE,CNT_F02_IMAGE_VERSUS_CONTAINER,CNT_FAM02_IMAGE_AND_INSTANCE,CNT_RG_IMAGE,D1,REMEMBER,mcq,What is the difference between an image and a container?,"One holds the app, one holds the data","One is the template, one is it running","One is local, one is on a registry","One is compressed, one is expanded",B,"One is the template, one is it running",Class and instance. One image can have twenty containers running from it at the same time.,AUTHORED,
GB3_CNT_003,CONTAINERS_DOCKER,CNT_C03_VM,CNT_F03_NO_GUEST_KERNEL,CNT_FAM03_VERSUS_VIRTUAL_MACHINES,CNT_RG_VM,D1,REMEMBER,mcq,What does a container NOT have that a virtual machine does?,Its own operating system kernel,Its own memory and CPU limits,Its own filesystem to work with,Its own network configuration,A,Its own operating system kernel,It shares the host kernel. That is why it starts in milliseconds and why it cannot run another OS.,AUTHORED,
GB3_CNT_004,CONTAINERS_DOCKER,CNT_C04_LAYER,CNT_F04_WHAT_A_LAYER_IS,CNT_FAM04_LAYERS,CNT_RG_LAYER,D1,REMEMBER,mcq,What is an image layer?,A separate image the build depends on,The filesystem change one build step made,A version of the image that was tagged,A compressed copy of the whole image,B,The filesystem change one build step made,"One step, one layer. Layers are shared between images, which is why pulling a second image is often fast.",AUTHORED,
GB3_CNT_005,CONTAINERS_DOCKER,CNT_C05_EPHEMERAL,CNT_F05_WRITES_ARE_LOST,CNT_FAM05_EPHEMERALITY,CNT_RG_EPHEMERAL,D1,REMEMBER,mcq,What happens to a file written inside a container when it is removed?,It is saved back into the image,It is kept until the host restarts,It is moved to the host filesystem,It is lost with the container,D,It is lost with the container,"Gone. Anything that must survive has to be written to a volume, and that is a deliberate decision.",AUTHORED,
GB3_CNT_006,CONTAINERS_DOCKER,CNT_C06_VOLUME,CNT_F06_WHAT_A_VOLUME_IS,CNT_FAM06_VOLUMES,CNT_RG_VOLUME,D1,REMEMBER,mcq,What is a volume for?,Keeping data beyond the container’s life,Sharing code between two containers,Speeding up the container’s disk access,Making the container image smaller,A,Keeping data beyond the container’s life,"Storage that outlives the process using it, which is the answer to the whole ephemerality problem.",AUTHORED,
GB3_CNT_007,CONTAINERS_DOCKER,CNT_C07_DOCKERFILE,CNT_F07_WHAT_A_DOCKERFILE_IS,CNT_FAM07_DOCKERFILES,CNT_RG_DOCKERFILE,D1,REMEMBER,mcq,What is a Dockerfile?,The configuration a container runs with,The list of services to be started,The recipe for building an image,The record of what an image contains,C,The recipe for building an image,"Build time, not run time. Confusing the two is behind a great many ""why is my variable empty"" questions.",AUTHORED,
GB3_CNT_008,CONTAINERS_DOCKER,CNT_C08_PORT,CNT_F08_PORT_MAPPING,CNT_FAM08_NETWORKING_BASICS,CNT_RG_PORT,D1,REMEMBER,mcq,Why must a container’s port be published to be reached from outside?,The host firewall blocks it otherwise,It has its own network view by default,Containers cannot listen on real ports,The port is used by the host already,B,It has its own network view by default,Its network is isolated like its filesystem. Publishing is asking the host to forward a port inward.,AUTHORED,
GB3_CNT_009,CONTAINERS_DOCKER,CNT_C09_REGISTRY,CNT_F09_WHAT_A_REGISTRY_IS,CNT_FAM09_REGISTRIES,CNT_RG_REGISTRY,D1,REMEMBER,mcq,What is a container registry?,A record of which images a host has built,A store images are pushed to and pulled from,A directory of the official base images,A list of the containers currently running,B,A store images are pushed to and pulled from,"The distribution step. Build once, push, and every environment pulls the identical bytes.",AUTHORED,
GB3_CNT_010,CONTAINERS_DOCKER,CNT_C10_TAG,CNT_F10_WHAT_A_TAG_IS,CNT_FAM10_TAGGING,CNT_RG_TAG,D1,REMEMBER,mcq,What is an image tag?,A permanent identifier for one image,A version number the build assigns,A description of what the image holds,A movable label pointing at an image,D,A movable label pointing at an image,"Movable is the important word. The same tag can point somewhere new tomorrow, which is why `latest` is a trap.",AUTHORED,
GB3_CNT_011,CONTAINERS_DOCKER,CNT_C01_WHAT,CNT_F11_WHY_FAST_TO_START,CNT_FAM11_WHY_STARTUP_IS_QUICK,CNT_RG_WHAT,D2,UNDERSTAND,mcq,Why does a container start so much faster than a virtual machine?,The image is smaller to load from disk,The host reserves resources in advance,There is no operating system to boot,It runs fewer background services,C,There is no operating system to boot,"Starting a container is starting a process. There is no kernel, no boot sequence, nothing to wait for.",AUTHORED,
GB3_CNT_012,CONTAINERS_DOCKER,CNT_C11_REPRODUCIBLE,CNT_F12_WHY_SAME_EVERYWHERE,CNT_FAM12_WHY_CONSISTENCY,CNT_RG_REPRODUCIBLE,D2,UNDERSTAND,mcq,What problem do containers mainly solve?,Applications using too many resources,The environment differing between machines,Deployments taking too long to finish,Servers being difficult to provision,B,The environment differing between machines,"""Works on my machine"" becomes ""ships my machine"". The dependencies travel with the code.",AUTHORED,
GB3_CNT_013,CONTAINERS_DOCKER,CNT_C04_LAYER,CNT_F13_WHY_LAYER_ORDER,CNT_FAM13_WHY_ORDER_AFFECTS_BUILDS,CNT_RG_LAYER,D2,UNDERSTAND,mcq,Why does the order of steps in a Dockerfile matter?,Later steps cannot see earlier files,Each step adds to the final image size,A changed step invalidates everything after,Steps are executed in a fixed sequence,C,A changed step invalidates everything after,Layers are cached in order. One edit near the top throws away every cached layer below it.,AUTHORED,
GB3_CNT_014,CONTAINERS_DOCKER,CNT_C12_PID1,CNT_F14_WHY_IT_EXITS,CNT_FAM14_WHY_CONTAINERS_STOP,CNT_RG_PID1,D2,UNDERSTAND,mcq,Why does a container stop the moment its command finishes?,The container exists to run that process,There is nothing left to allocate memory,The network connection is then closed,The runtime stops idle containers,A,The container exists to run that process,"It is not a machine that happens to run something. The process is the container, so its exit is the end.",AUTHORED,
GB3_CNT_015,CONTAINERS_DOCKER,CNT_C05_EPHEMERAL,CNT_F15_WHY_EPHEMERAL_HELPS,CNT_FAM15_WHY_DISPOSABILITY_IS_GOOD,CNT_RG_EPHEMERAL,D2,UNDERSTAND,mcq,Why is it useful that containers are disposable?,They use less disk space over time,Every start is from a known clean state,They can be moved between hosts easily,They never need to be updated in place,B,Every start is from a known clean state,No drift. A server patched by hand for three years is unique; a container is whatever the image says.,AUTHORED,
GB3_CNT_016,CONTAINERS_DOCKER,CNT_C10_TAG,CNT_F16_WHY_LATEST_IS_BAD,CNT_FAM16_WHY_MOVABLE_TAGS_HURT,CNT_RG_TAG,D2,UNDERSTAND,mcq,Why is deploying the `latest` tag risky?,The tag may not exist on the registry,It always pulls a larger image,Two deployments can run different code,It cannot be rolled back afterwards,C,Two deployments can run different code,"You no longer know what is running, and you cannot reproduce it. Deploy an immutable tag or a digest.",AUTHORED,
GB3_CNT_017,CONTAINERS_DOCKER,CNT_C13_SIZE,CNT_F17_WHY_SIZE_MATTERS,CNT_FAM17_WHY_SMALL_IMAGES_HELP,CNT_RG_SIZE,D2,UNDERSTAND,mcq,Why does image size matter beyond disk usage?,It is pulled on every deployment and scale-up,Registries charge for the storage used,Larger images start more slowly once running,Large images cannot be cached by layers,A,It is pulled on every deployment and scale-up,A 2GB image pulled onto ten new nodes during a traffic spike is minutes you do not have.,AUTHORED,
GB3_CNT_018,CONTAINERS_DOCKER,CNT_C14_CONFIG,CNT_F18_WHY_ENV_NOT_BAKED,CNT_FAM18_WHY_CONFIG_STAYS_OUTSIDE,CNT_RG_CONFIG,D2,UNDERSTAND,mcq,Why should configuration not be built into the image?,Configuration would increase the image size,Configuration changes more often than code,The same image must run in every environment,Images cannot store values securely,C,The same image must run in every environment,"Bake it in and staging and production are different images, so what you tested is not what you shipped.",AUTHORED,
GB3_CNT_019,CONTAINERS_DOCKER,CNT_C15_SECRETS,CNT_F19_WHY_LAYERS_REMEMBER,CNT_FAM19_WHY_DELETION_DOES_NOT_ERASE,CNT_RG_SECRETS,D2,UNDERSTAND,mcq,A secret is copied in one step and deleted in the next. Is it gone from the image?,"No, but only the builder can read it","Yes, the deletion removes it entirely","Yes, provided the image is rebuilt",No — the earlier layer still contains it,D,No — the earlier layer still contains it,Layers are additive history. Anyone who can pull the image can read anything that was ever in it.,AUTHORED,
GB3_CNT_020,CONTAINERS_DOCKER,CNT_C16_ISOLATION,CNT_F20_WHY_NOT_A_SECURITY_BOUNDARY,CNT_FAM20_WHY_ISOLATION_IS_LIMITED,CNT_RG_ISOLATION,D2,UNDERSTAND,mcq,Why is a container a weaker security boundary than a virtual machine?,They all share the one host kernel,They have no firewall of their own,They cannot enforce resource limits,They run with no user separation,A,They all share the one host kernel,A kernel flaw is a way out of every container on that host. A virtual machine has one more wall.,AUTHORED,
GB3_CNT_021,CONTAINERS_DOCKER,CNT_C04_LAYER,CNT_F21_ORDER_FOR_CACHING,CNT_FAM21_APPLYING_LAYER_ORDER,CNT_RG_LAYER,D3,APPLY,mcq,Where should dependency installation go relative to copying your source?,"Before it, so edits do not reinstall","At the end, so the image finishes faster","In the same step, to save a layer","After it, so the versions stay current",A,"Before it, so edits do not reinstall","Copy the manifest, install, then copy the source. Otherwise every one-character edit reinstalls everything.",AUTHORED,
GB3_CNT_022,CONTAINERS_DOCKER,CNT_C13_SIZE,CNT_F22_MULTI_STAGE,CNT_FAM22_SHRINKING_AN_IMAGE,CNT_RG_SIZE,D3,APPLY,mcq,Your image carries compilers needed only to build. How do you remove them?,Delete the compilers in a later build step,Build in one stage and copy the output to another,Use a smaller base image for the build,Install the compilers at container start,B,Build in one stage and copy the output to another,"A multi-stage build. Deleting them later cannot work, because the earlier layer still holds them.",AUTHORED,
GB3_CNT_023,CONTAINERS_DOCKER,CNT_C14_CONFIG,CNT_F23_PASS_CONFIG_IN,CNT_FAM23_SUPPLYING_CONFIG,CNT_RG_CONFIG,D3,APPLY,mcq,How should a database URL reach a containerised application?,As a default compiled into the code,As a value written into the Dockerfile,As an environment variable set at run time,As a file copied in during the build,C,As an environment variable set at run time,"Run time, so one image serves every environment. That is what makes the tested artefact the shipped one.",AUTHORED,
GB3_CNT_024,CONTAINERS_DOCKER,CNT_C06_VOLUME,CNT_F24_MOUNT_FOR_DATA,CNT_FAM24_PERSISTING_DATA,CNT_RG_VOLUME,D3,APPLY,mcq,You containerise a database. What must you arrange?,A larger memory limit for it,A published port for its clients,A restart policy of always,Its data directory on a volume,D,Its data directory on a volume,"Without it the first container removal deletes the database, which is a lesson people only learn once.",AUTHORED,
GB3_CNT_025,CONTAINERS_DOCKER,CNT_C17_USER,CNT_F25_DO_NOT_RUN_AS_ROOT,CNT_FAM25_RUNNING_SAFELY,CNT_RG_USER,D3,APPLY,mcq,What should a production container do about the user it runs as?,"Run as root, since it is isolated",Run as root but drop the network,Run as a non-root user it creates,Run as the same user as the host,C,Run as a non-root user it creates,"Root in the container is close enough to root on the host to matter, and a USER line is one line.",AUTHORED,
GB3_CNT_026,CONTAINERS_DOCKER,CNT_C18_HEALTH,CNT_F26_HEALTH_CHECK,CNT_FAM26_REPORTING_HEALTH,CNT_RG_HEALTH,D3,APPLY,mcq,A container is running but the app inside is broken. How should the platform know?,From the logs the container writes,From a health check it can call,From the container’s exit code,From the process still being alive,B,From a health check it can call,"Running is not healthy. Without a check, a deadlocked application keeps receiving traffic indefinitely.",AUTHORED,
GB3_CNT_027,CONTAINERS_DOCKER,CNT_C19_LOGS,CNT_F27_LOG_TO_STDOUT,CNT_FAM27_LOGGING_FROM_A_CONTAINER,CNT_RG_LOGS,D3,APPLY,mcq,Where should a containerised application write its logs?,Directly to a remote logging service instead,"To standard output, for the platform to collect",To a file on a mounted volume,To a file inside the container,B,"To standard output, for the platform to collect","Logs written to a file inside a container vanish with it, and nobody thinks to look before it is gone.",AUTHORED,
GB3_CNT_028,CONTAINERS_DOCKER,CNT_C20_ONE_PROCESS,CNT_F28_ONE_CONCERN,CNT_FAM28_SPLITTING_SERVICES,CNT_RG_ONE_PROCESS,D3,APPLY,mcq,You need a web app and a database. How many containers?,"Two, so each can be scaled and restarted alone","One, so they start and stop together","Two, only if they are on different hosts","One, to keep the network simple",A,"Two, so each can be scaled and restarted alone","One concern per container. Together, restarting the app restarts the database, which is rarely what you want.",AUTHORED,
GB3_CNT_029,CONTAINERS_DOCKER,CNT_C21_IGNORE,CNT_F29_DOCKERIGNORE,CNT_FAM29_CONTROLLING_THE_CONTEXT,CNT_RG_IGNORE,D3,APPLY,mcq,Your build is slow and the image contains your .git folder. What is missing?,A smaller base image to start from,A multi-stage build to drop extras,A cleanup step at the end of the build,A file listing what the build should skip,D,A file listing what the build should skip,A .dockerignore. Without it the whole directory is sent to the builder and much of it ends up in the image.,AUTHORED,
GB3_CNT_030,CONTAINERS_DOCKER,CNT_C22_LIMITS,CNT_F30_SET_LIMITS,CNT_FAM30_BOUNDING_RESOURCES,CNT_RG_LIMITS,D3,APPLY,mcq,Why set memory limits on a container?,One misbehaving container can starve the host,The platform cannot schedule without them,Containers use more memory than processes,Limits make the container start faster,A,One misbehaving container can starve the host,"Unlimited, a leak takes down every neighbour. Limited, it is killed and restarted and nobody else notices.",AUTHORED,
GB3_CNT_031,CONTAINERS_DOCKER,CNT_C12_PID1,CNT_F31_EXITS_IMMEDIATELY,CNT_FAM31_DIAGNOSE_AN_IMMEDIATE_EXIT,CNT_RG_PID1,D4,ANALYZE,mcq,A container starts and exits at once with code 0. What does that mean?,Its health check failed at once,Its command finished successfully,Its command could not be found,It ran out of memory on startup,B,Its command finished successfully,"Code 0 is success. The command did its job and returned, and the container had nothing else to be.",AUTHORED,
GB3_CNT_032,CONTAINERS_DOCKER,CNT_C23_LOCALHOST,CNT_F32_LOCALHOST_IS_THE_CONTAINER,CNT_FAM32_DIAGNOSE_A_CONNECTION_REFUSAL,CNT_RG_LOCALHOST,D4,ANALYZE,mcq,An app in a container cannot reach the database at localhost. Why?,The container has no network access,The database port was not published,"Localhost means the container, not the host",The database is not accepting connections,C,"Localhost means the container, not the host",Each container has its own loopback. The database is somewhere else and needs a name or a host address.,AUTHORED,
GB3_CNT_033,CONTAINERS_DOCKER,CNT_C05_EPHEMERAL,CNT_F33_DATA_DISAPPEARED,CNT_FAM33_DIAGNOSE_LOST_DATA,CNT_RG_EPHEMERAL,D4,ANALYZE,mcq,Uploaded files vanish whenever the service is redeployed. What is wrong?,The upload directory has wrong permissions,The files exceed the container disk limit,They are being written inside the container,The deployment is deleting them on purpose,C,They are being written inside the container,A redeploy is a new container from the same image. Anything not on a volume or object store was never kept.,AUTHORED,
GB3_CNT_034,CONTAINERS_DOCKER,CNT_C04_LAYER,CNT_F34_CACHE_ALWAYS_MISSES,CNT_FAM34_DIAGNOSE_A_SLOW_BUILD,CNT_RG_LAYER,D4,ANALYZE,mcq,Every build reinstalls all dependencies although only one source file changed. Why?,The build cache is cleared between runs,The base image is pulled fresh each time,The source is copied before the install step,The dependency file changes on each build,C,The source is copied before the install step,"The copy invalidated the layer, so everything below it rebuilds. Reordering two lines fixes it.",AUTHORED,
GB3_CNT_035,CONTAINERS_DOCKER,CNT_C15_SECRETS,CNT_F35_SECRET_IN_HISTORY,CNT_FAM35_DIAGNOSE_A_LEAKED_SECRET,CNT_RG_SECRETS,D4,ANALYZE,mcq,"A key was committed in a Dockerfile, then removed and the image rebuilt and pushed. Is it safe?","Yes, the new image no longer has it",No — the old image is still on the registry,"No, but only the build logs show it","Yes, provided the tag was reused",B,No — the old image is still on the registry,And it was in a layer anyone could read. The only real remedy is rotating the key.,AUTHORED,
GB3_CNT_036,CONTAINERS_DOCKER,CNT_C24_ARCH,CNT_F36_WRONG_ARCHITECTURE,CNT_FAM36_DIAGNOSE_A_PLATFORM_MISMATCH,CNT_RG_ARCH,D4,ANALYZE,mcq,An image built on a developer’s laptop will not run on the server. What is a likely cause?,The server does not have the required base image,The two machines use different processor architectures,The server has an older container runtime,The image was not pushed completely,B,The two machines use different processor architectures,"Built on ARM, run on x86. Containers share the host kernel, so the binaries inside must match the host.",AUTHORED,
GB3_CNT_037,CONTAINERS_DOCKER,CNT_C10_TAG,CNT_F37_SAME_TAG_DIFFERENT_CODE,CNT_FAM37_DIAGNOSE_A_TAG_PROBLEM,CNT_RG_TAG,D4,ANALYZE,mcq,Two servers on the same tag behave differently. How is that possible?,One server has a corrupted image layer,They pulled the tag at different times,The tag points at two images at once,One of them failed to pull the image,B,They pulled the tag at different times,Tags move. This is the concrete reason to deploy a digest or an immutable version tag.,AUTHORED,
GB3_CNT_038,CONTAINERS_DOCKER,CNT_C22_LIMITS,CNT_F38_KILLED_137,CNT_FAM38_DIAGNOSE_A_KILL,CNT_RG_LIMITS,D4,ANALYZE,mcq,A container keeps restarting with exit code 137 and no error in the logs. What happened?,Its health check failed repeatedly,It crashed before it could write a log,The host restarted the container runtime,It was killed for exceeding its memory limit,D,It was killed for exceeding its memory limit,137 is 128 plus 9 — killed. There is no stack trace because nothing inside the process chose to stop.,AUTHORED,
GB3_CNT_039,CONTAINERS_DOCKER,CNT_C25_SIGNALS,CNT_F39_IGNORES_SHUTDOWN,CNT_FAM39_DIAGNOSE_A_SLOW_STOP,CNT_RG_SIGNALS,D4,ANALYZE,mcq,A container takes ten seconds to stop and is then killed. What is usually the cause?,The platform waits ten seconds by design,The shutdown handler takes that long to run,The process is not receiving the stop signal,The container has too much data to flush,C,The process is not receiving the stop signal,"Started through a shell, the signal goes to the shell and not to the app. That loses in-flight requests.",AUTHORED,
GB3_CNT_040,CONTAINERS_DOCKER,CNT_C14_CONFIG,CNT_F40_BUILD_ARG_AT_RUNTIME,CNT_FAM40_DIAGNOSE_A_MISSING_VARIABLE,CNT_RG_CONFIG,D4,ANALYZE,mcq,A variable set during the build is empty when the container runs. Why?,The runtime clears the environment on start,The value was stored in the wrong layer,Build-time values do not persist into runtime,The variable name was misspelled somewhere,C,Build-time values do not persist into runtime,"Build arguments and runtime environment are two different things, and this is the confusion behind most of it.",AUTHORED,
GB3_CNT_041,CONTAINERS_DOCKER,CNT_C26_WHEN,CNT_F41_WHEN_NOT_TO_CONTAINERISE,CNT_FAM41_JUDGING_THE_FIT,CNT_RG_WHEN,D5,EVALUATE,mcq,When are containers not worth the trouble?,A small app on one server nobody else touches,A system deployed many times a day,An application with several services,A team with several environments,A,A small app on one server nobody else touches,"Containers pay off against environment drift and scale. With neither, they are a layer with no job.",AUTHORED,
GB3_CNT_042,CONTAINERS_DOCKER,CNT_C16_ISOLATION,CNT_F42_UNTRUSTED_CODE,CNT_FAM42_JUDGING_ISOLATION,CNT_RG_ISOLATION,D5,EVALUATE,mcq,Is a plain container enough to run code you do not trust?,"Yes, that is what containers are for",No — the shared kernel is a real risk,"Yes, provided it runs as non-root","No, unless resource limits are set",B,No — the shared kernel is a real risk,Running arbitrary student or customer code needs a stronger boundary: a sandboxed runtime or a real VM.,AUTHORED,
GB3_CNT_043,CONTAINERS_DOCKER,CNT_C27_BASE,CNT_F43_CHOOSING_A_BASE,CNT_FAM43_JUDGING_A_BASE_IMAGE,CNT_RG_BASE,D5,EVALUATE,mcq,What is the trade-off in choosing a minimal base image?,Safer but unable to run compiled code,Faster to pull but larger once running,Smaller but noticeably slower to start,"Smaller and safer, but harder to debug inside",D,"Smaller and safer, but harder to debug inside",Fewer packages is less to patch and less to exploit — and no shell when you most want one.,AUTHORED,
GB3_CNT_044,CONTAINERS_DOCKER,CNT_C28_STATE,CNT_F44_DATABASES_IN_CONTAINERS,CNT_FAM44_JUDGING_STATEFUL_WORKLOADS,CNT_RG_STATE,D5,EVALUATE,mcq,Should a production database run in a container?,"Yes, it is the same as any other service","It can, but the storage question does not go away","No, databases cannot run in containers safely",Only if the container never restarts,B,"It can, but the storage question does not go away","Containers are good at disposable things. A database is the opposite, so all the hard parts remain.",AUTHORED,
GB3_CNT_045,CONTAINERS_DOCKER,CNT_C29_ORCHESTRATION,CNT_F45_WHEN_YOU_NEED_MORE,CNT_FAM45_JUDGING_ORCHESTRATION,CNT_RG_ORCHESTRATION,D5,EVALUATE,mcq,When does running containers stop being enough on its own?,When the images grow beyond a certain size,When there is more than one container,When the containers need to talk to each other,When something must place and restart them for you,D,When something must place and restart them for you,"Scheduling, restarting, rolling out, scaling. That is the problem orchestrators exist for — and not before.",AUTHORED,
GB3_CNT_046,CONTAINERS_DOCKER,CNT_C11_REPRODUCIBLE,CNT_F46_NOT_FULLY_REPRODUCIBLE,CNT_FAM46_JUDGING_REPRODUCIBILITY,CNT_RG_REPRODUCIBLE,D5,EVALUATE,mcq,Does the same Dockerfile always produce the same image?,No — unpinned versions can change over time,"Yes, that is what the format guarantees","Yes, provided the cache is not cleared","No, because layer ordering varies",A,No — unpinned versions can change over time,Build it in March and in June and `apt-get install` gives you different software. Pin what you depend on.,AUTHORED,
GB3_CNT_047,CONTAINERS_DOCKER,CNT_C30_SECURITY_UPKEEP,CNT_F47_PATCHING,CNT_FAM47_JUDGING_MAINTENANCE,CNT_RG_UPKEEP,D5,EVALUATE,mcq,How does an unchanged container get security patches?,The registry updates the shared layers,It does not — it must be rebuilt and redeployed,The runtime patches the base layers for you,The host kernel patches cover the container,B,It does not — it must be rebuilt and redeployed,"An image is frozen. A service untouched for a year is running last year’s vulnerabilities, deliberately.",AUTHORED,
GB3_CNT_048,CONTAINERS_DOCKER,CNT_C26_WHEN,CNT_F48_DEV_ENVIRONMENTS,CNT_FAM48_JUDGING_LOCAL_USE,CNT_RG_WHEN,D5,EVALUATE,mcq,What is the strongest argument for containers in local development?,Local performance is better than native,It avoids installing any language runtimes,It matches production exactly in every way,A new joiner can run the stack the same day,D,A new joiner can run the stack the same day,"Onboarding measured in hours rather than days is a real, recurring saving that compounds with team size.",AUTHORED,
GB3_CNT_049,CONTAINERS_DOCKER,CNT_C28_STATE,CNT_F49_TWELVE_FACTOR,CNT_FAM49_JUDGING_APP_DESIGN,CNT_RG_STATE,D5,EVALUATE,mcq,What must be true of an application for containers to work well?,It runs as a single process only,It is written in a compiled language,It starts in under a second,It keeps no important state inside itself,D,It keeps no important state inside itself,Containers assume disposability. An app storing sessions in local memory breaks the moment you run two.,AUTHORED,
GB3_CNT_050,CONTAINERS_DOCKER,CNT_C01_WHAT,CNT_F50_THE_ONE_IDEA,CNT_FAM50_JUDGING_THE_WHOLE,CNT_RG_WHAT,D5,EVALUATE,mcq,What single sentence explains most container behaviour?,It is a process with a restricted view,It is an application and its dependencies,It is a lightweight virtual machine,It is a reproducible deployment unit,A,It is a process with a restricted view,"The exits, the missing localhost, the lost files, the signals. The virtual-machine model gets all of them wrong.",AUTHORED,
GB3_CIC_001,CI_CD,CIC_C01_CI,CIC_F01_WHAT_CI_IS,CIC_FAM01_CI_DEFINITION,CIC_RG_CI,D1,REMEMBER,mcq,What is continuous integration?,Merging everyone’s work into one line often,Running automated tests on every commit,Deploying each change as soon as it passes,A server that builds the code for you,A,Merging everyone’s work into one line often,"A team practice about merge frequency. The build server is how you check it, not what it is.",AUTHORED,
GB3_CIC_002,CI_CD,CIC_C02_CD,CIC_F02_DELIVERY_VERSUS_DEPLOYMENT,CIC_FAM02_CD_MEANING,CIC_RG_CD,D1,REMEMBER,mcq,What is the difference between continuous delivery and continuous deployment?,"One is for staging, one is for production","One is automated, one is done by hand","One tests the build, one ships the build","One is always releasable, one always releases",D,"One is always releasable, one always releases","Delivery means it could go out at any moment. Deployment means it does, with nobody pressing a button.",AUTHORED,
GB3_CIC_003,CI_CD,CIC_C03_PIPELINE,CIC_F03_WHAT_A_PIPELINE_IS,CIC_FAM03_PIPELINE_SHAPE,CIC_RG_PIPELINE,D1,REMEMBER,mcq,What is a pipeline?,An ordered set of checks a change must pass,A queue of the builds waiting to run,A connection between the repo and the server,A script that deploys the application,A,An ordered set of checks a change must pass,"Stages in order, each a gate. What the gates are is a design decision about what you refuse to ship.",AUTHORED,
GB3_CIC_004,CI_CD,CIC_C04_TRIGGER,CIC_F04_WHAT_STARTS_IT,CIC_FAM04_TRIGGERS,CIC_RG_TRIGGER,D1,REMEMBER,mcq,What normally starts a CI run?,A scheduled time each day,A developer asking for one,A push or a pull request,A release being prepared,C,A push or a pull request,Automatic on the change. A build somebody has to remember to run is a build that stops being run.,AUTHORED,
GB3_CIC_005,CI_CD,CIC_C05_ARTIFACT,CIC_F05_BUILD_ONCE,CIC_FAM05_ARTIFACTS,CIC_RG_ARTIFACT,D1,REMEMBER,mcq,How many times should a release be built?,"Once per day, from the latest code",Once per environment it is deployed to,Once per stage of the pipeline,"Once, then promoted through the environments",D,"Once, then promoted through the environments","Build once, deploy many. Rebuilding per environment means what you tested is not what you shipped.",AUTHORED,
GB3_CIC_006,CI_CD,CIC_C06_RED,CIC_F06_WHAT_RED_MEANS,CIC_FAM06_BROKEN_BUILDS,CIC_RG_RED,D1,REMEMBER,mcq,What should happen when the mainline build goes red?,It is noted and fixed in the next sprint,It is assigned to whoever has time,Fixing it becomes the priority,The change is left until it is reproduced,C,Fixing it becomes the priority,"Everything after it is built on a broken base, so the cost grows with every commit that follows.",AUTHORED,
GB3_CIC_007,CI_CD,CIC_C07_ENVIRONMENTS,CIC_F07_WHY_STAGES_EXIST,CIC_FAM07_ENVIRONMENTS,CIC_RG_ENVIRONMENTS,D1,REMEMBER,mcq,What is a staging environment for?,Holding the build until it is approved,Running the tests that are too slow for CI,Giving testers a place to work separately,Checking a build against something like production,D,Checking a build against something like production,Its value is entirely in how closely it resembles production. A staging that differs proves very little.,AUTHORED,
GB3_CIC_008,CI_CD,CIC_C08_ROLLBACK,CIC_F08_WHAT_ROLLBACK_IS,CIC_FAM08_ROLLBACK,CIC_RG_ROLLBACK,D1,REMEMBER,mcq,What does a rollback do?,Puts the previous version back in service,Undoes the commits that caused the fault,Stops the deployment partway through,Restores the database to an earlier point,A,Puts the previous version back in service,Redeploying a known-good artefact. Fast rollback is what makes frequent deployment safe.,AUTHORED,
GB3_CIC_009,CI_CD,CIC_C09_SECRETS,CIC_F09_WHERE_SECRETS_GO,CIC_FAM09_PIPELINE_SECRETS,CIC_RG_SECRETS,D1,REMEMBER,mcq,Where should deployment credentials live?,On the machine that runs the build,In the pipeline’s secret store,"In the repository, encrypted",In the pipeline configuration file,B,In the pipeline’s secret store,Injected at run time and masked in the logs. Anything in the repository is readable by everyone with access.,AUTHORED,
GB3_CIC_010,CI_CD,CIC_C10_FEEDBACK,CIC_F10_WHAT_A_PIPELINE_GIVES,CIC_FAM10_FEEDBACK,CIC_RG_FEEDBACK,D1,REMEMBER,mcq,What is the main thing a pipeline gives a developer?,A record of everything that was built,A way of deploying without permission,A quick answer about whether a change is safe,A place to run the tests off their machine,C,A quick answer about whether a change is safe,"Feedback, and how quickly it arrives decides whether they act on it or have moved on to something else.",AUTHORED,
GB3_CIC_011,CI_CD,CIC_C01_CI,CIC_F11_WHY_MERGE_OFTEN,CIC_FAM11_WHY_FREQUENT_MERGING,CIC_RG_CI,D2,UNDERSTAND,mcq,Why does continuous integration ask for frequent merges?,The history is easier to follow later,The build server has less work to do,Conflicts stay small enough to resolve easily,Reviewers have fewer lines to read,C,Conflicts stay small enough to resolve easily,Integration pain grows faster than linearly with time apart. Merging daily keeps it near zero.,AUTHORED,
GB3_CIC_012,CI_CD,CIC_C11_SPEED,CIC_F12_WHY_SPEED_MATTERS,CIC_FAM12_WHY_FAST_FEEDBACK,CIC_RG_SPEED,D2,UNDERSTAND,mcq,Why does a 40-minute pipeline change how a team works?,The build machines become a bottleneck,People move on and batch their changes,Tests time out more often at that length,Reviewers wait before reading the code,B,People move on and batch their changes,"Too long to wait, so they context-switch, so they push larger batches — which is the opposite of the practice.",AUTHORED,
GB3_CIC_013,CI_CD,CIC_C06_RED,CIC_F13_WHY_FLAKY_PIPELINES_ROT,CIC_FAM13_WHY_TRUST_MATTERS,CIC_RG_RED,D2,UNDERSTAND,mcq,Why is a pipeline that fails randomly worse than no pipeline?,It wastes build minutes on every change,It hides which stage actually failed,People start re-running instead of reading,It delays every merge by several runs,C,People start re-running instead of reading,"The reflex becomes ""run it again"". A real failure then gets re-run too, and ships.",AUTHORED,
GB3_CIC_014,CI_CD,CIC_C05_ARTIFACT,CIC_F14_WHY_BUILD_ONCE,CIC_FAM14_WHY_ONE_ARTEFACT,CIC_RG_ARTIFACT,D2,UNDERSTAND,mcq,Why rebuild for production rather than promoting the tested build?,You should not — the rebuild is untested,To compile with production settings,To ensure the build is reproducible,To pick up the newest dependencies,A,You should not — the rebuild is untested,A rebuild is a different artefact. Everything you proved about the tested one no longer strictly applies.,AUTHORED,
GB3_CIC_015,CI_CD,CIC_C12_SMALL_CHANGES,CIC_F15_WHY_SMALL_IS_SAFER,CIC_FAM15_WHY_SMALL_RELEASES,CIC_RG_SMALL,D2,UNDERSTAND,mcq,Why is deploying ten times a day often safer than once a month?,Each release contains less that can break,The team practises deploying more often,There is less code written in between,Faults are found by users more quickly,A,Each release contains less that can break,"When something breaks, the suspect list is one change rather than two hundred. That is the whole argument.",AUTHORED,
GB3_CIC_016,CI_CD,CIC_C13_GATES,CIC_F16_WHY_GATES_BLOCK,CIC_FAM16_WHY_CHECKS_MUST_BLOCK,CIC_RG_GATES,D2,UNDERSTAND,mcq,Why must a quality check block the merge rather than just report?,A warning nobody must act on is ignored,Warnings cannot be recorded in the history,Reports are harder for the tool to produce,Blocking checks run faster than reporting ones,A,A warning nobody must act on is ignored,Advisory checks decay into background noise within a month. A gate is a decision you only make once.,AUTHORED,
GB3_CIC_017,CI_CD,CIC_C08_ROLLBACK,CIC_F17_WHY_ROLLBACK_ENABLES_SPEED,CIC_FAM17_WHY_REVERSIBILITY_HELPS,CIC_RG_ROLLBACK,D2,UNDERSTAND,mcq,How does a fast rollback let a team deploy more often?,Deployments can then run unattended,Failures stop reaching users at all,Fewer tests are needed before release,A mistake costs minutes instead of hours,D,A mistake costs minutes instead of hours,"Risk is likelihood times cost. Cheap recovery lowers the cost, so the same likelihood becomes acceptable.",AUTHORED,
GB3_CIC_018,CI_CD,CIC_C14_BRANCHING,CIC_F18_WHY_LONG_BRANCHES_FIGHT_CI,CIC_FAM18_WHY_BRANCH_LIFE_MATTERS,CIC_RG_BRANCHING,D2,UNDERSTAND,mcq,A team has a pipeline and three-week feature branches. Are they doing CI?,"No, because the branches are not tested","Yes, the pipeline runs on every branch",No — nothing is being integrated continuously,"Yes, provided the branches all pass",C,No — nothing is being integrated continuously,The pipeline is the tooling; integrating is the practice. Three weeks apart is the problem CI names.,AUTHORED,
GB3_CIC_019,CI_CD,CIC_C15_REPRODUCIBLE,CIC_F19_WHY_CLEAN_BUILDS,CIC_FAM19_WHY_A_FRESH_ENVIRONMENT,CIC_RG_REPRODUCIBLE,D2,UNDERSTAND,mcq,Why should a build run in a fresh environment each time?,Leftover state can make a broken build pass,It keeps the build machine tidy,Fresh environments run the build faster,It prevents two builds interfering,A,Leftover state can make a broken build pass,"A file left behind by yesterday can be the only reason today works, and nobody finds out until it is gone.",AUTHORED,
GB3_CIC_020,CI_CD,CIC_C16_TOGGLE,CIC_F20_WHY_DEPLOY_NOT_RELEASE,CIC_FAM20_WHY_SEPARATING_THE_TWO,CIC_RG_TOGGLE,D2,UNDERSTAND,mcq,Why separate deploying code from releasing a feature?,Unfinished work can ship while staying hidden,The pipeline runs fewer stages that way,Releases can be tested more thoroughly,Deployments then need no approval,A,Unfinished work can ship while staying hidden,It is what lets a team merge daily without waiting for a feature to be finished. The branch stays short.,AUTHORED,
GB3_CIC_021,CI_CD,CIC_C03_PIPELINE,CIC_F21_ORDER_THE_STAGES,CIC_FAM21_ORDERING_STAGES,CIC_RG_PIPELINE,D3,APPLY,mcq,In what order should pipeline stages run?,"Cheapest and most likely to fail, first","Most important to the product, first","Slowest first, so they finish sooner",In the order the team wrote them,A,"Cheapest and most likely to fail, first",Fail fast. Linting in ten seconds before a twenty-minute suite saves twenty minutes on every bad push.,AUTHORED,
GB3_CIC_022,CI_CD,CIC_C11_SPEED,CIC_F22_SPEED_IT_UP,CIC_FAM22_MAKING_IT_FASTER,CIC_RG_SPEED,D3,APPLY,mcq,"A pipeline takes 30 minutes, mostly tests. What is the first thing to try?",Remove the slowest tests from it,Run the independent tests in parallel,Run the pipeline only on merges,Use a faster build machine,B,Run the independent tests in parallel,Parallelism is the change that costs no coverage. Deleting tests and running less often both cost confidence.,AUTHORED,
GB3_CIC_023,CI_CD,CIC_C13_GATES,CIC_F23_WHAT_BLOCKS_A_MERGE,CIC_FAM23_CHOOSING_GATES,CIC_RG_GATES,D3,APPLY,mcq,Which check most deserves to block a merge?,The coverage percentage being met,The test suite for the affected code,The code formatting being consistent,The commit message being well formed,B,The test suite for the affected code,"Gate on correctness. Formatting is better fixed automatically than refused, and coverage targets game themselves.",AUTHORED,
GB3_CIC_024,CI_CD,CIC_C09_SECRETS,CIC_F24_PROTECT_FORK_BUILDS,CIC_FAM24_SECURING_A_PIPELINE,CIC_RG_SECRETS,D3,APPLY,mcq,Your pipeline runs on pull requests from outside contributors. What must you avoid?,Building their code automatically,Giving their build access to your secrets,Letting them see the pipeline logs,Running their tests on your machines,B,Giving their build access to your secrets,"Their code runs in your pipeline. With secrets in scope, a pull request is a way to print your keys.",AUTHORED,
GB3_CIC_025,CI_CD,CIC_C05_ARTIFACT,CIC_F25_PROMOTE_THE_BUILD,CIC_FAM25_PROMOTING,CIC_RG_ARTIFACT,D3,APPLY,mcq,How should the same code reach staging and then production?,A rebuild triggered by the approval,One build per environment branch,One artefact promoted from one to the other,Two builds from the same commit,C,One artefact promoted from one to the other,The identical bytes that passed staging go to production. Anything else reintroduces the difference.,AUTHORED,
GB3_CIC_026,CI_CD,CIC_C17_DB_MIGRATION,CIC_F26_MIGRATIONS_IN_PIPELINE,CIC_FAM26_HANDLING_SCHEMA_CHANGE,CIC_RG_MIGRATION,D3,APPLY,mcq,A release needs a schema change. What makes it safe to deploy continuously?,The deployment pauses for the migration,The change works with the old code too,The migration runs after the deployment,The old version is removed first,B,The change works with the old code too,"Backwards-compatible migrations. During any rollout both versions are live, so both must work.",AUTHORED,
GB3_CIC_027,CI_CD,CIC_C18_CONFIG_AS_CODE,CIC_F27_PIPELINE_IN_REPO,CIC_FAM27_STORING_THE_PIPELINE,CIC_RG_CONFIG_CODE,D3,APPLY,mcq,Where should the pipeline definition live?,In a separate configuration repository,In the CI server’s own settings,In the deployment documentation,"In the repository, with the code",D,"In the repository, with the code","Then it is reviewed, versioned, and branches can change it alongside the code that needs the change.",AUTHORED,
GB3_CIC_028,CI_CD,CIC_C19_NOTIFICATION,CIC_F28_WHO_TO_TELL,CIC_FAM28_REPORTING_FAILURES,CIC_RG_NOTIFICATION,D3,APPLY,mcq,Who should be told when a build fails?,Whoever made the change that broke it,The person who owns the pipeline,"The whole team, on every failure",Nobody — the dashboard shows it,A,Whoever made the change that broke it,Targeted and immediate. Notifying everyone about everything trains the whole team to filter the channel.,AUTHORED,
GB3_CIC_029,CI_CD,CIC_C20_CACHE,CIC_F29_CACHE_DEPENDENCIES,CIC_FAM29_REUSING_WORK,CIC_RG_CACHE,D3,APPLY,mcq,Every build spends eight minutes downloading the same dependencies. What helps?,Reducing how many there are,Caching them between the runs,Committing them to the repository,Running the builds less often,B,Caching them between the runs,"Keyed on the lock file so it invalidates when the dependencies genuinely change, and not before.",AUTHORED,
GB3_CIC_030,CI_CD,CIC_C21_MAIN_PROTECTION,CIC_F30_PROTECT_THE_MAINLINE,CIC_FAM30_GUARDING_MAIN,CIC_RG_MAIN,D3,APPLY,mcq,How do you keep the mainline from going red?,Ask the team to run the tests locally,Run the pipeline after every merge,Review every change before it lands,Require the checks to pass before merging,D,Require the checks to pass before merging,"Enforced, not requested. Running after the merge tells you it is broken once it already is.",AUTHORED,
GB3_CIC_031,CI_CD,CIC_C06_RED,CIC_F31_RERUN_CULTURE,CIC_FAM31_DIAGNOSE_LOST_TRUST,CIC_RG_RED,D4,ANALYZE,mcq,The team’s first response to a red build is to press re-run. What does that tell you?,The pipeline has stopped being believed,The tests are too slow to debug,The failures are hard to read,The build machines are unreliable,A,The pipeline has stopped being believed,"It has become a coin toss to be repeated until it agrees with them, which is no signal at all.",AUTHORED,
GB3_CIC_032,CI_CD,CIC_C15_REPRODUCIBLE,CIC_F32_WORKS_LOCALLY,CIC_FAM32_DIAGNOSE_AN_ENVIRONMENT_GAP,CIC_RG_REPRODUCIBLE,D4,ANALYZE,mcq,Tests pass locally and fail in CI. What is the usual reason?,The CI configuration is out of date,Something exists locally that CI does not have,The tests run in a different order in CI,The CI machines are slower than laptops,B,Something exists locally that CI does not have,"A file, a variable, an installed tool, a running service. CI is the honest environment; your laptop is not.",AUTHORED,
GB3_CIC_033,CI_CD,CIC_C22_PARALLEL,CIC_F33_SHARED_RESOURCE,CIC_FAM33_DIAGNOSE_PARALLEL_FAILURE,CIC_RG_PARALLEL,D4,ANALYZE,mcq,Builds started failing only after they were parallelised. What is the likely cause?,The test suite is too large to split,The parallel stages run out of order,The machines have too little memory,They share a database or another resource,D,They share a database or another resource,"Sequentially, sharing one database was invisible. In parallel, two runs truncate each other’s tables.",AUTHORED,
GB3_CIC_034,CI_CD,CIC_C05_ARTIFACT,CIC_F34_DIFFERENT_IN_PRODUCTION,CIC_FAM34_DIAGNOSE_A_PROMOTION_GAP,CIC_RG_ARTIFACT,D4,ANALYZE,mcq,A release passed staging and failed in production with a dependency error. What would you check?,Whether the deployment order differed,Whether production has less memory,Whether staging skipped some tests,Whether production got a rebuilt artefact,D,Whether production got a rebuilt artefact,A rebuild an hour later can resolve a dependency differently. Promotion of one artefact removes the question.,AUTHORED,
GB3_CIC_035,CI_CD,CIC_C14_BRANCHING,CIC_F35_MERGE_HELL,CIC_FAM35_DIAGNOSE_INTEGRATION_PAIN,CIC_RG_BRANCHING,D4,ANALYZE,mcq,Merges routinely take a day to resolve. What is the underlying cause?,People are editing the same files,The merge tool is configured badly,Branches are living far too long,The team is too large for one repository,C,Branches are living far too long,A day of conflicts is weeks of divergence presenting its bill. The fix is upstream of the merge.,AUTHORED,
GB3_CIC_036,CI_CD,CIC_C23_GREEN_FALSE,CIC_F36_TESTS_NOT_RUNNING,CIC_FAM36_DIAGNOSE_A_FALSE_GREEN,CIC_RG_GREEN_FALSE,D4,ANALYZE,mcq,The pipeline is green but a broken change reached production. What should you check first?,Whether the deployment used that build,Whether the tests actually ran at all,Whether the tests cover that code,Whether production differs from staging,B,Whether the tests actually ran at all,All four are candidates. A stage that exits 0 because it found no tests is the one people never suspect.,AUTHORED,
GB3_CIC_037,CI_CD,CIC_C09_SECRETS,CIC_F37_SECRET_IN_LOGS,CIC_FAM37_DIAGNOSE_A_LEAK,CIC_RG_SECRETS,D4,ANALYZE,mcq,A token appeared in a public build log. What is the necessary response?,Rotate it — it must be treated as public,Make the build logs private in future,Add the token to the masking list,Delete the log and keep using the token,A,Rotate it — it must be treated as public,The last two are worth doing afterwards. Neither of them un-publishes a credential that was already shown.,AUTHORED,
GB3_CIC_038,CI_CD,CIC_C11_SPEED,CIC_F38_QUEUE_BUILDING,CIC_FAM38_DIAGNOSE_A_QUEUE,CIC_RG_SPEED,D4,ANALYZE,mcq,Builds now wait 20 minutes before they even start. What is happening?,Demand has outgrown the available runners,The repository has become too large,The triggers are configured incorrectly,The pipeline has too many stages now,A,Demand has outgrown the available runners,Queue time is invisible in the build duration and is felt exactly the same by the person waiting.,AUTHORED,
GB3_CIC_039,CI_CD,CIC_C17_DB_MIGRATION,CIC_F39_MIGRATION_BROKE_OLD,CIC_FAM39_DIAGNOSE_A_ROLLOUT_FAILURE,CIC_RG_MIGRATION,D4,ANALYZE,mcq,Errors appear during a rolling deployment and stop once it completes. Why?,The schema change broke the older version,The load balancer was misconfigured,The old instances ran out of memory,The new version needs a warm cache,A,The schema change broke the older version,"Both versions run at once during a rollout, and a column dropped for the new one breaks the old one.",AUTHORED,
GB3_CIC_040,CI_CD,CIC_C24_MANUAL_STEP,CIC_F40_UNDOCUMENTED_STEP,CIC_FAM40_DIAGNOSE_A_MANUAL_GAP,CIC_RG_MANUAL,D4,ANALYZE,mcq,Deployments work when one particular engineer does them. What does that indicate?,They have permissions others lack,They deploy at a quieter time of day,They check more carefully than others,"A step is in their head, not the pipeline",D,"A step is in their head, not the pipeline","The pipeline is incomplete and a person is silently filling the gap, until the week they are on leave.",AUTHORED,
GB3_CIC_041,CI_CD,CIC_C25_HOW_MUCH,CIC_F41_WHAT_TO_AUTOMATE,CIC_FAM41_JUDGING_SCOPE,CIC_RG_HOW_MUCH,D5,EVALUATE,mcq,What is worth automating in a pipeline first?,Whatever the tooling makes easiest,Whatever takes the longest to do by hand,Whatever the team finds most tedious,Whatever is done often and gets done wrong,D,Whatever is done often and gets done wrong,Frequency times error rate. A fiddly step done twice a year may be cheaper as a written checklist.,AUTHORED,
GB3_CIC_042,CI_CD,CIC_C26_APPROVAL,CIC_F42_MANUAL_APPROVAL,CIC_FAM42_JUDGING_GATES,CIC_RG_APPROVAL,D5,EVALUATE,mcq,When is a manual approval before production genuinely useful?,"On every deployment, as a safety net",When a person adds judgement a check cannot,When the release is larger than usual,When the team is new to deploying,B,When a person adds judgement a check cannot,"An approval that is always given is a delay pretending to be a control, and it trains people to click through.",AUTHORED,
GB3_CIC_043,CI_CD,CIC_C27_CONTEXT,CIC_F43_NOT_EVERY_TEAM,CIC_FAM43_JUDGING_APPLICABILITY,CIC_RG_CONTEXT,D5,EVALUATE,mcq,Where is continuous deployment a poor fit?,Where the team is smaller than five people,Where the system has many dependencies,Where the codebase is more than a decade old,Where a release must be certified before use,D,Where a release must be certified before use,"Medical devices, aviation, some financial systems. Continuous delivery still applies; the last step does not.",AUTHORED,
GB3_CIC_044,CI_CD,CIC_C28_METRICS,CIC_F44_WHAT_TO_MEASURE,CIC_FAM44_JUDGING_HEALTH,CIC_RG_METRICS,D5,EVALUATE,mcq,Which pair best describes a delivery process’s health?,How often you ship and how fast you recover,How many releases and how many rollbacks,How long a build takes and how many tests,How many builds run and how many pass,A,How often you ship and how fast you recover,Frequency and recovery time together resist gaming. Either alone can be improved by doing less.,AUTHORED,
GB3_CIC_045,CI_CD,CIC_C11_SPEED,CIC_F45_SPEED_VERSUS_COVERAGE,CIC_FAM45_JUDGING_THE_TRADE,CIC_RG_SPEED,D5,EVALUATE,mcq,How do you resolve wanting both a fast pipeline and thorough checks?,Remove the checks that rarely catch anything,Run everything but allow merges meanwhile,"Run the fast ones per push, the rest less often",Accept a slower pipeline for the coverage,C,"Run the fast ones per push, the rest less often",Split by feedback need. Quick checks gate the merge; long suites run nightly or before a release.,AUTHORED,
GB3_CIC_046,CI_CD,CIC_C16_TOGGLE,CIC_F46_TOGGLE_DEBT,CIC_FAM46_JUDGING_TOGGLES,CIC_RG_TOGGLE,D5,EVALUATE,mcq,What is the cost of feature toggles?,They slow the application down at runtime,Each one doubles the paths to reason about,They must be configured per environment,They cannot be tested before release,B,Each one doubles the paths to reason about,"Ten toggles is a thousand combinations, most never tested. They are debt with a removal date.",AUTHORED,
GB3_CIC_047,CI_CD,CIC_C29_CULTURE,CIC_F47_TOOLING_IS_NOT_PRACTICE,CIC_FAM47_JUDGING_ADOPTION,CIC_RG_CULTURE,D5,EVALUATE,mcq,A team installs a CI server and nothing improves. What was missed?,The configuration of the pipeline stages,The habits the tool was meant to support,The training needed to use the tool,The budget for enough build machines,B,The habits the tool was meant to support,Buying the tool is the easy half. Merging daily and stopping to fix a red build is where the value is.,AUTHORED,
GB3_CIC_048,CI_CD,CIC_C30_COST,CIC_F48_PIPELINE_MAINTENANCE,CIC_FAM48_JUDGING_UPKEEP,CIC_RG_COST,D5,EVALUATE,mcq,What do teams most often underestimate about pipelines?,That they need a specialist to build,That they must be documented fully,That they require dedicated hardware,That they need maintaining like any code,D,That they need maintaining like any code,"It rots like anything else, and a pipeline nobody maintains becomes a pipeline nobody trusts.",AUTHORED,
GB3_CIC_049,CI_CD,CIC_C26_APPROVAL,CIC_F49_WHO_DEPLOYS,CIC_FAM49_JUDGING_OWNERSHIP,CIC_RG_APPROVAL,D5,EVALUATE,mcq,Who should be able to deploy to production?,Only a release manager or lead,"Anyone on the team, through the pipeline",Only the operations team on request,Only the engineer who owns the service,B,"Anyone on the team, through the pipeline","Bottlenecking on one person makes deployment rare, which makes each one bigger and more dangerous.",AUTHORED,
GB3_CIC_050,CI_CD,CIC_C01_CI,CIC_F50_THE_POINT,CIC_FAM50_JUDGING_THE_WHOLE,CIC_RG_CI,D5,EVALUATE,mcq,What is the point of all of this?,Catching every defect before release,Deploying as many times as possible,Removing manual work from the team,Making a change safe enough to be routine,D,Making a change safe enough to be routine,Not zero defects and not maximum deployments. A release that is boring is the actual goal.,AUTHORED,
GB3_DEP_001,DEPLOYMENT,DEP_C01_WHAT,DEP_F01_WHAT_DEPLOYMENT_IS,DEP_FAM01_DEPLOYMENT_DEFINITION,DEP_RG_WHAT,D1,REMEMBER,mcq,What does deploying actually mean?,Building the code ready for release,Merging a change into the main branch,Putting a built version into an environment,Making a new feature visible to users,C,Putting a built version into an environment,"Deploying and releasing are different acts, and separating them is what lets teams ship unfinished work safely.",AUTHORED,
GB3_DEP_002,DEPLOYMENT,DEP_C02_ROLLING,DEP_F02_WHAT_ROLLING_IS,DEP_FAM02_ROLLING,DEP_RG_ROLLING,D1,REMEMBER,mcq,What is a rolling deployment?,Deploying to each environment in turn,Releasing to users in stages by region,Replacing instances a few at a time,Restarting all instances together,C,Replacing instances a few at a time,"The service stays up throughout, which is also why both versions are running during it.",AUTHORED,
GB3_DEP_003,DEPLOYMENT,DEP_C03_BLUE_GREEN,DEP_F03_WHAT_BLUE_GREEN_IS,DEP_FAM03_BLUE_GREEN,DEP_RG_BLUE_GREEN,D1,REMEMBER,mcq,What is a blue-green deployment?,Two regions receiving the release in turn,"Two full environments, with traffic switched over",Two versions running side by side permanently,"Two stages of a release, tested separately",B,"Two full environments, with traffic switched over","Switch the traffic, and switch it back if it goes wrong. Rollback becomes a routing change.",AUTHORED,
GB3_DEP_004,DEPLOYMENT,DEP_C04_CANARY,DEP_F04_WHAT_CANARY_IS,DEP_FAM04_CANARY,DEP_RG_CANARY,D1,REMEMBER,mcq,What is a canary release?,Releasing to internal staff before customers,Deploying at a time when traffic is lowest,Testing the new version before any traffic,Sending a small share of traffic to the new version,D,Sending a small share of traffic to the new version,A live experiment with a bounded blast radius. You are buying evidence with a small number of users.,AUTHORED,
GB3_DEP_005,DEPLOYMENT,DEP_C05_DOWNTIME,DEP_F05_WHAT_ZERO_DOWNTIME_NEEDS,DEP_FAM05_AVAILABILITY,DEP_RG_DOWNTIME,D1,REMEMBER,mcq,What does a zero-downtime deployment require?,A deployment that completes very quickly,A maintenance page during the switch,Old instances serving until new ones are ready,All instances restarting at the same moment,C,Old instances serving until new ones are ready,"Overlap. Something must be answering at every instant, which means two versions coexist by design.",AUTHORED,
GB3_DEP_006,DEPLOYMENT,DEP_C06_ROLLBACK,DEP_F06_ROLLBACK_MEANING,DEP_FAM06_ROLLBACK_BASICS,DEP_RG_ROLLBACK,D1,REMEMBER,mcq,What is the fastest way to recover from a bad release?,Disable the affected feature,Restart the running instances,Put the previous version back,Fix the fault and deploy again,C,Put the previous version back,"Roll back first, diagnose afterwards. Fixing forward under pressure is how one incident becomes two.",AUTHORED,
GB3_DEP_007,DEPLOYMENT,DEP_C07_MIGRATION,DEP_F07_SCHEMA_IS_SEPARATE,DEP_FAM07_SCHEMA_CHANGES,DEP_RG_MIGRATION,D1,REMEMBER,mcq,Why are database changes harder to deploy than code changes?,They need a different set of tools,They take much longer to apply,They cannot simply be rolled back,They require the service to stop,C,They cannot simply be rolled back,Code is replaceable; data is not. A dropped column does not come back when you redeploy yesterday’s build.,AUTHORED,
GB3_DEP_008,DEPLOYMENT,DEP_C08_HEALTH,DEP_F08_READINESS,DEP_FAM08_READINESS,DEP_RG_HEALTH,D1,REMEMBER,mcq,Why must a new instance report when it is ready?,So the deployment can be timed accurately,So the logs record the startup order,So traffic is not sent before it can serve,So the old instance knows when to stop,C,So traffic is not sent before it can serve,"Started is not ready. Without a readiness signal, a rollout sends real users to a warming instance.",AUTHORED,
GB3_DEP_009,DEPLOYMENT,DEP_C09_CONFIG,DEP_F09_CONFIG_PER_ENVIRONMENT,DEP_FAM09_CONFIGURATION,DEP_RG_CONFIG,D1,REMEMBER,mcq,What should differ between environments?,"The configuration, not the build","The build, compiled for each one","Neither, they should be identical","Both, since the needs differ",A,"The configuration, not the build","One artefact everywhere. The moment the build differs, staging stops being evidence about production.",AUTHORED,
GB3_DEP_010,DEPLOYMENT,DEP_C10_DRAIN,DEP_F10_GRACEFUL_SHUTDOWN,DEP_FAM10_SHUTDOWN,DEP_RG_DRAIN,D1,REMEMBER,mcq,What should an instance do when told to stop during a deployment?,Hand its connections to another instance,"Finish its current work, then exit",Refuse until the work is complete,Exit at once to free the slot,B,"Finish its current work, then exit","Stop accepting new requests, finish the ones in flight, then go. Otherwise every rollout drops some.",AUTHORED,
GB3_DEP_011,DEPLOYMENT,DEP_C11_TWO_VERSIONS,DEP_F11_WHY_BOTH_RUN,DEP_FAM11_WHY_OVERLAP_HAPPENS,DEP_RG_TWO_VERSIONS,D2,UNDERSTAND,mcq,"Why is ""two versions are live at once"" the key fact about rollouts?",It doubles the resources needed briefly,It means the logs mix two sources,It makes the deployment take longer,Everything shared between them must suit both,D,Everything shared between them must suit both,"Database, cache, queue, session store. Anything one version changes, the other has to survive.",AUTHORED,
GB3_DEP_012,DEPLOYMENT,DEP_C04_CANARY,DEP_F12_WHY_CANARY_HELPS,DEP_FAM12_WHY_A_SMALL_SHARE,DEP_RG_CANARY,D2,UNDERSTAND,mcq,What does a canary tell you that staging cannot?,Whether the build deploys successfully,How it behaves under real traffic and data,How long the deployment will take,Whether the tests pass in production,B,How it behaves under real traffic and data,"Real users do things no test author imagined, at volumes no staging environment reproduces.",AUTHORED,
GB3_DEP_013,DEPLOYMENT,DEP_C06_ROLLBACK,DEP_F13_WHY_RECOVERY_BEATS_PREVENTION,DEP_FAM13_WHY_RECOVERY_MATTERS,DEP_RG_ROLLBACK,D2,UNDERSTAND,mcq,Why do mature teams focus on recovery time rather than preventing all failures?,"Failures cannot be eliminated, only made cheap",Users forgive outages that are brief,Recovery is easier to measure accurately,Prevention requires more testing effort,A,"Failures cannot be eliminated, only made cheap",You can halve the cost of a bad release far more reliably than you can halve their likelihood.,AUTHORED,
GB3_DEP_014,DEPLOYMENT,DEP_C07_MIGRATION,DEP_F14_WHY_EXPAND_CONTRACT,DEP_FAM14_WHY_SCHEMA_TAKES_THREE_STEPS,DEP_RG_MIGRATION,D2,UNDERSTAND,mcq,Why is renaming a column a three-release job?,The old data has to be copied across,Both names must work while both versions run,The index must be rebuilt separately,The rename itself takes a long time,B,Both names must work while both versions run,"Add, write both and backfill, then remove. Doing it in one release breaks whichever version loses the race.",AUTHORED,
GB3_DEP_015,DEPLOYMENT,DEP_C03_BLUE_GREEN,DEP_F15_WHY_BLUE_GREEN_COSTS,DEP_FAM15_WHY_TWO_ENVIRONMENTS_COST,DEP_RG_BLUE_GREEN,D2,UNDERSTAND,mcq,What is the main cost of blue-green deployment?,Running two full environments at once,The traffic switch taking a long time,Users losing their sessions at cutover,The inability to roll back quickly,A,Running two full environments at once,"Double the infrastructure during the switch, which is why it suits systems where an instant rollback is worth it.",AUTHORED,
GB3_DEP_016,DEPLOYMENT,DEP_C12_SMALL,DEP_F16_WHY_SMALL_RELEASES,DEP_FAM16_WHY_SIZE_MATTERS,DEP_RG_SMALL,D2,UNDERSTAND,mcq,Why is a small release easier to recover from?,It touches fewer parts of the system,It can be deployed more quickly,There is only one thing it could have been,It is reviewed more carefully first,C,There is only one thing it could have been,Diagnosis is a search. One change means no search at all; two hundred changes means an evening of bisecting.,AUTHORED,
GB3_DEP_017,DEPLOYMENT,DEP_C13_STATELESS,DEP_F17_WHY_STATELESS_HELPS,DEP_FAM17_WHY_STATE_COMPLICATES,DEP_RG_STATELESS,D2,UNDERSTAND,mcq,Why are stateless services easier to deploy?,They use less memory while running,They do not need health checks,They start up more quickly than others,Any instance can be replaced at any time,D,Any instance can be replaced at any time,Sessions held in memory turn every rollout into a choice about whose session to destroy.,AUTHORED,
GB3_DEP_018,DEPLOYMENT,DEP_C14_OBSERVABILITY,DEP_F18_WHY_WATCH_AFTER,DEP_FAM18_WHY_MONITORING_A_RELEASE,DEP_RG_OBSERVABILITY,D2,UNDERSTAND,mcq,Why is a deployment not finished when the pipeline goes green?,The rollout may still be in progress,Many faults only appear under real use,The caches have not yet warmed up,The pipeline cannot verify production,B,Many faults only appear under real use,Green means it deployed. Whether it works is answered by the error rate over the next twenty minutes.,AUTHORED,
GB3_DEP_019,DEPLOYMENT,DEP_C15_TIMING,DEP_F19_WHY_FRIDAY_IS_A_SYMPTOM,DEP_FAM19_WHY_TIMING_FEARS_EXIST,DEP_RG_TIMING,D2,UNDERSTAND,mcq,What does a rule against Friday deployments really tell you?,The team cannot recover quickly enough,The releases are tested insufficiently,The team deploys too often already,The system has too many dependencies,A,The team cannot recover quickly enough,The fear is rational given the recovery time. Fix the recovery and the day of the week stops mattering.,AUTHORED,
GB3_DEP_020,DEPLOYMENT,DEP_C16_AUTOMATION,DEP_F20_WHY_AUTOMATE,DEP_FAM20_WHY_MANUAL_DEPLOYS_FAIL,DEP_RG_AUTOMATION,D2,UNDERSTAND,mcq,Why is a documented manual deployment still a problem?,A step will be skipped under pressure,It takes longer than an automated one,Documents are hard to keep updated,It requires a specific person to do it,A,A step will be skipped under pressure,"All four are true. The first is the one that causes outages, and always at the worst moment.",AUTHORED,
GB3_DEP_021,DEPLOYMENT,DEP_C07_MIGRATION,DEP_F21_ADD_A_COLUMN_SAFELY,DEP_FAM21_APPLYING_EXPAND_CONTRACT,DEP_RG_MIGRATION,D3,APPLY,mcq,You must remove a column the current code still reads. What is the order?,"Drop it, then release the new code",Drop it and release at the same time,"Release the new code, then drop it at once","Stop reading it, release, then drop it",D,"Stop reading it, release, then drop it",The code change ships and settles first. Only when nothing reads it is dropping it safe.,AUTHORED,
GB3_DEP_022,DEPLOYMENT,DEP_C04_CANARY,DEP_F22_WHAT_TO_WATCH,DEP_FAM22_RUNNING_A_CANARY,DEP_RG_CANARY,D3,APPLY,mcq,You send 5% of traffic to a new version. What decides whether to continue?,How long it has run without alerts,Whether the instances stay healthy,Whether any errors appear at all,Its error rate and latency against the rest,D,Its error rate and latency against the rest,Compared against the other 95% running concurrently. An absolute error count says nothing without a baseline.,AUTHORED,
GB3_DEP_023,DEPLOYMENT,DEP_C10_DRAIN,DEP_F23_DRAIN_BEFORE_STOP,DEP_FAM23_STOPPING_CLEANLY,DEP_RG_DRAIN,D3,APPLY,mcq,Requests fail during every rollout. What is the likely missing step?,Deploying at a time with less traffic,Removing the instance from the pool before stopping,Increasing the number of instances first,Waiting longer between each batch of instances,B,Removing the instance from the pool before stopping,"Stop the traffic, then stop the process. Killing an instance still in the pool drops whatever it was serving.",AUTHORED,
GB3_DEP_024,DEPLOYMENT,DEP_C17_FEATURE_FLAG,DEP_F24_SHIP_DARK,DEP_FAM24_SEPARATING_RELEASE,DEP_RG_FLAG,D3,APPLY,mcq,A feature is half built but you want to keep merging. What do you do?,Deploy it only to staging for now,Keep it on a branch until finished,Ship it switched off behind a flag,Merge it and revert before release,C,Ship it switched off behind a flag,The branch stays short and the code is exercised in production paths long before anybody sees it.,AUTHORED,
GB3_DEP_025,DEPLOYMENT,DEP_C06_ROLLBACK,DEP_F25_PRACTISE_IT,DEP_FAM25_PREPARING_TO_RECOVER,DEP_RG_ROLLBACK,D3,APPLY,mcq,How do you know your rollback actually works?,By having done one recently on purpose,By testing it in the staging environment,By keeping the previous artefact available,By reviewing the rollback procedure,A,By having done one recently on purpose,"An untested rollback is a plan, not a capability, and the first attempt is always during an incident.",AUTHORED,
GB3_DEP_026,DEPLOYMENT,DEP_C18_QUEUE,DEP_F26_MESSAGE_COMPATIBILITY,DEP_FAM26_DEPLOYING_WITH_QUEUES,DEP_RG_QUEUE,D3,APPLY,mcq,A release changes a queue message format. What must hold during the rollout?,The queue is drained before the release,The new consumers can read the old messages,The producers are deployed after consumers,The messages are versioned by the sender,B,The new consumers can read the old messages,Messages written by the old version are still in the queue when the new consumers start reading it.,AUTHORED,
GB3_DEP_027,DEPLOYMENT,DEP_C08_HEALTH,DEP_F27_WRITE_A_GOOD_CHECK,DEP_FAM27_DESIGNING_HEALTH_CHECKS,DEP_RG_HEALTH,D3,APPLY,mcq,What should a readiness check actually verify?,That the configuration was loaded,That the port is accepting connections,That the process has finished starting,That the instance can serve a real request,D,That the instance can serve a real request,A check returning OK unconditionally is how an instance with no database connection receives traffic.,AUTHORED,
GB3_DEP_028,DEPLOYMENT,DEP_C19_STATIC,DEP_F28_ASSET_VERSIONING,DEP_FAM28_DEPLOYING_FRONT_ENDS,DEP_RG_STATIC,D3,APPLY,mcq,"During a front-end rollout, a page loads a file that no longer exists. What prevents this?",Clearing the browser cache on release,Serving the files from one server only,Keeping the old files available after release,Deploying all the files simultaneously,C,Keeping the old files available after release,A page loaded a minute ago asks for its own chunks. Deleting the old build strands everyone mid-session.,AUTHORED,
GB3_DEP_029,DEPLOYMENT,DEP_C14_OBSERVABILITY,DEP_F29_MARK_THE_RELEASE,DEP_FAM29_CORRELATING_RELEASES,DEP_RG_OBSERVABILITY,D3,APPLY,mcq,What makes it easy to tell whether a release caused a problem?,Marking deployments on the same graphs,Keeping a list of what each release held,Deploying only at scheduled times,Recording the release in a changelog,A,Marking deployments on the same graphs,A vertical line on the error graph answers in one second what log archaeology answers in an hour.,AUTHORED,
GB3_DEP_030,DEPLOYMENT,DEP_C20_BACKFILL,DEP_F30_LONG_MIGRATIONS,DEP_FAM30_HANDLING_LARGE_DATA_CHANGES,DEP_RG_BACKFILL,D3,APPLY,mcq,A data change will take six hours over millions of rows. How should it run?,"In batches, separately from the deployment",In one transaction during a quiet period,"After the deployment, in a single pass","Inside the deployment, before it completes",A,"In batches, separately from the deployment",Decoupled and resumable. A six-hour step inside a release is a six-hour window where nothing can be rolled back.,AUTHORED,
GB3_DEP_031,DEPLOYMENT,DEP_C11_TWO_VERSIONS,DEP_F31_ERRORS_DURING_ONLY,DEP_FAM31_DIAGNOSE_ROLLOUT_ERRORS,DEP_RG_TWO_VERSIONS,D4,ANALYZE,mcq,Errors appear during every rollout and vanish once it finishes. What does that mean?,The rollout is happening too quickly,The new version starts too slowly,The two versions are not compatible,The load balancer is misconfigured,C,The two versions are not compatible,Errors bounded exactly by the rollout window is the signature. Something shared cannot serve both versions.,AUTHORED,
GB3_DEP_032,DEPLOYMENT,DEP_C07_MIGRATION,DEP_F32_CANNOT_ROLL_BACK,DEP_FAM32_DIAGNOSE_A_BLOCKED_ROLLBACK,DEP_RG_MIGRATION,D4,ANALYZE,mcq,A release is bad but rolling back would lose data. What went wrong earlier?,The migration ran too slowly to interrupt,The backup was not taken before deploying,The release was larger than it should have been,The schema change was not backwards compatible,D,The schema change was not backwards compatible,"The decision that trapped you was made when the migration was written, not when the release failed.",AUTHORED,
GB3_DEP_033,DEPLOYMENT,DEP_C13_STATELESS,DEP_F33_LOGGED_OUT,DEP_FAM33_DIAGNOSE_SESSION_LOSS,DEP_RG_STATELESS,D4,ANALYZE,mcq,Users are logged out every time you deploy. What is the cause?,The session cookie expires on release,The authentication service restarts too,Sessions are held in the instance memory,The new version uses a different secret,C,Sessions are held in the instance memory,"The last is also possible. Memory-held sessions is the common one, and it makes every rollout user-visible.",AUTHORED,
GB3_DEP_034,DEPLOYMENT,DEP_C08_HEALTH,DEP_F34_TRAFFIC_TOO_EARLY,DEP_FAM34_DIAGNOSE_EARLY_TRAFFIC,DEP_RG_HEALTH,D4,ANALYZE,mcq,New instances return errors for their first few seconds. What is missing?,A readiness check gating the traffic,A warm-up request after starting,A longer pause between the batches,A higher memory limit at startup,A,A readiness check gating the traffic,"The platform sent traffic as soon as the process existed, because nothing told it to wait for anything more.",AUTHORED,
GB3_DEP_035,DEPLOYMENT,DEP_C09_CONFIG,DEP_F35_MISSING_CONFIG,DEP_FAM35_DIAGNOSE_A_CONFIG_GAP,DEP_RG_CONFIG,D4,ANALYZE,mcq,A release works in staging and fails in production on a missing setting. What would prevent this?,Failing at startup when a setting is absent,Adding a default value for the setting,Documenting the settings each release needs,Copying the staging configuration across,A,Failing at startup when a setting is absent,"Fail loudly at boot rather than at the first request that needs it, which may be hours later.",AUTHORED,
GB3_DEP_036,DEPLOYMENT,DEP_C21_PARTIAL,DEP_F36_STUCK_ROLLOUT,DEP_FAM36_DIAGNOSE_A_PARTIAL_ROLLOUT,DEP_RG_PARTIAL,D4,ANALYZE,mcq,A rollout stops with half the instances on each version. What state are you in?,Effectively rolled back to the old version,Safely paused until somebody intervenes,Running the new version for all new requests,"Both versions serving, which may be worse than either",D,"Both versions serving, which may be worse than either",A stuck rollout is not a safe resting place. Decide quickly: complete it or roll it back.,AUTHORED,
GB3_DEP_037,DEPLOYMENT,DEP_C19_STATIC,DEP_F37_MIXED_ASSETS,DEP_FAM37_DIAGNOSE_A_BROKEN_PAGE,DEP_RG_STATIC,D4,ANALYZE,mcq,"After a release, some users see a page with broken styling until they refresh. Why?",The stylesheet failed to deploy correctly,The browser cached the wrong stylesheet,Their cached page references replaced files,The new styles conflict with the old ones,C,Their cached page references replaced files,An old page in an open tab asking for files the new release renamed. Keeping both builds available avoids it.,AUTHORED,
GB3_DEP_038,DEPLOYMENT,DEP_C22_DEPENDENCY_ORDER,DEP_F38_WRONG_ORDER,DEP_FAM38_DIAGNOSE_SERVICE_ORDER,DEP_RG_ORDER,D4,ANALYZE,mcq,"Service A was deployed expecting a new field from service B, which is not yet deployed. What broke?",The two services use different versions,The field was named inconsistently,The consumer shipped before the provider,The services were deployed too quickly,C,The consumer shipped before the provider,"Provider first, consumer second, and the consumer tolerant of the field’s absence until it is everywhere.",AUTHORED,
GB3_DEP_039,DEPLOYMENT,DEP_C23_SCALE_UP,DEP_F39_COLD_AFTER_DEPLOY,DEP_FAM39_DIAGNOSE_POST_RELEASE_LOAD,DEP_RG_SCALE_UP,D4,ANALYZE,mcq,The database load spikes for ten minutes after every deployment. What explains it?,The old connections are not closed,The new instances start with empty caches,The migration runs after the deployment,The health checks query the database,B,The new instances start with empty caches,Every rollout is a cold start for anything cached in process. Either warm them or move the cache out.,AUTHORED,
GB3_DEP_040,DEPLOYMENT,DEP_C17_FEATURE_FLAG,DEP_F40_FLAG_NEVER_REMOVED,DEP_FAM40_DIAGNOSE_FLAG_DEBT,DEP_RG_FLAG,D4,ANALYZE,mcq,"A codebase has sixty flags, most permanently on. What has that cost?",Confusion about which features exist,Slower evaluation on every request,Paths that exist but are never exercised,A larger configuration to maintain,C,Paths that exist but are never exercised,The off branches still compile and nobody tests them. Turning one off in an incident is then a gamble.,AUTHORED,
GB3_DEP_041,DEPLOYMENT,DEP_C24_STRATEGY_CHOICE,DEP_F41_WHICH_STRATEGY,DEP_FAM41_JUDGING_A_STRATEGY,DEP_RG_STRATEGY,D5,EVALUATE,mcq,"What should decide between rolling, blue-green and canary?",How many instances you are running,What a bad release would cost you here,Which one the platform supports best,How often you deploy each week,B,What a bad release would cost you here,An internal tool and a payment system have the same options and completely different right answers.,AUTHORED,
GB3_DEP_042,DEPLOYMENT,DEP_C25_MATURITY,DEP_F42_START_SIMPLE,DEP_FAM42_JUDGING_SOPHISTICATION,DEP_RG_MATURITY,D5,EVALUATE,mcq,A small team asks whether to build canary deployments. What is the honest answer?,"No, canaries only suit large systems","Yes, provided the traffic is high enough","Yes, it is the safest available approach",Get a reliable rollback working first,D,Get a reliable rollback working first,"A canary detects a bad release. Without a fast rollback, detecting it early does not help very much.",AUTHORED,
GB3_DEP_043,DEPLOYMENT,DEP_C15_TIMING,DEP_F43_WHEN_TO_DEPLOY,DEP_FAM43_JUDGING_TIMING,DEP_RG_TIMING,D5,EVALUATE,mcq,When is the best time to deploy?,At a fixed time the team has agreed,As soon as the change has been merged,When the people who can fix it are available,When the traffic is at its lowest point,C,When the people who can fix it are available,Deploying into the quiet hours means fewer users affected and nobody awake to notice for six hours.,AUTHORED,
GB3_DEP_044,DEPLOYMENT,DEP_C26_BLAME,DEP_F44_AFTER_A_BAD_RELEASE,DEP_FAM44_JUDGING_A_RESPONSE,DEP_RG_BLAME,D5,EVALUATE,mcq,A release caused an outage. What is the most useful response afterwards?,Identifying who made the mistake,Increasing the testing before release,Asking what let it through undetected,Adding an approval step before release,C,Asking what let it through undetected,The person will be more careful for a fortnight. The gap in the process will be there next year.,AUTHORED,
GB3_DEP_045,DEPLOYMENT,DEP_C27_FREQUENCY,DEP_F45_MORE_OFTEN_IS_SAFER,DEP_FAM45_JUDGING_FREQUENCY,DEP_RG_FREQUENCY,D5,EVALUATE,mcq,Why does deploying more often tend to reduce risk?,There is less time for defects to appear,The team writes more careful code,Each release is smaller and better practised,Users report problems more quickly,C,Each release is smaller and better practised,"Counterintuitive and well evidenced. Rare deployments are large, unpractised and therefore dangerous.",AUTHORED,
GB3_DEP_046,DEPLOYMENT,DEP_C28_IRREVERSIBLE,DEP_F46_SOME_THINGS_CANNOT_UNDO,DEP_FAM46_JUDGING_IRREVERSIBILITY,DEP_RG_IRREVERSIBLE,D5,EVALUATE,mcq,Which release needs the most caution?,One that changes data in a way you cannot undo,One that touches the most source files,One that includes a new dependency,One that has been waiting the longest,A,One that changes data in a way you cannot undo,Everything else can be rolled back. Deleted data and sent emails are the ones that do not come back.,AUTHORED,
GB3_DEP_047,DEPLOYMENT,DEP_C24_STRATEGY_CHOICE,DEP_F47_DOWNTIME_IS_ALLOWED,DEP_FAM47_JUDGING_ACCEPTABLE_DOWNTIME,DEP_RG_STRATEGY,D5,EVALUATE,mcq,Is a short maintenance window ever the right choice?,"Yes, when it is far simpler and users accept it","No, zero downtime is always achievable","Yes, but only for internal systems","No, users never tolerate any downtime",A,"Yes, when it is far simpler and users accept it","An internal tool at 3am on a Sunday. Zero-downtime machinery has a cost, and sometimes it is not worth paying.",AUTHORED,
GB3_DEP_048,DEPLOYMENT,DEP_C14_OBSERVABILITY,DEP_F48_KNOW_IT_BROKE,DEP_FAM48_JUDGING_DETECTION,DEP_RG_OBSERVABILITY,D5,EVALUATE,mcq,What is the most dangerous kind of bad release?,One that takes the whole service down,One that affects only some users,One whose damage is not visible for days,One that requires a manual rollback,C,One whose damage is not visible for days,A total outage is noticed in ninety seconds. Data quietly corrupted for a week is the one that ends careers.,AUTHORED,
GB3_DEP_049,DEPLOYMENT,DEP_C16_AUTOMATION,DEP_F49_WHAT_GOOD_LOOKS_LIKE,DEP_FAM49_JUDGING_A_GOOD_PROCESS,DEP_RG_AUTOMATION,D5,EVALUATE,mcq,What does a healthy deployment process feel like?,"Boring, and done without an audience","Quick, with everyone on standby","Rare, and thoroughly prepared for","Careful, with several people watching",A,"Boring, and done without an audience",Boring is the goal. A deployment that needs the team gathered is one nobody is confident about.,AUTHORED,
GB3_DEP_050,DEPLOYMENT,DEP_C11_TWO_VERSIONS,DEP_F50_THE_ONE_IDEA,DEP_FAM50_JUDGING_THE_WHOLE,DEP_RG_TWO_VERSIONS,D5,EVALUATE,mcq,What single fact prevents most deployment disasters?,Configuration belongs outside the build,Two versions will be running at the same time,Rollback must be tested before it is needed,Every release should be as small as possible,B,Two versions will be running at the same time,"All four matter. The first is the one that explains the schema rules, the message formats and the sessions.",AUTHORED,
GB3_WSC_001,WEB_SECURITY,WSC_C01_INJECTION,WSC_F01_WHAT_INJECTION_IS,WSC_FAM01_INJECTION_DEFINITION,WSC_RG_INJECTION,D1,REMEMBER,mcq,What is an injection attack?,Input that bypasses the login page,Input being treated as instructions,Input that is larger than expected,Input sent to the wrong endpoint,B,Input being treated as instructions,"Data crossing into code. SQL, HTML, shell and template injection are all the same bug in different parsers.",AUTHORED,
GB3_WSC_002,WEB_SECURITY,WSC_C02_XSS,WSC_F02_WHAT_XSS_IS,WSC_FAM02_XSS_DEFINITION,WSC_RG_XSS,D1,REMEMBER,mcq,What is cross-site scripting?,A script reading data from another site,A request sent from one site to another,A page loading content from a bad source,Attacker script running in a user’s page,D,Attacker script running in a user’s page,"Their code, your origin, the user’s session. That is why it can do anything the user could.",AUTHORED,
GB3_WSC_003,WEB_SECURITY,WSC_C03_CSRF,WSC_F03_WHAT_CSRF_IS,WSC_FAM03_CSRF_DEFINITION,WSC_RG_CSRF,D1,REMEMBER,mcq,What is cross-site request forgery?,A request replayed from an earlier session,An attacker stealing the session cookie,Another site making a request as the user,A forged response from a trusted server,C,Another site making a request as the user,The browser attaches your cookies to a request the user never intended to make.,AUTHORED,
GB3_WSC_004,WEB_SECURITY,WSC_C04_SQLI,WSC_F04_WHAT_SQLI_IS,WSC_FAM04_SQL_INJECTION,WSC_RG_SQLI,D1,REMEMBER,mcq,How does SQL injection happen?,The database password was guessed,User input is built into the query text,The database allows remote connections,The query returns more rows than intended,B,User input is built into the query text,String concatenation. The database cannot tell your query apart from what the user appended to it.,AUTHORED,
GB3_WSC_005,WEB_SECURITY,WSC_C05_TLS,WSC_F05_WHAT_HTTPS_GIVES,WSC_FAM05_TRANSPORT,WSC_RG_TLS,D1,REMEMBER,mcq,What does HTTPS protect?,The data once it reaches the server,The application from bad user input,The traffic between browser and server,The user from visiting a fake site,C,The traffic between browser and server,The wire only. It says nothing about whether the site is honest or the code behind it is safe.,AUTHORED,
GB3_WSC_006,WEB_SECURITY,WSC_C06_SAME_ORIGIN,WSC_F06_WHAT_IT_STOPS,WSC_FAM06_SAME_ORIGIN,WSC_RG_ORIGIN,D1,REMEMBER,mcq,What does the same-origin policy prevent?,One site reading another site’s responses,One site loading images from another,One site sending requests to another,One site linking to another site,A,One site reading another site’s responses,"Sending is allowed, reading is not — which is exactly why CSRF works and why it needs its own defence.",AUTHORED,
GB3_WSC_007,WEB_SECURITY,WSC_C07_CORS,WSC_F07_WHAT_CORS_IS,WSC_FAM07_CORS,WSC_RG_CORS,D1,REMEMBER,mcq,What does CORS do?,Blocks requests from untrusted origins,Encrypts requests between two origins,Relaxes the same-origin rule deliberately,Verifies the identity of the caller,C,Relaxes the same-origin rule deliberately,"It is a relaxation, not a protection. Configuring it wide open removes a defence rather than adding one.",AUTHORED,
GB3_WSC_008,WEB_SECURITY,WSC_C08_SECRETS,WSC_F08_CLIENT_HOLDS_NOTHING,WSC_FAM08_CLIENT_TRUST,WSC_RG_SECRETS,D1,REMEMBER,mcq,Can a secret be hidden in front-end code?,"Yes, if it is stored encrypted",No — anything shipped can be read,"Yes, if the code is minified","No, unless it is in a build variable",B,No — anything shipped can be read,Shipped to the browser means given away. Minifying and encrypting only slow down the reading.,AUTHORED,
GB3_WSC_009,WEB_SECURITY,WSC_C09_HEADERS,WSC_F09_WHAT_CSP_DOES,WSC_FAM09_SECURITY_HEADERS,WSC_RG_HEADERS,D1,REMEMBER,mcq,What does a content security policy do?,Checks the content for known attacks,Encrypts the content the page returns,Limits where the page may load code from,Blocks requests from other websites,C,Limits where the page may load code from,"A second line of defence: even if a script is injected, the browser refuses to run it.",AUTHORED,
GB3_WSC_010,WEB_SECURITY,WSC_C10_DEPENDENCIES,WSC_F10_THIRD_PARTY_RISK,WSC_FAM10_DEPENDENCY_RISK,WSC_RG_DEPENDENCIES,D1,REMEMBER,mcq,Why are third-party packages a security concern?,Their code runs with your privileges,They increase the size of the build,They are usually written carelessly,They may stop being maintained,A,Their code runs with your privileges,"A dependency is code you did not write running where your code runs, with everything your code can reach.",AUTHORED,
GB3_WSC_011,WEB_SECURITY,WSC_C01_INJECTION,WSC_F11_WHY_ONE_BUG,WSC_FAM11_WHY_INJECTION_IS_ONE_PATTERN,WSC_RG_INJECTION,D2,UNDERSTAND,mcq,"What do SQL injection, XSS and command injection have in common?",A parser reads data as instructions,They all need the user to be logged in,They all target the database layer,They all come from missing validation,A,A parser reads data as instructions,Seeing them as one pattern is what lets you spot the next variant in a language you have never used.,AUTHORED,
GB3_WSC_012,WEB_SECURITY,WSC_C11_PARAMETERISED,WSC_F12_WHY_PARAMETERS_WORK,WSC_FAM12_WHY_SEPARATION_WORKS,WSC_RG_PARAMETERISED,D2,UNDERSTAND,mcq,Why does a parameterised query stop SQL injection completely?,The driver rejects suspicious characters,The query is parsed before the value arrives,The database checks the value for keywords,The value is escaped before being inserted,B,The query is parsed before the value arrives,"The structure is fixed first, so the value can never become structure. That is why it is a complete fix.",AUTHORED,
GB3_WSC_013,WEB_SECURITY,WSC_C12_BLOCKLIST,WSC_F13_WHY_BLOCKLISTS_FAIL,WSC_FAM13_WHY_FILTERING_LOSES,WSC_RG_BLOCKLIST,D2,UNDERSTAND,mcq,Why is blocking dangerous characters a weak defence?,It can be turned off by mistake,It rejects too much legitimate input,You cannot list every dangerous form,It has to run on every request,C,You cannot list every dangerous form,"Encodings, unicode variants, nesting. You are guessing at the attacker’s vocabulary and they only need one word.",AUTHORED,
GB3_WSC_014,WEB_SECURITY,WSC_C13_ENCODING,WSC_F14_WHY_CONTEXT_MATTERS,WSC_FAM14_WHY_OUTPUT_CONTEXT_DECIDES,WSC_RG_ENCODING,D2,UNDERSTAND,mcq,Why does escaping depend on where the value is being placed?,Different frameworks escape differently,Each context treats characters differently,Some contexts allow more characters,Escaping twice would corrupt the value,B,Each context treats characters differently,"Safe in HTML text, dangerous in an attribute, useless inside a script block. One escape does not fit all.",AUTHORED,
GB3_WSC_015,WEB_SECURITY,WSC_C03_CSRF,WSC_F15_WHY_CSRF_WORKS,WSC_FAM15_WHY_COOKIES_BETRAY_YOU,WSC_RG_CSRF,D2,UNDERSTAND,mcq,Why does the browser help an attacker in a CSRF attack?,It sends your cookies with any request to you,It caches the authenticated response,It trusts requests from any origin,It allows scripts to read your cookies,A,It sends your cookies with any request to you,"Cookies are attached by destination, not by who initiated it. The request looks perfectly authentic.",AUTHORED,
GB3_WSC_016,WEB_SECURITY,WSC_C02_XSS,WSC_F16_WHY_XSS_IS_SEVERE,WSC_FAM16_WHY_XSS_MATTERS,WSC_RG_XSS,D2,UNDERSTAND,mcq,Why is XSS so damaging even without stealing a password?,The script can read the server’s files,The script persists after the user leaves,The script can modify the database,The script can act as the user directly,D,The script can act as the user directly,It does not need the session token. It is already inside the session and can just make the requests.,AUTHORED,
GB3_WSC_017,WEB_SECURITY,WSC_C14_VALIDATE_VERSUS_ENCODE,WSC_F17_TWO_DIFFERENT_JOBS,WSC_FAM17_WHY_BOTH_ARE_NEEDED,WSC_RG_VALIDATE,D2,UNDERSTAND,mcq,What is the difference between validating input and encoding output?,"One rejects the request, the other changes it","One is for security, the other is for data quality","One checks it is sensible, one makes it safe there","One happens early, the other happens later",C,"One checks it is sensible, one makes it safe there",Validation cannot know where the value will end up. Encoding is done at each place it is used.,AUTHORED,
GB3_WSC_018,WEB_SECURITY,WSC_C05_TLS,WSC_F18_WHY_MIXED_CONTENT,WSC_FAM18_WHY_PARTIAL_TLS_FAILS,WSC_RG_TLS,D2,UNDERSTAND,mcq,Why does one insecure script on an HTTPS page matter?,It makes the whole page load more slowly,It prevents the certificate from validating,It stops cookies being marked as secure,It can be replaced and then controls the page,D,It can be replaced and then controls the page,"Anything on the network can swap that file, and a script has full control of the page it loads into.",AUTHORED,
GB3_WSC_019,WEB_SECURITY,WSC_C15_ERRORS,WSC_F19_WHY_ERRORS_LEAK,WSC_FAM19_WHY_MESSAGES_HELP_ATTACKERS,WSC_RG_ERRORS,D2,UNDERSTAND,mcq,Why should a stack trace never reach the user?,It may contain the user’s own data,It makes the application look unreliable,It is too long for the response body,It maps out the system for an attacker,D,It maps out the system for an attacker,"Paths, library versions, query fragments, internal hostnames. Reconnaissance you handed over free.",AUTHORED,
GB3_WSC_020,WEB_SECURITY,WSC_C16_DEFENCE_DEPTH,WSC_F20_WHY_LAYERS,WSC_FAM20_WHY_MORE_THAN_ONE_DEFENCE,WSC_RG_DEPTH,D2,UNDERSTAND,mcq,Why have a content security policy if you already escape output?,It protects against other attacks too,Escaping cannot cover every context,One missed spot is then not fatal,It is required by security standards,C,One missed spot is then not fatal,"Defence in depth assumes you will make a mistake somewhere, because over a large codebase you will.",AUTHORED,
GB3_WSC_021,WEB_SECURITY,WSC_C11_PARAMETERISED,WSC_F21_FIX_A_QUERY,WSC_FAM21_FIXING_SQL_INJECTION,WSC_RG_PARAMETERISED,D3,APPLY,mcq,A query concatenates a username into its WHERE clause. What is the correct fix?,Pass the value as a bound parameter,Reject usernames containing symbols,Escape the quotes in the username,Limit the username to twenty characters,A,Pass the value as a bound parameter,The only complete answer. The other three are attempts to out-guess the attacker’s input.,AUTHORED,
GB3_WSC_022,WEB_SECURITY,WSC_C13_ENCODING,WSC_F22_RENDER_USER_TEXT,WSC_FAM22_RENDERING_SAFELY,WSC_RG_ENCODING,D3,APPLY,mcq,You must display a user’s comment on a page. What do you do?,Strip the tags out of it first,Escape the angle brackets yourself,"Insert it as text, not as markup",Store it already escaped in the database,C,"Insert it as text, not as markup",Let the framework insert it as text. Storing it escaped breaks it everywhere it is not rendered as HTML.,AUTHORED,
GB3_WSC_023,WEB_SECURITY,WSC_C03_CSRF,WSC_F23_STOP_CSRF,WSC_FAM23_DEFENDING_CSRF,WSC_RG_CSRF,D3,APPLY,mcq,How do you defend a form against CSRF?,Accept the form only over HTTPS,Check the referring page is your own,Require a token the other site cannot know,Require the user to confirm the action,C,Require a token the other site cannot know,"A token they cannot read, plus SameSite cookies. The referrer can be absent and is not a control.",AUTHORED,
GB3_WSC_024,WEB_SECURITY,WSC_C17_UPLOAD,WSC_F24_FILE_UPLOADS,WSC_FAM24_HANDLING_UPLOADS,WSC_RG_UPLOAD,D3,APPLY,mcq,What is the biggest risk in accepting file uploads?,A file with an unexpected format,A file larger than the disk allows,A file containing a known virus,A file that the server will execute,D,A file that the server will execute,"Store them outside the served directory, rename them, and never trust the name or type the client sent.",AUTHORED,
GB3_WSC_025,WEB_SECURITY,WSC_C18_REDIRECT,WSC_F25_OPEN_REDIRECT,WSC_FAM25_HANDLING_REDIRECTS,WSC_RG_REDIRECT,D3,APPLY,mcq,Your login redirects to a URL from the query string. What must you add?,A confirmation page before redirecting,An encoding of the URL parameter,A check that it points at your own site,A signature on the redirect value,C,A check that it points at your own site,Otherwise your domain becomes the credible first half of a phishing link. Allow-list the destinations.,AUTHORED,
GB3_WSC_026,WEB_SECURITY,WSC_C07_CORS,WSC_F26_CONFIGURE_CORS,WSC_FAM26_SETTING_CORS,WSC_RG_CORS,D3,APPLY,mcq,Your API needs to serve one known front-end domain. How do you set CORS?,Reflect back whatever origin asked,Allow that one origin explicitly,Allow any origin ending in your domain,Allow all origins for simplicity,B,Allow that one origin explicitly,"Reflecting the origin with credentials allowed is the same as allowing everybody, and it is a common mistake.",AUTHORED,
GB3_WSC_027,WEB_SECURITY,WSC_C10_DEPENDENCIES,WSC_F27_MANAGE_DEPENDENCIES,WSC_FAM27_HANDLING_DEPENDENCIES,WSC_RG_DEPENDENCIES,D3,APPLY,mcq,How do you keep dependency risk manageable?,Pin every version and never change them,Update everything to the latest weekly,Vendor them all into your repository,Scan them regularly and update deliberately,D,Scan them regularly and update deliberately,Never updating accumulates known holes; updating blindly ships whatever was published last night.,AUTHORED,
GB3_WSC_028,WEB_SECURITY,WSC_C19_COOKIE,WSC_F28_COOKIE_FLAGS,WSC_FAM28_SECURING_COOKIES,WSC_RG_COOKIE,D3,APPLY,mcq,What should be set on a session cookie?,A long expiry so users stay logged in,Flags stopping scripts and cross-site sending,An encrypted value the server can read,A domain covering all your subdomains,B,Flags stopping scripts and cross-site sending,"HttpOnly, Secure, SameSite. Three flags that remove XSS theft and most of CSRF at once.",AUTHORED,
GB3_WSC_029,WEB_SECURITY,WSC_C20_SSRF,WSC_F29_SERVER_SIDE_FETCH,WSC_FAM29_FETCHING_USER_URLS,WSC_RG_SSRF,D3,APPLY,mcq,Your server fetches a URL the user supplies. What is the danger?,It can be slow and block the request,It can return content of any type,It can return a very large response,It can be aimed at your internal network,D,It can be aimed at your internal network,Your server is inside the firewall. A user-supplied URL makes it a proxy into everything you do not expose.,AUTHORED,
GB3_WSC_030,WEB_SECURITY,WSC_C15_ERRORS,WSC_F30_ERROR_HANDLING,WSC_FAM30_REPORTING_ERRORS,WSC_RG_ERRORS,D3,APPLY,mcq,How should a production error be reported?,"The detail, but only to logged-in users","The full detail, so users can report it","A generic message out, the detail in the logs",A generic message and nothing recorded,C,"A generic message out, the detail in the logs","With a reference id the user can quote, so support can find the detail without it ever being shown.",AUTHORED,
GB3_WSC_031,WEB_SECURITY,WSC_C02_XSS,WSC_F31_DANGEROUS_HTML,WSC_FAM31_DIAGNOSE_AN_XSS_HOLE,WSC_RG_XSS,D4,ANALYZE,mcq,"A framework escapes by default, yet one field renders raw HTML. Where is the bug?",Somebody opted out of escaping for that field,The framework fails on that data type,The field is rendered on the server,The field was stored without escaping,A,Somebody opted out of escaping for that field,"Every framework has the escape hatch, and every XSS hole in a modern app is somebody using it.",AUTHORED,
GB3_WSC_032,WEB_SECURITY,WSC_C11_PARAMETERISED,WSC_F32_ORM_RAW_QUERY,WSC_FAM32_DIAGNOSE_AN_ORM_HOLE,WSC_RG_PARAMETERISED,D4,ANALYZE,mcq,A team uses an ORM and still has SQL injection. How?,The ORM version has a known flaw,The ORM does not escape all types,A raw query was written for one case,The database driver was misconfigured,C,A raw query was written for one case,Usually one report or a dynamic ORDER BY. The ORM protects what goes through it and nothing else.,AUTHORED,
GB3_WSC_033,WEB_SECURITY,WSC_C21_CLIENT_CHECK,WSC_F33_VALIDATION_ONLY_IN_UI,WSC_FAM33_DIAGNOSE_CLIENT_TRUST,WSC_RG_CLIENT,D4,ANALYZE,mcq,A price field is validated in the browser and accepted as sent. What can happen?,The form can be submitted twice over,The validation message can be bypassed,The field can be left entirely empty,A crafted request sets any price at all,D,A crafted request sets any price at all,The browser is one client among many. Client validation is a convenience; the server check is the control.,AUTHORED,
GB3_WSC_034,WEB_SECURITY,WSC_C08_SECRETS,WSC_F34_KEY_IN_THE_BUNDLE,WSC_FAM34_DIAGNOSE_A_LEAKED_KEY,WSC_RG_SECRETS,D4,ANALYZE,mcq,An API key was put in the front-end build as an environment variable. Is it secret?,"No, but only if someone inspects it",No — it is in the file every visitor downloads,"Yes, because build variables are not exposed","Yes, provided the build is minified",B,No — it is in the file every visitor downloads,Build-time substitution writes the literal value into the bundle. It is as public as the page itself.,AUTHORED,
GB3_WSC_035,WEB_SECURITY,WSC_C22_MASS_ASSIGN,WSC_F35_WHOLE_BODY_ACCEPTED,WSC_FAM35_DIAGNOSE_FIELD_TRUST,WSC_RG_MASS_ASSIGN,D4,ANALYZE,mcq,A profile endpoint saves every field of the request body. What can a user do?,Store more data than the limit allows,Send fields the form never showed them,Overwrite another user’s profile data,Cause the request to fail validation,B,Send fields the form never showed them,"isAdmin, accountBalance, tenantId. Accept a named list of fields rather than whatever arrived.",AUTHORED,
GB3_WSC_036,WEB_SECURITY,WSC_C20_SSRF,WSC_F36_INTERNAL_REACHED,WSC_FAM36_DIAGNOSE_SSRF,WSC_RG_SSRF,D4,ANALYZE,mcq,A thumbnail service fetched an internal admin URL and returned its contents. What is this?,The server was used as a proxy inward,A caching bug returning the wrong page,A failure of the authentication layer,A misconfigured firewall rule,A,The server was used as a proxy inward,"Server-side request forgery. The internal service trusted the network position, and the network position was yours.",AUTHORED,
GB3_WSC_037,WEB_SECURITY,WSC_C23_LOGGING,WSC_F37_SECRETS_IN_LOGS,WSC_FAM37_DIAGNOSE_A_LOG_LEAK,WSC_RG_LOGGING,D4,ANALYZE,mcq,A team logs the full request body to debug a problem. What have they created?,A store of passwords and tokens in plain text,A performance problem on every request,A log volume that will fill the disk,A privacy notice that is now inaccurate,A,A store of passwords and tokens in plain text,All four are real; the first is the one that turns a debugging aid into a breach nobody is watching.,AUTHORED,
GB3_WSC_038,WEB_SECURITY,WSC_C24_ENUMERATION,WSC_F38_DIFFERENT_RESPONSES,WSC_FAM38_DIAGNOSE_ENUMERATION,WSC_RG_ENUMERATION,D4,ANALYZE,mcq,"A signup form says ""that email is already registered"". What has it given away?",Which addresses have accounts with you,How the passwords are being stored,How many users the system has,Which addresses are currently active,A,Which addresses have accounts with you,"A real usability tension, not a clear bug — but for a sensitive service it is a list worth not publishing.",AUTHORED,
GB3_WSC_039,WEB_SECURITY,WSC_C09_HEADERS,WSC_F39_CSP_TOO_LOOSE,WSC_FAM39_DIAGNOSE_A_WEAK_POLICY,WSC_RG_HEADERS,D4,ANALYZE,mcq,A content security policy allows inline scripts. What has it lost?,The ability to load external scripts,Its effect on older browser versions,Compatibility with the framework,Most of its protection against injection,D,Most of its protection against injection,Injected scripts are inline scripts. Allowing them permits precisely what the policy exists to block.,AUTHORED,
GB3_WSC_040,WEB_SECURITY,WSC_C25_OLD_ENDPOINT,WSC_F40_FORGOTTEN_ROUTE,WSC_FAM40_DIAGNOSE_AN_OLD_SURFACE,WSC_RG_OLD,D4,ANALYZE,mcq,An old debug endpoint is still live in production. Why is that dangerous?,Nobody is maintaining or watching it,It was not written by the current team,It duplicates an existing endpoint,It uses an outdated response format,A,Nobody is maintaining or watching it,"Unreviewed, unpatched, often unauthenticated, and absent from everyone’s mental model of the attack surface.",AUTHORED,
GB3_WSC_041,WEB_SECURITY,WSC_C26_PRIORITY,WSC_F41_WHAT_TO_FIX_FIRST,WSC_FAM41_JUDGING_PRIORITY,WSC_RG_PRIORITY,D5,EVALUATE,mcq,A scan reports forty issues. How do you order them?,By how quickly each one can be fixed,By how many places each one appears,By the severity score the tool assigned,By what an attacker could actually reach and do,D,By what an attacker could actually reach and do,A critical finding behind an admin login matters less than a medium one on the signup page.,AUTHORED,
GB3_WSC_042,WEB_SECURITY,WSC_C27_USABILITY,WSC_F42_SECURITY_VERSUS_USE,WSC_FAM42_JUDGING_THE_TRADE,WSC_RG_USABILITY,D5,EVALUATE,mcq,A control is secure and users route around it. What is the verdict?,It is a problem for the product team,"It has failed, whatever the design says",It should be kept and made easier,It is working and users need training,B,"It has failed, whatever the design says",Behaviour is part of the system. A control people avoid gives you the appearance of security and none of it.,AUTHORED,
GB3_WSC_043,WEB_SECURITY,WSC_C28_WHEN,WSC_F43_WHEN_TO_THINK_ABOUT_IT,WSC_FAM43_JUDGING_TIMING,WSC_RG_WHEN,D5,EVALUATE,mcq,When should security be considered in a feature?,While it is being designed,Before the release goes out,During the code review,After the first scan reports,A,While it is being designed,"Late-found problems are design problems, and a design problem found at review costs a rewrite.",AUTHORED,
GB3_WSC_044,WEB_SECURITY,WSC_C29_TOOLS,WSC_F44_SCANNERS_ARE_NOT_ENOUGH,WSC_FAM44_JUDGING_TOOLING,WSC_RG_TOOLS,D5,EVALUATE,mcq,What can an automated scanner not find?,Logic flaws in how the feature works,Known vulnerable library versions,Missing security response headers,Common injection patterns in code,A,Logic flaws in how the feature works,A checkout that lets you apply a discount twice is a serious flaw and looks like correct code to a scanner.,AUTHORED,
GB3_WSC_045,WEB_SECURITY,WSC_C16_DEFENCE_DEPTH,WSC_F45_ASSUME_BREACH,WSC_FAM45_JUDGING_THE_POSTURE,WSC_RG_DEPTH,D5,EVALUATE,mcq,What does designing as though you will be breached change?,You test the application more often,You limit what any one failure reaches,You keep less data about your users,You spend more on perimeter defences,B,You limit what any one failure reaches,"It moves the question from ""can they get in"" to ""what can they do once they have"", which is answerable.",AUTHORED,
GB3_WSC_046,WEB_SECURITY,WSC_C30_DATA,WSC_F46_DO_NOT_KEEP_IT,WSC_FAM46_JUDGING_DATA_HELD,WSC_RG_DATA,D5,EVALUATE,mcq,What is the most reliable way to protect a piece of data?,To encrypt it at rest and in transit,To keep an audit log of every access,To restrict who is allowed to read it,Not to store it in the first place,D,Not to store it in the first place,"Data you never collected cannot leak, cannot be subpoenaed and needs no controls. It is the strongest answer.",AUTHORED,
GB3_WSC_047,WEB_SECURITY,WSC_C26_PRIORITY,WSC_F47_PERFECT_IS_IMPOSSIBLE,WSC_FAM47_JUDGING_ENOUGH,WSC_RG_PRIORITY,D5,EVALUATE,mcq,How much security is enough for a given system?,Enough to stop every known attack,Enough that attacking costs more than it gains,As much as the schedule allows for,Enough to pass the compliance requirements,B,Enough that attacking costs more than it gains,"Economics, not perfection. A student forum and a bank need genuinely different amounts of effort.",AUTHORED,
GB3_WSC_048,WEB_SECURITY,WSC_C31_DISCLOSURE,WSC_F48_SOMEONE_REPORTS_A_BUG,WSC_FAM48_JUDGING_A_REPORT,WSC_RG_DISCLOSURE,D5,EVALUATE,mcq,A stranger emails describing a vulnerability in your site. What is the right response?,Refer the matter to your legal team,Ignore it unless they provide proof,Ask how they found it before acting,"Thank them, verify it, and fix it",D,"Thank them, verify it, and fix it",Hostility to reporters is why serious flaws end up disclosed publicly instead of quietly to you.,AUTHORED,
GB3_WSC_049,WEB_SECURITY,WSC_C29_TOOLS,WSC_F49_FRAMEWORK_DEFAULTS,WSC_FAM49_JUDGING_FRAMEWORKS,WSC_RG_TOOLS,D5,EVALUATE,mcq,Why is using a mature framework a security decision?,Its code has been reviewed by more people,It comes with security documentation,It is updated more often than your own,Its defaults already close the common holes,D,Its defaults already close the common holes,"Escaping, CSRF tokens, parameterised queries, secure cookies — free unless you deliberately turn them off.",AUTHORED,
GB3_WSC_050,WEB_SECURITY,WSC_C01_INJECTION,WSC_F50_THE_ONE_PATTERN,WSC_FAM50_JUDGING_THE_WHOLE,WSC_RG_INJECTION,D5,EVALUATE,mcq,What question catches most web vulnerabilities?,Is this connection encrypted,Where does untrusted data end up here,Are the dependencies up to date,Is this endpoint properly authenticated,B,Where does untrusted data end up here,"Follow the untrusted value to every place it lands. Injection, XSS, SSRF and path traversal all fall out of it.",AUTHORED,
GB3_SEC_001,SECURE_CODING,SEC_C01_TRUST,SEC_F01_WHAT_UNTRUSTED_MEANS,SEC_FAM01_TRUST_BOUNDARY,SEC_RG_TRUST,D1,REMEMBER,mcq,Which input should be treated as untrusted?,Anything that failed validation before,Anything typed in by a human user,Anything that came from outside your code,Anything arriving over the network,C,Anything that came from outside your code,"Files, environment, other services, your own database if a user put it there. Not just form fields.",AUTHORED,
GB3_SEC_002,SECURE_CODING,SEC_C02_ALLOWLIST,SEC_F02_ALLOW_NOT_BLOCK,SEC_FAM02_VALIDATION_STYLE,SEC_RG_ALLOWLIST,D1,REMEMBER,mcq,How should input validation be written?,"Reject what is known bad, accept the rest",Accept everything and check it later,Clean the input and then accept it,"Accept what is known good, reject the rest",D,"Accept what is known good, reject the rest",You can finish a list of what is allowed. You can never finish a list of what is not.,AUTHORED,
GB3_SEC_003,SECURE_CODING,SEC_C03_SECRETS,SEC_F03_NOT_IN_SOURCE,SEC_FAM03_SECRET_STORAGE,SEC_RG_SECRETS,D1,REMEMBER,mcq,Where should an API key live?,"In the code, but clearly marked",In a constants file in the repository,In configuration supplied at run time,In a comment beside where it is used,C,In configuration supplied at run time,Outside the code entirely. Anything in the repository is readable by everyone who can clone it.,AUTHORED,
GB3_SEC_004,SECURE_CODING,SEC_C04_RANDOM,SEC_F04_WHICH_RANDOM,SEC_FAM04_RANDOMNESS,SEC_RG_RANDOM,D1,REMEMBER,mcq,What kind of random should generate a password reset token?,A hash of the user’s identifier,The language’s standard random function,A cryptographically secure generator,A value derived from the current time,C,A cryptographically secure generator,"An ordinary generator is predictable from its previous outputs, which for a token is the whole game.",AUTHORED,
GB3_SEC_005,SECURE_CODING,SEC_C05_LEAST_PRIVILEGE,SEC_F05_MINIMUM_ACCESS,SEC_FAM05_PRIVILEGE,SEC_RG_PRIVILEGE,D1,REMEMBER,mcq,What database account should an application use?,One shared with the other services,One created per developer on the team,"One with full rights, for simplicity",One with only the rights it needs,D,One with only the rights it needs,"An injection flaw then reaches only what that account could reach, which may be far less than everything.",AUTHORED,
GB3_SEC_006,SECURE_CODING,SEC_C06_ERRORS,SEC_F06_FAIL_CLOSED,SEC_FAM06_FAILURE_BEHAVIOUR,SEC_RG_ERRORS,D1,REMEMBER,mcq,What should a security check do if it cannot complete?,Refuse the request,Retry until it completes,Allow the request,Log it and continue,A,Refuse the request,Fail closed. A permission service timing out must not become a permission service saying yes.,AUTHORED,
GB3_SEC_007,SECURE_CODING,SEC_C07_DEPENDENCIES,SEC_F07_KNOW_WHAT_YOU_USE,SEC_FAM07_SUPPLY_CHAIN,SEC_RG_DEPENDENCIES,D1,REMEMBER,mcq,Why keep a record of every dependency you ship?,So the licences can be checked properly,So you can tell whether an advisory affects you,So the build can be reproduced exactly,So unused packages can be removed,B,So you can tell whether an advisory affects you,"When a serious flaw is announced, the first question is ""are we affected"" and it should take minutes.",AUTHORED,
GB3_SEC_008,SECURE_CODING,SEC_C08_COMPARE,SEC_F08_CONSTANT_TIME,SEC_FAM08_COMPARING_SECRETS,SEC_RG_COMPARE,D1,REMEMBER,mcq,How should two secret values be compared?,By checking their lengths first,With a comparison taking a fixed time,By hashing both and comparing those,With the standard equality operator,B,With a comparison taking a fixed time,"Ordinary comparison stops at the first difference, and that timing is measurable over enough attempts.",AUTHORED,
GB3_SEC_009,SECURE_CODING,SEC_C09_DEFAULTS,SEC_F09_SECURE_BY_DEFAULT,SEC_FAM09_DEFAULTS,SEC_RG_DEFAULTS,D1,REMEMBER,mcq,What should the default setting of a security option be?,"The safe one, with opting out explicit",Whatever most deployments will want,"The permissive one, for compatibility","Unset, so it must always be chosen",A,"The safe one, with opting out explicit","Most people never change a default, so the default is the real policy for almost every deployment.",AUTHORED,
GB3_SEC_010,SECURE_CODING,SEC_C10_LOGGING,SEC_F10_WHAT_NOT_TO_LOG,SEC_FAM10_LOGGING_SAFELY,SEC_RG_LOGGING,D1,REMEMBER,mcq,What should never appear in an application log?,"Passwords, tokens and card numbers",Error messages and stack traces,User identifiers and request paths,Timestamps and response times,A,"Passwords, tokens and card numbers","Logs are copied, shipped and widely readable. Anything in them should be assumed to be seen.",AUTHORED,
GB3_SEC_011,SECURE_CODING,SEC_C02_ALLOWLIST,SEC_F11_WHY_ALLOWLIST_WINS,SEC_FAM11_WHY_ALLOWING_IS_SAFER,SEC_RG_ALLOWLIST,D2,UNDERSTAND,mcq,Why does an allow-list stay correct as the system grows?,It can be generated from the schema,New unknown inputs are refused by default,It rejects fewer legitimate requests,It is shorter and easier to maintain,B,New unknown inputs are refused by default,The same reasoning as deny-by-default permissions: the unknown case lands on the safe side automatically.,AUTHORED,
GB3_SEC_012,SECURE_CODING,SEC_C03_SECRETS,SEC_F12_WHY_HISTORY_KEEPS_IT,SEC_FAM12_WHY_DELETION_IS_NOT_ENOUGH,SEC_RG_SECRETS,D2,UNDERSTAND,mcq,A secret was committed and removed in the next commit. Why is it still a problem?,The removal commit draws attention to it,It remains in the repository history,It may be cached by the build system,The file may exist on other machines,B,It remains in the repository history,All four are real. The history is the one that keeps it available to everyone who ever clones the repository.,AUTHORED,
GB3_SEC_013,SECURE_CODING,SEC_C04_RANDOM,SEC_F13_WHY_PREDICTABLE_IS_FATAL,SEC_FAM13_WHY_RANDOMNESS_QUALITY_MATTERS,SEC_RG_RANDOM,D2,UNDERSTAND,mcq,Why does a predictable token defeat the whole mechanism?,It will eventually repeat a value,It reveals when it was generated,It can be brute-forced more quickly,Anyone who can guess it can use it,D,Anyone who can guess it can use it,"A token is a credential. If it can be computed rather than guessed, there is no security in it at all.",AUTHORED,
GB3_SEC_014,SECURE_CODING,SEC_C11_INTERFACE,SEC_F14_WHY_HARD_TO_MISUSE,SEC_FAM14_WHY_DESIGN_BEATS_RULES,SEC_RG_INTERFACE,D2,UNDERSTAND,mcq,Why is a safe-by-construction function better than a coding rule?,It is faster than checking at run time,It requires less documentation,It protects people who never read the rule,It can be verified by the compiler,C,It protects people who never read the rule,Rules depend on memory and attention. An interface that cannot express the unsafe call depends on neither.,AUTHORED,
GB3_SEC_015,SECURE_CODING,SEC_C05_LEAST_PRIVILEGE,SEC_F15_WHY_IT_LIMITS_DAMAGE,SEC_FAM15_WHY_PRIVILEGE_BOUNDS_HARM,SEC_RG_PRIVILEGE,D2,UNDERSTAND,mcq,What does least privilege buy you when a flaw is exploited?,The exploit is harder to perform at all,The affected component can be isolated,The attacker inherits only that much reach,The flaw is detected sooner than otherwise,C,The attacker inherits only that much reach,"It assumes exploitation rather than preventing it, and turns a total compromise into a partial one.",AUTHORED,
GB3_SEC_016,SECURE_CODING,SEC_C06_ERRORS,SEC_F16_WHY_FAIL_CLOSED,SEC_FAM16_WHY_FAILURE_DIRECTION_MATTERS,SEC_RG_ERRORS,D2,UNDERSTAND,mcq,Why is a catch block that allows the action so dangerous?,Causing an error becomes a way through,It makes the code harder to test,It slows the request down noticeably,It hides the original fault from the logs,A,Causing an error becomes a way through,An attacker who can make your permission check throw has found the way past it.,AUTHORED,
GB3_SEC_017,SECURE_CODING,SEC_C12_DESERIALISE,SEC_F17_WHY_DESERIALISATION_IS_RISKY,SEC_FAM17_WHY_REBUILDING_OBJECTS_IS_DANGEROUS,SEC_RG_DESERIALISE,D2,UNDERSTAND,mcq,Why is deserialising untrusted data dangerous in some languages?,The data may be larger than expected,The data may contain invalid characters,The types may not match what is wanted,Reconstructing objects can run their code,D,Reconstructing objects can run their code,"Constructors and hooks fire during reconstruction, so the payload chooses what runs. Prefer plain formats.",AUTHORED,
GB3_SEC_018,SECURE_CODING,SEC_C13_PATH,SEC_F18_WHY_PATHS_ESCAPE,SEC_FAM18_WHY_FILE_PATHS_ARE_INPUT,SEC_RG_PATH,D2,UNDERSTAND,mcq,Why is joining a user-supplied name onto a directory path risky?,The name may be longer than allowed,The name may match an existing file,The name may contain invalid characters,The name can navigate out of the directory,D,The name can navigate out of the directory,Path traversal. Resolve the final path and confirm it is still inside the directory you intended.,AUTHORED,
GB3_SEC_019,SECURE_CODING,SEC_C14_CRYPTO,SEC_F19_WHY_NOT_ROLL_YOUR_OWN,SEC_FAM19_WHY_USE_LIBRARIES,SEC_RG_CRYPTO,D2,UNDERSTAND,mcq,Why should you not implement your own encryption?,Broken cryptography looks exactly like working,The performance will be much worse,The algorithms are too complex to code,Standards forbid custom implementations,A,Broken cryptography looks exactly like working,"Your test decrypts what you encrypted, and passes whether or not the scheme resists any actual attack.",AUTHORED,
GB3_SEC_020,SECURE_CODING,SEC_C15_REVIEW,SEC_F20_WHY_REVIEW_HELPS,SEC_FAM20_WHY_ANOTHER_READER,SEC_RG_REVIEW,D2,UNDERSTAND,mcq,Why does code review catch security bugs the author missed?,The reviewer reads it more carefully,The author wrote it under time pressure,The author assumed how it would be used,The reviewer knows more about security,C,The author assumed how it would be used,You test what you meant. A second reader asks what happens if the input is not what you had in mind.,AUTHORED,
GB3_SEC_021,SECURE_CODING,SEC_C13_PATH,SEC_F21_SAFE_FILE_ACCESS,SEC_FAM21_HANDLING_A_FILENAME,SEC_RG_PATH,D3,APPLY,mcq,A user requests a file by name from an uploads folder. How do you serve it safely?,Strip the dots and slashes from the name,Resolve the path and check it is still inside,Prefix the name with the folder path,Reject any name containing a slash,B,Resolve the path and check it is still inside,"Check the resolved result, not the input. Filtering characters loses to encodings and symbolic links.",AUTHORED,
GB3_SEC_022,SECURE_CODING,SEC_C16_SHELL,SEC_F22_AVOID_THE_SHELL,SEC_FAM22_RUNNING_COMMANDS,SEC_RG_SHELL,D3,APPLY,mcq,You must run a command with a user-supplied argument. What is safest?,Quote the argument inside the command string,Remove the shell metacharacters from it,"Pass the arguments as a list, with no shell",Run the command as an unprivileged user,C,"Pass the arguments as a list, with no shell","No shell means no shell syntax to be injected. The last is worth doing too, but it is containment, not prevention.",AUTHORED,
GB3_SEC_023,SECURE_CODING,SEC_C03_SECRETS,SEC_F23_AFTER_A_LEAK,SEC_FAM23_RESPONDING_TO_A_LEAK,SEC_RG_SECRETS,D3,APPLY,mcq,A key was pushed to a public repository an hour ago. What must you do?,Delete the commit that added it,Make the repository private,Rewrite the history to remove it,Rotate the key immediately,D,Rotate the key immediately,"Public repositories are scraped within minutes. Cleaning the history afterwards is tidying, not remediation.",AUTHORED,
GB3_SEC_024,SECURE_CODING,SEC_C11_INTERFACE,SEC_F24_MAKE_IT_SAFE_BY_DEFAULT,SEC_FAM24_DESIGNING_A_SAFE_API,SEC_RG_INTERFACE,D3,APPLY,mcq,Your team keeps forgetting to scope queries by tenant. What is the durable fix?,A comment on each repository method,A test that checks the common queries,A data layer that cannot query without one,A rule in the code review checklist,C,A data layer that cannot query without one,Make the unsafe call unwritable. Reviews and tests catch what somebody remembered to look for.,AUTHORED,
GB3_SEC_025,SECURE_CODING,SEC_C10_LOGGING,SEC_F25_REDACT,SEC_FAM25_LOGGING_REQUESTS,SEC_RG_LOGGING,D3,APPLY,mcq,You need request logging for debugging. How do you keep it safe?,Log the body and restrict who reads it,"Log named fields, never the whole body",Log the body with the passwords removed,Log the body only when an error occurs,B,"Log named fields, never the whole body",An allow-list again. Redacting by name misses the field somebody adds next month.,AUTHORED,
GB3_SEC_026,SECURE_CODING,SEC_C17_LIMITS,SEC_F26_BOUND_THE_INPUT,SEC_FAM26_SETTING_LIMITS,SEC_RG_LIMITS,D3,APPLY,mcq,Why put a maximum size on an uploaded file or a request body?,Large inputs take longer to validate,The storage will otherwise fill up,Unbounded input is a way to exhaust the server,Users will send the wrong file by mistake,C,Unbounded input is a way to exhaust the server,Any unbounded resource a stranger controls is a denial-of-service waiting to be noticed.,AUTHORED,
GB3_SEC_027,SECURE_CODING,SEC_C14_CRYPTO,SEC_F27_PICK_THE_RIGHT_TOOL,SEC_FAM27_CHOOSING_A_PRIMITIVE,SEC_RG_CRYPTO,D3,APPLY,mcq,You need to store passwords. Which primitive is correct?,A fast general-purpose hash,A slow password hashing function,A hash applied many times over,Symmetric encryption with a key,B,A slow password hashing function,"bcrypt, scrypt or argon2. Encryption is reversible and a fast hash is what makes cracking cheap.",AUTHORED,
GB3_SEC_028,SECURE_CODING,SEC_C18_TEMPLATES,SEC_F28_NO_USER_TEMPLATES,SEC_FAM28_TEMPLATE_SAFETY,SEC_RG_TEMPLATES,D3,APPLY,mcq,Users want to customise an email template. What is the risk to manage?,The template may be badly formatted,Template syntax can reach into the runtime,The email may fail to send correctly,The template may be very large,B,Template syntax can reach into the runtime,Server-side template injection. Give them a restricted syntax with a fixed set of placeholders.,AUTHORED,
GB3_SEC_029,SECURE_CODING,SEC_C07_DEPENDENCIES,SEC_F29_PIN_AND_SCAN,SEC_FAM29_MANAGING_PACKAGES,SEC_RG_DEPENDENCIES,D3,APPLY,mcq,What combination keeps dependencies both stable and safe?,Always installing the newest versions,Only using packages from large projects,Pinned versions plus regular advisory checks,Pinned versions reviewed once a year,C,Pinned versions plus regular advisory checks,Pinning stops surprise changes; scanning stops the pin becoming a known hole you are choosing to keep.,AUTHORED,
GB3_SEC_030,SECURE_CODING,SEC_C19_TESTS,SEC_F30_TEST_THE_ABUSE_CASE,SEC_FAM30_TESTING_FOR_SECURITY,SEC_RG_TESTS,D3,APPLY,mcq,What kind of test most helps security?,One checking the dependencies are current,One running a scanner against the build,One asserting the wrong request is refused,One asserting the right request succeeds,C,One asserting the wrong request is refused,"Abuse cases. The happy path passes whether or not the check exists, so it proves nothing about the check.",AUTHORED,
GB3_SEC_031,SECURE_CODING,SEC_C06_ERRORS,SEC_F31_CATCH_ALL_ALLOWS,SEC_FAM31_DIAGNOSE_A_FAIL_OPEN,SEC_RG_ERRORS,D4,ANALYZE,mcq,A permission check is wrapped in a try block that returns true on error. What is the effect?,The permission is cached incorrectly,Errors are silently hidden from the logs,The check runs more slowly than needed,Any error becomes a granted permission,D,Any error becomes a granted permission,"The exception path is now the bypass, and it is usually written by somebody avoiding a flaky dependency.",AUTHORED,
GB3_SEC_032,SECURE_CODING,SEC_C04_RANDOM,SEC_F32_TIMESTAMP_TOKEN,SEC_FAM32_DIAGNOSE_WEAK_TOKENS,SEC_RG_RANDOM,D4,ANALYZE,mcq,Invite codes are built from a counter and a timestamp. What can an attacker do?,Work out codes that have not been issued,Cause the same code to be issued twice,Tell when each code was generated,Read the codes of other existing users,A,Work out codes that have not been issued,"Both inputs are known or guessable, so the code is computed rather than secret. It is not a token at all.",AUTHORED,
GB3_SEC_033,SECURE_CODING,SEC_C05_LEAST_PRIVILEGE,SEC_F33_ADMIN_DATABASE_USER,SEC_FAM33_DIAGNOSE_OVER_PRIVILEGE,SEC_RG_PRIVILEGE,D4,ANALYZE,mcq,An app connects to its database as the owner account. Why does that worsen an injection flaw?,The connection is slower to establish,The audit log records the wrong user,The queries bypass the normal indexes,The injected query can do anything at all,D,The injected query can do anything at all,Read-only rights would turn a catastrophic flaw into a data exposure. Owner rights leave nothing in reserve.,AUTHORED,
GB3_SEC_034,SECURE_CODING,SEC_C20_CLIENT_SIDE,SEC_F34_CHECK_IN_THE_WRONG_PLACE,SEC_FAM34_DIAGNOSE_MISPLACED_CHECKS,SEC_RG_CLIENT,D4,ANALYZE,mcq,A mobile app enforces a spending limit and the API does not. What follows?,A modified client can exceed the limit,The API will reject the extra requests,The limit will be applied inconsistently,The limit only applies to new versions,A,A modified client can exceed the limit,Apps are decompiled and requests are replayed. Any rule that matters must live where you control it.,AUTHORED,
GB3_SEC_035,SECURE_CODING,SEC_C12_DESERIALISE,SEC_F35_UNSAFE_PARSER,SEC_FAM35_DIAGNOSE_DESERIALISATION,SEC_RG_DESERIALISE,D4,ANALYZE,mcq,A service accepts a serialised object from a client and reconstructs it. What is the worst case?,An object with unexpected values is created,Memory is exhausted by a large payload,Code of the attacker’s choosing runs on the server,The parser throws and the request fails,C,Code of the attacker’s choosing runs on the server,The others are the mild outcomes. Full remote code execution is why this class is treated so seriously.,AUTHORED,
GB3_SEC_036,SECURE_CODING,SEC_C08_COMPARE,SEC_F36_EARLY_RETURN,SEC_FAM36_DIAGNOSE_A_TIMING_LEAK,SEC_RG_COMPARE,D4,ANALYZE,mcq,A signature check compares byte by byte and returns on the first mismatch. What leaks?,How much of the signature was correct,Whether the request was authenticated,The algorithm being used to sign,The signature that was expected,A,How much of the signature was correct,"Measured over many attempts, that is enough to build the signature a byte at a time.",AUTHORED,
GB3_SEC_037,SECURE_CODING,SEC_C21_COPIED_CODE,SEC_F37_PASTED_FROM_THE_INTERNET,SEC_FAM37_DIAGNOSE_BORROWED_CODE,SEC_RG_COPIED,D4,ANALYZE,mcq,"A snippet copied from an answer online disables certificate verification. Why did it ""work""?",It retried the connection on failure,It cached the certificate locally,It used a more permissive protocol,It removed the check that was failing,D,It removed the check that was failing,The error went away because the verification did. The connection is now encrypted to whoever answered.,AUTHORED,
GB3_SEC_038,SECURE_CODING,SEC_C09_DEFAULTS,SEC_F38_LEFT_ON_IN_PRODUCTION,SEC_FAM38_DIAGNOSE_A_DEBUG_SETTING,SEC_RG_DEFAULTS,D4,ANALYZE,mcq,Debug mode is enabled in production. What does that typically expose?,Internal detail and sometimes a console,A slower response on every request,The version of the framework in use,The list of installed dependencies,A,Internal detail and sometimes a console,"Some frameworks ship an interactive debugger on the error page, which is remote code execution by design.",AUTHORED,
GB3_SEC_039,SECURE_CODING,SEC_C17_LIMITS,SEC_F39_EXPENSIVE_OPERATION,SEC_FAM39_DIAGNOSE_RESOURCE_ABUSE,SEC_RG_LIMITS,D4,ANALYZE,mcq,An unauthenticated endpoint generates a PDF report. What is the risk?,The reports may contain private data,The endpoint will be slow for real users,The PDFs will fill the available storage,Anyone can consume your server capacity,D,Anyone can consume your server capacity,Any expensive operation a stranger can trigger repeatedly is a denial of service with no exploit needed.,AUTHORED,
GB3_SEC_040,SECURE_CODING,SEC_C22_TOCTOU,SEC_F40_CHECK_THEN_ACT,SEC_FAM40_DIAGNOSE_A_RACE,SEC_RG_TOCTOU,D4,ANALYZE,mcq,"Code checks a balance, then deducts it in a separate step. What can go wrong?",The check uses the wrong account,Two requests both pass the check first,The balance is read from a stale cache,The deduction fails and is not retried,B,Two requests both pass the check first,Time-of-check to time-of-use. The check and the change must happen as one atomic operation.,AUTHORED,
GB3_SEC_041,SECURE_CODING,SEC_C11_INTERFACE,SEC_F41_WHERE_TO_SPEND,SEC_FAM41_JUDGING_WHERE_TO_INVEST,SEC_RG_INTERFACE,D5,EVALUATE,mcq,Your team keeps making the same security mistake. What is the best response?,Add it to the code review checklist,Add a scanner rule that detects the pattern,Run a training session on the topic,Change the code so the mistake is hard to make,D,Change the code so the mistake is hard to make,"A recurring mistake is a design problem. The other three depend on attention, which is what already failed.",AUTHORED,
GB3_SEC_042,SECURE_CODING,SEC_C23_COST,SEC_F42_SECURITY_HAS_A_PRICE,SEC_FAM42_JUDGING_THE_COST,SEC_RG_COST,D5,EVALUATE,mcq,What is the honest cost of the secure option?,Usually more code and more friction,Usually a longer time to release,Usually a larger infrastructure bill,Usually worse runtime performance,A,Usually more code and more friction,Pretending it is free is how teams stop believing the advice. Say what it costs and why it is worth it.,AUTHORED,
GB3_SEC_043,SECURE_CODING,SEC_C24_THREAT,SEC_F43_WHO_ARE_YOU_DEFENDING_AGAINST,SEC_FAM43_JUDGING_THE_THREAT,SEC_RG_THREAT,D5,EVALUATE,mcq,What should shape how much effort a feature’s security gets?,How many users will reach the feature,How recently the framework was updated,What it would cost you if it were abused,How complex the feature is to build,C,What it would cost you if it were abused,A profile photo and a payment instruction deserve different amounts of paranoia. Spend where the loss is.,AUTHORED,
GB3_SEC_044,SECURE_CODING,SEC_C15_REVIEW,SEC_F44_WHAT_TO_LOOK_FOR,SEC_FAM44_JUDGING_A_REVIEW,SEC_RG_REVIEW,D5,EVALUATE,mcq,"Reviewing a change for security, what do you look at first?",Whether the new code has enough tests,Whether the dependencies are up to date,Whether the error handling is complete,Where untrusted data enters and where it goes,D,Where untrusted data enters and where it goes,Trace the data. Most vulnerabilities are a value arriving somewhere its handler did not expect it.,AUTHORED,
GB3_SEC_045,SECURE_CODING,SEC_C25_LEGACY,SEC_F45_INHERITED_RISK,SEC_FAM45_JUDGING_OLD_CODE,SEC_RG_LEGACY,D5,EVALUATE,mcq,You inherit a codebase with many security weaknesses. Where do you start?,With the parts that have the fewest tests,With the oldest code in the repository,With whatever a scanner flags as critical,Where untrusted input reaches something powerful,D,Where untrusted input reaches something powerful,Reachability first. A flaw nobody can trigger from outside is a lower priority than a mild one on a public route.,AUTHORED,
GB3_SEC_046,SECURE_CODING,SEC_C23_COST,SEC_F46_WHEN_TO_ACCEPT_RISK,SEC_FAM46_JUDGING_ACCEPTANCE,SEC_RG_COST,D5,EVALUATE,mcq,Is it ever right to knowingly ship a security weakness?,"No, security issues must always be fixed","Yes, if it is understood, recorded and owned","No, unless the feature is disabled","Yes, if the chance of exploitation is low",B,"Yes, if it is understood, recorded and owned",Accepted risk is a legitimate decision. Unrecorded risk is the same weakness with nobody responsible for it.,AUTHORED,
GB3_SEC_047,SECURE_CODING,SEC_C26_AI_CODE,SEC_F47_GENERATED_CODE,SEC_FAM47_JUDGING_GENERATED_CODE,SEC_RG_AI,D5,EVALUATE,mcq,What should you assume about code you did not write yourself?,It follows the current best practice,"It is correct for its example, not your case",It handles the error cases properly,It has been reviewed by somebody already,B,"It is correct for its example, not your case","Snippets, answers and generated code optimise for demonstrating the idea, not for surviving hostile input.",AUTHORED,
GB3_SEC_048,SECURE_CODING,SEC_C27_CULTURE,SEC_F48_BLAME,SEC_FAM48_JUDGING_A_RESPONSE,SEC_RG_CULTURE,D5,EVALUATE,mcq,Someone on the team introduces a serious vulnerability. What matters most afterwards?,That they understand what they did wrong,That it is recorded against the feature,Why nothing in the process caught it,That the fix is deployed immediately,C,Why nothing in the process caught it,"Deploy the fix, of course. But the durable question is why review, tests and design all let it through.",AUTHORED,
GB3_SEC_049,SECURE_CODING,SEC_C09_DEFAULTS,SEC_F49_CONVENIENCE_FLAGS,SEC_FAM49_JUDGING_SHORTCUTS,SEC_RG_DEFAULTS,D5,EVALUATE,mcq,A developer adds a flag that skips authentication locally. What is the danger?,It makes local testing less realistic,It will one day be enabled in production,It hides authentication bugs from tests,It adds a branch that is never covered,B,It will one day be enabled in production,All three of the others are true. The first is the one that becomes an incident report.,AUTHORED,
GB3_SEC_050,SECURE_CODING,SEC_C01_TRUST,SEC_F50_THE_HABIT,SEC_FAM50_JUDGING_THE_WHOLE,SEC_RG_TRUST,D5,EVALUATE,mcq,What habit does secure coding really come down to?,Keeping up with the published advisories,Asking what happens if this input is hostile,Knowing the common vulnerability classes,Using the security features of the framework,B,Asking what happens if this input is hostile,The classes change and the frameworks change. The question generalises to code you have never seen.,AUTHORED,
GB3_THM_001,THREAT_MODELING,THM_C01_DEFINITION,THM_F01_WHAT_IT_IS,THM_FAM01_DEFINITION,THM_RG_DEFINITION,D1,REMEMBER,mcq,What is threat modelling?,Scanning the code for security defects,Testing a built system for vulnerabilities,Listing the known risks in the industry,Working out how a design could be attacked,D,Working out how a design could be attacked,A design activity. Testing and scanning find what is already built; this is about what you are about to build.,AUTHORED,
GB3_THM_002,THREAT_MODELING,THM_C02_ASSET,THM_F02_WHAT_AN_ASSET_IS,THM_FAM02_ASSETS,THM_RG_ASSET,D1,REMEMBER,mcq,What is an asset in a threat model?,A server the system runs on,A component of the system,A dependency the system uses,Something worth protecting,D,Something worth protecting,"Data, money, reputation, availability. Naming them is how you decide where the effort goes.",AUTHORED,
GB3_THM_003,THREAT_MODELING,THM_C03_ACTOR,THM_F03_WHAT_AN_ACTOR_IS,THM_FAM03_ACTORS,THM_RG_ACTOR,D1,REMEMBER,mcq,What is a threat actor?,"Somebody who might attack, and why",A system component that can fail,A person who found a vulnerability,A user with elevated permissions,A,"Somebody who might attack, and why","Motive included. A bored customer, a competitor and a criminal group want different things and try differently.",AUTHORED,
GB3_THM_004,THREAT_MODELING,THM_C04_SURFACE,THM_F04_ATTACK_SURFACE,THM_FAM04_ATTACK_SURFACE,THM_RG_SURFACE,D1,REMEMBER,mcq,What is the attack surface?,Every component the system contains,Every known weakness in the design,Every place an outsider can reach in,Every user who can log in to it,C,Every place an outsider can reach in,"Endpoints, forms, file uploads, queues, third-party callbacks. Reducing it is one of the cheapest defences.",AUTHORED,
GB3_THM_005,THREAT_MODELING,THM_C05_BOUNDARY,THM_F05_TRUST_BOUNDARY,THM_FAM05_TRUST_BOUNDARIES,THM_RG_BOUNDARY,D1,REMEMBER,mcq,What is a trust boundary?,A point where data changes who controls it,A limit on what a user is allowed to do,A firewall between two parts of a network,A separation between two deployed services,A,A point where data changes who controls it,"Wherever data crosses one, it must be validated. Most vulnerabilities sit on a boundary nobody drew.",AUTHORED,
GB3_THM_006,THREAT_MODELING,THM_C06_QUESTIONS,THM_F06_THE_FOUR_QUESTIONS,THM_FAM06_STRUCTURE,THM_RG_QUESTIONS,D1,REMEMBER,mcq,What is the simplest useful structure for a threat model?,"Scan, triage, remediate, verify, report to the business","What are we building, what can go wrong, what now, did it work","Design, implement, test, deploy, monitor for incidents","Identify assets, rank them, assign owners, review annually",B,"What are we building, what can go wrong, what now, did it work",Four questions any team can hold in their heads. The formal methods are refinements of these.,AUTHORED,
GB3_THM_007,THREAT_MODELING,THM_C07_WHEN,THM_F07_AT_DESIGN_TIME,THM_FAM07_TIMING,THM_RG_WHEN,D1,REMEMBER,mcq,When is threat modelling most valuable?,After the first incident has occurred,Before the security review is booked,While the design can still be changed,Once the first version is working,C,While the design can still be changed,Its whole advantage is that a design problem is still a conversation rather than a rewrite.,AUTHORED,
GB3_THM_008,THREAT_MODELING,THM_C08_MITIGATION,THM_F08_WHAT_YOU_CAN_DO,THM_FAM08_RESPONSES,THM_RG_MITIGATION,D1,REMEMBER,mcq,What are the possible responses to an identified threat?,"Document it, or escalate it to management","Test for it, or monitor for it in production","Reduce it, move it, remove it, or accept it","Fix it now, or schedule a fix for later",C,"Reduce it, move it, remove it, or accept it","Mitigate, transfer, eliminate, accept. Accepting is a real answer when it is recorded and owned.",AUTHORED,
GB3_THM_009,THREAT_MODELING,THM_C09_DATA_FLOW,THM_F09_WHY_DRAW_IT,THM_FAM09_DIAGRAMS,THM_RG_FLOW,D1,REMEMBER,mcq,What does a data flow diagram contribute?,It documents the system for new joiners,It records the components and their owners,It proves the design meets the requirements,It shows where data goes and who touches it,D,It shows where data goes and who touches it,"Following the data is how the boundaries become visible, and the boundaries are where the threats are.",AUTHORED,
GB3_THM_010,THREAT_MODELING,THM_C10_OUTPUT,THM_F10_WHAT_IT_PRODUCES,THM_FAM10_OUTPUT,THM_RG_OUTPUT,D1,REMEMBER,mcq,What should a threat modelling session produce?,A report for the security team to review,A ranked list of every possible threat,Decisions and work somebody has taken on,A document describing the system design,C,Decisions and work somebody has taken on,"If nothing changes in the plan afterwards, the session was a meeting rather than an engineering activity.",AUTHORED,
GB3_THM_011,THREAT_MODELING,THM_C07_WHEN,THM_F11_WHY_EARLY_IS_CHEAPER,THM_FAM11_WHY_TIMING_MATTERS,THM_RG_WHEN,D2,UNDERSTAND,mcq,Why is a design-stage finding so much cheaper than a production one?,Nothing has been built around it yet,It does not need a formal fix,There is more time available then,Fewer people need to be involved,A,Nothing has been built around it yet,A whiteboard change costs a conversation. The same change six months later costs a migration.,AUTHORED,
GB3_THM_012,THREAT_MODELING,THM_C02_ASSET,THM_F12_WHY_NAME_ASSETS,THM_FAM12_WHY_CONCRETE_ASSETS,THM_RG_ASSET,D2,UNDERSTAND,mcq,"Why is ""protect the system"" a useless goal?",It ignores the cost of the protection,It does not name any attacker,You cannot tell whether you achieved it,It is too large a task for one team,C,You cannot tell whether you achieved it,"""Stop one customer reading another’s invoices"" can be designed for and tested. The vague version cannot.",AUTHORED,
GB3_THM_013,THREAT_MODELING,THM_C03_ACTOR,THM_F13_WHY_MOTIVE_MATTERS,THM_FAM13_WHY_ATTACKERS_DIFFER,THM_RG_ACTOR,D2,UNDERSTAND,mcq,Why does it matter who you imagine attacking?,It decides which standards you must meet,Some attackers are outside your control,Their capability and goal change the design,It determines the budget you can request,C,Their capability and goal change the design,"Defending against a curious user and against a funded group are different systems, not different amounts of care.",AUTHORED,
GB3_THM_014,THREAT_MODELING,THM_C05_BOUNDARY,THM_F14_WHY_BOUNDARIES_ATTRACT_BUGS,THM_FAM14_WHY_BOUNDARIES_MATTER,THM_RG_BOUNDARY,D2,UNDERSTAND,mcq,Why do vulnerabilities cluster at trust boundaries?,Each side assumes the other checked,Boundaries are written by two teams,Boundaries are harder to test properly,Data is transformed as it crosses,A,Each side assumes the other checked,"The classic gap: the front end validated it, so the service did not, and the service is callable directly.",AUTHORED,
GB3_THM_015,THREAT_MODELING,THM_C11_COLLABORATIVE,THM_F15_WHY_THE_TEAM_DOES_IT,THM_FAM15_WHY_NOT_A_SPECIALIST,THM_RG_COLLABORATIVE,D2,UNDERSTAND,mcq,Why should the building team do the threat modelling rather than a specialist alone?,Specialists are too expensive to involve,"They know how it really works, and will act on it",Specialists do not understand the domain,It is faster than waiting for a review,B,"They know how it really works, and will act on it",A model handed to a team is a document. A model a team built is a set of decisions they already own.,AUTHORED,
GB3_THM_016,THREAT_MODELING,THM_C04_SURFACE,THM_F16_WHY_SMALLER_IS_BETTER,THM_FAM16_WHY_REDUCING_SURFACE_HELPS,THM_RG_SURFACE,D2,UNDERSTAND,mcq,Why is removing a feature sometimes the best security fix?,It reduces the code to be maintained,It simplifies the permission model,What does not exist cannot be attacked,Fewer features are easier to test,C,What does not exist cannot be attacked,"The strongest mitigation available, and the one engineers reach for last because it is not a technical fix.",AUTHORED,
GB3_THM_017,THREAT_MODELING,THM_C12_LIKELIHOOD,THM_F17_WHY_RANK_THREATS,THM_FAM17_WHY_PRIORITISE,THM_RG_LIKELIHOOD,D2,UNDERSTAND,mcq,Why rank threats rather than addressing them all?,Ranking is required for the audit trail,Low threats become high ones over time,Some threats cannot be mitigated at all,Effort spent everywhere is effort spent thinly,D,Effort spent everywhere is effort spent thinly,A model that generates forty equal threats has not helped anybody decide what to do on Monday.,AUTHORED,
GB3_THM_018,THREAT_MODELING,THM_C13_ASSUMPTIONS,THM_F18_WHY_RECORD_THEM,THM_FAM18_WHY_ASSUMPTIONS_MATTER,THM_RG_ASSUMPTIONS,D2,UNDERSTAND,mcq,Why write down the assumptions a threat model rests on?,They explain the design to reviewers,They are required by the methodology,They show what was out of scope,They may stop being true later,D,They may stop being true later,"""Only internal staff can reach this network"" is a fine assumption until the day it is not, silently.",AUTHORED,
GB3_THM_019,THREAT_MODELING,THM_C14_ABUSE,THM_F19_WHY_THINK_LIKE_AN_ATTACKER,THM_FAM19_WHY_ABUSE_CASES,THM_RG_ABUSE,D2,UNDERSTAND,mcq,"What does asking ""how would I abuse this"" find that requirements do not?",Performance limits under heavy load,Defects in the feature as specified,Uses of the feature nobody intended,Gaps in the acceptance criteria,C,Uses of the feature nobody intended,Requirements describe the intended path. Attacks live entirely in the unintended ones.,AUTHORED,
GB3_THM_020,THREAT_MODELING,THM_C15_LIVING,THM_F20_WHY_REVISIT,THM_FAM20_WHY_IT_IS_NOT_ONCE,THM_RG_LIVING,D2,UNDERSTAND,mcq,Why is a threat model not a one-off exercise?,The system and its threats both change,The original one is usually incomplete,The team members change over time,The document becomes out of date,A,The system and its threats both change,"A new integration, a new data type, a new customer tier. Each can invalidate what was true last year.",AUTHORED,
GB3_THM_021,THREAT_MODELING,THM_C09_DATA_FLOW,THM_F21_START_BY_DRAWING,THM_FAM21_STARTING_A_SESSION,THM_RG_FLOW,D3,APPLY,mcq,How do you begin threat modelling a new feature?,Draw how the data moves through it,Choose a formal methodology to follow,List the vulnerabilities it might have,Review the code that already exists,A,Draw how the data moves through it,The drawing is where disagreements surface. Two engineers often discover they pictured different systems.,AUTHORED,
GB3_THM_022,THREAT_MODELING,THM_C02_ASSET,THM_F22_NAME_THE_ASSET,THM_FAM22_IDENTIFYING_ASSETS,THM_RG_ASSET,D3,APPLY,mcq,"For a student learning platform, what is a well-stated asset?",The database the platform runs against,A student’s assessment results and progress,The reputation of the organisation,The availability of the whole platform,B,A student’s assessment results and progress,Specific enough to design around. The last two are real concerns but too broad to produce a control.,AUTHORED,
GB3_THM_023,THREAT_MODELING,THM_C05_BOUNDARY,THM_F23_FIND_THE_BOUNDARIES,THM_FAM23_MARKING_BOUNDARIES,THM_RG_BOUNDARY,D3,APPLY,mcq,"On your diagram, where do you draw the trust boundaries?",Wherever control of the data changes hands,Between the front end and the back end,At the edge of your own network,Around each service that you deploy,A,Wherever control of the data changes hands,"Browser to server, service to service, your code to a third party, your code to a background job.",AUTHORED,
GB3_THM_024,THREAT_MODELING,THM_C14_ABUSE,THM_F24_ASK_THE_QUESTION,THM_FAM24_GENERATING_THREATS,THM_RG_ABUSE,D3,APPLY,mcq,A feature lets students share a project link. What abuse question do you ask?,What happens if the project is deleted,"Who else can reach it, and what does it show",How many links can one student create,How long should the link remain valid,B,"Who else can reach it, and what does it show","All are worth asking. The first is the threat question, because a shareable link is an access control decision.",AUTHORED,
GB3_THM_025,THREAT_MODELING,THM_C12_LIKELIHOOD,THM_F25_RANK_BY_WHAT,THM_FAM25_RANKING_THREATS,THM_RG_LIKELIHOOD,D3,APPLY,mcq,How should you rank the threats you found?,By how recently each type was in the news,By how difficult each one is to mitigate,By how many components each one touches,By how likely they are and what they would cost,D,By how likely they are and what they would cost,"Likelihood times impact. Difficulty belongs in planning the work, not in judging how much it matters.",AUTHORED,
GB3_THM_026,THREAT_MODELING,THM_C08_MITIGATION,THM_F26_CHOOSE_A_RESPONSE,THM_FAM26_CHOOSING_A_RESPONSE,THM_RG_MITIGATION,D3,APPLY,mcq,A threat is real but extremely unlikely and expensive to prevent. What do you do?,"Accept it explicitly, and write down who did",Leave it out of the model entirely,Escalate it to the security team,"Mitigate it anyway, since it is real",A,"Accept it explicitly, and write down who did",Acceptance is a legitimate outcome. What is not legitimate is an unrecorded risk with no owner.,AUTHORED,
GB3_THM_027,THREAT_MODELING,THM_C16_SCOPE,THM_F27_KEEP_IT_SMALL,THM_FAM27_SCOPING_A_SESSION,THM_RG_SCOPE,D3,APPLY,mcq,What scope makes a threat modelling session actually finish?,One feature or one flow at a time,"Each service the team owns, in turn",The whole system in one sitting,Everything that changed this quarter,A,One feature or one flow at a time,Whole-system sessions run for hours and produce a document. One flow produces three tickets.,AUTHORED,
GB3_THM_028,THREAT_MODELING,THM_C17_EXISTING_CONTROLS,THM_F28_CHECK_WHAT_IS_THERE,THM_FAM28_ACCOUNTING_FOR_CONTROLS,THM_RG_CONTROLS,D3,APPLY,mcq,"Before designing a new control, what should you establish?",Whether the threat has occurred before,Whether the team can build it quickly,Whether something already handles this threat,Whether the control is industry standard,C,Whether something already handles this threat,The framework may already do it. Adding a second mechanism costs complexity and buys almost nothing.,AUTHORED,
GB3_THM_029,THREAT_MODELING,THM_C10_OUTPUT,THM_F29_TURN_IT_INTO_WORK,THM_FAM29_CLOSING_A_SESSION,THM_RG_OUTPUT,D3,APPLY,mcq,How do you make sure a threat model changes anything?,Store the model beside the design,Schedule a follow-up review later,Circulate the notes to the team,Leave with tickets that have owners,D,Leave with tickets that have owners,Tracked work in the same backlog as everything else. Anything else competes with features and loses.,AUTHORED,
GB3_THM_030,THREAT_MODELING,THM_C18_VERIFY,THM_F30_DID_IT_WORK,THM_FAM30_VERIFYING_MITIGATIONS,THM_RG_VERIFY,D3,APPLY,mcq,You mitigated a threat. How do you know it stays mitigated?,A note in the threat model document,A review before each major release,A test that fails if the control is removed,A scanner rule looking for the pattern,C,A test that fails if the control is removed,Otherwise a refactor removes it in eight months and nothing anywhere notices.,AUTHORED,
GB3_THM_031,THREAT_MODELING,THM_C10_OUTPUT,THM_F31_DOCUMENT_NOBODY_READ,THM_FAM31_DIAGNOSE_A_WASTED_EXERCISE,THM_RG_OUTPUT,D4,ANALYZE,mcq,A team produces a 40-page threat model and ships the design unchanged. What went wrong?,It was done too late in the project,It produced a document instead of decisions,The wrong people wrote the document,The model was not detailed enough,B,It produced a document instead of decisions,Length is not the measure. A model that changed nothing about the plan has produced nothing.,AUTHORED,
GB3_THM_032,THREAT_MODELING,THM_C13_ASSUMPTIONS,THM_F32_ASSUMPTION_EXPIRED,THM_FAM32_DIAGNOSE_A_STALE_ASSUMPTION,THM_RG_ASSUMPTIONS,D4,ANALYZE,mcq,An internal service with no authentication is breached after a network change. What failed?,The service should never have existed,The network change was made incorrectly,The breach was not detected in time,An assumption changed and nobody rechecked,D,An assumption changed and nobody rechecked,"""Only reachable internally"" was true and became false. Recorded assumptions are what make that reviewable.",AUTHORED,
GB3_THM_033,THREAT_MODELING,THM_C03_ACTOR,THM_F33_WRONG_ATTACKER,THM_FAM33_DIAGNOSE_A_MISSED_ACTOR,THM_RG_ACTOR,D4,ANALYZE,mcq,A model defends thoroughly against outsiders and the damage came from a logged-in customer. What was missed?,The logging did not cover that user,The outside defences were inadequate,The authentication was too permissive,Legitimate users were not treated as actors,D,Legitimate users were not treated as actors,The most common gap. An authenticated user doing something they should not is the everyday case.,AUTHORED,
GB3_THM_034,THREAT_MODELING,THM_C05_BOUNDARY,THM_F34_BOUNDARY_NOT_DRAWN,THM_FAM34_DIAGNOSE_A_MISSING_BOUNDARY,THM_RG_BOUNDARY,D4,ANALYZE,mcq,Data from a partner’s webhook is trusted completely. What was not drawn?,The connection between the services,The validation step in the handler,The boundary at the partner’s edge,The authentication on the endpoint,C,The boundary at the partner’s edge,"Anything arriving from outside your control crosses a boundary, even when the sender is a partner you trust.",AUTHORED,
GB3_THM_035,THREAT_MODELING,THM_C16_SCOPE,THM_F35_TOO_BROAD,THM_FAM35_DIAGNOSE_A_STALLED_SESSION,THM_RG_SCOPE,D4,ANALYZE,mcq,A session ran three hours and reached no conclusions. What is the likely cause?,The wrong people were in the room,The diagram was never completed,Nobody was chairing the discussion,The scope was the entire system,D,The scope was the entire system,"All can contribute. Scope is the usual one, and the fix is to model one flow rather than everything.",AUTHORED,
GB3_THM_036,THREAT_MODELING,THM_C19_THEATRE,THM_F36_CHECKBOX_EXERCISE,THM_FAM36_DIAGNOSE_A_RITUAL,THM_RG_THEATRE,D4,ANALYZE,mcq,A threat model is filled in from a template after the design is approved. What has it become?,A lightweight version of the process,A useful summary for future readers,A record of a decision already taken,A way of training the team gradually,C,A record of a decision already taken,"Retrofitted, it can only justify what was chosen. The value was in being able to change the design.",AUTHORED,
GB3_THM_037,THREAT_MODELING,THM_C18_VERIFY,THM_F37_MITIGATION_REMOVED,THM_FAM37_DIAGNOSE_A_LOST_CONTROL,THM_RG_VERIFY,D4,ANALYZE,mcq,A control identified in last year’s model is no longer in the code. How?,The control was superseded by another,The code was rewritten in a new language,"Nothing tested for it, so a change removed it",The model was never actually implemented,C,"Nothing tested for it, so a change removed it",A control with no test is a comment. Somebody refactoring had no way to know it mattered.,AUTHORED,
GB3_THM_038,THREAT_MODELING,THM_C12_LIKELIHOOD,THM_F38_EVERYTHING_IS_CRITICAL,THM_FAM38_DIAGNOSE_BAD_RANKING,THM_RG_LIKELIHOOD,D4,ANALYZE,mcq,Every threat in a model is marked high priority. What is the effect?,The ranking gives no guidance at all,The team will fix them all eventually,The most severe ones get done first,The model is more thorough than most,A,The ranking gives no guidance at all,A priority everything shares is not a priority. The list is back to being unordered.,AUTHORED,
GB3_THM_039,THREAT_MODELING,THM_C20_COMPLEXITY,THM_F39_TOO_FORMAL,THM_FAM39_DIAGNOSE_ABANDONMENT,THM_RG_COMPLEXITY,D4,ANALYZE,mcq,A team adopted a formal methodology and stopped threat modelling within two months. Why?,The team did not understand the notation,Security stopped requiring the exercise,The methodology produced wrong results,The process cost more than teams would pay,D,The process cost more than teams would pay,A lightweight version done every sprint beats a rigorous one done twice and then quietly dropped.,AUTHORED,
GB3_THM_040,THREAT_MODELING,THM_C15_LIVING,THM_F40_NEVER_UPDATED,THM_FAM40_DIAGNOSE_A_STALE_MODEL,THM_RG_LIVING,D4,ANALYZE,mcq,A two-year-old threat model no longer describes the system. What is the risk of keeping it?,It confuses new members of the team,It gives confidence that is no longer earned,It has to be reviewed by the auditors,It takes up space in the documentation,B,It gives confidence that is no longer earned,"A stale model is worse than none, because ""we threat modelled that"" stops anybody looking again.",AUTHORED,
GB3_THM_041,THREAT_MODELING,THM_C21_WORTH,THM_F41_WHEN_IS_IT_WORTH_IT,THM_FAM41_JUDGING_WHEN_TO_DO_IT,THM_RG_WORTH,D5,EVALUATE,mcq,Which change most deserves a threat modelling session?,One that touches the most source files,One that uses an unfamiliar library,One that changes the database schema,One that adds a new way in from outside,D,One that adds a new way in from outside,"New entry points, new data, new trust relationships. Internal refactors rarely change the threat picture.",AUTHORED,
GB3_THM_042,THREAT_MODELING,THM_C20_COMPLEXITY,THM_F42_HOW_FORMAL,THM_FAM42_JUDGING_FORMALITY,THM_RG_COMPLEXITY,D5,EVALUATE,mcq,How formal should a team’s threat modelling be?,As formal as they will actually keep doing,As formal as the auditors will require,As formal as the methodology specifies,As formal as the system’s risk demands,A,As formal as they will actually keep doing,"Sustainability beats rigour, because a process that is abandoned protects nothing at all.",AUTHORED,
GB3_THM_043,THREAT_MODELING,THM_C22_LIMITS,THM_F43_WHAT_IT_CANNOT_DO,THM_FAM43_JUDGING_THE_LIMITS,THM_RG_LIMITS,D5,EVALUATE,mcq,What can threat modelling not tell you?,Which parts of the design are risky,Whether the code implements it correctly,What is worth protecting most,Where the trust boundaries fall,B,Whether the code implements it correctly,It reasons about the design. The gap between a correct design and the code is what testing and review cover.,AUTHORED,
GB3_THM_044,THREAT_MODELING,THM_C11_COLLABORATIVE,THM_F44_WHO_SHOULD_BE_THERE,THM_FAM44_JUDGING_PARTICIPATION,THM_RG_COLLABORATIVE,D5,EVALUATE,mcq,Who adds the most unexpected value in a threat modelling session?,Somebody senior enough to approve the work,Somebody who knows how users really behave,Somebody who wrote the original system,Somebody from an external security firm,B,Somebody who knows how users really behave,"Support and operations know the workarounds people invent, and workarounds are where abuse starts.",AUTHORED,
GB3_THM_045,THREAT_MODELING,THM_C23_ECONOMICS,THM_F45_COST_OF_ATTACK,THM_FAM45_JUDGING_SUFFICIENCY,THM_RG_ECONOMICS,D5,EVALUATE,mcq,How do you know you have mitigated enough?,When every identified threat is addressed,When attacking costs more than it would gain,When the remaining threats are unlikely,When the security team signs it off,B,When attacking costs more than it would gain,Security is economics. Raising the attacker’s cost above the prize is a reachable goal; perfection is not.,AUTHORED,
GB3_THM_046,THREAT_MODELING,THM_C24_BIAS,THM_F46_IMAGINATION_LIMITS,THM_FAM46_JUDGING_BLIND_SPOTS,THM_RG_BIAS,D5,EVALUATE,mcq,What is the fundamental weakness of threat modelling?,It produces too many low-value findings,It depends on the design being final,You only find what you can imagine,It takes time the team may not have,C,You only find what you can imagine,"Which is why checklists, varied participants and outside review all help — they widen the imagination.",AUTHORED,
GB3_THM_047,THREAT_MODELING,THM_C21_WORTH,THM_F47_SMALL_TEAM,THM_FAM47_JUDGING_FOR_SMALL_TEAMS,THM_RG_WORTH,D5,EVALUATE,mcq,Is threat modelling worth it for a three-person startup?,"No, until they have their first customers","Yes, in a thirty-minute form over the design","Yes, in the same detail as anyone else","No, it is a process for larger organisations",B,"Yes, in a thirty-minute form over the design",The four questions over a whiteboard. That version costs almost nothing and catches the worst decisions.,AUTHORED,
GB3_THM_048,THREAT_MODELING,THM_C25_COMMUNICATION,THM_F48_EXPLAINING_RISK,THM_FAM48_JUDGING_HOW_TO_PRESENT,THM_RG_COMMUNICATION,D5,EVALUATE,mcq,How do you present a risk to somebody who does not write code?,As a severity rating from the framework,As a comparison to a recent news story,"As what could happen, and what it would cost",As the technical mechanism of the attack,C,"As what could happen, and what it would cost","""A customer could read another customer’s invoices"" is a sentence a business owner can make a decision with.",AUTHORED,
GB3_THM_049,THREAT_MODELING,THM_C22_LIMITS,THM_F49_COMBINE_WITH_OTHERS,THM_FAM49_JUDGING_ITS_PLACE,THM_RG_LIMITS,D5,EVALUATE,mcq,Where does threat modelling sit relative to testing and scanning?,"Alongside them, as an equivalent activity","Instead of them, for well-designed systems","After them, to explain what they found","Before them, deciding what they should cover",D,"Before them, deciding what they should cover",It tells you what matters. Scanners then look for the known patterns and tests assert the controls you chose.,AUTHORED,
GB3_THM_050,THREAT_MODELING,THM_C01_DEFINITION,THM_F50_THE_HABIT,THM_FAM50_JUDGING_THE_WHOLE,THM_RG_DEFINITION,D5,EVALUATE,mcq,What is the durable version of this skill?,Keeping the threat documents current,Knowing the formal methodologies well,Producing a model for every project,"Asking what could go wrong, while designing",D,"Asking what could go wrong, while designing",The habit outlives the process. An engineer who asks it by reflex catches more than an annual exercise does.,AUTHORED,
GB3_EHD_001,ERROR_HANDLING_DESIGN,EHD_C01_KINDS,EHD_F01_EXPECTED_VERSUS_NOT,EHD_FAM01_KINDS_OF_FAILURE,EHD_RG_KINDS,D1,REMEMBER,mcq,What is the difference between an expected and an unexpected failure?,"One happens often, the other happens rarely","One is logged, the other is shown to the user","One is part of normal use, one is a defect","One is caught, the other is allowed to crash",C,"One is part of normal use, one is a defect","A wrong password is normal operation. A null pointer is a bug, and they deserve different treatment.",AUTHORED,
GB3_EHD_002,ERROR_HANDLING_DESIGN,EHD_C02_SWALLOW,EHD_F02_WHAT_SWALLOWING_IS,EHD_FAM02_SWALLOWED_ERRORS,EHD_RG_SWALLOW,D1,REMEMBER,mcq,What does it mean to swallow an error?,To record it and return a default value,To catch it and carry on as if nothing happened,To catch it and convert it to another type,To let it travel up to the top of the stack,B,To catch it and carry on as if nothing happened,"An empty catch block. The failure happened, nothing recorded it, and the program continued regardless.",AUTHORED,
GB3_EHD_003,ERROR_HANDLING_DESIGN,EHD_C03_WHERE,EHD_F03_HANDLE_WHERE_YOU_CAN_ACT,EHD_FAM03_WHERE_TO_HANDLE,EHD_RG_WHERE,D1,REMEMBER,mcq,Where should an error be handled?,At the outermost layer of the application,In the function that first detected it,Where there is enough context to do something,As close to where it happened as possible,C,Where there is enough context to do something,A low-level function knows a file is missing; only the caller knows whether that matters.,AUTHORED,
GB3_EHD_004,ERROR_HANDLING_DESIGN,EHD_C04_MESSAGE,EHD_F04_WHAT_A_MESSAGE_NEEDS,EHD_FAM04_ERROR_MESSAGES,EHD_RG_MESSAGE,D1,REMEMBER,mcq,What should an error message contain?,A unique code the team can look up,"What failed, and enough to act on it",The exact line of code that threw it,An apology and a support contact,B,"What failed, and enough to act on it","Which record, which value, which operation. Enough that the reader knows what to do next.",AUTHORED,
GB3_EHD_005,ERROR_HANDLING_DESIGN,EHD_C05_FAIL_FAST,EHD_F05_WHAT_FAIL_FAST_IS,EHD_FAM05_FAILING_EARLY,EHD_RG_FAIL_FAST,D1,REMEMBER,mcq,What does failing fast mean?,Stopping as soon as something is wrong,Returning an error more quickly than usual,Retrying immediately rather than waiting,Timing out before the operation finishes,A,Stopping as soon as something is wrong,"The alternative is continuing with bad state, which turns a clear failure into a confusing one later.",AUTHORED,
GB3_EHD_006,ERROR_HANDLING_DESIGN,EHD_C06_RETRY,EHD_F06_WHAT_IS_RETRYABLE,EHD_FAM06_RETRIES,EHD_RG_RETRY,D1,REMEMBER,mcq,Which kind of failure is worth retrying?,One the user asked you to repeat,One that happened on the network,One that might succeed if tried again,One that returns a server error code,C,One that might succeed if tried again,Transient means it may pass. Retrying a rejected password is just doing the same wrong thing repeatedly.,AUTHORED,
GB3_EHD_007,ERROR_HANDLING_DESIGN,EHD_C07_TYPES,EHD_F07_DISTINGUISHABLE_ERRORS,EHD_FAM07_ERROR_TYPES,EHD_RG_TYPES,D1,REMEMBER,mcq,Why give different failures different error types?,So the messages can be worded better,So a caller can react to each differently,So the errors can be counted separately,So the logs can be filtered by type,B,So a caller can react to each differently,"One generic error forces callers to read the message text, which then cannot be changed.",AUTHORED,
GB3_EHD_008,ERROR_HANDLING_DESIGN,EHD_C08_CLEANUP,EHD_F08_RELEASE_RESOURCES,EHD_FAM08_CLEANUP,EHD_RG_CLEANUP,D1,REMEMBER,mcq,What must happen to an open resource when an error occurs?,It must be closed in the catch block,It must be released on every path out,It will be released when the process ends,It should be left open for the retry,B,It must be released on every path out,"Every path, including the ones you did not think about. That is what finally blocks and scoped resources are for.",AUTHORED,
GB3_EHD_009,ERROR_HANDLING_DESIGN,EHD_C09_USER_VERSUS_LOG,EHD_F09_TWO_AUDIENCES,EHD_FAM09_AUDIENCES,EHD_RG_AUDIENCE,D1,REMEMBER,mcq,Who are the two audiences for an error?,The caller and the function that threw it,The application and the monitoring system,The person using it and the person fixing it,The developer and the operations team,C,The person using it and the person fixing it,"They need different things, which is why one message rarely serves both well.",AUTHORED,
GB3_EHD_010,ERROR_HANDLING_DESIGN,EHD_C10_PARTIAL,EHD_F10_HALF_DONE_WORK,EHD_FAM10_PARTIAL_FAILURE,EHD_RG_PARTIAL,D1,REMEMBER,mcq,What is the danger when an operation fails halfway through?,The logs will record two separate failures,The system is left in an inconsistent state,The user has to start the whole thing again,The error message will be inaccurate,B,The system is left in an inconsistent state,Money taken and no order placed. Half-completed work is the failure mode worth designing against.,AUTHORED,
GB3_EHD_011,ERROR_HANDLING_DESIGN,EHD_C02_SWALLOW,EHD_F11_WHY_WORSE_THAN_CRASH,EHD_FAM11_WHY_SILENCE_IS_WORSE,EHD_RG_SWALLOW,D2,UNDERSTAND,mcq,Why is a silently swallowed error worse than a crash?,The stack trace is lost when caught,The crash would have been logged properly,The user gets no feedback either way,The damage continues with nobody knowing,D,The damage continues with nobody knowing,A crash is a loud event at the moment of failure. Silence turns it into corrupt data found much later.,AUTHORED,
GB3_EHD_012,ERROR_HANDLING_DESIGN,EHD_C01_KINDS,EHD_F12_WHY_NOT_EXCEPTIONS_FOR_EVERYTHING,EHD_FAM12_WHY_EXPECTED_IS_DIFFERENT,EHD_RG_KINDS,D2,UNDERSTAND,mcq,Why is an exception a poor fit for validation failure?,Exceptions are slower than returning a value,It makes the common case read as the rare one,The caller cannot see what field failed,Exceptions cannot carry structured data,B,It makes the common case read as the rare one,Invalid input is the ordinary operation of a form. Modelling it as exceptional inverts the code’s emphasis.,AUTHORED,
GB3_EHD_013,ERROR_HANDLING_DESIGN,EHD_C05_FAIL_FAST,EHD_F13_WHY_STOP_EARLY,EHD_FAM13_WHY_EARLY_FAILURE_HELPS,EHD_RG_FAIL_FAST,D2,UNDERSTAND,mcq,Why stop at the first sign of a broken assumption?,The failure is nearest its cause there,It prevents the error being caught later,It saves the remaining processing time,It produces a shorter stack trace,A,The failure is nearest its cause there,Distance between cause and symptom is what makes debugging expensive. Failing early keeps it at zero.,AUTHORED,
GB3_EHD_014,ERROR_HANDLING_DESIGN,EHD_C04_MESSAGE,EHD_F14_WHY_VAGUE_MESSAGES_COST,EHD_FAM14_WHY_DETAIL_MATTERS,EHD_RG_MESSAGE,D2,UNDERSTAND,mcq,"Why is ""something went wrong"" an expensive message?",It looks unprofessional to the user,Every occurrence costs somebody an investigation,It gives no code for support to reference,It cannot be translated into other languages,B,Every occurrence costs somebody an investigation,"Written once, paid every time it appears, by whoever has to work out what actually happened.",AUTHORED,
GB3_EHD_015,ERROR_HANDLING_DESIGN,EHD_C11_CONTEXT,EHD_F15_WHY_ADD_CONTEXT,EHD_FAM15_WHY_WRAPPING_HELPS,EHD_RG_CONTEXT,D2,UNDERSTAND,mcq,Why add context to an error as it travels up?,Each layer knows something the others do not,It converts the error to the right type,It lets each layer decide whether to log,It makes the stack trace shorter to read,A,Each layer knows something the others do not,"""Connection refused"" plus ""loading user 42"" plus ""rendering the dashboard"" is a story you can act on.",AUTHORED,
GB3_EHD_016,ERROR_HANDLING_DESIGN,EHD_C06_RETRY,EHD_F16_WHY_BACKOFF,EHD_FAM16_WHY_RETRIES_NEED_SPACING,EHD_RG_RETRY,D2,UNDERSTAND,mcq,Why should retries wait longer each time?,Slower retries are easier to monitor,The caller may cancel in the meantime,Immediate retries make an overload worse,The failure needs time to be logged,C,Immediate retries make an overload worse,A struggling service hit by every client retrying at once is a service that does not recover.,AUTHORED,
GB3_EHD_017,ERROR_HANDLING_DESIGN,EHD_C12_IDEMPOTENT,EHD_F17_WHY_RETRY_NEEDS_SAFETY,EHD_FAM17_WHY_RETRIES_CAN_DUPLICATE,EHD_RG_IDEMPOTENT,D2,UNDERSTAND,mcq,Why can retrying a failed request cause duplicates?,The retry may carry different data,The retry may be sent to a different server,The request may arrive out of order,The first attempt may have succeeded quietly,D,The first attempt may have succeeded quietly,A lost response looks exactly like a failed request. Retrying is only safe if repeating is safe.,AUTHORED,
GB3_EHD_018,ERROR_HANDLING_DESIGN,EHD_C09_USER_VERSUS_LOG,EHD_F18_WHY_DIFFERENT_DETAIL,EHD_FAM18_WHY_AUDIENCES_DIFFER,EHD_RG_AUDIENCE,D2,UNDERSTAND,mcq,Why should the user see less than the log records?,Users cannot understand technical language,The log is the official record of the fault,Internal detail helps an attacker and not them,Long messages do not fit in the interface,C,Internal detail helps an attacker and not them,The user needs to know what to do; the log needs everything. Only one of those audiences is trusted.,AUTHORED,
GB3_EHD_019,ERROR_HANDLING_DESIGN,EHD_C13_CIRCUIT,EHD_F19_WHY_STOP_CALLING,EHD_FAM19_WHY_GIVING_UP_HELPS,EHD_RG_CIRCUIT,D2,UNDERSTAND,mcq,Why stop calling a service that keeps failing?,It saves the cost of the network calls,It lets the service recover and you fail fast,It prevents the error spreading further,It reduces the number of errors logged,B,It lets the service recover and you fail fast,"A circuit breaker. You stop adding load to something drowning, and stop making your users wait for a timeout.",AUTHORED,
GB3_EHD_020,ERROR_HANDLING_DESIGN,EHD_C14_DEGRADE,EHD_F20_WHY_PARTIAL_SERVICE,EHD_FAM20_WHY_DEGRADING_BEATS_FAILING,EHD_RG_DEGRADE,D2,UNDERSTAND,mcq,Why might a page render without its recommendations panel?,The panel can be retried separately,One optional failure should not lose the page,The panel takes the longest to load,Recommendations are not important data,B,One optional failure should not lose the page,Graceful degradation. Deciding in advance which parts are optional is what makes it possible.,AUTHORED,
GB3_EHD_021,ERROR_HANDLING_DESIGN,EHD_C01_KINDS,EHD_F21_MODEL_AN_EXPECTED_CASE,EHD_FAM21_MODELLING_EXPECTED_FAILURE,EHD_RG_KINDS,D3,APPLY,mcq,A lookup may legitimately find nothing. How should that be expressed?,As a null the caller should check for,As an exception the caller can catch,As a return value the caller must handle,As an empty object with a flag set,C,As a return value the caller must handle,"Not found is an outcome, not a fault. A type the caller must unwrap makes ignoring it impossible.",AUTHORED,
GB3_EHD_022,ERROR_HANDLING_DESIGN,EHD_C11_CONTEXT,EHD_F22_WRAP_WITH_CONTEXT,EHD_FAM22_ADDING_CONTEXT,EHD_RG_CONTEXT,D3,APPLY,mcq,You catch a database error in a service method. What should you do with it?,Log it and return a default value,Convert it into a generic service error,Re-raise it with what you were doing added,Catch it and let the caller see nothing,C,Re-raise it with what you were doing added,Keep the original as the cause. Replacing it loses the detail that would have identified the fault.,AUTHORED,
GB3_EHD_023,ERROR_HANDLING_DESIGN,EHD_C10_PARTIAL,EHD_F23_ALL_OR_NOTHING,EHD_FAM23_KEEPING_STATE_CONSISTENT,EHD_RG_PARTIAL,D3,APPLY,mcq,Three writes must all succeed or none. What do you use?,A retry of whichever one failed,A check after each of the writes,A transaction covering all three,A rollback function you call yourself,C,A transaction covering all three,"Where a transaction is not available, compensating actions — but a hand-written rollback is the last resort.",AUTHORED,
GB3_EHD_024,ERROR_HANDLING_DESIGN,EHD_C06_RETRY,EHD_F24_BOUND_THE_RETRIES,EHD_FAM24_LIMITING_RETRIES,EHD_RG_RETRY,D3,APPLY,mcq,What must every retry loop have?,A limit and an increasing delay,A check that the caller is waiting,A log line on each attempt,A different server on each try,A,A limit and an increasing delay,Unbounded retries turn one failing dependency into a thread pool exhausted and a service that never recovers.,AUTHORED,
GB3_EHD_025,ERROR_HANDLING_DESIGN,EHD_C07_TYPES,EHD_F25_DESIGN_THE_TYPES,EHD_FAM25_CHOOSING_ERROR_TYPES,EHD_RG_TYPES,D3,APPLY,mcq,How many distinct error types should a module expose?,"As few as possible, ideally just one","One for the whole module, with a code",One per place an error can be raised,One per way a caller would react differently,D,One per way a caller would react differently,The caller’s branches decide the types. More than that is ceremony; fewer forces message-matching.,AUTHORED,
GB3_EHD_026,ERROR_HANDLING_DESIGN,EHD_C09_USER_VERSUS_LOG,EHD_F26_TWO_MESSAGES,EHD_FAM26_WRITING_FOR_BOTH,EHD_RG_AUDIENCE,D3,APPLY,mcq,How do you serve both the user and the engineer from one failure?,"A short message out, the full detail logged, linked by an id","A short message out, with the detail in a header",A detailed message shown only to signed-in users,"A full message out, with the sensitive parts removed",A,"A short message out, the full detail logged, linked by an id",The reference id is the whole trick — the user can quote it and support can find everything.,AUTHORED,
GB3_EHD_027,ERROR_HANDLING_DESIGN,EHD_C14_DEGRADE,EHD_F27_MARK_THE_OPTIONAL,EHD_FAM27_DESIGNING_DEGRADATION,EHD_RG_DEGRADE,D3,APPLY,mcq,A page calls five services. How do you decide what happens when one fails?,Render whatever arrived in time,Fail the page if any of them fails,Retry each one until it succeeds,Decide in advance which are essential,D,Decide in advance which are essential,Essential and optional is a product decision. Made at design time it is cheap; made in an incident it is not.,AUTHORED,
GB3_EHD_028,ERROR_HANDLING_DESIGN,EHD_C15_TIMEOUT,EHD_F28_ALWAYS_TIME_OUT,EHD_FAM28_SETTING_TIMEOUTS,EHD_RG_TIMEOUT,D3,APPLY,mcq,Why must every outbound call have a timeout?,A hanging call holds your resources forever,The remote service may return an error,The user may navigate away meanwhile,The connection may be dropped silently,A,A hanging call holds your resources forever,"No timeout means one slow dependency consumes every thread you have, and then you are down too.",AUTHORED,
GB3_EHD_029,ERROR_HANDLING_DESIGN,EHD_C08_CLEANUP,EHD_F29_SCOPED_RESOURCES,EHD_FAM29_RELEASING_RESOURCES,EHD_RG_CLEANUP,D3,APPLY,mcq,What is the most reliable way to close a resource?,A close call at the end of the function,A periodic sweep of unclosed handles,A construct that closes it when scope ends,A close call inside the catch block,C,A construct that closes it when scope ends,"using, with, defer, try-with-resources. Anything you must remember will be forgotten on some path.",AUTHORED,
GB3_EHD_030,ERROR_HANDLING_DESIGN,EHD_C16_BOUNDARY,EHD_F30_ONE_PLACE_TO_CATCH,EHD_FAM30_TOP_LEVEL_HANDLING,EHD_RG_BOUNDARY,D3,APPLY,mcq,What belongs at the top level of a web application?,A log statement for each request made,A catch block around every route handler,A handler turning any error into a response,A retry of the request that failed,C,A handler turning any error into a response,One boundary that guarantees no unhandled error escapes as a blank page or a stack trace.,AUTHORED,
GB3_EHD_031,ERROR_HANDLING_DESIGN,EHD_C02_SWALLOW,EHD_F31_EMPTY_CATCH_FOUND,EHD_FAM31_DIAGNOSE_A_SWALLOWED_ERROR,EHD_RG_SWALLOW,D4,ANALYZE,mcq,Records are occasionally missing and nothing appears in the logs. What would you look for?,A cache serving a stale record list,A database constraint rejecting them,A network failure during the write,A catch block that does nothing at all,D,A catch block that does nothing at all,"Failures with no trace anywhere is the signature of a swallowed error, usually added to quieten a test.",AUTHORED,
GB3_EHD_032,ERROR_HANDLING_DESIGN,EHD_C11_CONTEXT,EHD_F32_CONTEXT_LOST,EHD_FAM32_DIAGNOSE_A_LOST_CAUSE,EHD_RG_CONTEXT,D4,ANALYZE,mcq,"Every failure logs ""service error"" with no further detail. What was done wrong?",The logging happens before the detail is known,The log level was set too low to record it,"The original error was replaced, not wrapped",The error type was too generic to begin with,C,"The original error was replaced, not wrapped",Throwing a new error and discarding the cause deletes the only part that identified the fault.,AUTHORED,
GB3_EHD_033,ERROR_HANDLING_DESIGN,EHD_C06_RETRY,EHD_F33_RETRY_STORM,EHD_FAM33_DIAGNOSE_A_RETRY_STORM,EHD_RG_RETRY,D4,ANALYZE,mcq,A brief database blip turned into a twenty-minute outage. What likely amplified it?,The connection pool being too small,Every client retrying immediately and repeatedly,The database taking too long to restart,The error not being detected quickly enough,B,Every client retrying immediately and repeatedly,The retries became the load that kept it down. Backoff with jitter is what breaks that loop.,AUTHORED,
GB3_EHD_034,ERROR_HANDLING_DESIGN,EHD_C15_TIMEOUT,EHD_F34_NO_TIMEOUT_CASCADE,EHD_FAM34_DIAGNOSE_A_CASCADE,EHD_RG_TIMEOUT,D4,ANALYZE,mcq,One slow downstream service brought down three services that call it. Why?,Their threads were all waiting on it,They ran out of memory buffering data,They retried until the network failed,They propagated the error incorrectly,A,Their threads were all waiting on it,Slow is worse than down. A missing timeout converts somebody else’s latency into your outage.,AUTHORED,
GB3_EHD_035,ERROR_HANDLING_DESIGN,EHD_C10_PARTIAL,EHD_F35_HALF_WRITTEN,EHD_FAM35_DIAGNOSE_INCONSISTENT_STATE,EHD_RG_PARTIAL,D4,ANALYZE,mcq,Some orders exist with no payment record. What does that suggest?,The order was created twice over,The two writes were not atomic,The payment record was deleted later,The payment service was unavailable,B,The two writes were not atomic,Orphaned records are the fingerprint of a multi-step operation that failed between its steps.,AUTHORED,
GB3_EHD_036,ERROR_HANDLING_DESIGN,EHD_C17_CATCH_TOO_BROAD,EHD_F36_CATCHING_EVERYTHING,EHD_FAM36_DIAGNOSE_AN_OVERBROAD_CATCH,EHD_RG_BROAD,D4,ANALYZE,mcq,A catch around a whole function hides a typo in an unrelated line. How?,It converts the error into a warning level,It retries the function and masks the fault,It catches the programming error along with the rest,It prevents the function from being called,C,It catches the programming error along with the rest,"A catch meant for a network failure also catches your own bugs, and reports them as a network failure.",AUTHORED,
GB3_EHD_037,ERROR_HANDLING_DESIGN,EHD_C12_IDEMPOTENT,EHD_F37_DUPLICATE_FROM_RETRY,EHD_FAM37_DIAGNOSE_DUPLICATES,EHD_RG_IDEMPOTENT,D4,ANALYZE,mcq,Users occasionally receive two identical confirmation emails. What is the likely cause?,The queue processing the job concurrently,The user submitting the form two times,A retry after the first attempt had succeeded,The email service delivering the same message twice,C,A retry after the first attempt had succeeded,All are possible; the retry-after-lost-response is the one built into the code rather than the environment.,AUTHORED,
GB3_EHD_038,ERROR_HANDLING_DESIGN,EHD_C18_ALERT_FATIGUE,EHD_F38_TOO_MANY_ERRORS,EHD_FAM38_DIAGNOSE_NOISE,EHD_RG_NOISE,D4,ANALYZE,mcq,The error log has thousands of entries a day and nobody reads it. What went wrong?,The log level was configured incorrectly,The system genuinely fails that often,The log retention is set for too long,Expected outcomes are being logged as errors,D,Expected outcomes are being logged as errors,A failed login is not an error. Logging normal outcomes at error level is what buries the real ones.,AUTHORED,
GB3_EHD_039,ERROR_HANDLING_DESIGN,EHD_C19_ASYNC,EHD_F39_UNHANDLED_BACKGROUND,EHD_FAM39_DIAGNOSE_BACKGROUND_FAILURE,EHD_RG_ASYNC,D4,ANALYZE,mcq,A background job has been failing for weeks and nobody noticed. What was missing?,A schedule that runs it often enough,Anything that reports a job’s failure,A log statement inside the job,A retry when the job fails to run,B,Anything that reports a job’s failure,Nobody is watching a background job fail. Its failures need to reach the same place a request failure does.,AUTHORED,
GB3_EHD_040,ERROR_HANDLING_DESIGN,EHD_C03_WHERE,EHD_F40_CAUGHT_TOO_LOW,EHD_FAM40_DIAGNOSE_MISPLACED_HANDLING,EHD_RG_WHERE,D4,ANALYZE,mcq,A utility function catches a missing file and returns an empty string. What is the problem?,It decided for callers that this was acceptable,It failed to record the missing filename,It returned the wrong kind of default,It should have created the file instead,A,It decided for callers that this was acceptable,For one caller the file is optional and for another it is fatal. The utility cannot know which.,AUTHORED,
GB3_EHD_041,ERROR_HANDLING_DESIGN,EHD_C20_PHILOSOPHY,EHD_F41_CRASH_OR_CONTINUE,EHD_FAM41_JUDGING_THE_RESPONSE,EHD_RG_PHILOSOPHY,D5,EVALUATE,mcq,When is crashing the right response to an error?,When the error cannot be handled locally,When continuing would corrupt something,When the error has not been seen before,When the user cannot do anything about it,B,When continuing would corrupt something,"Stopping is a legitimate design choice, and often the honest one. Corrupt data is harder to fix than downtime.",AUTHORED,
GB3_EHD_042,ERROR_HANDLING_DESIGN,EHD_C21_COST,EHD_F42_HOW_MUCH_HANDLING,EHD_FAM42_JUDGING_HOW_MUCH,EHD_RG_COST,D5,EVALUATE,mcq,How much error handling is the right amount?,Enough for the failures that will actually occur,As much as the codebase style guide requires,Enough to satisfy the code review,Enough that no error can ever escape,A,Enough for the failures that will actually occur,Handling every theoretical failure buries the logic. Handling none means discovering them in production.,AUTHORED,
GB3_EHD_043,ERROR_HANDLING_DESIGN,EHD_C20_PHILOSOPHY,EHD_F43_EXCEPTIONS_OR_VALUES,EHD_FAM43_JUDGING_THE_MECHANISM,EHD_RG_PHILOSOPHY,D5,EVALUATE,mcq,How do you choose between throwing and returning an error value?,By whether the error carries extra data,By how deep the call stack is at that point,By which the language community prefers,By whether the caller should be forced to decide,D,By whether the caller should be forced to decide,A returned value the caller must unwrap cannot be ignored. An exception can travel past everybody.,AUTHORED,
GB3_EHD_044,ERROR_HANDLING_DESIGN,EHD_C22_USER_EXPERIENCE,EHD_F44_WHAT_THE_USER_NEEDS,EHD_FAM44_JUDGING_THE_USER_MESSAGE,EHD_RG_UX,D5,EVALUATE,mcq,What does a good user-facing error message give them?,A code to give to the support team,Something they can actually do next,Reassurance that it is being fixed,An accurate description of the fault,B,Something they can actually do next,"Retry, check the field, contact support with this id. A message with no next step is only bad news.",AUTHORED,
GB3_EHD_045,ERROR_HANDLING_DESIGN,EHD_C13_CIRCUIT,EHD_F45_WHEN_TO_BREAK,EHD_FAM45_JUDGING_CIRCUIT_BREAKERS,EHD_RG_CIRCUIT,D5,EVALUATE,mcq,When is a circuit breaker worth the complexity?,When a dependency failing would take you with it,When the calls to it are expensive to make,When the dependency is outside your control,When a dependency fails more than occasionally,A,When a dependency failing would take you with it,"It is a containment device. Where the dependency is optional, degrading gracefully is simpler and enough.",AUTHORED,
GB3_EHD_046,ERROR_HANDLING_DESIGN,EHD_C23_TESTING,EHD_F46_TEST_THE_FAILURE_PATH,EHD_FAM46_JUDGING_CONFIDENCE,EHD_RG_TESTING,D5,EVALUATE,mcq,Why is error handling so often wrong in production?,The handling was added after the feature,The errors differ between environments,The failures are impossible to predict,The failure paths are the least tested code,D,The failure paths are the least tested code,The happy path runs a thousand times a day. The catch block may never have run before the night it matters.,AUTHORED,
GB3_EHD_047,ERROR_HANDLING_DESIGN,EHD_C21_COST,EHD_F47_READABILITY_COST,EHD_FAM47_JUDGING_THE_NOISE,EHD_RG_COST,D5,EVALUATE,mcq,A function is 80% error handling and 20% logic. What should you consider?,Adding comments to separate the two,Splitting it into two smaller functions,Moving the handling out to one boundary,Removing the least likely error cases,C,Moving the handling out to one boundary,"Handling at a boundary keeps the logic readable, which is itself a correctness property.",AUTHORED,
GB3_EHD_048,ERROR_HANDLING_DESIGN,EHD_C24_CONTRACT,EHD_F48_ERRORS_ARE_AN_INTERFACE,EHD_FAM48_JUDGING_THE_CONTRACT,EHD_RG_CONTRACT,D5,EVALUATE,mcq,Why is changing what errors a function raises a breaking change?,Callers have written code against them,The documentation becomes inaccurate,The tests will need to be rewritten,The error types are part of the signature,A,Callers have written code against them,"The failure modes are as much part of the contract as the return type, and are far more often forgotten.",AUTHORED,
GB3_EHD_049,ERROR_HANDLING_DESIGN,EHD_C18_ALERT_FATIGUE,EHD_F49_WHAT_DESERVES_ATTENTION,EHD_FAM49_JUDGING_SEVERITY,EHD_RG_NOISE,D5,EVALUATE,mcq,What should be logged at error level?,Something a person needs to look at,Any exception that was caught,Anything affecting a user request,Anything that did not go as planned,A,Something a person needs to look at,"Severity is about the response required, not about how the code felt. Otherwise the level stops meaning anything.",AUTHORED,
GB3_EHD_050,ERROR_HANDLING_DESIGN,EHD_C20_PHILOSOPHY,EHD_F50_THE_QUESTION,EHD_FAM50_JUDGING_THE_WHOLE,EHD_RG_PHILOSOPHY,D5,EVALUATE,mcq,What question should you ask of every call that can fail?,Which exception type will it raise,How likely is it to fail in practice,Should this be wrapped in a try block,What should happen here if it does,D,What should happen here if it does,Deciding rather than discovering. Every bad outage in this file began with somebody not asking it.,AUTHORED,
GB3_LOG_001,LOGGING_DIAGNOSTICS,LOG_C01_PURPOSE,LOG_F01_WHO_READS_IT,LOG_FAM01_THE_READER,LOG_RG_PURPOSE,D1,REMEMBER,mcq,Who should you picture when writing a log line?,The person who reported the problem,"Yourself, debugging it tomorrow morning",Somebody who has never seen this code,A tool that will parse it automatically,C,Somebody who has never seen this code,"At three in the morning, without the source open. That picture produces almost every rule in this file.",AUTHORED,
GB3_LOG_002,LOGGING_DIAGNOSTICS,LOG_C02_LEVELS,LOG_F02_WHAT_LEVELS_ARE_FOR,LOG_FAM02_LEVELS,LOG_RG_LEVELS,D1,REMEMBER,mcq,What does a log level communicate?,How long the line should be kept,How much detail the line contains,Which component produced the line,How much attention the line deserves,D,How much attention the line deserves,"It is a claim about the response required, which is why using them loosely destroys their value.",AUTHORED,
GB3_LOG_003,LOGGING_DIAGNOSTICS,LOG_C03_STRUCTURED,LOG_F03_WHAT_STRUCTURED_MEANS,LOG_FAM03_STRUCTURE,LOG_RG_STRUCTURED,D1,REMEMBER,mcq,What is a structured log?,"One with named fields, not just a sentence",One that follows a fixed message format,One written to a file rather than output,One that includes a timestamp and level,A,"One with named fields, not just a sentence",Fields you can filter and aggregate on. A sentence can only be searched for text you happen to guess.,AUTHORED,
GB3_LOG_004,LOGGING_DIAGNOSTICS,LOG_C04_CORRELATION,LOG_F04_WHAT_A_REQUEST_ID_IS,LOG_FAM04_CORRELATION,LOG_RG_CORRELATION,D1,REMEMBER,mcq,What is a correlation id for?,Recording which user made the request,Linking an error to its stack trace,Tying together the lines from one request,Identifying which server wrote the line,C,Tying together the lines from one request,"Without it, one request’s lines are scattered among a hundred others arriving at the same moment.",AUTHORED,
GB3_LOG_005,LOGGING_DIAGNOSTICS,LOG_C05_SENSITIVE,LOG_F05_WHAT_NOT_TO_LOG,LOG_FAM05_SENSITIVE_DATA,LOG_RG_SENSITIVE,D1,REMEMBER,mcq,What must never be written to a log?,The full text of the error raised,The duration the operation took,Identifiers of the records involved,"Credentials, tokens and personal detail",D,"Credentials, tokens and personal detail","Logs are copied, shipped and broadly readable. Anything in them should be treated as already disclosed.",AUTHORED,
GB3_LOG_006,LOGGING_DIAGNOSTICS,LOG_C06_CONTEXT,LOG_F06_INCLUDE_IDENTIFIERS,LOG_FAM06_IDENTIFIERS,LOG_RG_CONTEXT,D1,REMEMBER,mcq,"What turns ""failed to save"" into a useful line?","Which record, and why it failed",The name of the function involved,The time the failure occurred,The severity level of the failure,A,"Which record, and why it failed",Identifiers and cause. Without them the line confirms a problem exists and nothing more.,AUTHORED,
GB3_LOG_007,LOGGING_DIAGNOSTICS,LOG_C07_WHERE,LOG_F07_WRITE_TO_OUTPUT,LOG_FAM07_DESTINATION,LOG_RG_WHERE,D1,REMEMBER,mcq,Where should an application write its logs?,To a file it manages and rotates itself,Directly to the central logging service,"To its output, for the platform to collect",To a database table it can query later,C,"To its output, for the platform to collect","The application should not know where logs end up. That is a deployment concern, not an application one.",AUTHORED,
GB3_LOG_008,LOGGING_DIAGNOSTICS,LOG_C08_COST,LOG_F08_LOGS_COST_MONEY,LOG_FAM08_COST,LOG_RG_COST,D1,REMEMBER,mcq,What does logging everything cost?,Only the disk space the lines occupy,Nothing measurable in a modern system,"Storage, ingestion and the reader’s attention",Only the time spent writing each line,C,"Storage, ingestion and the reader’s attention","The attention cost is the one people forget, and it is the one that makes a log stop being read.",AUTHORED,
GB3_LOG_009,LOGGING_DIAGNOSTICS,LOG_C09_TIME,LOG_F09_TIMESTAMPS,LOG_FAM09_TIME,LOG_RG_TIME,D1,REMEMBER,mcq,In what time zone should log timestamps be recorded?,"A single absolute zone, everywhere",The local zone of each server,The zone of the user making the request,Whatever the platform defaults to,A,"A single absolute zone, everywhere",UTC. Correlating servers in three countries during an incident is impossible if each uses local time.,AUTHORED,
GB3_LOG_010,LOGGING_DIAGNOSTICS,LOG_C10_WHAT_TO_LOG,LOG_F10_OUTCOMES_NOT_STEPS,LOG_FAM10_WHAT_DESERVES_A_LINE,LOG_RG_WHAT,D1,REMEMBER,mcq,What is generally worth a log line?,Entering and leaving each function,The value of each variable computed,Every query sent to the database,A decision taken or an outcome reached,D,A decision taken or an outcome reached,Decisions and outcomes reconstruct behaviour. A trace of every function call reconstructs nothing but noise.,AUTHORED,
GB3_LOG_011,LOGGING_DIAGNOSTICS,LOG_C04_CORRELATION,LOG_F11_WHY_CORRELATION_MATTERS,LOG_FAM11_WHY_TYING_LINES_TOGETHER,LOG_RG_CORRELATION,D2,UNDERSTAND,mcq,Why are logs nearly useless without a correlation id under concurrency?,The timestamps are not precise enough,The servers write at different speeds,The lines arrive out of their true order,The lines of one request are mixed with others,D,The lines of one request are mixed with others,"A hundred requests interleaved gives you a hundred stories in one column, with no way to separate them.",AUTHORED,
GB3_LOG_012,LOGGING_DIAGNOSTICS,LOG_C03_STRUCTURED,LOG_F12_WHY_FIELDS_BEAT_TEXT,LOG_FAM12_WHY_STRUCTURE_HELPS,LOG_RG_STRUCTURED,D2,UNDERSTAND,mcq,Why is a structured log more useful at scale?,You can filter and count on the fields,It is easier for a person to read,It takes up less space when stored,It can be written more quickly,A,You can filter and count on the fields,"""Show me every failure for tenant 12 in the last hour"" is a query on fields and a guess on sentences.",AUTHORED,
GB3_LOG_013,LOGGING_DIAGNOSTICS,LOG_C02_LEVELS,LOG_F13_WHY_LEVELS_DECAY,LOG_FAM13_WHY_LEVELS_LOSE_MEANING,LOG_RG_LEVELS,D2,UNDERSTAND,mcq,Why does logging expected outcomes at error level cause harm?,The level loses its technical meaning,Real errors are buried among them,The alerts become slower to fire,The log grows larger than necessary,B,Real errors are buried among them,"A channel that is usually noise stops being read, and then the one line that mattered is not read either.",AUTHORED,
GB3_LOG_014,LOGGING_DIAGNOSTICS,LOG_C06_CONTEXT,LOG_F14_WHY_IDENTIFIERS,LOG_FAM14_WHY_CONTEXT_IS_ESSENTIAL,LOG_RG_CONTEXT,D2,UNDERSTAND,mcq,Why include the record id rather than just the operation name?,It shows how many records were affected,It proves the operation actually ran,It makes the line easier to search for,You can then reproduce and check the case,D,You can then reproduce and check the case,With the id you can go and look. Without it you know only that it happened to somebody.,AUTHORED,
GB3_LOG_015,LOGGING_DIAGNOSTICS,LOG_C11_DEBUGGING,LOG_F15_WHY_NOT_JUST_A_DEBUGGER,LOG_FAM15_WHY_LOGS_NOT_DEBUGGERS,LOG_RG_DEBUGGING,D2,UNDERSTAND,mcq,Why can a debugger not replace logging in production?,You cannot pause a live system to inspect it,Debuggers are not installed on servers,The problem may not be reproducible,The code is compiled differently there,A,You cannot pause a live system to inspect it,And the failure already happened. Logs are the only record of a moment you cannot return to.,AUTHORED,
GB3_LOG_016,LOGGING_DIAGNOSTICS,LOG_C12_SAMPLING,LOG_F16_WHY_SAMPLE,LOG_FAM16_WHY_NOT_EVERYTHING,LOG_RG_SAMPLING,D2,UNDERSTAND,mcq,Why might a high-traffic service log only some successful requests?,The storage system cannot accept them all,The logging would slow the service down,The volume would cost more than it is worth,Successful requests contain no information,C,The volume would cost more than it is worth,"Sample the ordinary, keep every failure. You lose little and the bill falls by an order of magnitude.",AUTHORED,
GB3_LOG_017,LOGGING_DIAGNOSTICS,LOG_C05_SENSITIVE,LOG_F17_WHY_LOGS_ARE_EXPOSED,LOG_FAM17_WHY_LOGS_ARE_A_RISK,LOG_RG_SENSITIVE,D2,UNDERSTAND,mcq,Why are logs a common source of data leaks?,They are kept for longer than the data,They are widely readable and rarely reviewed,They are stored without any encryption,They are copied to third-party services,B,They are widely readable and rarely reviewed,Access that would never be granted to the database is routinely granted to the logs of it.,AUTHORED,
GB3_LOG_018,LOGGING_DIAGNOSTICS,LOG_C13_CAUSE,LOG_F18_WHY_LOG_THE_CAUSE,LOG_FAM18_WHY_THE_UNDERLYING_ERROR,LOG_RG_CAUSE,D2,UNDERSTAND,mcq,Why log the original exception rather than a summary of it?,The detail you discard is what identifies the fault,The summary may be worded inaccurately,The original is shorter than a summary,The summary text cannot be searched reliably,A,The detail you discard is what identifies the fault,Whoever wrote the summary knew what they expected to go wrong. The actual failure was something else.,AUTHORED,
GB3_LOG_019,LOGGING_DIAGNOSTICS,LOG_C14_CONSISTENCY,LOG_F19_WHY_SAME_FIELD_NAMES,LOG_FAM19_WHY_CONSISTENT_NAMING,LOG_RG_CONSISTENCY,D2,UNDERSTAND,mcq,Why should every service use the same name for the user identifier?,It reduces the size of each log line,It makes the code easier to review,It is required by logging libraries,One query can then span all of them,D,One query can then span all of them,"userId, user_id and uid in three services means three queries and one that you forget.",AUTHORED,
GB3_LOG_020,LOGGING_DIAGNOSTICS,LOG_C15_RETENTION,LOG_F20_WHY_NOT_FOREVER,LOG_FAM20_WHY_RETENTION_IS_BOUNDED,LOG_RG_RETENTION,D2,UNDERSTAND,mcq,Why not keep logs indefinitely?,"Cost, and the liability of holding the data",Old logs become impossible to search,The format changes between versions,They lose relevance after a few days,A,"Cost, and the liability of holding the data",Every log line containing personal data is a record you are responsible for until you delete it.,AUTHORED,
GB3_LOG_021,LOGGING_DIAGNOSTICS,LOG_C06_CONTEXT,LOG_F21_WRITE_A_GOOD_LINE,LOG_FAM21_WRITING_A_LINE,LOG_RG_CONTEXT,D3,APPLY,mcq,An order fails to save. What should the log line say?,That saving an order has failed again,The stack trace from where it failed,"The order id, the reason, and the operation",The full order object as it was received,C,"The order id, the reason, and the operation",The whole object risks logging personal data and buries the point. Identify it and say what went wrong.,AUTHORED,
GB3_LOG_022,LOGGING_DIAGNOSTICS,LOG_C02_LEVELS,LOG_F22_CHOOSE_A_LEVEL,LOG_FAM22_CHOOSING_A_LEVEL,LOG_RG_LEVELS,D3,APPLY,mcq,A user submits an invalid form. At what level does that belong?,"Error, since the request failed","Information, or nothing at all","Warning, since something was wrong","Debug, since it helps development",B,"Information, or nothing at all",Nothing is broken. A form rejecting bad input is the form doing exactly what it is for.,AUTHORED,
GB3_LOG_023,LOGGING_DIAGNOSTICS,LOG_C04_CORRELATION,LOG_F23_PROPAGATE_THE_ID,LOG_FAM23_CARRYING_THE_ID,LOG_RG_CORRELATION,D3,APPLY,mcq,A request crosses three services. How do you keep the logs connected?,Have each service log the caller name,Pass the same id along with each call,Use the user id as the connecting field,Match them on the timestamp ranges,B,Pass the same id along with each call,"Generated at the edge, passed in a header, attached to every line. The user id cannot separate two of their requests.",AUTHORED,
GB3_LOG_024,LOGGING_DIAGNOSTICS,LOG_C05_SENSITIVE,LOG_F24_LOG_SAFELY,LOG_FAM24_AVOIDING_SENSITIVE_DATA,LOG_RG_SENSITIVE,D3,APPLY,mcq,You want to log enough about a user to debug. What do you record?,"Their identifier, not their details","Their full record, minus the password","Their email, which is easy to search","Their name, so support can find them",A,"Their identifier, not their details","An opaque id is searchable, resolvable by anyone entitled to, and worthless to anybody who is not.",AUTHORED,
GB3_LOG_025,LOGGING_DIAGNOSTICS,LOG_C16_LOOPS,LOG_F25_DO_NOT_LOG_PER_ITEM,LOG_FAM25_LOGGING_IN_LOOPS,LOG_RG_LOOPS,D3,APPLY,mcq,A job processes fifty thousand records. What should it log?,One line for every record processed,One line when the job starts and ends,A progress line every thousand records,"A summary, plus each individual failure",D,"A summary, plus each individual failure",Counts and durations plus the exceptions. Fifty thousand success lines cost money and tell you nothing.,AUTHORED,
GB3_LOG_026,LOGGING_DIAGNOSTICS,LOG_C17_STARTUP,LOG_F26_LOG_THE_CONFIG,LOG_FAM26_STARTUP_LOGGING,LOG_RG_STARTUP,D3,APPLY,mcq,What is worth logging when a service starts?,The hardware it is running on,Every dependency it has loaded,Its version and its effective settings,The time it took to start up,C,Its version and its effective settings,"Half of all incidents begin with the wrong version or the wrong configuration. Print it, with secrets masked.",AUTHORED,
GB3_LOG_027,LOGGING_DIAGNOSTICS,LOG_C13_CAUSE,LOG_F27_LOG_ONCE,LOG_FAM27_AVOIDING_DUPLICATE_LOGS,LOG_RG_CAUSE,D3,APPLY,mcq,An error is logged at every layer as it travels up. What is wrong with that?,The later lines lose the original detail,The levels will be inconsistent,The log grows faster than expected,One failure appears as five separate ones,D,One failure appears as five separate ones,"Log where it is handled. Add context on the way up; write the line once, at the place that decides.",AUTHORED,
GB3_LOG_028,LOGGING_DIAGNOSTICS,LOG_C18_TIMING,LOG_F28_LOG_DURATIONS,LOG_FAM28_RECORDING_TIME,LOG_RG_TIMING,D3,APPLY,mcq,Why record how long an external call took?,It helps estimate the server capacity,Slowness is a failure you cannot otherwise see,It proves the call was actually made,It shows which service was slowest,B,Slowness is a failure you cannot otherwise see,"A call that succeeds in nine seconds is broken, and nothing in a success-or-failure log would say so.",AUTHORED,
GB3_LOG_029,LOGGING_DIAGNOSTICS,LOG_C19_DYNAMIC,LOG_F29_CHANGE_LEVEL_LIVE,LOG_FAM29_ADJUSTING_VERBOSITY,LOG_RG_DYNAMIC,D3,APPLY,mcq,You need debug detail from production for ten minutes. What is the good way?,Reproduce the issue in staging instead,Deploy a build with debug enabled,Raise the level without redeploying,Add temporary log lines and deploy,C,Raise the level without redeploying,"A runtime switch, ideally scoped to one component. Deploying to gather evidence changes the thing you are studying.",AUTHORED,
GB3_LOG_030,LOGGING_DIAGNOSTICS,LOG_C14_CONSISTENCY,LOG_F30_AGREE_THE_FIELDS,LOG_FAM30_STANDARDISING,LOG_RG_CONSISTENCY,D3,APPLY,mcq,How do you keep log fields consistent across a team?,A documented naming convention,A shared logger that supplies them,A review checklist item for logs,A linter rule on the log calls,B,A shared logger that supplies them,Make the consistent thing the easy thing. Conventions in a document drift within two sprints.,AUTHORED,
GB3_LOG_031,LOGGING_DIAGNOSTICS,LOG_C06_CONTEXT,LOG_F31_USELESS_AT_3AM,LOG_FAM31_DIAGNOSE_A_USELESS_LINE,LOG_RG_CONTEXT,D4,ANALYZE,mcq,"During an incident the only relevant line reads ""error in handler"". What is missing?",The name of the server that logged it,The timestamp of when it occurred,"Which request, which record, and what failed",The severity level of the failure,C,"Which request, which record, and what failed",It confirms something broke. Everything you would need to act is what was left out.,AUTHORED,
GB3_LOG_032,LOGGING_DIAGNOSTICS,LOG_C04_CORRELATION,LOG_F32_CANNOT_FOLLOW_A_REQUEST,LOG_FAM32_DIAGNOSE_MISSING_CORRELATION,LOG_RG_CORRELATION,D4,ANALYZE,mcq,You cannot tell which log lines belong to the failing request. What was not done?,The lines were not written in order,No id was attached and carried through,The clocks were not synchronised,The level was set too high to capture,B,No id was attached and carried through,"Under load this makes an otherwise complete log unusable, which is why it is not an optional nicety.",AUTHORED,
GB3_LOG_033,LOGGING_DIAGNOSTICS,LOG_C02_LEVELS,LOG_F33_NOBODY_READS_ERRORS,LOG_FAM33_DIAGNOSE_IGNORED_LOGS,LOG_RG_LEVELS,D4,ANALYZE,mcq,A team stopped looking at the error log two years ago. What probably caused that?,The logging tool became too slow,It filled with things needing no action,The errors were all already known,The team grew and nobody owned it,B,It filled with things needing no action,"Every channel that cries wolf gets muted. The cure is making error mean error again, not asking harder.",AUTHORED,
GB3_LOG_034,LOGGING_DIAGNOSTICS,LOG_C05_SENSITIVE,LOG_F34_PII_IN_THE_LOGS,LOG_FAM34_DIAGNOSE_A_LEAK,LOG_RG_SENSITIVE,D4,ANALYZE,mcq,A debugging change logged full request bodies for a month. What is the consequence?,The log retention policy was exceeded,The logging bill is higher than expected,A month of personal data now sits in the logs,The relevant lines are harder to find,C,A month of personal data now sits in the logs,"All are true and the first is a reportable problem, not a cleanup task. It has to be purged and disclosed.",AUTHORED,
GB3_LOG_035,LOGGING_DIAGNOSTICS,LOG_C16_LOOPS,LOG_F35_LOG_FLOOD,LOG_FAM35_DIAGNOSE_A_FLOOD,LOG_RG_LOOPS,D4,ANALYZE,mcq,A failing dependency produced two million log lines in an hour. What went wrong in the code?,The dependency returned large errors,A retry loop logged on every attempt,The log rotation stopped working,The log level was set to debug,B,A retry loop logged on every attempt,"Log the first, count the rest, log the summary. Logging inside a tight retry loop is its own incident.",AUTHORED,
GB3_LOG_036,LOGGING_DIAGNOSTICS,LOG_C20_ASYNC,LOG_F36_LOST_CONTEXT,LOG_FAM36_DIAGNOSE_LOST_CONTEXT,LOG_RG_ASYNC,D4,ANALYZE,mcq,Lines written from a background task have no request id. Why?,The logger was configured entirely separately,The request had already completed,The task runs on a different server,The context did not travel across the boundary,D,The context did not travel across the boundary,"The id must be passed into the job explicitly, because whatever carried it implicitly does not cross that line.",AUTHORED,
GB3_LOG_037,LOGGING_DIAGNOSTICS,LOG_C09_TIME,LOG_F37_CLOCKS_DISAGREE,LOG_FAM37_DIAGNOSE_TIME_PROBLEMS,LOG_RG_TIME,D4,ANALYZE,mcq,A response appears to be logged before its request. How?,The lines were written out of order,The timestamp is added on ingestion,The two servers’ clocks are not in step,The log system reordered the entries,C,The two servers’ clocks are not in step,"A few seconds of clock drift makes causality unreadable, which is why time synchronisation is an ops requirement.",AUTHORED,
GB3_LOG_038,LOGGING_DIAGNOSTICS,LOG_C21_PERFORMANCE,LOG_F38_LOGGING_IS_SLOW,LOG_FAM38_DIAGNOSE_A_SLOWDOWN,LOG_RG_PERFORMANCE,D4,ANALYZE,mcq,A service slowed noticeably after verbose logging was enabled. What is happening?,The extra lines fill the memory buffer,The log storage is rejecting the volume,Writing and serialising the lines costs time,The logger is retrying failed writes,C,Writing and serialising the lines costs time,Especially synchronous writes on the request path. Logging is I/O and it is not free.,AUTHORED,
GB3_LOG_039,LOGGING_DIAGNOSTICS,LOG_C13_CAUSE,LOG_F39_MESSAGE_WITHOUT_CAUSE,LOG_FAM39_DIAGNOSE_A_LOST_STACK,LOG_RG_CAUSE,D4,ANALYZE,mcq,"The log records ""failed to process"" with no stack trace. What was the coding mistake?",The logger was called at the wrong level,Only the message was passed to the logger,The stack trace was too long to store,The exception was caught too early,B,Only the message was passed to the logger,Logging error.message rather than the error. The one line naming the failing call is the part discarded.,AUTHORED,
GB3_LOG_040,LOGGING_DIAGNOSTICS,LOG_C22_SEARCH,LOG_F40_CANNOT_QUERY,LOG_FAM40_DIAGNOSE_UNSEARCHABLE_LOGS,LOG_RG_SEARCH,D4,ANALYZE,mcq,Logs exist but answering a question takes half an hour of scrolling. What is the real problem?,They were never made searchable by field,They are spread across several servers,They are retained for too short a time,They contain too much detail per line,A,They were never made searchable by field,"Unstructured text in a big pile is an archive, not a diagnostic tool. The fields are what make it one.",AUTHORED,
GB3_LOG_041,LOGGING_DIAGNOSTICS,LOG_C10_WHAT_TO_LOG,LOG_F41_HOW_MUCH,LOG_FAM41_JUDGING_VOLUME,LOG_RG_WHAT,D5,EVALUATE,mcq,How do you decide how much to log?,By what the logging standard requires,By the questions you will need to answer,By how complex the component is,By how much the storage budget allows,B,By the questions you will need to answer,"Work backwards from the incident. ""Why did this user see that?"" tells you exactly which fields to record.",AUTHORED,
GB3_LOG_042,LOGGING_DIAGNOSTICS,LOG_C08_COST,LOG_F42_WHEN_COST_BITES,LOG_FAM42_JUDGING_COST,LOG_RG_COST,D5,EVALUATE,mcq,Your logging bill exceeds your compute bill. What is the right first move?,Find what is producing the volume,Move to a cheaper provider,Reduce the retention period,Raise the minimum log level,A,Find what is producing the volume,It is nearly always a handful of lines in hot paths. Blanket cuts lose the lines you actually needed.,AUTHORED,
GB3_LOG_043,LOGGING_DIAGNOSTICS,LOG_C23_VERSUS_METRICS,LOG_F43_LOGS_OR_METRICS,LOG_FAM43_JUDGING_THE_TOOL,LOG_RG_VERSUS_METRICS,D5,EVALUATE,mcq,When is a metric the better answer than a log line?,When several services produce the event,When the data must be kept long term,When the event happens very frequently,"When you care about the rate, not the case",D,"When you care about the rate, not the case","""How many failed?"" is a metric. ""Why did this one fail?"" is a log. Using either for the other is expensive.",AUTHORED,
GB3_LOG_044,LOGGING_DIAGNOSTICS,LOG_C24_AFTER_INCIDENT,LOG_F44_LEARN_FROM_GAPS,LOG_FAM44_JUDGING_IMPROVEMENT,LOG_RG_AFTER,D5,EVALUATE,mcq,What is the best time to improve your logging?,During a quarterly review of all the code,Before a major feature is released,When the logging budget is being set,"Just after an incident, while the gaps are fresh",D,"Just after an incident, while the gaps are fresh","""I wish I had known X"" is a precise specification, and it is only available for about a day afterwards.",AUTHORED,
GB3_LOG_045,LOGGING_DIAGNOSTICS,LOG_C15_RETENTION,LOG_F45_HOW_LONG_TO_KEEP,LOG_FAM45_JUDGING_RETENTION,LOG_RG_RETENTION,D5,EVALUATE,mcq,What should decide how long logs are kept?,How long the data itself is kept,How much storage you can afford,How far back you would realistically look,What the provider retains by default,C,How far back you would realistically look,"Balanced against the liability of holding it. Most debugging looks back days, not months.",AUTHORED,
GB3_LOG_046,LOGGING_DIAGNOSTICS,LOG_C11_DEBUGGING,LOG_F46_LOGS_AS_DESIGN,LOG_FAM46_JUDGING_WHEN_TO_ADD,LOG_RG_DEBUGGING,D5,EVALUATE,mcq,When should logging be thought about?,When the monitoring is being set up,During the code review of the change,After the first production problem,"While writing the code, as an output of it",D,"While writing the code, as an output of it",Logs added after an incident help the next one. Logs written with the code help the first one.,AUTHORED,
GB3_LOG_047,LOGGING_DIAGNOSTICS,LOG_C25_AUDIT,LOG_F47_AUDIT_IS_DIFFERENT,LOG_FAM47_JUDGING_AUDIT_LOGS,LOG_RG_AUDIT,D5,EVALUATE,mcq,How does an audit log differ from a diagnostic log?,It is produced by a different component,"It is a durable record, not a debugging aid",It contains more detail about each action,It is written at a higher severity level,B,"It is a durable record, not a debugging aid","Different retention, different access, different tamper expectations. Mixing them serves neither purpose well.",AUTHORED,
GB3_LOG_048,LOGGING_DIAGNOSTICS,LOG_C12_SAMPLING,LOG_F48_WHAT_TO_ALWAYS_KEEP,LOG_FAM48_JUDGING_WHAT_TO_SAMPLE,LOG_RG_SAMPLING,D5,EVALUATE,mcq,"If you sample logs, what should never be sampled away?",Requests that took a long time,Failures and anything unusual,Requests from paying customers,The first request of each session,B,Failures and anything unusual,Sampling the ordinary is nearly free. Sampling the rare removes exactly the cases you kept logs for.,AUTHORED,
GB3_LOG_049,LOGGING_DIAGNOSTICS,LOG_C22_SEARCH,LOG_F49_MEASURE_OF_SUCCESS,LOG_FAM49_JUDGING_QUALITY,LOG_RG_SEARCH,D5,EVALUATE,mcq,How do you tell whether your logging is good?,By how consistent the format is,By whether every component writes some,By how many lines it produces a day,By how fast it answers a real question,D,By how fast it answers a real question,"Time to answer. The only test that matters, and the only one you can run during a real incident.",AUTHORED,
GB3_LOG_050,LOGGING_DIAGNOSTICS,LOG_C01_PURPOSE,LOG_F50_THE_TEST,LOG_FAM50_JUDGING_THE_WHOLE,LOG_RG_PURPOSE,D5,EVALUATE,mcq,What is the test of a single log line?,Does it record everything that happened,Does it follow the team’s log format,Could a stranger act on it without the code,Is it at the appropriate severity level,C,Could a stranger act on it without the code,"Every other rule here is a way of passing that test, and it is worth applying as you type the line.",AUTHORED,
GB3_MON_001,MONITORING_OBSERVABILITY,MON_C01_DIFFERENCE,MON_F01_MONITORING_VERSUS_OBSERVABILITY,MON_FAM01_THE_TWO_TERMS,MON_RG_DIFFERENCE,D1,REMEMBER,mcq,What is the difference between monitoring and observability?,One is automated and the other is manual,"One is for servers, the other for applications","One watches known things, one answers new questions",One uses metrics and the other uses logs,C,"One watches known things, one answers new questions",Monitoring checks what you predicted. Observability is whether you can investigate what you did not.,AUTHORED,
GB3_MON_002,MONITORING_OBSERVABILITY,MON_C02_METRIC,MON_F02_WHAT_A_METRIC_IS,MON_FAM02_METRICS,MON_RG_METRIC,D1,REMEMBER,mcq,What is a metric?,A threshold that triggers an alert,A summary written after an incident,A record of one thing that happened,A number measured repeatedly over time,D,A number measured repeatedly over time,Cheap to store and aggregate because it is just numbers. That is what makes it suit rates and trends.,AUTHORED,
GB3_MON_003,MONITORING_OBSERVABILITY,MON_C03_TRACE,MON_F03_WHAT_A_TRACE_IS,MON_FAM03_TRACES,MON_RG_TRACE,D1,REMEMBER,mcq,What does a distributed trace show?,One request’s path and timing across services,The dependencies between the services,Every request the system handled that hour,The log lines produced by one service,A,One request’s path and timing across services,"Where the time went, service by service. It answers ""which hop was slow"" in one picture.",AUTHORED,
GB3_MON_004,MONITORING_OBSERVABILITY,MON_C04_ALERT,MON_F04_WHAT_AN_ALERT_IS_FOR,MON_FAM04_ALERTS,MON_RG_ALERT,D1,REMEMBER,mcq,What should an alert mean?,A component has stopped responding,A person needs to do something now,Something unusual has been detected,A measurement crossed its threshold,B,A person needs to do something now,"If nobody needs to act, it is a dashboard entry. Calling it an alert teaches people to ignore alerts.",AUTHORED,
GB3_MON_005,MONITORING_OBSERVABILITY,MON_C05_PERCENTILE,MON_F05_WHAT_A_PERCENTILE_IS,MON_FAM05_PERCENTILES,MON_RG_PERCENTILE,D1,REMEMBER,mcq,What does the 99th percentile response time tell you?,What the slowest one in a hundred experienced,How many responses were unusually slow,The slowest response that was recorded,The average of the slowest one percent,A,What the slowest one in a hundred experienced,"The experience at the bad end of the distribution, which is where the complaints come from.",AUTHORED,
GB3_MON_006,MONITORING_OBSERVABILITY,MON_C06_SYMPTOM,MON_F06_ALERT_ON_SYMPTOMS,MON_FAM06_WHAT_TO_ALERT_ON,MON_RG_SYMPTOM,D1,REMEMBER,mcq,What should you usually alert on?,An unusual pattern in the traffic,A component behaving differently,Something a user would notice,A resource nearing its limit,C,Something a user would notice,"Symptoms, not causes. There are endless causes and only a handful of things users actually feel.",AUTHORED,
GB3_MON_007,MONITORING_OBSERVABILITY,MON_C07_DASHBOARD,MON_F07_WHAT_A_DASHBOARD_IS_FOR,MON_FAM07_DASHBOARDS,MON_RG_DASHBOARD,D1,REMEMBER,mcq,What is a dashboard best used for?,Replacing the need for alerting,Answering a specific question quickly,Displaying every metric collected,Recording the history of incidents,B,Answering a specific question quickly,A dashboard with forty charts answers nothing. One built around a question answers it in seconds.,AUTHORED,
GB3_MON_008,MONITORING_OBSERVABILITY,MON_C08_HEALTH,MON_F08_HEALTH_CHECK_MEANING,MON_FAM08_HEALTH_CHECKS,MON_RG_HEALTH,D1,REMEMBER,mcq,What should a health check report?,Whether the whole system is working,Whether the process is still running,Whether the last request succeeded,Whether this instance can do its job,D,Whether this instance can do its job,Its own ability to serve. Reporting on shared dependencies makes one outage fail every instance at once.,AUTHORED,
GB3_MON_009,MONITORING_OBSERVABILITY,MON_C09_GOLDEN,MON_F09_WHAT_TO_MEASURE_FIRST,MON_FAM09_CORE_SIGNALS,MON_RG_GOLDEN,D1,REMEMBER,mcq,What are the first things to measure about a service?,"Its traffic, errors, latency and saturation","Its users, sessions, requests and revenue","Its memory, CPU, disk and network use","Its uptime, restarts, version and age",A,"Its traffic, errors, latency and saturation","The four signals that describe what users experience. Resource use is a cause, and comes second.",AUTHORED,
GB3_MON_010,MONITORING_OBSERVABILITY,MON_C10_SLO,MON_F10_WHAT_AN_OBJECTIVE_IS,MON_FAM10_OBJECTIVES,MON_RG_SLO,D1,REMEMBER,mcq,What is a service level objective?,A limit on how much downtime is allowed,A target for how good the service should be,A measure of how the service performed,A promise made to the paying customers,B,A target for how good the service should be,"A chosen target, such as 99.9% of requests under 300ms. It makes ""good enough"" a number you can check.",AUTHORED,
GB3_MON_011,MONITORING_OBSERVABILITY,MON_C05_PERCENTILE,MON_F11_WHY_AVERAGES_LIE,MON_FAM11_WHY_THE_MEAN_HIDES_THINGS,MON_RG_PERCENTILE,D2,UNDERSTAND,mcq,Why is the average response time a poor health measure?,It is calculated over too long a period,A small group can be suffering invisibly,It does not include the failed requests,It changes too slowly to be useful,B,A small group can be suffering invisibly,Ninety-nine fast responses and one of thirty seconds averages well and has one very unhappy user.,AUTHORED,
GB3_MON_012,MONITORING_OBSERVABILITY,MON_C06_SYMPTOM,MON_F12_WHY_NOT_CAUSES,MON_FAM12_WHY_SYMPTOMS_WIN,MON_RG_SYMPTOM,D2,UNDERSTAND,mcq,Why is alerting on high CPU usually a mistake?,CPU limits differ between machines,It changes too quickly to alert on,"It may be fine, and low CPU may not be",CPU is difficult to measure accurately,C,"It may be fine, and low CPU may not be","A busy server doing its job is healthy. The question is whether requests are being served, not how hard it works.",AUTHORED,
GB3_MON_013,MONITORING_OBSERVABILITY,MON_C04_ALERT,MON_F13_WHY_FATIGUE_IS_FATAL,MON_FAM13_WHY_NOISE_KILLS_ALERTING,MON_RG_ALERT,D2,UNDERSTAND,mcq,Why is a noisy alert worse than no alert?,It wakes people who then work poorly,It costs money on every notification,The real one is dismissed along with the rest,It hides the metric it was watching,C,The real one is dismissed along with the rest,Same shape as a flaky test or a red build that means nothing. Trust is the resource being spent.,AUTHORED,
GB3_MON_014,MONITORING_OBSERVABILITY,MON_C01_DIFFERENCE,MON_F14_WHY_UNKNOWN_QUESTIONS,MON_FAM14_WHY_OBSERVABILITY_MATTERS,MON_RG_DIFFERENCE,D2,UNDERSTAND,mcq,Why is predicting what to monitor not enough?,Monitoring every case would cost too much,There are too many things to monitor them all,The worst outages are the ones nobody predicted,Predictions become outdated as code changes,C,The worst outages are the ones nobody predicted,Every serious incident begins with a question nobody thought to prepare a dashboard for.,AUTHORED,
GB3_MON_015,MONITORING_OBSERVABILITY,MON_C11_CARDINALITY,MON_F15_WHY_LABELS_COST,MON_FAM15_WHY_DIMENSIONS_ARE_EXPENSIVE,MON_RG_CARDINALITY,D2,UNDERSTAND,mcq,Why is putting a user id on a metric a problem?,It makes the metric less accurate,It creates one series per user,It exposes personal data in charts,It slows down each measurement,B,It creates one series per user,"High cardinality. A million users becomes a million time series, and the metrics system falls over.",AUTHORED,
GB3_MON_016,MONITORING_OBSERVABILITY,MON_C03_TRACE,MON_F16_WHY_TRACES_IN_DISTRIBUTED,MON_FAM16_WHY_TRACING_HELPS,MON_RG_TRACE,D2,UNDERSTAND,mcq,Why do traces matter more once a system is split into services?,The services may be owned by other teams,The time is spread across places you cannot see,There are more log lines to read through,Each service has its own monitoring set up,B,The time is spread across places you cannot see,Every service reports itself as fast and the request takes four seconds. The trace shows where they went.,AUTHORED,
GB3_MON_017,MONITORING_OBSERVABILITY,MON_C10_SLO,MON_F17_WHY_NOT_100_PERCENT,MON_FAM17_WHY_PERFECT_IS_WRONG,MON_RG_SLO,D2,UNDERSTAND,mcq,Why is a 100% availability target a bad objective?,It is impossible to measure precisely,It cannot account for planned maintenance,It costs more than the last fraction is worth,It would prevent all deployments,C,It costs more than the last fraction is worth,"Each nine costs several times the last. Choosing the target is choosing what to spend, deliberately.",AUTHORED,
GB3_MON_018,MONITORING_OBSERVABILITY,MON_C12_BASELINE,MON_F18_WHY_NORMAL_MATTERS,MON_FAM18_WHY_YOU_NEED_A_BASELINE,MON_RG_BASELINE,D2,UNDERSTAND,mcq,Why is a number useless without knowing what is normal?,Different services use different scales,The number changes throughout the day,The number may be measured incorrectly,You cannot tell whether it is a problem,D,You cannot tell whether it is a problem,Four hundred errors an hour is catastrophic for one service and a quiet Tuesday for another.,AUTHORED,
GB3_MON_019,MONITORING_OBSERVABILITY,MON_C13_BLACKBOX,MON_F19_WHY_CHECK_FROM_OUTSIDE,MON_FAM19_WHY_EXTERNAL_CHECKS,MON_RG_BLACKBOX,D2,UNDERSTAND,mcq,Why check a service from outside your own network?,It confirms the service is genuinely running,External checks are more accurate than internal ones,Everything inside can be fine while users cannot reach it,It measures the true response time better,C,Everything inside can be fine while users cannot reach it,"DNS, certificates, load balancers, the CDN. All invisible from inside and all capable of taking you offline.",AUTHORED,
GB3_MON_020,MONITORING_OBSERVABILITY,MON_C14_INSTRUMENT,MON_F20_WHY_BUILD_IT_IN,MON_FAM20_WHY_INSTRUMENTATION_IS_CODE,MON_RG_INSTRUMENT,D2,UNDERSTAND,mcq,Why is instrumentation part of writing a feature?,The monitoring team cannot add it later,It is easier to write while the code is fresh,It is required before a feature can ship,You cannot add it once the incident starts,D,You cannot add it once the incident starts,Deploying instrumentation during an outage is slow and changes the system you are trying to observe.,AUTHORED,
GB3_MON_021,MONITORING_OBSERVABILITY,MON_C06_SYMPTOM,MON_F21_PICK_THE_ALERT,MON_FAM21_CHOOSING_AN_ALERT,MON_RG_SYMPTOM,D3,APPLY,mcq,"For a checkout service, what is the best single alert?",The database connection count rising,The rate of failed checkouts rising,The CPU usage passing eighty percent,The number of running instances falling,B,The rate of failed checkouts rising,The others are sometimes causes of it. Only the first is guaranteed to matter when it fires.,AUTHORED,
GB3_MON_022,MONITORING_OBSERVABILITY,MON_C05_PERCENTILE,MON_F22_WHICH_PERCENTILE,MON_FAM22_CHOOSING_A_PERCENTILE,MON_RG_PERCENTILE,D3,APPLY,mcq,Which latency figures are worth putting on a dashboard?,A middle one and a tail one together,The average over the last five minutes,The fastest and slowest recorded,The slowest request in the period,A,A middle one and a tail one together,The median says what it is normally like; the 99th says whether anybody is having a terrible time.,AUTHORED,
GB3_MON_023,MONITORING_OBSERVABILITY,MON_C11_CARDINALITY,MON_F23_CHOOSE_LABELS,MON_FAM23_DESIGNING_LABELS,MON_RG_CARDINALITY,D3,APPLY,mcq,What makes a good label on a metric?,"A small, fixed set of possible values",A value copied from the request body,A value that identifies each request,A value that changes over time,A,"A small, fixed set of possible values","Endpoint, status class, region. Anything unbounded belongs in a log or a trace, never on a metric.",AUTHORED,
GB3_MON_024,MONITORING_OBSERVABILITY,MON_C04_ALERT,MON_F24_WRITE_A_RUNBOOK,MON_FAM24_MAKING_ALERTS_ACTIONABLE,MON_RG_ALERT,D3,APPLY,mcq,What should every alert link to?,The dashboard showing the metric,The list of recent deployments,A note saying what to check and do,The service’s source repository,C,A note saying what to check and do,The person woken at 3am may never have seen this service. A runbook is the difference between minutes and hours.,AUTHORED,
GB3_MON_025,MONITORING_OBSERVABILITY,MON_C08_HEALTH,MON_F25_SCOPE_THE_CHECK,MON_FAM25_DESIGNING_A_HEALTH_CHECK,MON_RG_HEALTH,D3,APPLY,mcq,Should a health check test the shared database?,"Yes, but only on every tenth check","Yes, the service cannot work without it",No — one outage would then remove every instance,"No, health checks should be very fast",C,No — one outage would then remove every instance,"Every instance fails the check, the platform removes them all, and a degraded system becomes a dead one.",AUTHORED,
GB3_MON_026,MONITORING_OBSERVABILITY,MON_C15_ERROR_BUDGET,MON_F26_USE_THE_BUDGET,MON_FAM26_APPLYING_AN_OBJECTIVE,MON_RG_BUDGET,D3,APPLY,mcq,Your objective allows 0.1% failures and you are using half of it. What does that mean?,You have room to keep shipping changes,You should stop deploying immediately,The objective was set too loosely,The service is behaving abnormally,A,You have room to keep shipping changes,That is the point of a budget: it converts reliability into a resource you can choose to spend on speed.,AUTHORED,
GB3_MON_027,MONITORING_OBSERVABILITY,MON_C16_DEPLOY_MARKER,MON_F27_MARK_CHANGES,MON_FAM27_CORRELATING_CHANGES,MON_RG_DEPLOY_MARKER,D3,APPLY,mcq,What makes it fastest to tell whether a release caused a problem?,Deployments marked on the metric graphs,A notification sent on each deploy,A list of who deployed and when,A changelog kept for each release,A,Deployments marked on the metric graphs,A vertical line where the error rate turns upward answers in a second what log archaeology answers in an hour.,AUTHORED,
GB3_MON_028,MONITORING_OBSERVABILITY,MON_C17_BUSINESS,MON_F28_MEASURE_THE_OUTCOME,MON_FAM28_BUSINESS_SIGNALS,MON_RG_BUSINESS,D3,APPLY,mcq,Every technical metric is green and orders have stopped. What should have been watched?,The latency of the payment provider,The number of orders being placed,The queue depth in the order service,The error rate on the checkout page,B,The number of orders being placed,"A business outcome catches failures no technical metric predicted, including the ones caused by a config change.",AUTHORED,
GB3_MON_029,MONITORING_OBSERVABILITY,MON_C18_THRESHOLD,MON_F29_SET_A_THRESHOLD,MON_FAM29_SETTING_THRESHOLDS,MON_RG_THRESHOLD,D3,APPLY,mcq,How should an alert threshold be chosen?,From a round number that sounds safe,From what other teams use for theirs,From what the service normally does,From the limits of the hardware,C,From what the service normally does,Look at a month of data first. Thresholds invented at a whiteboard fire constantly or never.,AUTHORED,
GB3_MON_030,MONITORING_OBSERVABILITY,MON_C19_DURATION,MON_F30_REQUIRE_PERSISTENCE,MON_FAM30_AVOIDING_FLAPPING,MON_RG_DURATION,D3,APPLY,mcq,An alert fires and clears every few minutes. What is the usual fix?,Raise the threshold until it stops firing,Send the alert to a quieter channel,Require the condition to hold for a period,Check the metric less frequently,C,Require the condition to hold for a period,A brief spike is not an incident. Requiring five minutes of sustained breach removes most flapping.,AUTHORED,
GB3_MON_031,MONITORING_OBSERVABILITY,MON_C04_ALERT,MON_F31_ALERTS_IGNORED,MON_FAM31_DIAGNOSE_ALERT_FATIGUE,MON_RG_ALERT,D4,ANALYZE,mcq,A team receives sixty alerts a day and missed a real outage. What is the cause?,The team is too small for the number of services,The outage alert was sent to the wrong channel,Alerts that needed no action trained them to ignore,The alerting system delivered them too slowly,C,Alerts that needed no action trained them to ignore,"Sixty a day is not sixty problems. The fix is deleting alerts, which teams find surprisingly hard.",AUTHORED,
GB3_MON_032,MONITORING_OBSERVABILITY,MON_C05_PERCENTILE,MON_F32_AVERAGE_LOOKED_FINE,MON_FAM32_DIAGNOSE_A_HIDDEN_PROBLEM,MON_RG_PERCENTILE,D4,ANALYZE,mcq,Users complain of slowness and the average latency chart is flat. What would you check?,"The high percentiles, and whether one group is affected",Whether the measurements are being recorded,Whether the complaints are about something else,Whether the chart is showing the right service,A,"The high percentiles, and whether one group is affected","The mean absorbs a suffering minority. Break it down by percentile, and by tenant or region.",AUTHORED,
GB3_MON_033,MONITORING_OBSERVABILITY,MON_C08_HEALTH,MON_F33_HEALTH_CHECK_TOO_DEEP,MON_FAM33_DIAGNOSE_A_CASCADING_CHECK,MON_RG_HEALTH,D4,ANALYZE,mcq,A slow database made the platform terminate every instance of a service. Why?,The platform scaled down on low traffic,The check timed out before responding,The health check tested the database too,The instances ran out of memory waiting,C,The health check tested the database too,"A shared dependency inside a per-instance check turns degradation into total loss, automatically.",AUTHORED,
GB3_MON_034,MONITORING_OBSERVABILITY,MON_C11_CARDINALITY,MON_F34_METRICS_SYSTEM_FELL_OVER,MON_FAM34_DIAGNOSE_CARDINALITY,MON_RG_CARDINALITY,D4,ANALYZE,mcq,The metrics backend became unusable after a release. What was likely added?,A label with an unbounded set of values,A metric recorded far too frequently,A dashboard querying too much history,A new service reporting its own metrics,A,A label with an unbounded set of values,A request id or a URL with ids in it. One line of code can create millions of series.,AUTHORED,
GB3_MON_035,MONITORING_OBSERVABILITY,MON_C20_BLIND_SPOT,MON_F35_NOT_MEASURED,MON_FAM35_DIAGNOSE_A_BLIND_SPOT,MON_RG_BLIND_SPOT,D4,ANALYZE,mcq,A background job silently stopped running for a week. What was missing?,A log line each time it ran,A retry when the job failed,A dashboard showing the job,An alert on the job not completing,D,An alert on the job not completing,"Absence is the hardest thing to notice. Alerting on ""this should have happened by now"" is what catches it.",AUTHORED,
GB3_MON_036,MONITORING_OBSERVABILITY,MON_C13_BLACKBOX,MON_F36_GREEN_BUT_DOWN,MON_FAM36_DIAGNOSE_AN_EXTERNAL_FAILURE,MON_RG_BLACKBOX,D4,ANALYZE,mcq,Every internal dashboard is green and customers cannot load the site. What would you suspect?,The internal metrics being misconfigured,The dashboards showing stale data,A problem affecting only some customers,Something between the users and your servers,D,Something between the users and your servers,"An expired certificate, a DNS change, a CDN fault. All invisible to anything measuring from inside.",AUTHORED,
GB3_MON_037,MONITORING_OBSERVABILITY,MON_C21_AGGREGATION,MON_F37_ONE_BAD_INSTANCE,MON_FAM37_DIAGNOSE_AGGREGATION_HIDING,MON_RG_AGGREGATION,D4,ANALYZE,mcq,One of twenty instances is failing every request and the overall error rate looks acceptable. What is wrong with the view?,The error rate is measured over too long,The traffic is not evenly distributed,The instances are aggregated into one number,The failing instance stopped reporting,C,The instances are aggregated into one number,Five percent of users are completely broken and the summary reads 5%. Break down by instance.,AUTHORED,
GB3_MON_038,MONITORING_OBSERVABILITY,MON_C22_RESOLUTION,MON_F38_SPIKE_INVISIBLE,MON_FAM38_DIAGNOSE_RESOLUTION,MON_RG_RESOLUTION,D4,ANALYZE,mcq,A 30-second outage does not appear on a chart averaged over five minutes. Why?,The metric was not collected then,The chart only shows completed periods,The outage was shorter than the timeout,The averaging smoothed it away entirely,D,The averaging smoothed it away entirely,"Resolution decides what you can see. Brief, repeated outages are invisible at coarse granularity.",AUTHORED,
GB3_MON_039,MONITORING_OBSERVABILITY,MON_C23_MONITOR_THE_MONITOR,MON_F39_MONITORING_DOWN,MON_FAM39_DIAGNOSE_SILENT_MONITORING,MON_RG_META,D4,ANALYZE,mcq,No alerts fired for three days. What is the reassuring reading and the worrying one?,"Either the system is stable, or it is unused","Either traffic is low, or the thresholds are high","Either nothing broke, or the alerting is broken","Either the team fixed things, or nobody looked",C,"Either nothing broke, or the alerting is broken","Silence is ambiguous, which is why a heartbeat alert that fires if nothing is heard is worth having.",AUTHORED,
GB3_MON_040,MONITORING_OBSERVABILITY,MON_C07_DASHBOARD,MON_F40_TOO_MANY_CHARTS,MON_FAM40_DIAGNOSE_A_BAD_DASHBOARD,MON_RG_DASHBOARD,D4,ANALYZE,mcq,A dashboard has sixty charts and nobody uses it during incidents. Why?,It covers too many services at once,It answers no question in particular,The charts are too small to read,It takes too long to load the data,B,It answers no question in particular,Built by adding every available metric rather than by asking what somebody would need to know.,AUTHORED,
GB3_MON_041,MONITORING_OBSERVABILITY,MON_C24_WHAT_MATTERS,MON_F41_START_SOMEWHERE,MON_FAM41_JUDGING_WHERE_TO_START,MON_RG_WHAT_MATTERS,D5,EVALUATE,mcq,A service has no monitoring at all. What do you add first?,Dashboards for each internal component,Whether users are being served successfully,Resource usage across all the machines,Detailed traces of every request path,B,Whether users are being served successfully,One number that says whether the product works. Everything else is for explaining why it does not.,AUTHORED,
GB3_MON_042,MONITORING_OBSERVABILITY,MON_C10_SLO,MON_F42_WHO_SETS_THE_TARGET,MON_FAM42_JUDGING_THE_TARGET,MON_RG_SLO,D5,EVALUATE,mcq,Who should decide the reliability target for a service?,The largest customers who depend on it,The engineering team that operates it,Whatever the industry standard suggests,"The business, once told what each level costs",D,"The business, once told what each level costs","It is a spending decision. Engineering’s job is pricing the options, not choosing among them alone.",AUTHORED,
GB3_MON_043,MONITORING_OBSERVABILITY,MON_C25_COST,MON_F43_OBSERVABILITY_COSTS,MON_FAM43_JUDGING_COST,MON_RG_COST,D5,EVALUATE,mcq,Observability tooling now costs more than the infrastructure. What is the right reaction?,Move to a cheaper observability vendor,Work out which data actually gets used,Reduce retention across the board,Accept it as the cost of reliability,B,Work out which data actually gets used,Most of the spend is usually on data nobody has queried. Find that before cutting indiscriminately.,AUTHORED,
GB3_MON_044,MONITORING_OBSERVABILITY,MON_C04_ALERT,MON_F44_WHAT_DESERVES_A_PAGE,MON_FAM44_JUDGING_URGENCY,MON_RG_ALERT,D5,EVALUATE,mcq,What justifies waking somebody at three in the morning?,Anything the on-call rota was set up for,Anything affecting the production system,Something that will get worse if left until morning,Any breach at all of the service level objective,C,Something that will get worse if left until morning,"The test is whether waiting costs more than the sleep. Most things can wait, and a page should be rare.",AUTHORED,
GB3_MON_045,MONITORING_OBSERVABILITY,MON_C01_DIFFERENCE,MON_F45_CAN_YOU_ASK_NEW_QUESTIONS,MON_FAM45_JUDGING_OBSERVABILITY,MON_RG_DIFFERENCE,D5,EVALUATE,mcq,How do you tell whether a system is genuinely observable?,It has dashboards for every component,Its alerts cover all the known failures,You can answer a new question without deploying,"It produces metrics, logs and traces",C,You can answer a new question without deploying,Having the three kinds of data is not the property. Being able to interrogate them is.,AUTHORED,
GB3_MON_046,MONITORING_OBSERVABILITY,MON_C26_INCIDENT,MON_F46_AFTER_THE_INCIDENT,MON_FAM46_JUDGING_LEARNING,MON_RG_INCIDENT,D5,EVALUATE,mcq,What is the most valuable monitoring question after an incident?,Who was responsible for the change,What would have told us sooner,How long did it take to recover,What caused the failure to happen,B,What would have told us sooner,"Detection time is the part monitoring can improve, and the answer is available only right afterwards.",AUTHORED,
GB3_MON_047,MONITORING_OBSERVABILITY,MON_C17_BUSINESS,MON_F47_TECHNICAL_VERSUS_OUTCOME,MON_FAM47_JUDGING_WHAT_TO_WATCH,MON_RG_BUSINESS,D5,EVALUATE,mcq,Why is one business metric worth many technical ones?,It requires no instrumentation to collect,It catches failures nobody predicted,It is easier for the business to read,It changes less often than technical ones,B,It catches failures nobody predicted,"Signups falling to zero is a real alert whatever the cause, including causes no technical metric covers.",AUTHORED,
GB3_MON_048,MONITORING_OBSERVABILITY,MON_C27_TRUST,MON_F48_TEST_THE_ALERTS,MON_FAM48_JUDGING_RELIABILITY_OF_ALERTS,MON_RG_TRUST,D5,EVALUATE,mcq,How do you know your alerting actually works?,By checking that alerts fired during incidents,By counting how many alerts fire each week,By reviewing the alert definitions regularly,By deliberately triggering it from time to time,D,By deliberately triggering it from time to time,An untested alert path is a hope. The first time you find out it was misconfigured should not be an outage.,AUTHORED,
GB3_MON_049,MONITORING_OBSERVABILITY,MON_C25_COST,MON_F49_DIMINISHING_RETURNS,MON_FAM49_JUDGING_ENOUGH,MON_RG_COST,D5,EVALUATE,mcq,How much monitoring is enough?,Enough to detect and explain what happens,Enough to cover every component in use,Enough to satisfy the reliability target,As much as the tooling budget permits,A,Enough to detect and explain what happens,"Two jobs: know something is wrong, and find out why. Data serving neither is data you are paying to ignore.",AUTHORED,
GB3_MON_050,MONITORING_OBSERVABILITY,MON_C06_SYMPTOM,MON_F50_THE_RULE,MON_FAM50_JUDGING_THE_WHOLE,MON_RG_SYMPTOM,D5,EVALUATE,mcq,What one rule prevents most monitoring mistakes?,Keep the dashboards up to date always,Set thresholds below the known limits,"Alert on what users feel, investigate the causes",Measure everything that the system exposes,C,"Alert on what users feel, investigate the causes","Symptoms for alerting, causes for debugging. Reversing the two gives you noise and blind spots together.",AUTHORED,
GB3_DVC_001,DSA_DIVIDE_CONQUER,DVC_C01_SHAPE,DVC_F01_THE_THREE_STEPS,DVC_FAM01_THE_PATTERN,DVC_RG_SHAPE,D1,REMEMBER,mcq,What are the three steps of divide and conquer?,"Split it, solve the parts, combine the answers","Check the base, recurse, then return upward","Reduce it, cache it, then reuse the answer","Sort it, search it, then return the result",A,"Split it, solve the parts, combine the answers","Divide, conquer, combine. The third step is the one students forget and the one that usually costs most.",AUTHORED,
GB3_DVC_002,DSA_DIVIDE_CONQUER,DVC_C02_BASE,DVC_F02_WHAT_STOPS_IT,DVC_FAM02_BASE_CASE,DVC_RG_BASE,D1,REMEMBER,mcq,What stops a divide-and-conquer recursion?,A fixed limit on the recursion depth,A piece small enough to answer directly,The split producing equal halves,The list becoming completely empty,B,A piece small enough to answer directly,"Usually one element, or zero. Without it the recursion divides forever and never returns anything.",AUTHORED,
GB3_DVC_003,DSA_DIVIDE_CONQUER,DVC_C03_BINARY_SEARCH,DVC_F03_WHAT_IT_NEEDS,DVC_FAM03_BINARY_SEARCH,DVC_RG_BINARY,D1,REMEMBER,mcq,What must be true before you can binary search?,The data is stored in a contiguous array,The data is ordered by what you search on,The data contains no duplicate values,The data fits entirely into memory,B,The data is ordered by what you search on,"Order is what lets you discard half. Without it, knowing the middle value tells you nothing about the rest.",AUTHORED,
GB3_DVC_004,DSA_DIVIDE_CONQUER,DVC_C04_MERGE_SORT,DVC_F04_MERGE_SORT_COST,DVC_FAM04_MERGE_SORT,DVC_RG_MERGE,D1,REMEMBER,mcq,What does merge sort cost?,Logarithmic time on sorted input,Linear time in the best case,"Linearithmic time, always",Quadratic time in the worst case,C,"Linearithmic time, always","O(n log n) regardless of the input, which is the property quicksort does not have.",AUTHORED,
GB3_DVC_005,DSA_DIVIDE_CONQUER,DVC_C05_COMBINE,DVC_F05_WHAT_COMBINING_IS,DVC_FAM05_THE_COMBINE_STEP,DVC_RG_COMBINE,D1,REMEMBER,mcq,What does the combine step do?,Builds the answer from the sub-answers,Checks the sub-answers are correct,Puts the split pieces back in order,Chooses which sub-answer to return,A,Builds the answer from the sub-answers,"In merge sort it is the merge; in binary search it is nothing at all, which is why that one is so cheap.",AUTHORED,
GB3_DVC_006,DSA_DIVIDE_CONQUER,DVC_C06_DEPTH,DVC_F06_HOW_DEEP,DVC_FAM06_RECURSION_DEPTH,DVC_RG_DEPTH,D1,REMEMBER,mcq,How many levels does halving n items produce?,About log n levels,About the square root of n,About n divided by two,About n levels in total,A,About log n levels,A million halves to nothing in about twenty steps. That shallowness is the whole source of the speed-up.,AUTHORED,
GB3_DVC_007,DSA_DIVIDE_CONQUER,DVC_C07_QUICKSORT,DVC_F07_WHAT_A_PIVOT_IS,DVC_FAM07_QUICKSORT,DVC_RG_QUICKSORT,D1,REMEMBER,mcq,What does the pivot do in quicksort?,Decides which side each value goes to,Marks where the two halves will meet,Controls how deep the recursion goes,Holds the value that is already sorted,A,Decides which side each value goes to,"Everything smaller left, everything larger right. Choosing it badly is what produces the worst case.",AUTHORED,
GB3_DVC_008,DSA_DIVIDE_CONQUER,DVC_C08_VERSUS_DP,DVC_F08_NO_OVERLAP,DVC_FAM08_VERSUS_DP,DVC_RG_VERSUS_DP,D1,REMEMBER,mcq,How does divide and conquer differ from dynamic programming?,Its subproblems do not repeat,It never needs a base case,It does not use recursion at all,It always splits into equal halves,A,Its subproblems do not repeat,"Nothing repeats, so there is nothing a cache could save. That is the whole distinction.",AUTHORED,
GB3_DVC_009,DSA_DIVIDE_CONQUER,DVC_C09_SPACE,DVC_F09_STACK_SPACE,DVC_FAM09_MEMORY,DVC_RG_SPACE,D1,REMEMBER,mcq,What memory does a recursive split consume?,"A fixed amount, however deep it goes",A stack frame for each level of depth,Memory proportional to the input size,A copy of the whole input per level,B,A stack frame for each level of depth,"Depth, not width. A balanced split is cheap on the stack; an unbalanced one is not.",AUTHORED,
GB3_DVC_010,DSA_DIVIDE_CONQUER,DVC_C10_PARALLEL,DVC_F10_INDEPENDENT_PARTS,DVC_FAM10_PARALLELISM,DVC_RG_PARALLEL,D1,REMEMBER,mcq,Why does divide and conquer suit parallel execution?,The parts are always the same size,The recursion depth is very shallow,The combine step is usually cheap,The parts do not depend on each other,D,The parts do not depend on each other,Independence is what allows two halves to be solved at the same time on two cores.,AUTHORED,
GB3_DVC_011,DSA_DIVIDE_CONQUER,DVC_C03_BINARY_SEARCH,DVC_F11_WHY_HALVING_WINS,DVC_FAM11_WHY_DISCARDING_HALF_HELPS,DVC_RG_BINARY,D2,UNDERSTAND,mcq,Why is binary search so much faster than scanning?,It starts from the most likely position,Each step removes half of what remains,It uses the index rather than the values,It examines fewer values per comparison,B,Each step removes half of what remains,A billion items becomes thirty comparisons. Halving repeatedly is the most powerful move in the toolkit.,AUTHORED,
GB3_DVC_012,DSA_DIVIDE_CONQUER,DVC_C05_COMBINE,DVC_F12_WHY_COMBINE_DOMINATES,DVC_FAM12_WHY_THE_MERGE_COSTS,DVC_RG_COMBINE,D2,UNDERSTAND,mcq,Where does merge sort’s n log n actually come from?,The recursion visiting every element,Logarithmic merging at each of n levels,The splitting of the array into halves,Linear merging at each of log n levels,D,Linear merging at each of log n levels,"Splitting is free. The merging touches every element once per level, and there are log n levels.",AUTHORED,
GB3_DVC_013,DSA_DIVIDE_CONQUER,DVC_C11_BALANCE,DVC_F13_WHY_BALANCE_MATTERS,DVC_FAM13_WHY_EVEN_SPLITS_MATTER,DVC_RG_BALANCE,D2,UNDERSTAND,mcq,What happens if a split always takes one element off the end?,The depth becomes n and the speed-up is lost,The recursion produces the wrong answer,The combine step becomes more expensive,The memory used doubles at each level,A,The depth becomes n and the speed-up is lost,"Log n levels become n levels, which is exactly quicksort’s worst case rather than a separate phenomenon.",AUTHORED,
GB3_DVC_014,DSA_DIVIDE_CONQUER,DVC_C08_VERSUS_DP,DVC_F14_WHY_NO_CACHE_HERE,DVC_FAM14_WHY_CACHING_DOES_NOT_HELP,DVC_RG_VERSUS_DP,D2,UNDERSTAND,mcq,Why would memoising merge sort be pointless?,The results change between the calls,The subproblems are too large to store,No subproblem is ever solved twice,The recursion is not deep enough,C,No subproblem is ever solved twice,Each half is a distinct range of the array. There is no repetition for a cache to catch.,AUTHORED,
GB3_DVC_015,DSA_DIVIDE_CONQUER,DVC_C07_QUICKSORT,DVC_F15_WHY_QUICKSORT_IS_FAST,DVC_FAM15_WHY_QUICKSORT_WINS_IN_PRACTICE,DVC_RG_QUICKSORT,D2,UNDERSTAND,mcq,Why is quicksort often faster than merge sort in practice?,It sorts in place with better memory behaviour,Its average complexity is lower than merge sort,It needs fewer comparisons on random data,It handles already-sorted input more quickly,A,It sorts in place with better memory behaviour,"Same asymptotic average, very different constants. Locality of access is worth a lot on real hardware.",AUTHORED,
GB3_DVC_016,DSA_DIVIDE_CONQUER,DVC_C12_RECURRENCE,DVC_F16_WHY_WRITE_THE_RECURRENCE,DVC_FAM16_WHY_ANALYSE_IT,DVC_RG_RECURRENCE,D2,UNDERSTAND,mcq,Why write down T(n) = 2T(n/2) + O(n) before coding?,It shows how deep the recursion goes,It proves the algorithm is correct,It tells you the cost before you build it,It identifies the base case needed,C,It tells you the cost before you build it,"Pieces, size of each, and work to combine. Those three decide the complexity, and you can read it off.",AUTHORED,
GB3_DVC_017,DSA_DIVIDE_CONQUER,DVC_C09_SPACE,DVC_F17_WHY_MERGE_NEEDS_SPACE,DVC_FAM17_WHY_EXTRA_MEMORY,DVC_RG_SPACE,D2,UNDERSTAND,mcq,Why does merge sort need extra memory?,The recursion holds a copy at every level,Merging two sorted runs needs somewhere to write,The algorithm cannot modify the input array,The halves must be stored before merging,B,Merging two sorted runs needs somewhere to write,You cannot interleave two runs in place cheaply. That buffer is the price of the guaranteed worst case.,AUTHORED,
GB3_DVC_018,DSA_DIVIDE_CONQUER,DVC_C13_SEARCH_SPACE,DVC_F18_NOT_ONLY_ARRAYS,DVC_FAM18_WHY_IT_GENERALISES,DVC_RG_SEARCH_SPACE,D2,UNDERSTAND,mcq,What can binary search be applied to besides a sorted array?,Any range where the answer switches once,Any collection that can be sorted first,Any function that returns a number,Any recursive data structure with order,A,Any range where the answer switches once,"Binary searching on the answer. If ""is k enough?"" goes false-then-true, you can halve the range of k.",AUTHORED,
GB3_DVC_019,DSA_DIVIDE_CONQUER,DVC_C14_STABILITY,DVC_F19_WHY_MERGE_IS_STABLE,DVC_FAM19_WHY_ORDER_IS_PRESERVED,DVC_RG_STABILITY,D2,UNDERSTAND,mcq,Why does merge sort preserve the order of equal elements?,The merge takes from the left run on a tie,Equal elements are never compared,The split keeps the elements in order,The algorithm sorts in a single pass,A,The merge takes from the left run on a tie,"Stability is a property of the merge rule, which is why it matters when sorting by two keys in turn.",AUTHORED,
GB3_DVC_020,DSA_DIVIDE_CONQUER,DVC_C15_OVERHEAD,DVC_F20_WHY_SMALL_PIECES_COST,DVC_FAM20_WHY_RECURSION_HAS_OVERHEAD,DVC_RG_OVERHEAD,D2,UNDERSTAND,mcq,Why do real sort implementations switch to insertion sort for small pieces?,The recursion costs more than the sorting saves,The recursion would exceed the stack limit,Small arrays cannot be split any further,Insertion sort is faster asymptotically there,A,The recursion costs more than the sorting saves,Below about a dozen elements the call overhead dominates. Big-O says nothing at that size.,AUTHORED,
GB3_DVC_021,DSA_DIVIDE_CONQUER,DVC_C13_SEARCH_SPACE,DVC_F21_SEARCH_ON_THE_ANSWER,DVC_FAM21_APPLYING_BINARY_SEARCH,DVC_RG_SEARCH_SPACE,D3,APPLY,mcq,You need the smallest capacity that lets a job finish in time. What technique fits?,Sort the tasks and take the largest,Try each capacity from the lowest upward,Compute the capacity from the total work,Binary search over the possible capacities,D,Binary search over the possible capacities,"Feasibility is monotonic: too small fails, big enough works. That single switch is all binary search needs.",AUTHORED,
GB3_DVC_022,DSA_DIVIDE_CONQUER,DVC_C12_RECURRENCE,DVC_F22_READ_THE_COST,DVC_FAM22_ANALYSING_A_SPLIT,DVC_RG_RECURRENCE,D3,APPLY,mcq,An algorithm halves the input and does constant work per level. What does it cost?,Logarithmic time,Linearithmic time,Constant time,Linear time,A,Logarithmic time,"Log n levels times constant work. That is binary search, and it is the cheapest shape available.",AUTHORED,
GB3_DVC_023,DSA_DIVIDE_CONQUER,DVC_C11_BALANCE,DVC_F23_PICK_A_PIVOT,DVC_FAM23_CHOOSING_A_PIVOT,DVC_RG_BALANCE,D3,APPLY,mcq,How should quicksort choose its pivot to avoid the worst case?,"Randomly, or from a sample of the values",Always the first element in the range,Always the last element in the range,The average of the first and last values,A,"Randomly, or from a sample of the values","Taking the first element is what makes already-sorted input quadratic, which is common real data.",AUTHORED,
GB3_DVC_024,DSA_DIVIDE_CONQUER,DVC_C16_QUICKSELECT,DVC_F24_ONLY_ONE_SIDE,DVC_FAM24_RECURSING_ONE_SIDE,DVC_RG_QUICKSELECT,D3,APPLY,mcq,"To find the kth smallest, how does the recursion differ from quicksort?",The recursion stops at depth log n,The pivot is chosen from position k,Both sides are explored but not sorted,Only the side containing k is explored,D,Only the side containing k is explored,Discarding the other half turns O(n log n) into O(n) on average. That is quickselect.,AUTHORED,
GB3_DVC_025,DSA_DIVIDE_CONQUER,DVC_C02_BASE,DVC_F25_WRITE_THE_BASE,DVC_FAM25_DEFINING_A_BASE,DVC_RG_BASE,D3,APPLY,mcq,What is the right base case for a sort by splitting?,"An empty piece, returning immediately",A piece small enough to fit in memory,"A piece of one element, already sorted","A piece of two elements, compared once",C,"A piece of one element, already sorted",One element is trivially sorted. Handling zero as well makes the function total rather than nearly total.,AUTHORED,
GB3_DVC_026,DSA_DIVIDE_CONQUER,DVC_C17_MERGE_K,DVC_F26_PAIRWISE_MERGING,DVC_FAM26_MERGING_MANY,DVC_RG_MERGE_K,D3,APPLY,mcq,You must merge k sorted lists and cannot use a heap. What is the better order?,Concatenate and sort the whole thing,"Merge them in pairs, repeatedly",Merge each one into the result in turn,Merge the two longest ones first,B,"Merge them in pairs, repeatedly",Pairwise gives log k rounds. Merging one at a time re-copies the growing result k times over.,AUTHORED,
GB3_DVC_027,DSA_DIVIDE_CONQUER,DVC_C18_TREES,DVC_F27_TREES_ARE_RECURSIVE,DVC_FAM27_APPLYING_TO_TREES,DVC_RG_TREES,D3,APPLY,mcq,How do you compute the height of a binary tree?,One more than the taller of its two subtrees,By counting the nodes and taking the log,By counting the levels as you traverse it,By walking every path and taking the longest,A,One more than the taller of its two subtrees,"Solve the subtrees, combine with max plus one. Almost every tree question has this exact shape.",AUTHORED,
GB3_DVC_028,DSA_DIVIDE_CONQUER,DVC_C10_PARALLEL,DVC_F28_SPLIT_ACROSS_WORKERS,DVC_FAM28_APPLYING_PARALLELISM,DVC_RG_PARALLEL,D3,APPLY,mcq,What makes a divide-and-conquer algorithm easy to run on many cores?,The recursion depth is small enough,Each half can be solved without the other,The pieces are of equal size,The combine step is always inexpensive,B,Each half can be solved without the other,"Independence is the requirement. Where the halves must share state, the parallelism disappears.",AUTHORED,
GB3_DVC_029,DSA_DIVIDE_CONQUER,DVC_C19_ITERATIVE,DVC_F29_WRITE_IT_WITHOUT_RECURSION,DVC_FAM29_AVOIDING_RECURSION,DVC_RG_ITERATIVE,D3,APPLY,mcq,Why is binary search usually written as a loop rather than recursively?,A loop is easier for most people to read,Recursion would give the wrong result,The compiler cannot optimise the recursion,"It recurses on one side, so a loop suffices",D,"It recurses on one side, so a loop suffices","One recursive call at the end is just a loop with extra ceremony, and no stack to exhaust.",AUTHORED,
GB3_DVC_030,DSA_DIVIDE_CONQUER,DVC_C08_VERSUS_DP,DVC_F30_WHICH_IS_IT,DVC_FAM30_TELLING_THEM_APART,DVC_RG_VERSUS_DP,D3,APPLY,mcq,You have split a problem in two. How do you know whether to cache?,Check whether the combine step is costly,Check whether the pieces are equal in size,Check whether the same piece appears twice,Check whether the recursion is deep,C,Check whether the same piece appears twice,Overlap decides it. Disjoint ranges of an array never repeat; fib(n-1) and fib(n-2) repeat constantly.,AUTHORED,
GB3_DVC_031,DSA_DIVIDE_CONQUER,DVC_C11_BALANCE,DVC_F31_QUADRATIC_QUICKSORT,DVC_FAM31_DIAGNOSE_A_BAD_SPLIT,DVC_RG_BALANCE,D4,ANALYZE,mcq,A quicksort is fast on random data and very slow on sorted data. What is happening?,The recursion is not reaching its base case,The algorithm is falling back to a scan,The pivot choice makes every split one-sided,The comparisons take longer on sorted data,C,The pivot choice makes every split one-sided,Taking the first element on sorted input peels off one at a time. n levels instead of log n.,AUTHORED,
GB3_DVC_032,DSA_DIVIDE_CONQUER,DVC_C20_OFF_BY_ONE,DVC_F32_INFINITE_BINARY_SEARCH,DVC_FAM32_DIAGNOSE_A_NON_TERMINATING_SEARCH,DVC_RG_OFF_BY_ONE,D4,ANALYZE,mcq,A binary search loops forever on some inputs. What is the usual cause?,The array was not actually sorted,The range does not shrink on every step,The target value is not in the array,The middle index overflows the type,B,The range does not shrink on every step,Setting high = mid rather than mid - 1 leaves a two-element range that never narrows.,AUTHORED,
GB3_DVC_033,DSA_DIVIDE_CONQUER,DVC_C09_SPACE,DVC_F33_STACK_OVERFLOW,DVC_FAM33_DIAGNOSE_A_DEPTH_FAILURE,DVC_RG_SPACE,D4,ANALYZE,mcq,A recursive sort crashes on a large sorted input but not a random one. Why?,The base case is never reached that way,The sorted input needs more comparisons,The unbalanced splits made the recursion n deep,The merge buffer grew beyond memory,C,The unbalanced splits made the recursion n deep,Depth follows balance. Recursing into the smaller side first bounds the stack at log n even so.,AUTHORED,
GB3_DVC_034,DSA_DIVIDE_CONQUER,DVC_C05_COMBINE,DVC_F34_EXPENSIVE_COMBINE,DVC_FAM34_DIAGNOSE_A_COSTLY_MERGE,DVC_RG_COMBINE,D4,ANALYZE,mcq,A split algorithm is slower than the straightforward version. Where would you look?,At how deep the recursion is going,At whether the base case is correct,At how the input is being split,At what the combine step costs per level,D,At what the combine step costs per level,A quadratic combine at every level overwhelms the saving. The split is rarely where the cost is.,AUTHORED,
GB3_DVC_035,DSA_DIVIDE_CONQUER,DVC_C21_COPYING,DVC_F35_SLICING_COSTS,DVC_FAM35_DIAGNOSE_HIDDEN_COPYING,DVC_RG_COPYING,D4,ANALYZE,mcq,A binary search that slices the array is far slower than expected. Why?,The slices are garbage collected slowly,Each slice copies the half it keeps,Slicing changes the order of the values,The indices are recomputed each time,B,Each slice copies the half it keeps,"O(n) copying inside an O(log n) algorithm makes it linear. Pass indices, not slices.",AUTHORED,
GB3_DVC_036,DSA_DIVIDE_CONQUER,DVC_C03_BINARY_SEARCH,DVC_F36_UNSORTED_INPUT,DVC_FAM36_DIAGNOSE_A_WRONG_ANSWER,DVC_RG_BINARY,D4,ANALYZE,mcq,"A binary search returns ""not found"" for a value that is present. What would you check first?",Whether the data is sorted as assumed,Whether the comparison handles ties,Whether the value type matches exactly,Whether the midpoint is computed right,A,Whether the data is sorted as assumed,All four are candidates. Unsorted input is the one that produces a confident wrong answer with no error.,AUTHORED,
GB3_DVC_037,DSA_DIVIDE_CONQUER,DVC_C08_VERSUS_DP,DVC_F37_EXPONENTIAL_RECURSION,DVC_FAM37_DIAGNOSE_MISSED_OVERLAP,DVC_RG_VERSUS_DP,D4,ANALYZE,mcq,A recursive split solution takes exponential time. What does that suggest?,The split is producing uneven pieces,The combine step is too expensive,The subproblems overlap and are not cached,The base case is defined too narrowly,C,The subproblems overlap and are not cached,Exponential from a two-way split is the signature of DP misidentified as divide and conquer.,AUTHORED,
GB3_DVC_038,DSA_DIVIDE_CONQUER,DVC_C22_MIDPOINT,DVC_F38_OVERFLOW,DVC_FAM38_DIAGNOSE_AN_OVERFLOW,DVC_RG_MIDPOINT,D4,ANALYZE,mcq,Why is (low + high) / 2 a known bug in some languages?,The division truncates the wrong way,The result may fall outside the range,The two values may be of different types,The sum can exceed the integer range,D,The sum can exceed the integer range,Famously present in library code for years. low + (high - low) / 2 cannot overflow.,AUTHORED,
GB3_DVC_039,DSA_DIVIDE_CONQUER,DVC_C14_STABILITY,DVC_F39_ORDER_LOST,DVC_FAM39_DIAGNOSE_LOST_ORDER,DVC_RG_STABILITY,D4,ANALYZE,mcq,Sorting by date then by name loses the date ordering within each name. Why?,The dates were compared as text values,The two sorts were applied in the wrong order,The second sort was not a stable one,The names contained duplicate entries,C,The second sort was not a stable one,Stability is what makes sequential sorting work. Quicksort is not stable and merge sort is.,AUTHORED,
GB3_DVC_040,DSA_DIVIDE_CONQUER,DVC_C15_OVERHEAD,DVC_F40_TOO_MUCH_RECURSION,DVC_FAM40_DIAGNOSE_OVERHEAD,DVC_RG_OVERHEAD,D4,ANALYZE,mcq,A textbook merge sort is much slower than the library sort on the same data. What explains it?,The library uses a faster comparison,The library sorts the data in parallel,The library has a lower complexity,The library avoids recursion for small pieces,D,The library avoids recursion for small pieces,"That, plus in-place partitioning and cache-aware access. The constants are where real sorts are won.",AUTHORED,
GB3_DVC_041,DSA_DIVIDE_CONQUER,DVC_C23_WHEN,DVC_F41_WHEN_TO_SPLIT,DVC_FAM41_JUDGING_THE_FIT,DVC_RG_WHEN,D5,EVALUATE,mcq,What makes a problem suit divide and conquer?,The problem can be written recursively,The parts can be solved without each other,The input can be split into equal halves,The input is large enough to matter,B,The parts can be solved without each other,"Independence. Where the answer to one half depends on the other, you are looking at something else.",AUTHORED,
GB3_DVC_042,DSA_DIVIDE_CONQUER,DVC_C24_TRADE,DVC_F42_MERGE_OR_QUICK,DVC_FAM42_JUDGING_A_SORT,DVC_RG_TRADE,D5,EVALUATE,mcq,When would you choose merge sort over quicksort?,When the worst case or stability matters,When the data fits entirely in cache,When the data is nearly sorted already,When memory is severely constrained,A,When the worst case or stability matters,"A guaranteed n log n and stable order, bought with extra memory. That is the whole trade.",AUTHORED,
GB3_DVC_043,DSA_DIVIDE_CONQUER,DVC_C25_LIBRARY,DVC_F43_USE_THE_LIBRARY,DVC_FAM43_JUDGING_IMPLEMENTATION,DVC_RG_LIBRARY,D5,EVALUATE,mcq,Should production code implement its own sort?,"Almost never, because sorting is difficult","Yes, to avoid the dependency on a library","Yes, when the data has a known structure",Almost never — the library one is better tuned,D,Almost never — the library one is better tuned,"Library sorts blend algorithms, handle small cases specially and have been measured for years.",AUTHORED,
GB3_DVC_044,DSA_DIVIDE_CONQUER,DVC_C13_SEARCH_SPACE,DVC_F44_SPOTTING_MONOTONICITY,DVC_FAM44_JUDGING_APPLICABILITY,DVC_RG_SEARCH_SPACE,D5,EVALUATE,mcq,What property lets you binary search over an answer rather than an array?,The check can be computed in constant time,The answer lies within a known numeric range,The check flips from false to true exactly once,The possible answers can be enumerated,C,The check flips from false to true exactly once,Monotonicity is the requirement. Spotting it turns a search over a million candidates into twenty checks.,AUTHORED,
GB3_DVC_045,DSA_DIVIDE_CONQUER,DVC_C26_INTERVIEW,DVC_F45_EXPLAIN_THE_SPLIT,DVC_FAM45_JUDGING_AN_ANSWER,DVC_RG_INTERVIEW,D5,EVALUATE,mcq,What makes a divide-and-conquer answer convincing in an interview?,Giving the complexity of the solution,Writing the recursion without any errors,Naming the classic algorithm it resembles,"Stating the split, the base and the combine",D,"Stating the split, the base and the combine","Those three determine everything else, including the complexity. Someone who can state them has solved it.",AUTHORED,
GB3_DVC_046,DSA_DIVIDE_CONQUER,DVC_C15_OVERHEAD,DVC_F46_WHEN_NOT_WORTH_IT,DVC_FAM46_JUDGING_SMALL_INPUTS,DVC_RG_OVERHEAD,D5,EVALUATE,mcq,You must search fifty items once. What should you write?,A hash lookup built first,A binary search after sorting,A plain loop over the fifty,A recursive split of the range,C,A plain loop over the fifty,"Sorting to binary search fifty items costs more than scanning them. Complexity is about growth, not size.",AUTHORED,
GB3_DVC_047,DSA_DIVIDE_CONQUER,DVC_C10_PARALLEL,DVC_F47_PARALLEL_IS_NOT_FREE,DVC_FAM47_JUDGING_PARALLELISM,DVC_RG_PARALLEL,D5,EVALUATE,mcq,When does parallelising a split algorithm stop paying?,When the combine step must be sequential,When the recursion goes deeper than the cores,When the pieces become uneven in size,When coordinating costs more than the work,D,When coordinating costs more than the work,Parallelise the top few levels and run the rest in one thread. Spawning per leaf is pure overhead.,AUTHORED,
GB3_DVC_048,DSA_DIVIDE_CONQUER,DVC_C24_TRADE,DVC_F48_WORST_CASE_MATTERS,DVC_FAM48_JUDGING_RISK,DVC_RG_TRADE,D5,EVALUATE,mcq,When does an algorithm’s worst case matter more than its average?,When an attacker can choose the input,When the operation runs very often,When the input is usually very large,When the data comes from a database,A,When an attacker can choose the input,"Crafted input that triggers a quadratic path is a real denial of service, and it has happened repeatedly.",AUTHORED,
GB3_DVC_049,DSA_DIVIDE_CONQUER,DVC_C23_WHEN,DVC_F49_RECOGNISING_THE_SHAPE,DVC_FAM49_JUDGING_RECOGNITION,DVC_RG_WHEN,D5,EVALUATE,mcq,What phrase in a problem most often means divide and conquer?,Solve it for the halves and put them together,Check whether two items match,Count how many satisfy a condition,Find the largest or smallest element,A,Solve it for the halves and put them together,"Or an input that is itself recursive — a tree, a nested structure, a range that can be cut.",AUTHORED,
GB3_DVC_050,DSA_DIVIDE_CONQUER,DVC_C01_SHAPE,DVC_F50_THE_ONE_IDEA,DVC_FAM50_JUDGING_THE_WHOLE,DVC_RG_SHAPE,D5,EVALUATE,mcq,What is the underlying idea worth carrying away?,A problem you can halve is nearly solved,Recursion is simpler than iteration,Smaller inputs are always faster,Sorting makes most problems easier,A,A problem you can halve is nearly solved,"Halving repeatedly is the difference between a billion steps and thirty, and it is available surprisingly often.",AUTHORED,
GB3_GRD_001,DSA_GREEDY,GRD_C01_DEFINITION,GRD_F01_WHAT_GREEDY_IS,GRD_FAM01_DEFINITION,GRD_RG_DEFINITION,D1,REMEMBER,mcq,What does a greedy algorithm do?,Caches each answer so it is reused,Splits the problem and solves the parts,Takes the best option available right now,Tries every option and keeps the best,C,Takes the best option available right now,"One pass of local choices, never revisited. That is what makes it fast and what makes it risky.",AUTHORED,
GB3_GRD_002,DSA_GREEDY,GRD_C02_COMMIT,GRD_F02_NEVER_RECONSIDERS,GRD_FAM02_COMMITMENT,GRD_RG_COMMIT,D1,REMEMBER,mcq,What does a greedy algorithm never do?,Look at more than one option at a time,Go back and change an earlier choice,Sort the input before processing it,Use more than a single pass of the data,B,Go back and change an earlier choice,"No backtracking. Each decision is final, which is exactly why the decisions have to be provably safe.",AUTHORED,
GB3_GRD_003,DSA_GREEDY,GRD_C03_SORT,GRD_F03_SORTING_IS_THE_CHOICE,GRD_FAM03_SORT_ORDER,GRD_RG_SORT,D1,REMEMBER,mcq,What does most greedy code actually consist of?,"A sort, then a single pass in order",A loop with a nested search inside,A table filled from the bottom upward,A recursion over the remaining options,A,"A sort, then a single pass in order",Deciding what to sort by is the whole design. The loop afterwards is usually four lines.,AUTHORED,
GB3_GRD_004,DSA_GREEDY,GRD_C04_PROOF,GRD_F04_NEEDS_JUSTIFYING,GRD_FAM04_CORRECTNESS,GRD_RG_PROOF,D1,REMEMBER,mcq,What must be true for a greedy algorithm to be correct?,The whole input is sorted before it begins,The problem has only one valid answer,The local choice never rules out the best answer,Every option is examined at least once,C,The local choice never rules out the best answer,The greedy choice property. Without it the algorithm still runs and returns something plausible and wrong.,AUTHORED,
GB3_GRD_005,DSA_GREEDY,GRD_C05_SPEED,GRD_F05_WHY_IT_IS_FAST,GRD_FAM05_COST,GRD_RG_SPEED,D1,REMEMBER,mcq,What does a greedy algorithm typically cost?,Exponential time in the input size,"Quadratic time, comparing every pair","The cost of sorting, then one pass",The number of states times the work,C,"The cost of sorting, then one pass",Usually O(n log n) dominated by the sort. That cheapness is why it is worth checking whether it applies.,AUTHORED,
GB3_GRD_006,DSA_GREEDY,GRD_C06_VERSUS_DP,GRD_F06_THE_DISTINCTION,GRD_FAM06_VERSUS_DP,GRD_RG_VERSUS_DP,D1,REMEMBER,mcq,How does greedy differ from dynamic programming?,It commits rather than trying every choice,It does not need a base case defined,It produces an approximate answer only,It works on smaller inputs than DP does,A,It commits rather than trying every choice,DP explores the alternatives and keeps the best. Greedy asserts it already knows which one that is.,AUTHORED,
GB3_GRD_007,DSA_GREEDY,GRD_C07_COUNTEREXAMPLE,GRD_F07_HOW_TO_DISPROVE,GRD_FAM07_COUNTEREXAMPLES,GRD_RG_COUNTEREXAMPLE,D1,REMEMBER,mcq,How do you show a greedy approach is wrong?,Show that it runs more slowly than DP,Test it against many random inputs,Find one input where it misses the best answer,Prove that the problem has no fast solution,C,Find one input where it misses the best answer,One counterexample settles it. Passing a hundred random tests settles nothing at all.,AUTHORED,
GB3_GRD_008,DSA_GREEDY,GRD_C08_INTERVALS,GRD_F08_CLASSIC_PROBLEM,GRD_FAM08_INTERVAL_SCHEDULING,GRD_RG_INTERVALS,D1,REMEMBER,mcq,"To fit the most non-overlapping meetings into a day, what do you sort by?",The time each one finishes,The time each one starts,How many others it overlaps,How long each one lasts,A,The time each one finishes,Earliest finishing time. It is the canonical greedy problem and the canonical wrong answer is duration.,AUTHORED,
GB3_GRD_009,DSA_GREEDY,GRD_C09_APPROXIMATION,GRD_F09_GOOD_ENOUGH,GRD_FAM09_APPROXIMATION,GRD_RG_APPROXIMATION,D1,REMEMBER,mcq,What is a greedy algorithm often used for when it is not provably optimal?,Producing a good answer quickly,Generating the first guess for DP,Reducing the size of the problem,Checking whether a better one exists,A,Producing a good answer quickly,"Many hard problems have no fast exact solution, and a greedy answer within a few percent is worth having.",AUTHORED,
GB3_GRD_010,DSA_GREEDY,GRD_C10_EXAMPLES,GRD_F10_WHERE_IT_IS_USED,GRD_FAM10_REAL_USES,GRD_RG_EXAMPLES,D1,REMEMBER,mcq,Which well-known algorithm is greedy?,Binary search on a range,Merge sort on an array,Dijkstra’s shortest path,Depth-first graph traversal,C,Dijkstra’s shortest path,"Always expand the cheapest unsettled node, and never revisit it. That commitment is the greedy step.",AUTHORED,
GB3_GRD_011,DSA_GREEDY,GRD_C04_PROOF,GRD_F11_WHY_PROOF_MATTERS,GRD_FAM11_WHY_INTUITION_FAILS,GRD_RG_PROOF,D2,UNDERSTAND,mcq,"Why is ""it seems right"" a dangerous basis for a greedy solution?",The algorithm may be slower than expected,"A wrong one returns a plausible answer, not an error",The intuition may not scale to large inputs,The reviewer cannot check the reasoning,B,"A wrong one returns a plausible answer, not an error","Nothing crashes. It quietly returns the second-best answer, and nobody notices until somebody checks.",AUTHORED,
GB3_GRD_012,DSA_GREEDY,GRD_C02_COMMIT,GRD_F12_WHY_COMMITMENT_IS_RISKY,GRD_FAM12_WHY_NO_BACKTRACKING_HURTS,GRD_RG_COMMIT,D2,UNDERSTAND,mcq,Why can the best first step lead to a worse total?,The steps are evaluated in the wrong order,The later steps cost more than the first,Taking it may remove better later options,The total is not the sum of the steps,C,Taking it may remove better later options,The large coin you took leaves a remainder that needs four more. That interaction is what greedy ignores.,AUTHORED,
GB3_GRD_013,DSA_GREEDY,GRD_C08_INTERVALS,GRD_F13_WHY_EARLIEST_FINISH,GRD_FAM13_WHY_THAT_SORT_ORDER,GRD_RG_INTERVALS,D2,UNDERSTAND,mcq,Why does sorting by finishing time maximise the number of meetings?,It picks the shortest meetings first,It minimises the total time occupied,It avoids the meetings that overlap most,It leaves the most room for what follows,D,It leaves the most room for what follows,"Finishing earliest is the choice that constrains the future least, which is exactly the property needed.",AUTHORED,
GB3_GRD_014,DSA_GREEDY,GRD_C11_COINS,GRD_F14_WHY_COINS_SOMETIMES_WORK,GRD_FAM14_WHY_IT_DEPENDS_ON_THE_DATA,GRD_RG_COINS,D2,UNDERSTAND,mcq,Why does taking the largest coin work for some coin sets and not others?,The total being made changes the answer,Some coin sets contain more values,Larger coins divide more evenly,The property depends on the denominations,D,The property depends on the denominations,"Greedy is a property of the problem instance, not of the technique. Change the coins and it breaks.",AUTHORED,
GB3_GRD_015,DSA_GREEDY,GRD_C06_VERSUS_DP,GRD_F15_WHY_DP_IS_SAFER,GRD_FAM15_WHY_EXPLORING_IS_SAFER,GRD_RG_VERSUS_DP,D2,UNDERSTAND,mcq,Why is DP correct where greedy fails?,It sorts the options before choosing,It keeps the alternatives instead of discarding them,It uses more memory to be accurate,It examines all of the input more carefully,B,It keeps the alternatives instead of discarding them,Greedy bets on one branch; DP tries them all and keeps the best. That is the whole difference in safety.,AUTHORED,
GB3_GRD_016,DSA_GREEDY,GRD_C12_EXCHANGE,GRD_F16_EXCHANGE_ARGUMENT,GRD_FAM16_HOW_PROOFS_WORK,GRD_RG_EXCHANGE,D2,UNDERSTAND,mcq,How is a greedy algorithm usually proved correct?,By counting the choices it makes,By testing it against every possible input there is,By showing any better answer can be swapped toward it,By comparing its output against DP,C,By showing any better answer can be swapped toward it,"An exchange argument. If any optimal solution can be transformed into the greedy one, greedy is optimal too.",AUTHORED,
GB3_GRD_017,DSA_GREEDY,GRD_C09_APPROXIMATION,GRD_F17_WHY_APPROXIMATE_IS_USEFUL,GRD_FAM17_WHY_CLOSE_ENOUGH_HELPS,GRD_RG_APPROXIMATION,D2,UNDERSTAND,mcq,Why is a greedy approximation valuable for a hard problem?,The exact answer may take far too long,The approximate answer is usually exact,It uses less memory than the exact one,It proves no better answer exists,A,The exact answer may take far too long,"A 95%-good route in a second beats a perfect one in a week, for almost every real delivery business.",AUTHORED,
GB3_GRD_018,DSA_GREEDY,GRD_C13_SUBSTRUCTURE,GRD_F18_NEEDS_SUBSTRUCTURE_TOO,GRD_FAM18_WHY_BOTH_PROPERTIES,GRD_RG_SUBSTRUCTURE,D2,UNDERSTAND,mcq,"Besides the greedy choice property, what else must hold?",The number of choices must be finite,The rest must still be the same kind of problem,The choices must all have equal value,The input must be sortable in some order,B,The rest must still be the same kind of problem,"Optimal substructure. After committing, what remains has to be a smaller instance you can solve the same way.",AUTHORED,
GB3_GRD_019,DSA_GREEDY,GRD_C14_TIE,GRD_F19_WHY_TIES_MATTER,GRD_FAM19_WHY_TIE_BREAKING_MATTERS,GRD_RG_TIE,D2,UNDERSTAND,mcq,Why can the tie-breaking rule change a greedy result?,The comparison becomes entirely non-deterministic,Ties make the sorting take longer to run,Equal-looking options can lead to different futures,Ties indicate the sort key is wrong,C,Equal-looking options can lead to different futures,Two tasks finishing at the same moment can leave very different remaining problems.,AUTHORED,
GB3_GRD_020,DSA_GREEDY,GRD_C15_HUFFMAN,GRD_F20_WHY_SMALLEST_FIRST,GRD_FAM20_WHY_COMBINING_SMALLEST_WORKS,GRD_RG_HUFFMAN,D2,UNDERSTAND,mcq,"In building an optimal code, why combine the two least frequent symbols first?",It makes the frequencies easier to sort,It reduces the number of symbols fastest,It keeps the resulting tree balanced,The rarest symbols can afford the longest codes,D,The rarest symbols can afford the longest codes,Pushing the rare ones deepest costs least overall. Huffman coding is greedy and provably optimal.,AUTHORED,
GB3_GRD_021,DSA_GREEDY,GRD_C03_SORT,GRD_F21_CHOOSE_THE_KEY,GRD_FAM21_CHOOSING_A_SORT_KEY,GRD_RG_SORT,D3,APPLY,mcq,"You want to finish the most tasks before a deadline, each taking a known time. What do you sort by?",The earliest deadline first,The order they were received,The highest value first,The shortest duration first,D,The shortest duration first,Maximising the count means using each minute on the cheapest task available.,AUTHORED,
GB3_GRD_022,DSA_GREEDY,GRD_C07_COUNTEREXAMPLE,GRD_F22_FIND_THE_BREAK,GRD_FAM22_TESTING_A_GREEDY_IDEA,GRD_RG_COUNTEREXAMPLE,D3,APPLY,mcq,"Before trusting a greedy rule, what should you try to construct?",A large input to check the performance,A small input where it gives the wrong answer,A comparison against a brute-force run,A proof that the rule is always optimal,B,A small input where it gives the wrong answer,Search for the counterexample first. Failing to find one is weak evidence; finding one is conclusive.,AUTHORED,
GB3_GRD_023,DSA_GREEDY,GRD_C11_COINS,GRD_F23_WHEN_COINS_BREAK,GRD_FAM23_APPLYING_TO_COINS,GRD_RG_COINS,D3,APPLY,mcq,"Coins are 1, 3 and 4 and you must make 6. What does taking the largest first give?","No solution, since 6 is not reachable","Two coins, which is optimal here","Four coins, the worst possible","Three coins, when two would do",D,"Three coins, when two would do",Four then two ones is three coins; three and three is two. The standard demonstration that greedy can fail.,AUTHORED,
GB3_GRD_024,DSA_GREEDY,GRD_C16_MERGE_INTERVALS,GRD_F24_SORT_BY_START,GRD_FAM24_APPLYING_TO_OVERLAPS,GRD_RG_MERGE_INTERVALS,D3,APPLY,mcq,"To merge overlapping ranges into the fewest possible, what do you sort by?",The start of each range,The length of each range,The end of each range,How many each one overlaps,A,The start of each range,"Note this differs from scheduling, which sorts by end. The goal decides the key, not the data type.",AUTHORED,
GB3_GRD_025,DSA_GREEDY,GRD_C06_VERSUS_DP,GRD_F25_CHOOSE_THE_TECHNIQUE,GRD_FAM25_CHOOSING_BETWEEN_THEM,GRD_RG_VERSUS_DP,D3,APPLY,mcq,Items have weights and values and you may take fractions of them. What applies?,Divide and conquer on the item list,Brute force over all the subsets,Dynamic programming over the capacity,"Greedy, by value per unit of weight",D,"Greedy, by value per unit of weight",Fractional knapsack is greedy; whole-item knapsack is DP. One word in the problem changes the answer.,AUTHORED,
GB3_GRD_026,DSA_GREEDY,GRD_C17_MINIMUM_RESOURCES,GRD_F26_COUNT_THE_OVERLAP,GRD_FAM26_MINIMISING_RESOURCES,GRD_RG_RESOURCES,D3,APPLY,mcq,How many rooms are needed so no two meetings clash?,The longest chain of overlaps found,The number of distinct start times,The total number of meetings booked,The most that are ever running at once,D,The most that are ever running at once,"Sweep the starts and ends in time order, tracking the running count. The peak is the answer.",AUTHORED,
GB3_GRD_027,DSA_GREEDY,GRD_C14_TIE,GRD_F27_DEFINE_THE_TIEBREAK,GRD_FAM27_HANDLING_TIES,GRD_RG_TIE,D3,APPLY,mcq,Two options score identically on your greedy key. What should you do?,Take whichever comes first in the list,Decide a second key deliberately,Try both and keep the better outcome,Combine them into a single option,B,Decide a second key deliberately,"Leaving it to the sort’s incidental order makes the result depend on the input order, which is not a design.",AUTHORED,
GB3_GRD_028,DSA_GREEDY,GRD_C18_JUMP,GRD_F28_FURTHEST_REACH,GRD_FAM28_REACHABILITY,GRD_RG_JUMP,D3,APPLY,mcq,Each position lets you move up to some distance forward. How do you find the fewest moves?,Always move the maximum distance allowed,Track the furthest reachable point at each step,Try every possible move recursively,Move to the position with the largest value,B,Track the furthest reachable point at each step,Always jumping the maximum is the wrong greedy. Extending the reachable frontier is the right one.,AUTHORED,
GB3_GRD_029,DSA_GREEDY,GRD_C12_EXCHANGE,GRD_F29_ARGUE_IT,GRD_FAM29_BUILDING_AN_ARGUMENT,GRD_RG_EXCHANGE,D3,APPLY,mcq,How do you argue your greedy choice is safe?,Show swapping it into any answer never makes it worse,Show it produces the same answer as brute force,Show it works on all the given examples,Show it runs faster than the alternatives,A,Show swapping it into any answer never makes it worse,"The exchange argument in one sentence, and it is what an interviewer is listening for.",AUTHORED,
GB3_GRD_030,DSA_GREEDY,GRD_C19_ACTIVITY,GRD_F30_APPLY_THE_CLASSIC,GRD_FAM30_APPLYING_SCHEDULING,GRD_RG_ACTIVITY,D3,APPLY,mcq,"Having sorted meetings by finishing time, what is the loop?",Take each one that starts after the last taken,Take every other one from the sorted list,Take each one that does not overlap any taken,Take each one until the day is full,A,Take each one that starts after the last taken,One comparison against the last accepted end time. The sort did all the work.,AUTHORED,
GB3_GRD_031,DSA_GREEDY,GRD_C04_PROOF,GRD_F31_PLAUSIBLE_BUT_WRONG,GRD_FAM31_DIAGNOSE_A_SILENT_FAILURE,GRD_RG_PROOF,D4,ANALYZE,mcq,A scheduling algorithm returns answers that are good but never quite the best. What should you suspect?,The sort is not stable across equal keys,The input contains invalid intervals,The loop is skipping some of the options,The greedy choice is not actually safe here,D,The greedy choice is not actually safe here,Consistently near-optimal is the signature of a greedy rule that is nearly but not quite the right one.,AUTHORED,
GB3_GRD_032,DSA_GREEDY,GRD_C03_SORT,GRD_F32_WRONG_SORT_KEY,GRD_FAM32_DIAGNOSE_A_SORT_KEY,GRD_RG_SORT,D4,ANALYZE,mcq,A meeting scheduler sorted by duration fits fewer meetings than expected. What is wrong?,The overlaps were not being checked,The sort should have been descending,Short meetings can still block the best set,The durations were computed incorrectly,C,Short meetings can still block the best set,A short meeting in the middle of the day can block two. Finishing time is the key that avoids that.,AUTHORED,
GB3_GRD_033,DSA_GREEDY,GRD_C06_VERSUS_DP,GRD_F33_SHOULD_HAVE_BEEN_DP,GRD_FAM33_DIAGNOSE_WRONG_TECHNIQUE,GRD_RG_VERSUS_DP,D4,ANALYZE,mcq,A whole-item knapsack solved greedily by value per weight gives wrong answers. Why?,The value per weight was computed wrongly,The capacity was exceeded by the choices,The items were not sorted correctly,You cannot take part of an item to fill the gap,D,You cannot take part of an item to fill the gap,Fractions make greedy exact; whole items leave a remainder that a different combination would have filled.,AUTHORED,
GB3_GRD_034,DSA_GREEDY,GRD_C14_TIE,GRD_F34_UNSTABLE_RESULTS,GRD_FAM34_DIAGNOSE_INCONSISTENCY,GRD_RG_TIE,D4,ANALYZE,mcq,The same input in a different order produces a different greedy result. What is missing?,A check that the input is valid,A deterministic random seed,A defined rule for breaking ties,A stable sorting implementation,C,A defined rule for breaking ties,"Without a full ordering, the incidental input order becomes part of the algorithm.",AUTHORED,
GB3_GRD_035,DSA_GREEDY,GRD_C20_LOCAL_OPTIMUM,GRD_F35_STUCK_LOCALLY,GRD_FAM35_DIAGNOSE_A_LOCAL_OPTIMUM,GRD_RG_LOCAL,D4,ANALYZE,mcq,A route planner produces a short first leg and a very long total. What has happened?,It optimised each step without seeing the whole,The planner ran out of time to improve,The distances between stops were wrong,The stops were visited in the wrong order,A,It optimised each step without seeing the whole,Nearest-neighbour routing is the classic example: excellent early choices and a terrible final leg.,AUTHORED,
GB3_GRD_036,DSA_GREEDY,GRD_C13_SUBSTRUCTURE,GRD_F36_REMAINDER_IS_DIFFERENT,GRD_FAM36_DIAGNOSE_BROKEN_SUBSTRUCTURE,GRD_RG_SUBSTRUCTURE,D4,ANALYZE,mcq,"After each greedy choice, the remaining problem has different rules. What does that mean?",The substructure property does not hold,The base case has not been reached yet,The choices are being made in the wrong order,The problem needs to be sorted differently,A,The substructure property does not hold,"Greedy needs the leftover to be the same kind of problem. If it is not, the recursion of the argument collapses.",AUTHORED,
GB3_GRD_037,DSA_GREEDY,GRD_C21_TESTING,GRD_F37_TESTS_TOO_KIND,GRD_FAM37_DIAGNOSE_WEAK_TESTING,GRD_RG_TESTING,D4,ANALYZE,mcq,A greedy solution passes every test and fails in production. What was likely wrong with the tests?,They compared against the same algorithm,They used data where greedy happens to work,They ran on inputs that were too small,They did not cover enough of the code,B,They used data where greedy happens to work,Real-world coin sets and interval sets are often greedy-friendly. The failure needs a deliberately awkward case.,AUTHORED,
GB3_GRD_038,DSA_GREEDY,GRD_C18_JUMP,GRD_F38_MAXIMUM_JUMP_FAILS,GRD_FAM38_DIAGNOSE_A_WRONG_RULE,GRD_RG_JUMP,D4,ANALYZE,mcq,Always jumping the maximum distance gives more moves than necessary. Why?,A shorter jump may land somewhere better,The distances are not all the same,The maximum jump may overshoot the target,The moves are being counted twice,A,A shorter jump may land somewhere better,Landing on a position with a much longer reach beats landing further along with none. Greedy on the wrong quantity.,AUTHORED,
GB3_GRD_039,DSA_GREEDY,GRD_C05_SPEED,GRD_F39_SLOWER_THAN_EXPECTED,GRD_FAM39_DIAGNOSE_THE_COST,GRD_RG_SPEED,D4,ANALYZE,mcq,A greedy solution runs in quadratic time. Where would you look?,"At the sort, which may be poorly implemented",At the number of items being processed,At a search inside the loop that could be avoided,At the comparison function being used,C,At a search inside the loop that could be avoided,Rescanning for the best remaining option each round. A heap or a pre-sort removes the inner loop.,AUTHORED,
GB3_GRD_040,DSA_GREEDY,GRD_C09_APPROXIMATION,GRD_F40_APPROXIMATE_PRESENTED_AS_EXACT,GRD_FAM40_DIAGNOSE_A_CLAIM,GRD_RG_APPROXIMATION,D4,ANALYZE,mcq,A system claims to find the cheapest route and uses a greedy heuristic. What is wrong?,It is promising optimality it cannot deliver,It cannot handle large numbers of stops,It should be using dynamic programming,It is slower than an exact algorithm,A,It is promising optimality it cannot deliver,"Calling it ""a good route"" is honest and equally useful. Calling it cheapest is a claim somebody will check.",AUTHORED,
GB3_GRD_041,DSA_GREEDY,GRD_C22_WHEN,GRD_F41_WHEN_TO_REACH_FOR_IT,GRD_FAM41_JUDGING_THE_FIT,GRD_RG_WHEN,D5,EVALUATE,mcq,When is greedy the right first thing to try?,When you can argue the local choice is safe,When the problem involves an ordering,When the input is too large for DP,When a fast answer matters most,A,When you can argue the local choice is safe,The argument comes first. Reaching for greedy because it is easy to write is how wrong answers ship.,AUTHORED,
GB3_GRD_042,DSA_GREEDY,GRD_C09_APPROXIMATION,GRD_F42_WHEN_CLOSE_IS_FINE,GRD_FAM42_JUDGING_APPROXIMATION,GRD_RG_APPROXIMATION,D5,EVALUATE,mcq,When is a provably suboptimal greedy answer the right choice?,When the exact answer is not worth its cost,When the problem is too large to sort,When the difference is hard to measure,When nobody will check the result,A,When the exact answer is not worth its cost,"Most scheduling and routing in industry is deliberately approximate, and stated as such.",AUTHORED,
GB3_GRD_043,DSA_GREEDY,GRD_C23_HONESTY,GRD_F43_SAY_WHAT_IT_IS,GRD_FAM43_JUDGING_THE_CLAIM,GRD_RG_HONESTY,D5,EVALUATE,mcq,You ship a greedy solution you cannot prove optimal. What should you do?,Add tests covering the known cases,Replace it with an exact algorithm,"Keep it, since it works well in practice","Say so, in the code and to the users",D,"Say so, in the code and to the users",The next engineer will assume optimality unless told. That assumption is where the bug report comes from.,AUTHORED,
GB3_GRD_044,DSA_GREEDY,GRD_C06_VERSUS_DP,GRD_F44_THE_REAL_QUESTION,GRD_FAM44_JUDGING_THE_CHOICE,GRD_RG_VERSUS_DP,D5,EVALUATE,mcq,What single question decides between greedy and DP?,Can I commit to this choice without regret,Is the input small enough for a table,Can the input be sorted meaningfully,Does the problem involve an optimum,A,Can I commit to this choice without regret,"Yes means greedy; no means explore and keep the best, which is DP. Everything else follows from it.",AUTHORED,
GB3_GRD_045,DSA_GREEDY,GRD_C24_INTERVIEW,GRD_F45_WHAT_INTERVIEWERS_WANT,GRD_FAM45_JUDGING_AN_ANSWER,GRD_RG_INTERVIEW,D5,EVALUATE,mcq,A candidate proposes a greedy solution. What most improves the answer?,Writing the implementation very cleanly,Testing it aloud against an awkward case,Naming the classic problem it matches,Stating its time and space complexity,B,Testing it aloud against an awkward case,Trying to break your own idea before the interviewer does is the behaviour they are actually assessing.,AUTHORED,
GB3_GRD_046,DSA_GREEDY,GRD_C25_COMBINED,GRD_F46_GREEDY_INSIDE_SOMETHING_ELSE,GRD_FAM46_JUDGING_COMBINATIONS,GRD_RG_COMBINED,D5,EVALUATE,mcq,Where does a greedy step appear inside a larger algorithm?,Splitting an array into two equal halves,Checking whether a node was visited,Choosing the cheapest next node in a search,Caching a subproblem’s computed answer,C,Choosing the cheapest next node in a search,Dijkstra and Prim are both built on a greedy step. Greedy is often a component rather than a whole solution.,AUTHORED,
GB3_GRD_047,DSA_GREEDY,GRD_C22_WHEN,GRD_F47_SIMPLICITY_VALUE,GRD_FAM47_JUDGING_SIMPLICITY,GRD_RG_WHEN,D5,EVALUATE,mcq,Greedy and DP both give the correct answer here. Which do you ship?,"The greedy one, being simpler and faster","The DP one, being more obviously correct","Both, comparing them at run time",Whichever the team is more familiar with,A,"The greedy one, being simpler and faster","Where correctness is established, simpler wins — with a comment recording why greedy is valid here.",AUTHORED,
GB3_GRD_048,DSA_GREEDY,GRD_C21_TESTING,GRD_F48_TEST_AGAINST_BRUTE_FORCE,GRD_FAM48_JUDGING_VERIFICATION,GRD_RG_TESTING,D5,EVALUATE,mcq,How can you gain confidence in a greedy rule without a proof?,Run it on the largest realistic input,Compare it to brute force on many small inputs,Have another engineer review the logic,Check it against the published examples,B,Compare it to brute force on many small inputs,"Random small cases against an exhaustive search finds counterexamples remarkably fast. Not a proof, but strong.",AUTHORED,
GB3_GRD_049,DSA_GREEDY,GRD_C20_LOCAL_OPTIMUM,GRD_F49_IMPROVING_AFTERWARDS,GRD_FAM49_JUDGING_REFINEMENT,GRD_RG_LOCAL,D5,EVALUATE,mcq,Your greedy route is 15% worse than optimal. What is a practical improvement?,Try several different greedy orderings,Accept it and document the shortfall,Switch to an exact algorithm entirely,Improve it with local swaps afterwards,D,Improve it with local swaps afterwards,"Greedy for a starting point, then local search to refine it. That combination is most industrial routing.",AUTHORED,
GB3_GRD_050,DSA_GREEDY,GRD_C01_DEFINITION,GRD_F50_THE_LESSON,GRD_FAM50_JUDGING_THE_WHOLE,GRD_RG_DEFINITION,D5,EVALUATE,mcq,What is the durable lesson of greedy algorithms?,Simple algorithms beat complex ones,Sorting solves most optimisation problems,"A cheap answer needs an argument, not a feeling",Local decisions are usually good enough,C,"A cheap answer needs an argument, not a feeling","Greedy is the technique where being wrong looks exactly like being right, which is why it teaches this best.",AUTHORED,
GB3_ALG_001,ALGORITHM_DESIGN,ALG_C01_FIRST_STEP,ALG_F01_UNDERSTAND_FIRST,ALG_FAM01_WHERE_TO_START,ALG_RG_FIRST_STEP,D1,REMEMBER,mcq,What is the first step in solving an algorithm problem?,Choosing which technique is likely to apply,Writing a brute-force version of it,Working out the complexity you need,Making sure you understand what is being asked,D,Making sure you understand what is being asked,Restating it and naming the edge cases. The commonest failure is a good solution to a different problem.,AUTHORED,
GB3_ALG_002,ALGORITHM_DESIGN,ALG_C02_BRUTE_FORCE,ALG_F02_WHAT_BRUTE_FORCE_IS_FOR,ALG_FAM02_BRUTE_FORCE,ALG_RG_BRUTE,D1,REMEMBER,mcq,What is a brute-force solution useful for?,Measuring how slow the input makes things,Proving the problem cannot be solved fast,Shipping when nothing else is ready,Establishing what the right answer is,D,Establishing what the right answer is,A correct reference. It also usually shows you which repeated work the fast version must remove.,AUTHORED,
GB3_ALG_003,ALGORITHM_DESIGN,ALG_C03_CONSTRAINTS,ALG_F03_INPUT_SIZE_GUIDES,ALG_FAM03_READING_CONSTRAINTS,ALG_RG_CONSTRAINTS,D1,REMEMBER,mcq,What does the maximum input size tell you?,How much memory you will need,Roughly what complexity you can afford,Which data structure will fit best,Whether recursion will be safe,B,Roughly what complexity you can afford,"It is the strongest hint in any problem statement, and most students read past it.",AUTHORED,
GB3_ALG_004,ALGORITHM_DESIGN,ALG_C04_TRADEOFF,ALG_F04_TIME_FOR_SPACE,ALG_FAM04_THE_CLASSIC_TRADE,ALG_RG_TRADEOFF,D1,REMEMBER,mcq,What is the most common trade in algorithm design?,Using sorting to avoid comparisons,Using recursion to avoid writing loops,Using memory to avoid repeating work,Using approximation to avoid precision,C,Using memory to avoid repeating work,"Hash sets, caches, precomputed tables. Nearly every speed-up in this bank is memory spent on time.",AUTHORED,
GB3_ALG_005,ALGORITHM_DESIGN,ALG_C05_STRUCTURE,ALG_F05_DATA_STRUCTURE_CHOICE,ALG_FAM05_STRUCTURE_CHOICE,ALG_RG_STRUCTURE,D1,REMEMBER,mcq,What most often makes an algorithm fast?,Choosing a structure that suits the operation,Avoiding recursion wherever possible,Writing the inner loop more efficiently,Using a language that runs more quickly,A,Choosing a structure that suits the operation,"A set instead of a list turns a linear membership test into a constant one, and the loop is unchanged.",AUTHORED,
GB3_ALG_006,ALGORITHM_DESIGN,ALG_C06_PATTERNS,ALG_F06_RECOGNISING_SHAPES,ALG_FAM06_PATTERN_RECOGNITION,ALG_RG_PATTERNS,D1,REMEMBER,mcq,Why is recognising a problem’s shape valuable?,It tells you the exact complexity,It guarantees the solution is optimal,A known shape has a known approach,It shortens the code you have to write,C,A known shape has a known approach,Most problems are a familiar one in unfamiliar clothes. The translation is most of the work.,AUTHORED,
GB3_ALG_007,ALGORITHM_DESIGN,ALG_C07_CORRECT_FIRST,ALG_F07_ORDER_OF_WORK,ALG_FAM07_CORRECTNESS_BEFORE_SPEED,ALG_RG_CORRECT,D1,REMEMBER,mcq,What should you achieve before optimising?,A set of tests covering the input,A clear estimate of the complexity,Agreement on which technique to use,A version that gives the right answer,D,A version that gives the right answer,Correct and slow can be made fast. Fast and wrong has to be thrown away and started again.,AUTHORED,
GB3_ALG_008,ALGORITHM_DESIGN,ALG_C08_EDGE_CASES,ALG_F08_WHAT_TO_ASK_ABOUT,ALG_FAM08_EDGE_CASES,ALG_RG_EDGE,D1,REMEMBER,mcq,Which inputs should you always consider?,The largest the constraints allow,"Empty, single, duplicated and extreme",Typical ones of about average size,Ones matching the given examples,B,"Empty, single, duplicated and extreme","Boundaries are where solutions break, and asking about them early often changes the approach.",AUTHORED,
GB3_ALG_009,ALGORITHM_DESIGN,ALG_C09_COMPLEXITY,ALG_F09_WHY_STATE_IT,ALG_FAM09_STATING_COMPLEXITY,ALG_RG_COMPLEXITY,D1,REMEMBER,mcq,Why work out the complexity before writing code?,It determines which language to use,You find out whether the approach can work,It shows how long the code will be,It is expected in a technical interview,B,You find out whether the approach can work,Discovering your approach is quadratic after twenty minutes of coding is twenty minutes gone.,AUTHORED,
GB3_ALG_010,ALGORITHM_DESIGN,ALG_C10_SIMPLIFY,ALG_F10_SOLVE_A_SMALLER_ONE,ALG_FAM10_SIMPLIFYING,ALG_RG_SIMPLIFY,D1,REMEMBER,mcq,What can you do when a problem is too hard to see?,Solve a simpler version of it first,Write out the brute force in full,Move on to a different problem,Look for a published solution to it,A,Solve a simpler version of it first,"Drop a constraint, shrink the input, solve it by hand. The general case usually becomes visible from there.",AUTHORED,
GB3_ALG_011,ALGORITHM_DESIGN,ALG_C03_CONSTRAINTS,ALG_F11_WHY_SIZE_NARROWS_IT,ALG_FAM11_WHY_CONSTRAINTS_HELP,ALG_RG_CONSTRAINTS,D2,UNDERSTAND,mcq,Why does n up to a million rule out most approaches?,The data would not fit into memory,Anything quadratic would not finish in time,Sorting becomes too slow at that size,Recursion would exceed the stack limit,B,Anything quadratic would not finish in time,A trillion operations. That single observation eliminates every nested-loop idea before you write one.,AUTHORED,
GB3_ALG_012,ALGORITHM_DESIGN,ALG_C11_SMALL_N,ALG_F12_WHY_SMALL_N_INVITES_SEARCH,ALG_FAM12_WHY_TINY_INPUTS_DIFFER,ALG_RG_SMALL_N,D2,UNDERSTAND,mcq,What does a constraint of n up to 20 usually suggest?,A linear algorithm is definitely needed,An exponential search is acceptable here,The problem has a simple closed form,The input can be processed in one pass,B,An exponential search is acceptable here,"Two to the twenty is a million, which is nothing. A tiny bound is an invitation to try every subset.",AUTHORED,
GB3_ALG_013,ALGORITHM_DESIGN,ALG_C02_BRUTE_FORCE,ALG_F13_WHY_START_SLOW,ALG_FAM13_WHY_BRUTE_FORCE_FIRST,ALG_RG_BRUTE,D2,UNDERSTAND,mcq,Why write the slow version before the fast one?,It is quicker to write than the fast one,It will pass some of the test cases,It proves the problem is solvable,It shows you what work is being repeated,D,It shows you what work is being repeated,"The optimisation is usually visible in the brute force: the same subproblem, the same scan, the same sort.",AUTHORED,
GB3_ALG_014,ALGORITHM_DESIGN,ALG_C04_TRADEOFF,ALG_F14_WHY_MEMORY_BUYS_TIME,ALG_FAM14_WHY_THE_TRADE_WORKS,ALG_RG_TRADEOFF,D2,UNDERSTAND,mcq,How does a hash set turn a quadratic scan into a linear one?,Looking up replaces searching the list,It stores the values more compactly,It removes the duplicates automatically,It sorts the values as they are added,A,Looking up replaces searching the list,"Memory spent so that ""have I seen this?"" costs nothing. It is the most reused idea in interview problems.",AUTHORED,
GB3_ALG_015,ALGORITHM_DESIGN,ALG_C06_PATTERNS,ALG_F15_WHY_TRANSLATION_IS_HARD,ALG_FAM15_WHY_RECOGNITION_IS_THE_SKILL,ALG_RG_PATTERNS,D2,UNDERSTAND,mcq,Why do students who know the algorithms still fail the questions?,The constraints are usually misleading,The problems combine several techniques,The problem does not announce which one it is,The algorithms are hard to implement,C,The problem does not announce which one it is,Knowing BFS is easy. Seeing that a word ladder is a graph problem is the part that has to be practised.,AUTHORED,
GB3_ALG_016,ALGORITHM_DESIGN,ALG_C12_SORTING,ALG_F16_WHY_SORTING_HELPS,ALG_FAM16_WHY_ORDER_UNLOCKS_THINGS,ALG_RG_SORTING,D2,UNDERSTAND,mcq,Why is sorting so often a useful first move?,Sorting removes the duplicate values,Sorted data uses memory more efficiently,Order makes many questions answerable in one pass,Sorted data compresses more readily,C,Order makes many questions answerable in one pass,"Neighbours, ranges, duplicates, two pointers. The n log n cost buys a linear pass that would be quadratic.",AUTHORED,
GB3_ALG_017,ALGORITHM_DESIGN,ALG_C13_INVARIANT,ALG_F17_WHY_INVARIANTS_HELP,ALG_FAM17_WHY_INVARIANTS_MATTER,ALG_RG_INVARIANT,D2,UNDERSTAND,mcq,What does naming a loop invariant give you?,A check that the loop will terminate,A way of making the loop run faster,A reason to believe the loop is correct,A shorter way of writing the loop,C,A reason to believe the loop is correct,"""Everything left of i is sorted."" Stating it turns a loop you hope works into one you can reason about.",AUTHORED,
GB3_ALG_018,ALGORITHM_DESIGN,ALG_C14_AMORTISED,ALG_F18_WHY_AVERAGE_OVER_OPERATIONS,ALG_FAM18_WHY_AMORTISED_COST,ALG_RG_AMORTISED,D2,UNDERSTAND,mcq,Why is appending to a dynamic array called constant time when it sometimes copies everything?,The costly copies are rare enough to average out,The copy is faster than the appends,The copy happens on a background thread,The array is resized before it is needed,A,The costly copies are rare enough to average out,Doubling means the expensive step happens exponentially rarely. Amortised cost is the honest figure.,AUTHORED,
GB3_ALG_019,ALGORITHM_DESIGN,ALG_C15_CONSTANTS,ALG_F19_WHY_BIG_O_IS_NOT_EVERYTHING,ALG_FAM19_WHY_CONSTANTS_MATTER,ALG_RG_CONSTANTS,D2,UNDERSTAND,mcq,Why can an O(n log n) algorithm beat an O(n) one in practice?,The input is too small for either to matter,The complexity analysis was calculated wrongly,The faster one uses more memory overall,The constant factors and memory access differ,D,The constant factors and memory access differ,"Big-O describes growth, not speed. Cache behaviour routinely outweighs an asymptotic advantage at real sizes.",AUTHORED,
GB3_ALG_020,ALGORITHM_DESIGN,ALG_C16_TWO_POINTERS,ALG_F20_WHY_POINTERS_WORK,ALG_FAM20_WHY_TWO_POINTERS_HELP,ALG_RG_POINTERS,D2,UNDERSTAND,mcq,Why can two pointers replace a nested loop on sorted data?,The pointers examine half the pairs,Each pointer only ever moves one way,The comparison is cheaper between pointers,The data does not need to be scanned twice,B,Each pointer only ever moves one way,Monotone movement means the total work is n rather than n squared. Order is what makes it valid.,AUTHORED,
GB3_ALG_021,ALGORITHM_DESIGN,ALG_C03_CONSTRAINTS,ALG_F21_READ_THE_BOUND,ALG_FAM21_APPLYING_CONSTRAINTS,ALG_RG_CONSTRAINTS,D3,APPLY,mcq,"n can be up to 100,000 and the limit is one second. What complexity should you aim for?",Linear or linearithmic at worst,Quadratic would be acceptable here,Only a constant-time answer will pass,Anything below exponential will do,A,Linear or linearithmic at worst,n log n is about 1.7 million operations; n squared is ten billion. The bound has told you the answer.,AUTHORED,
GB3_ALG_022,ALGORITHM_DESIGN,ALG_C06_PATTERNS,ALG_F22_SPOT_THE_SHAPE,ALG_FAM22_MATCHING_A_PATTERN,ALG_RG_PATTERNS,D3,APPLY,mcq,"""Find the longest run satisfying a condition."" What technique does that suggest?",A window that grows and shrinks over the data,A table of every possible substring,A sort followed by a single pass,A recursive split of the input range,A,A window that grows and shrinks over the data,"Longest or shortest contiguous run is the sliding window signature, and it is nearly always linear.",AUTHORED,
GB3_ALG_023,ALGORITHM_DESIGN,ALG_C05_STRUCTURE,ALG_F23_PICK_THE_STRUCTURE,ALG_FAM23_CHOOSING_A_STRUCTURE,ALG_RG_STRUCTURE,D3,APPLY,mcq,You repeatedly need the smallest remaining item. What do you reach for?,A sorted list,A hash map,A heap,A queue,C,A heap,"Repeatedly and smallest remaining is precisely the heap’s job, and nothing else does it as cheaply.",AUTHORED,
GB3_ALG_024,ALGORITHM_DESIGN,ALG_C02_BRUTE_FORCE,ALG_F24_IMPROVE_FROM_IT,ALG_FAM24_OPTIMISING_A_BASELINE,ALG_RG_BRUTE,D3,APPLY,mcq,Your brute force checks every pair. What question leads to the improvement?,Is the comparison itself too expensive,Can the loops be written more efficiently,What do I already know when I reach each item,Can the pairs be checked in parallel,C,What do I already know when I reach each item,Carrying knowledge forward in a set or a running value is how the inner loop disappears.,AUTHORED,
GB3_ALG_025,ALGORITHM_DESIGN,ALG_C10_SIMPLIFY,ALG_F25_DO_IT_BY_HAND,ALG_FAM25_WORKING_AN_EXAMPLE,ALG_RG_SIMPLIFY,D3,APPLY,mcq,You cannot see the approach. What is the most productive thing to do?,Work a small example through by hand,Reread the constraints more carefully,Start writing the brute-force code,Recall similar problems you have seen,A,Work a small example through by hand,Noticing what you do as a human is usually the algorithm. It is also what an interviewer wants to see.,AUTHORED,
GB3_ALG_026,ALGORITHM_DESIGN,ALG_C17_PREPROCESS,ALG_F26_PRECOMPUTE,ALG_FAM26_PREPROCESSING,ALG_RG_PREPROCESS,D3,APPLY,mcq,Many queries ask for the sum of a range in a fixed array. What helps?,A cache of the queries already answered,A running total computed once in advance,A sort of the array before querying,A faster loop over the requested range,B,A running total computed once in advance,"Prefix sums: one pass to build, constant time per query afterwards. Cost moved from the many to the one.",AUTHORED,
GB3_ALG_027,ALGORITHM_DESIGN,ALG_C08_EDGE_CASES,ALG_F27_ASK_EARLY,ALG_FAM27_CLARIFYING,ALG_RG_EDGE,D3,APPLY,mcq,What should you clarify before designing?,Whether library functions are allowed,"Whether duplicates, negatives and empties occur",How the answer should be formatted,Which language you are expected to use,B,"Whether duplicates, negatives and empties occur",Negative numbers alone invalidate several standard approaches. Asking costs ten seconds.,AUTHORED,
GB3_ALG_028,ALGORITHM_DESIGN,ALG_C18_TRANSFORM,ALG_F28_REDUCE_TO_KNOWN,ALG_FAM28_REDUCING_A_PROBLEM,ALG_RG_TRANSFORM,D3,APPLY,mcq,A puzzle asks for the fewest moves between two states. What should you turn it into?,A shortest path over states and moves,A dynamic programme over the moves,A greedy sequence of the best moves,A recursive search of every sequence,A,A shortest path over states and moves,"States as nodes, moves as edges, then BFS. Recognising this reduction solves a whole family of problems.",AUTHORED,
GB3_ALG_029,ALGORITHM_DESIGN,ALG_C09_COMPLEXITY,ALG_F29_COUNT_THE_WORK,ALG_FAM29_ESTIMATING_COST,ALG_RG_COMPLEXITY,D3,APPLY,mcq,How do you work out an algorithm’s complexity quickly?,Count how many functions it calls,Count the number of lines it contains,Count the number of variables declared,Count how often the innermost work runs,D,Count how often the innermost work runs,"Find the deepest thing that executes, then count how many times. Everything else is bookkeeping.",AUTHORED,
GB3_ALG_030,ALGORITHM_DESIGN,ALG_C07_CORRECT_FIRST,ALG_F30_SAY_THE_PLAN,ALG_FAM30_COMMUNICATING_A_PLAN,ALG_RG_CORRECT,D3,APPLY,mcq,What should you do before writing any code in an interview?,Write out the function signature,Ask which language is preferred,Describe the approach and its complexity,List the test cases you will use,C,Describe the approach and its complexity,It lets the interviewer redirect you before you spend fifteen minutes going the wrong way.,AUTHORED,
GB3_ALG_031,ALGORITHM_DESIGN,ALG_C01_FIRST_STEP,ALG_F31_SOLVED_THE_WRONG_THING,ALG_FAM31_DIAGNOSE_A_MISREAD,ALG_RG_FIRST_STEP,D4,ANALYZE,mcq,A candidate produces elegant working code that fails the examples. What most likely happened?,They solved a different problem than the one asked,They made an error somewhere in the implementation,They chose an algorithm that is too slow,They mishandled one of the edge cases,A,They solved a different problem than the one asked,"Elegant and wrong from the first example is a comprehension failure, and restating would have caught it.",AUTHORED,
GB3_ALG_032,ALGORITHM_DESIGN,ALG_C03_CONSTRAINTS,ALG_F32_IGNORED_THE_BOUND,ALG_FAM32_DIAGNOSE_A_TIMEOUT,ALG_RG_CONSTRAINTS,D4,ANALYZE,mcq,A correct solution times out on the large tests. What was skipped?,Checking the complexity against the input size,Choosing a faster programming language,Testing against the smaller example cases,Optimising the inner loop sufficiently,A,Checking the complexity against the input size,The bound was in the statement. Reading it first would have ruled the approach out before it was written.,AUTHORED,
GB3_ALG_033,ALGORITHM_DESIGN,ALG_C15_CONSTANTS,ALG_F33_THEORY_BEAT_BY_PRACTICE,ALG_FAM33_DIAGNOSE_A_SURPRISE,ALG_RG_CONSTANTS,D4,ANALYZE,mcq,A linked list is slower than an array for the same operations. Why?,It uses more memory for the same data,Its nodes are scattered and the cache suffers,Its operations have a worse complexity,Its pointers must be checked each time,B,Its nodes are scattered and the cache suffers,Arrays win on locality often enough that the textbook advantage of lists rarely appears in practice.,AUTHORED,
GB3_ALG_034,ALGORITHM_DESIGN,ALG_C19_HIDDEN_COST,ALG_F34_LIBRARY_CALL_IN_A_LOOP,ALG_FAM34_DIAGNOSE_HIDDEN_WORK,ALG_RG_HIDDEN,D4,ANALYZE,mcq,A loop that looks linear runs in quadratic time. What would you check?,Whether the data is larger than assumed,Whether a call inside it is itself linear,Whether the loop runs more times than expected,Whether the compiler failed to optimise it,B,Whether a call inside it is itself linear,"A containment check on a list, a string concatenation, a slice. The cost is inside a call that looks free.",AUTHORED,
GB3_ALG_035,ALGORITHM_DESIGN,ALG_C08_EDGE_CASES,ALG_F35_EMPTY_INPUT,ALG_FAM35_DIAGNOSE_AN_EDGE_FAILURE,ALG_RG_EDGE,D4,ANALYZE,mcq,An algorithm works on every test except the empty input. What was the oversight?,The return type cannot express nothing,The loop condition was written wrongly,The design assumed at least one element,The tests did not cover that case,C,The design assumed at least one element,"Usually an unchecked first element used to initialise a running best. A design assumption, not a typo.",AUTHORED,
GB3_ALG_036,ALGORITHM_DESIGN,ALG_C20_OVER_ENGINEERED,ALG_F36_TOO_CLEVER,ALG_FAM36_DIAGNOSE_OVER_ENGINEERING,ALG_RG_OVER,D4,ANALYZE,mcq,A candidate builds a segment tree for a problem a loop solves. What does that show?,They wanted to demonstrate their knowledge,They misread the complexity requirement,They chose the wrong data structure,They matched a technique instead of the problem,D,They matched a technique instead of the problem,Pattern matching on the surface. Interviewers read it as not having understood what was actually needed.,AUTHORED,
GB3_ALG_037,ALGORITHM_DESIGN,ALG_C14_AMORTISED,ALG_F37_WORST_CASE_SPIKE,ALG_FAM37_DIAGNOSE_A_LATENCY_SPIKE,ALG_RG_AMORTISED,D4,ANALYZE,mcq,An operation is amortised constant and one call in a thousand takes 200ms. Why does that matter?,Some real user experiences that 200ms,The average will rise over time,The amortised figure was calculated wrongly,The operation is being called too often,A,Some real user experiences that 200ms,"Amortised analysis is about total cost. For a latency target, the worst case is what the user meets.",AUTHORED,
GB3_ALG_038,ALGORITHM_DESIGN,ALG_C13_INVARIANT,ALG_F38_INVARIANT_BROKEN,ALG_FAM38_DIAGNOSE_A_BROKEN_INVARIANT,ALG_RG_INVARIANT,D4,ANALYZE,mcq,A two-pointer solution gives wrong answers on some inputs. What would you check?,Whether the pointers start at the right places,Whether the comparison handles equal values,Whether the data is ordered as the method assumes,Whether the loop ends at the right moment,C,Whether the data is ordered as the method assumes,All four are candidates. The ordering assumption is the one that silently invalidates the whole technique.,AUTHORED,
GB3_ALG_039,ALGORITHM_DESIGN,ALG_C21_MEMORY,ALG_F39_RAN_OUT_OF_MEMORY,ALG_FAM39_DIAGNOSE_A_SPACE_FAILURE,ALG_RG_MEMORY,D4,ANALYZE,mcq,A fast solution exhausts memory on the largest input. What was not considered?,The number of temporary objects created,The size of each individual element,The space complexity alongside the time,The memory the language runtime uses,C,The space complexity alongside the time,Trading memory for time has a limit. A table of n squared entries is fine until n reaches a hundred thousand.,AUTHORED,
GB3_ALG_040,ALGORITHM_DESIGN,ALG_C22_PREMATURE,ALG_F40_OPTIMISED_TOO_EARLY,ALG_FAM40_DIAGNOSE_MISPLACED_EFFORT,ALG_RG_PREMATURE,D4,ANALYZE,mcq,Someone spent an hour optimising a function that runs once at startup. What went wrong?,The effort went where it could not pay,The measurement was taken incorrectly,The function was not the slowest one,The optimisation made the code unclear,A,The effort went where it could not pay,Optimisation is an investment. Spending it on something called once is a loss however good the technique.,AUTHORED,
GB3_ALG_041,ALGORITHM_DESIGN,ALG_C23_GOOD_ENOUGH,ALG_F41_WHEN_TO_STOP,ALG_FAM41_JUDGING_SUFFICIENCY,ALG_RG_ENOUGH,D5,EVALUATE,mcq,When is an algorithm fast enough?,When no faster approach is known,When the complexity cannot be improved,When it meets the requirement with margin,When it beats the previous version,C,When it meets the requirement with margin,The requirement is the target. Optimising past it spends effort on something nobody will experience.,AUTHORED,
GB3_ALG_042,ALGORITHM_DESIGN,ALG_C24_READABILITY,ALG_F42_CLEVER_VERSUS_CLEAR,ALG_FAM42_JUDGING_CLARITY,ALG_RG_READABILITY,D5,EVALUATE,mcq,A clever solution is twice as fast and nobody else can follow it. What decides?,Whether the tests cover it thoroughly,Whether it can be adequately commented,Whether that speed is actually needed,Whether the author will maintain it,C,Whether that speed is actually needed,"On a hot path, clever plus a clear comment. Everywhere else, the readable version is the better engineering.",AUTHORED,
GB3_ALG_043,ALGORITHM_DESIGN,ALG_C25_REAL_WORLD,ALG_F43_INTERVIEWS_VERSUS_WORK,ALG_FAM43_JUDGING_RELEVANCE,ALG_RG_REAL_WORLD,D5,EVALUATE,mcq,How does algorithm design show up in ordinary engineering work?,As implementing classic algorithms directly,As noticing that something will not scale,As writing recursive rather than iterative code,As choosing between sorting techniques,B,As noticing that something will not scale,You rarely write a graph algorithm. You regularly notice a nested loop over something that will grow.,AUTHORED,
GB3_ALG_044,ALGORITHM_DESIGN,ALG_C26_UNKNOWN,ALG_F44_WHEN_YOU_ARE_STUCK,ALG_FAM44_JUDGING_HOW_TO_PROCEED,ALG_RG_UNKNOWN,D5,EVALUATE,mcq,You have no idea how to solve the problem. What is the best use of the next five minutes?,Solve a restricted version and generalise,List every technique you know,Ask the interviewer for a hint,Start coding the most likely approach,A,Solve a restricted version and generalise,"Restricting until it is solvable, then relaxing, is a general method rather than a search through memory.",AUTHORED,
GB3_ALG_045,ALGORITHM_DESIGN,ALG_C04_TRADEOFF,ALG_F45_WHICH_RESOURCE_MATTERS,ALG_FAM45_JUDGING_THE_TRADE,ALG_RG_TRADEOFF,D5,EVALUATE,mcq,What decides whether to spend memory to save time?,Which of the two is actually scarce here,Which one the complexity analysis favours,Which one the language handles better,Which one is easier to measure,A,Which of the two is actually scarce here,"On a server, memory is often cheap. On an embedded device it is the binding constraint and the trade reverses.",AUTHORED,
GB3_ALG_046,ALGORITHM_DESIGN,ALG_C27_MEASURE,ALG_F46_MEASURE_DO_NOT_GUESS,ALG_FAM46_JUDGING_EVIDENCE,ALG_RG_MEASURE,D5,EVALUATE,mcq,"Before optimising real code, what must you do?",Compare it against a similar system,Measure where the time is actually spent,Review the code for obvious waste,Analyse the complexity of each function,B,Measure where the time is actually spent,"Intuition about hot spots is famously unreliable, and the profiler takes two minutes.",AUTHORED,
GB3_ALG_047,ALGORITHM_DESIGN,ALG_C28_LIBRARY,ALG_F47_DO_NOT_WRITE_IT,ALG_FAM47_JUDGING_WHAT_TO_BUILD,ALG_RG_LIBRARY,D5,EVALUATE,mcq,When should you implement a classic algorithm yourself in production?,When the library version seems too slow,When the dependency is undesirable,When you want to understand it properly,When no library gives you what you need,D,When no library gives you what you need,Library implementations are tuned and exercised. Writing your own sort is rarely a good use of a day.,AUTHORED,
GB3_ALG_048,ALGORITHM_DESIGN,ALG_C29_COMMUNICATION,ALG_F48_EXPLAIN_THE_CHOICE,ALG_FAM48_JUDGING_AN_EXPLANATION,ALG_RG_COMMUNICATION,D5,EVALUATE,mcq,What makes an algorithm choice convincing to a reviewer?,Showing that it passes all the tests,Demonstrating that it is the fastest,Naming the technique it is based on,Saying what it costs and what you rejected,D,Saying what it costs and what you rejected,The rejected options are the evidence that a choice was made rather than the first idea being kept.,AUTHORED,
GB3_ALG_049,ALGORITHM_DESIGN,ALG_C23_GOOD_ENOUGH,ALG_F49_SCALE_LATER,ALG_FAM49_JUDGING_FUTURE_GROWTH,ALG_RG_ENOUGH,D5,EVALUATE,mcq,A quadratic solution handles today’s data easily. Is it acceptable?,"No, quadratic should always be avoided","Yes, if you know how the data will grow","Yes, since it works with the current data","No, unless it is documented as temporary",B,"Yes, if you know how the data will grow",A thousand rows forever is fine. A thousand rows growing tenfold a year is an outage with a date on it.,AUTHORED,
GB3_ALG_050,ALGORITHM_DESIGN,ALG_C01_FIRST_STEP,ALG_F50_THE_HABIT,ALG_FAM50_JUDGING_THE_WHOLE,ALG_RG_FIRST_STEP,D5,EVALUATE,mcq,What separates strong problem-solvers from people who have memorised algorithms?,They work out the shape before reaching for a tool,They know a larger number of techniques,They recall the complexity of each method,They write the implementation more quickly,A,They work out the shape before reaching for a tool,The techniques are a short list anyone can learn. Matching one to an unfamiliar problem is the skill.,AUTHORED,
GB3_SYS_001,SYSTEM_DESIGN_BASICS,SYS_C01_SCALING,SYS_F01_UP_VERSUS_OUT,SYS_FAM01_KINDS_OF_SCALING,SYS_RG_SCALING,D1,REMEMBER,mcq,What is the difference between scaling up and scaling out?,"More capacity, or more reliability","A faster server, or a closer one","More memory, or more processing","A bigger machine, or more of them",D,"A bigger machine, or more of them",Vertical and horizontal. Up is simpler and has a ceiling; out has no ceiling and brings distribution.,AUTHORED,
GB3_SYS_002,SYSTEM_DESIGN_BASICS,SYS_C02_STATELESS,SYS_F02_WHAT_STATELESS_MEANS,SYS_FAM02_STATELESSNESS,SYS_RG_STATELESS,D1,REMEMBER,mcq,What makes a service stateless?,It never writes anything to a database,It runs as a single process only,It does not store any user information,It keeps nothing important between requests,D,It keeps nothing important between requests,It may read and write a database. What it must not do is remember anything in its own memory.,AUTHORED,
GB3_SYS_003,SYSTEM_DESIGN_BASICS,SYS_C03_LOAD_BALANCER,SYS_F03_WHAT_IT_DOES,SYS_FAM03_LOAD_BALANCING,SYS_RG_LB,D1,REMEMBER,mcq,What does a load balancer do?,Caches the responses for later reuse,Queues requests when the system is busy,Reduces the work each request requires,Spreads requests across several instances,D,Spreads requests across several instances,"And removes unhealthy instances from the pool, which is half of why it matters.",AUTHORED,
GB3_SYS_004,SYSTEM_DESIGN_BASICS,SYS_C04_REPLICA,SYS_F04_WHAT_A_REPLICA_IS,SYS_FAM04_REPLICATION,SYS_RG_REPLICA,D1,REMEMBER,mcq,What is a database replica for?,Running the slower queries separately,"Serving reads, and surviving a failure",Holding a backup taken each night,Storing a different part of the data,B,"Serving reads, and surviving a failure",Read capacity and redundancy from the same mechanism. It does not add write capacity.,AUTHORED,
GB3_SYS_005,SYSTEM_DESIGN_BASICS,SYS_C05_SHARD,SYS_F05_WHAT_SHARDING_IS,SYS_FAM05_SHARDING,SYS_RG_SHARD,D1,REMEMBER,mcq,What does sharding do?,Copies the data to several databases,Splits the data across several databases,Moves old data to cheaper storage,Compresses the data to save space,B,Splits the data across several databases,"Each shard holds a portion. It is the answer to write volume, where replication is the answer to reads.",AUTHORED,
GB3_SYS_006,SYSTEM_DESIGN_BASICS,SYS_C06_QUEUE,SYS_F06_WHAT_A_QUEUE_IS_FOR,SYS_FAM06_QUEUES,SYS_RG_QUEUE,D1,REMEMBER,mcq,What does putting work on a queue achieve?,The work is completed more quickly,The work cannot fail once accepted,The request returns before the work is done,The system needs fewer machines,C,The request returns before the work is done,"Decoupling. It also absorbs bursts, so a spike becomes a longer queue rather than a set of timeouts.",AUTHORED,
GB3_SYS_007,SYSTEM_DESIGN_BASICS,SYS_C07_SPOF,SYS_F07_SINGLE_POINT,SYS_FAM07_SINGLE_POINTS_OF_FAILURE,SYS_RG_SPOF,D1,REMEMBER,mcq,What is a single point of failure?,The component that fails most often,A service with only one instance running,Something whose loss takes the system down,The slowest part of the request path,C,Something whose loss takes the system down,"Defined by consequence, not by count. A load balancer with one instance is one; a stateless service is not.",AUTHORED,
GB3_SYS_008,SYSTEM_DESIGN_BASICS,SYS_C08_CONSISTENCY,SYS_F08_EVENTUAL_MEANING,SYS_FAM08_CONSISTENCY_MODELS,SYS_RG_CONSISTENCY,D1,REMEMBER,mcq,What does eventual consistency mean?,One copy is always authoritative,"All copies agree, given enough time",The data is correct but slow to read,Writes are applied in a fixed order,B,"All copies agree, given enough time","For a window, different readers see different answers. Whether that is acceptable is a product question.",AUTHORED,
GB3_SYS_009,SYSTEM_DESIGN_BASICS,SYS_C09_LATENCY,SYS_F09_LATENCY_VERSUS_THROUGHPUT,SYS_FAM09_LATENCY_AND_THROUGHPUT,SYS_RG_LATENCY,D1,REMEMBER,mcq,What is the difference between latency and throughput?,"How fast the network is, and how fast the code","The response time, and the processing time","The best case, and the average case","How long one takes, and how many per second",D,"How long one takes, and how many per second",They can move in opposite directions. Batching raises throughput and makes each individual request slower.,AUTHORED,
GB3_SYS_010,SYSTEM_DESIGN_BASICS,SYS_C10_CDN,SYS_F10_WHAT_A_CDN_DOES,SYS_FAM10_EDGE_DELIVERY,SYS_RG_CDN,D1,REMEMBER,mcq,What problem does a content delivery network solve?,The security of the transferred data,The cost of storing large files,The distance between users and the server,The load on the application code,C,The distance between users and the server,Physics. No amount of server capacity removes the time light takes to cross an ocean twice.,AUTHORED,
GB3_SYS_011,SYSTEM_DESIGN_BASICS,SYS_C02_STATELESS,SYS_F11_WHY_STATELESS_SCALES,SYS_FAM11_WHY_STATELESSNESS_HELPS,SYS_RG_STATELESS,D2,UNDERSTAND,mcq,Why is a stateless service easy to scale?,Any instance can serve any request,It starts up faster than a stateful one,It uses less memory per instance,It does not need a load balancer,A,Any instance can serve any request,"No affinity, no migration, no coordination. Adding a machine is the whole procedure.",AUTHORED,
GB3_SYS_012,SYSTEM_DESIGN_BASICS,SYS_C11_NETWORK,SYS_F12_NETWORK_IS_UNRELIABLE,SYS_FAM12_WHY_THE_NETWORK_MATTERS,SYS_RG_NETWORK,D2,UNDERSTAND,mcq,What changes when a function call becomes a network call?,It needs authentication added to it,It must be written asynchronously,It becomes slower but still reliable,"It can be slow, fail, or half-succeed",D,"It can be slow, fail, or half-succeed",Half-succeed is the one that hurts. A lost response is indistinguishable from a failed request.,AUTHORED,
GB3_SYS_013,SYSTEM_DESIGN_BASICS,SYS_C04_REPLICA,SYS_F13_WHY_REPLICAS_LAG,SYS_FAM13_WHY_READ_REPLICAS_ARE_STALE,SYS_RG_REPLICA,D2,UNDERSTAND,mcq,Why might a user not see their own change immediately?,The write had not been committed yet,The request reached a different server,The read went to a replica behind the primary,The cache was serving an old copy,C,The read went to a replica behind the primary,Replication lag. Reading your own writes from the primary is the usual fix for that specific case.,AUTHORED,
GB3_SYS_014,SYSTEM_DESIGN_BASICS,SYS_C05_SHARD,SYS_F14_WHY_SHARDING_HURTS,SYS_FAM14_WHY_SPLITTING_DATA_COSTS,SYS_RG_SHARD,D2,UNDERSTAND,mcq,What becomes hard once data is sharded?,Queries and transactions that span shards,Reading a single record by its key,Adding new records to the database,Backing up the data consistently,A,Queries and transactions that span shards,"A join across shards is an application-level join, and a transaction across them is a distributed one.",AUTHORED,
GB3_SYS_015,SYSTEM_DESIGN_BASICS,SYS_C08_CONSISTENCY,SYS_F15_WHY_YOU_MUST_CHOOSE,SYS_FAM15_WHY_CONSISTENCY_IS_A_TRADE,SYS_RG_CONSISTENCY,D2,UNDERSTAND,mcq,"When the network splits, what must a distributed store give up?","Either durability, or read performance","Either answering, or answering consistently","Either availability, or its backups","Either replication, or partitioning",B,"Either answering, or answering consistently",Refuse the request or risk serving stale data. There is no third option during a partition.,AUTHORED,
GB3_SYS_016,SYSTEM_DESIGN_BASICS,SYS_C06_QUEUE,SYS_F16_WHY_QUEUES_ABSORB,SYS_FAM16_WHY_BUFFERING_HELPS,SYS_RG_QUEUE,D2,UNDERSTAND,mcq,Why does a queue help during a traffic spike?,The work is processed more efficiently,The system automatically adds capacity,The backlog grows instead of requests failing,The slow requests are dropped early,C,The backlog grows instead of requests failing,"It converts a failure into a delay, which is usually a much better outcome for the user.",AUTHORED,
GB3_SYS_017,SYSTEM_DESIGN_BASICS,SYS_C12_BOTTLENECK,SYS_F17_WHY_ONE_LIMIT_DECIDES,SYS_FAM17_WHY_BOTTLENECKS_DOMINATE,SYS_RG_BOTTLENECK,D2,UNDERSTAND,mcq,Why does adding application servers sometimes not help?,The database is the part that is saturated,The load balancer cannot route fast enough,The network bandwidth has been reached,The servers are not being used evenly,A,The database is the part that is saturated,Capacity is set by the narrowest point. Widening anything else changes nothing at all.,AUTHORED,
GB3_SYS_018,SYSTEM_DESIGN_BASICS,SYS_C13_CASCADE,SYS_F18_WHY_FAILURES_SPREAD,SYS_FAM18_WHY_ONE_FAILURE_BECOMES_MANY,SYS_RG_CASCADE,D2,UNDERSTAND,mcq,Why can one slow service take down several others?,They retry it until the network fails,They share the same physical machines,Their threads sit waiting and run out,They cannot handle its error responses,C,Their threads sit waiting and run out,Slow is more dangerous than down. Timeouts and circuit breakers exist precisely to stop this spreading.,AUTHORED,
GB3_SYS_019,SYSTEM_DESIGN_BASICS,SYS_C14_SIMPLICITY,SYS_F19_WHY_COMPLEXITY_COSTS,SYS_FAM19_WHY_SIMPLE_IS_BETTER,SYS_RG_SIMPLICITY,D2,UNDERSTAND,mcq,Why is a distributed design worse than a single server for a small product?,Distributed systems are always slower,It costs more to run the extra machines,Every boundary adds failure and operations,It requires a larger engineering team,C,Every boundary adds failure and operations,"You have bought partial failure, deployment ordering and debugging across processes, for no benefit yet.",AUTHORED,
GB3_SYS_020,SYSTEM_DESIGN_BASICS,SYS_C15_ESTIMATION,SYS_F20_WHY_DO_THE_ARITHMETIC,SYS_FAM20_WHY_NUMBERS_MATTER,SYS_RG_ESTIMATION,D2,UNDERSTAND,mcq,Why estimate the numbers before designing?,It shows how many servers to request,The scale decides which design is needed,The estimate will be checked by reviewers,It proves the design will be fast enough,B,The scale decides which design is needed,A thousand writes a day and a million a second are different problems. Most designs need far less than assumed.,AUTHORED,
GB3_SYS_021,SYSTEM_DESIGN_BASICS,SYS_C02_STATELESS,SYS_F21_MOVE_THE_SESSION,SYS_FAM21_MAKING_A_SERVICE_STATELESS,SYS_RG_STATELESS,D3,APPLY,mcq,Sessions are held in each server’s memory and you need more servers. What do you change?,Copy the sessions between servers,Pin each user to one server,Shorten the session lifetime,Move the sessions to a shared store,D,Move the sessions to a shared store,"Pinning works until that server restarts, and it makes deployments user-visible. Externalise the state.",AUTHORED,
GB3_SYS_022,SYSTEM_DESIGN_BASICS,SYS_C15_ESTIMATION,SYS_F22_WORK_IT_OUT,SYS_FAM22_ESTIMATING,SYS_RG_ESTIMATION,D3,APPLY,mcq,A million users each write ten records a day. Roughly what write rate is that?,Around ten thousand per second,Around a million per second at peak,Around ten per second on average,Around a hundred per second on average,D,Around a hundred per second on average,"Ten million a day over 86,400 seconds. A single database handles that, which changes the whole design.",AUTHORED,
GB3_SYS_023,SYSTEM_DESIGN_BASICS,SYS_C16_READ_HEAVY,SYS_F23_SCALE_READS,SYS_FAM23_SCALING_READS,SYS_RG_READ_HEAVY,D3,APPLY,mcq,A service is 95% reads and the database is saturated. What do you try first?,"Caching, then read replicas",A larger database instance,Rewriting the slowest queries,Sharding the data by user,A,"Caching, then read replicas",Read-heavy is the easiest shape to scale. Sharding is the answer to writes and is far more disruptive.,AUTHORED,
GB3_SYS_024,SYSTEM_DESIGN_BASICS,SYS_C06_QUEUE,SYS_F24_WHAT_TO_MAKE_ASYNC,SYS_FAM24_CHOOSING_WHAT_TO_QUEUE,SYS_RG_QUEUE,D3,APPLY,mcq,Which part of placing an order should go on a queue?,Sending the confirmation email,Recording that the order exists,Taking the customer’s payment,Checking the item is in stock,A,Sending the confirmation email,"The user does not need to wait for the email, and they must not be told ""ordered"" before it is recorded.",AUTHORED,
GB3_SYS_025,SYSTEM_DESIGN_BASICS,SYS_C07_SPOF,SYS_F25_REMOVE_THE_SINGLE_POINT,SYS_FAM25_ADDING_REDUNDANCY,SYS_RG_SPOF,D3,APPLY,mcq,Your design has one database server. What is the first step to remove that risk?,A larger machine that fails less often,A standby that can take over on failure,A cache in front so reads survive,A nightly backup to another location,B,A standby that can take over on failure,Backups protect the data and not the availability. A standby with automatic failover protects both.,AUTHORED,
GB3_SYS_026,SYSTEM_DESIGN_BASICS,SYS_C17_TIMEOUT,SYS_F26_SET_TIMEOUTS,SYS_FAM26_BOUNDING_CALLS,SYS_RG_TIMEOUT,D3,APPLY,mcq,What must every call between services have?,An authentication token attached,A log line recording the response,"A timeout, and a plan for exceeding it",A retry with an exponential delay,C,"A timeout, and a plan for exceeding it",The plan matters as much as the timeout. Timing out and then failing the whole request may be wrong.,AUTHORED,
GB3_SYS_027,SYSTEM_DESIGN_BASICS,SYS_C05_SHARD,SYS_F27_CHOOSE_A_SHARD_KEY,SYS_FAM27_CHOOSING_A_SHARD_KEY,SYS_RG_SHARD,D3,APPLY,mcq,What makes a good shard key?,It has the largest number of distinct values,It spreads load and keeps related data together,It is the column most often filtered on,It is the primary key of the largest table,B,It spreads load and keeps related data together,Both halves matter. An even spread that splits every customer across shards makes every query a fan-out.,AUTHORED,
GB3_SYS_028,SYSTEM_DESIGN_BASICS,SYS_C18_IDEMPOTENT,SYS_F28_SAFE_RETRIES,SYS_FAM28_DESIGNING_FOR_RETRIES,SYS_RG_IDEMPOTENT,D3,APPLY,mcq,Messages from a queue may be delivered twice. What must the consumer be?,Fast enough to finish before redelivery,Safe to run more than once per message,Configured to acknowledge immediately,Able to detect the duplicate messages,B,Safe to run more than once per message,"At-least-once delivery is the normal guarantee, so idempotent handling is a requirement rather than a nicety.",AUTHORED,
GB3_SYS_029,SYSTEM_DESIGN_BASICS,SYS_C19_DEGRADE,SYS_F29_PARTIAL_SERVICE,SYS_FAM29_DESIGNING_DEGRADATION,SYS_RG_DEGRADE,D3,APPLY,mcq,The recommendations service is down. What should the product page do?,Show an error for the whole page,Serve the page from the cache,Retry until it becomes available,Render without that section,D,Render without that section,Deciding in advance which parts are optional is what makes graceful degradation possible at all.,AUTHORED,
GB3_SYS_030,SYSTEM_DESIGN_BASICS,SYS_C20_SPLIT,SYS_F30_WHEN_TO_SPLIT,SYS_FAM30_DECIDING_TO_SPLIT,SYS_RG_SPLIT,D3,APPLY,mcq,When should part of a system become its own service?,When a different team will own it,When it uses a different technology,When it grows beyond a certain size,When it needs to scale or change separately,D,When it needs to scale or change separately,"A different scaling or release cadence is a real reason. Size alone is a reason to split the code, not the process.",AUTHORED,
GB3_SYS_031,SYSTEM_DESIGN_BASICS,SYS_C12_BOTTLENECK,SYS_F31_SCALING_DID_NOT_HELP,SYS_FAM31_DIAGNOSE_A_BOTTLENECK,SYS_RG_BOTTLENECK,D4,ANALYZE,mcq,Doubling the application servers made no difference to throughput. What does that tell you?,The new servers are not receiving traffic,The load balancer is misconfigured,The requests are slower than measured,The limit is somewhere else entirely,D,The limit is somewhere else entirely,"Usually the database, sometimes a shared lock or an external dependency. Find the narrow point first.",AUTHORED,
GB3_SYS_032,SYSTEM_DESIGN_BASICS,SYS_C04_REPLICA,SYS_F32_READ_AFTER_WRITE,SYS_FAM32_DIAGNOSE_A_STALE_READ,SYS_RG_REPLICA,D4,ANALYZE,mcq,A user saves a profile and the next page shows the old values. What is the likely cause?,The browser cached the earlier page,The form submitted the wrong values,The save did not actually complete,The read was served by a lagging replica,D,The read was served by a lagging replica,Intermittent and only just after a write is the signature. Route reads-after-writes to the primary.,AUTHORED,
GB3_SYS_033,SYSTEM_DESIGN_BASICS,SYS_C13_CASCADE,SYS_F33_WHOLE_SYSTEM_DOWN,SYS_FAM33_DIAGNOSE_A_CASCADE,SYS_RG_CASCADE,D4,ANALYZE,mcq,One non-critical service failed and the whole product became unavailable. What was wrong?,The service was more critical than thought,The failure was not detected in time,Callers waited on it instead of continuing,The service had no redundancy at all,C,Callers waited on it instead of continuing,"Non-critical in the diagram and critical in the code, because nothing was built to proceed without it.",AUTHORED,
GB3_SYS_034,SYSTEM_DESIGN_BASICS,SYS_C05_SHARD,SYS_F34_HOT_SHARD,SYS_FAM34_DIAGNOSE_UNEVEN_LOAD,SYS_RG_SHARD,D4,ANALYZE,mcq,One shard is at capacity and the others are idle. What went wrong?,The shards are of different sizes,The other shards have failed quietly,The shard key concentrates the traffic,The routing layer is misconfigured,C,The shard key concentrates the traffic,"Sharding by country when most customers are in one country. The key must spread the load, not just the rows.",AUTHORED,
GB3_SYS_035,SYSTEM_DESIGN_BASICS,SYS_C18_IDEMPOTENT,SYS_F35_DUPLICATE_PROCESSING,SYS_FAM35_DIAGNOSE_DUPLICATES,SYS_RG_IDEMPOTENT,D4,ANALYZE,mcq,Some customers were charged twice by a queue consumer. What was missing?,Handling that is safe on redelivery,A limit on the consumer concurrency,A check that the queue was healthy,A faster acknowledgement of messages,A,Handling that is safe on redelivery,"The queue did what it promised. The consumer assumed exactly-once delivery, which it never had.",AUTHORED,
GB3_SYS_036,SYSTEM_DESIGN_BASICS,SYS_C14_SIMPLICITY,SYS_F36_TOO_MANY_SERVICES,SYS_FAM36_DIAGNOSE_OVER_SPLITTING,SYS_RG_SIMPLICITY,D4,ANALYZE,mcq,A small team runs twelve services and every feature touches five. What happened?,The services were not documented properly,The team grew more slowly than planned,The boundaries were drawn before they were known,The services should share more libraries,C,The boundaries were drawn before they were known,A wrong boundary inside one codebase is a refactor. Across a network it is a coordinated multi-repo change.,AUTHORED,
GB3_SYS_037,SYSTEM_DESIGN_BASICS,SYS_C21_THUNDERING_HERD,SYS_F37_EVERYONE_AT_ONCE,SYS_FAM37_DIAGNOSE_A_HERD,SYS_RG_HERD,D4,ANALYZE,mcq,The database collapses each time the cache is cleared. Why?,The database restarts when the cache does,The cache clearing locks the database,Every request misses and queries at once,The cache rebuild is a heavy operation,C,Every request misses and queries at once,"The database was sized for a high hit rate. An empty cache presents it with the full, unabsorbed load.",AUTHORED,
GB3_SYS_038,SYSTEM_DESIGN_BASICS,SYS_C22_CLOCK,SYS_F38_ORDERING_ACROSS_MACHINES,SYS_FAM38_DIAGNOSE_ORDERING,SYS_RG_CLOCK,D4,ANALYZE,mcq,Two events on different servers are recorded in the wrong order. Why is this hard to fix?,The database stores times imprecisely,The events were written too quickly,The servers are in different regions,There is no single clock they both share,D,There is no single clock they both share,"Ordering across machines needs a logical scheme, not a timestamp. Clocks drift and cannot be trusted for this.",AUTHORED,
GB3_SYS_039,SYSTEM_DESIGN_BASICS,SYS_C23_CAPACITY,SYS_F39_NO_HEADROOM,SYS_FAM39_DIAGNOSE_CAPACITY,SYS_RG_CAPACITY,D4,ANALYZE,mcq,A system sized exactly for its peak load fell over during a normal day. Why?,The traffic pattern changed over time,The peak load had been underestimated,The measurements were taken incorrectly,There was no room for a failure or a spike,D,There was no room for a failure or a spike,Lose one instance of four and the other three must carry 133% of their share. Headroom is not waste.,AUTHORED,
GB3_SYS_040,SYSTEM_DESIGN_BASICS,SYS_C24_SYNC_CHAIN,SYS_F40_AVAILABILITY_MULTIPLIES,SYS_FAM40_DIAGNOSE_COMPOUND_FAILURE,SYS_RG_SYNC_CHAIN,D4,ANALYZE,mcq,A request depends on five services each 99.9% available. What is its availability?,"Roughly 99.5%, since the odds multiply",Unknowable without their failure patterns,"Still 99.9%, as they are independent","Roughly 99.98%, since they back each other",A,"Roughly 99.5%, since the odds multiply",Dependencies in series multiply their failure probabilities. Five nines of dependencies is not five nines.,AUTHORED,
GB3_SYS_041,SYSTEM_DESIGN_BASICS,SYS_C14_SIMPLICITY,SYS_F41_START_SIMPLE,SYS_FAM41_JUDGING_THE_STARTING_POINT,SYS_RG_SIMPLICITY,D5,EVALUATE,mcq,A new product expects ten thousand users. What should it be built as?,Several services from the beginning,A design that can shard when needed,Whatever the team knows best,One application and one database,D,One application and one database,Ten thousand users is nothing. Distributing early buys complexity now against a scale that may never come.,AUTHORED,
GB3_SYS_042,SYSTEM_DESIGN_BASICS,SYS_C08_CONSISTENCY,SYS_F42_WHERE_STALE_IS_FINE,SYS_FAM42_JUDGING_CONSISTENCY_NEEDS,SYS_RG_CONSISTENCY,D5,EVALUATE,mcq,Which data can safely be eventually consistent?,The stock level at the point of sale,The balance shown before a transfer,A follower count on a profile page,The permissions on a shared document,C,A follower count on a profile page,"Consistency requirements are per-field, not per-system. Most data tolerates a few seconds; some does not.",AUTHORED,
GB3_SYS_043,SYSTEM_DESIGN_BASICS,SYS_C25_TRADEOFF,SYS_F43_NAME_WHAT_YOU_GAVE_UP,SYS_FAM43_JUDGING_A_DESIGN,SYS_RG_TRADEOFF,D5,EVALUATE,mcq,What makes a system design answer convincing?,Using the well-known standard patterns,Naming the trade-off each choice makes,Handling the largest plausible scale,Covering every component in the system,B,Naming the trade-off each choice makes,Every choice costs something. An answer with no cost named has not been thought about properly.,AUTHORED,
GB3_SYS_044,SYSTEM_DESIGN_BASICS,SYS_C26_FAILURE,SYS_F44_ASSUME_IT_BREAKS,SYS_FAM44_JUDGING_RESILIENCE,SYS_RG_FAILURE,D5,EVALUATE,mcq,What question should be asked of every component in a design?,What happens to everything else when it fails,How many requests per second it handles,Which team is responsible for running it,How it will be deployed and updated,A,What happens to everything else when it fails,At scale something is always failing. A design that assumes everything is up describes a system you will not have.,AUTHORED,
GB3_SYS_045,SYSTEM_DESIGN_BASICS,SYS_C27_COST,SYS_F45_MONEY_IS_A_CONSTRAINT,SYS_FAM45_JUDGING_COST,SYS_RG_COST,D5,EVALUATE,mcq,Why does cost belong in a system design discussion?,Cheaper systems are simpler to operate,A design nobody can afford is not a design,Cost correlates with the complexity,Budgets are set before the design starts,B,A design nobody can afford is not a design,Multi-region active-active is technically superior and sometimes twenty times the bill for a marginal gain.,AUTHORED,
GB3_SYS_046,SYSTEM_DESIGN_BASICS,SYS_C20_SPLIT,SYS_F46_MONOLITH_IS_NOT_A_FAILURE,SYS_FAM46_JUDGING_ARCHITECTURE_STYLE,SYS_RG_SPLIT,D5,EVALUATE,mcq,Is a single deployable application an outdated design?,No — it is correct for most systems,"Yes, services are the modern approach","Yes, unless the team is very small","No, but only for internal tools",A,No — it is correct for most systems,"A well-organised single application avoids every distributed problem in this file, and most products never outgrow it.",AUTHORED,
GB3_SYS_047,SYSTEM_DESIGN_BASICS,SYS_C28_EVOLUTION,SYS_F47_DESIGN_FOR_CHANGE,SYS_FAM47_JUDGING_FUTURE_PROOFING,SYS_RG_EVOLUTION,D5,EVALUATE,mcq,How do you design for a scale you may never reach?,Choose technologies that scale automatically,Document the plan for when scale arrives,"Keep the boundaries clean, not the machinery ready",Build the distributed version from the start,C,"Keep the boundaries clean, not the machinery ready",Clean seams make the future split cheap. Building the split now pays for it whether or not it is needed.,AUTHORED,
GB3_SYS_048,SYSTEM_DESIGN_BASICS,SYS_C15_ESTIMATION,SYS_F48_CHECK_THE_ASSUMPTION,SYS_FAM48_JUDGING_ESTIMATES,SYS_RG_ESTIMATION,D5,EVALUATE,mcq,A design is built for a million requests per second. What should you ask?,How long it took to design,Which technologies it uses,Whether the budget allows it,Where that number came from,D,Where that number came from,Very often it came from nowhere. An unexamined number can justify years of unnecessary complexity.,AUTHORED,
GB3_SYS_049,SYSTEM_DESIGN_BASICS,SYS_C29_OPERATIONS,SYS_F49_WHO_RUNS_IT,SYS_FAM49_JUDGING_OPERABILITY,SYS_RG_OPERATIONS,D5,EVALUATE,mcq,What is often left out of a system design?,How the data will be modelled,How the load will be distributed,How it will be operated and debugged,How the services will communicate,C,How it will be operated and debugged,"Deployment, monitoring, on-call, recovery. A design that cannot be run is not finished, only drawn.",AUTHORED,
GB3_SYS_050,SYSTEM_DESIGN_BASICS,SYS_C25_TRADEOFF,SYS_F50_THE_CORE_QUESTION,SYS_FAM50_JUDGING_THE_WHOLE,SYS_RG_TRADEOFF,D5,EVALUATE,mcq,What is the question underneath most system design decisions?,How the components ought to be separated out,Which technology best fits this problem,How many machines will be needed here,"Where does the state live, and what if it is lost",D,"Where does the state live, and what if it is lost","Stateless parts are easy. Every hard problem in this file — replication, sharding, consistency — is about state.",AUTHORED,
GB3_NSQ_001,NOSQL_CONCEPTS,NSQ_C01_FAMILIES,NSQ_F01_WHAT_NOSQL_MEANS,NSQ_FAM01_THE_TERM,NSQ_RG_FAMILIES,D1,REMEMBER,mcq,What does NoSQL describe?,Databases that do not enforce a schema,Databases that cannot be queried with SQL,Several kinds of store that are not relational,A single alternative to relational databases,C,Several kinds of store that are not relational,A category rather than a technology. A document store and a graph store have almost nothing in common.,AUTHORED,
GB3_NSQ_002,NOSQL_CONCEPTS,NSQ_C02_DOCUMENT,NSQ_F02_WHAT_A_DOCUMENT_STORE_IS,NSQ_FAM02_DOCUMENT_STORES,NSQ_RG_DOCUMENT,D1,REMEMBER,mcq,What does a document store hold?,Rows and columns without a fixed schema,Self-contained records with nested structure,Files uploaded by the application users,Text indexed for searching by keyword,B,Self-contained records with nested structure,The nesting is the point. An order with its lines inside it is one read rather than a join.,AUTHORED,
GB3_NSQ_003,NOSQL_CONCEPTS,NSQ_C03_KEY_VALUE,NSQ_F03_WHAT_KEY_VALUE_IS,NSQ_FAM03_KEY_VALUE_STORES,NSQ_RG_KEY_VALUE,D1,REMEMBER,mcq,What can a key-value store do?,Search the values by their contents,Join two collections on a shared field,Filter records by any of their fields,Fetch a value when given its exact key,D,Fetch a value when given its exact key,"One operation, extremely fast. Everything it cannot do is why it is not a general-purpose database.",AUTHORED,
GB3_NSQ_004,NOSQL_CONCEPTS,NSQ_C04_GRAPH,NSQ_F04_WHAT_GRAPH_STORES_ARE_FOR,NSQ_FAM04_GRAPH_STORES,NSQ_RG_GRAPH,D1,REMEMBER,mcq,What is a graph database good at?,Following relationships many steps deep,Storing very large volumes of records,Aggregating numbers across a dataset,Serving reads with very low latency,A,Following relationships many steps deep,"""Friends of friends of friends"" is one traversal here and three increasingly painful joins in SQL.",AUTHORED,
GB3_NSQ_005,NOSQL_CONCEPTS,NSQ_C05_COLUMN,NSQ_F05_WIDE_COLUMN,NSQ_FAM05_COLUMN_STORES,NSQ_RG_COLUMN,D1,REMEMBER,mcq,What is a wide-column store designed for?,Very large volumes written at high rates,Records with deeply nested structures,Data that changes shape frequently,Queries that join several collections,A,Very large volumes written at high rates,"Time series, event logs, sensor data. Enormous write throughput, with the query flexibility given away.",AUTHORED,
GB3_NSQ_006,NOSQL_CONCEPTS,NSQ_C06_SCHEMA,NSQ_F06_SCHEMALESS_MEANING,NSQ_FAM06_SCHEMA,NSQ_RG_SCHEMA,D1,REMEMBER,mcq,"What does ""schemaless"" actually mean?",The structure can never be changed,The application holds the schema instead,The records have no structure at all,The database infers the schema itself,B,The application holds the schema instead,Somebody still assumes a shape. The question is only whether anything checks it before the data is written.,AUTHORED,
GB3_NSQ_007,NOSQL_CONCEPTS,NSQ_C07_DENORMAL,NSQ_F07_DUPLICATION_IS_NORMAL,NSQ_FAM07_DENORMALISATION,NSQ_RG_DENORMAL,D1,REMEMBER,mcq,Why is duplicated data often deliberate in a document store?,It makes the records easier to read,It reduces the total storage needed,It lets one read answer the whole query,It keeps the collections independent,C,It lets one read answer the whole query,Storage is cheap and joins are expensive or unavailable. The cost is keeping the copies in step.,AUTHORED,
GB3_NSQ_008,NOSQL_CONCEPTS,NSQ_C08_QUERY_FIRST,NSQ_F08_MODEL_THE_QUERIES,NSQ_FAM08_MODELLING_APPROACH,NSQ_RG_QUERY_FIRST,D1,REMEMBER,mcq,What should you know before designing a NoSQL data model?,The relationships between the records,The queries the application will make,The volume of data to be stored,The entities the business deals with,B,The queries the application will make,"The reversal from relational thinking. You shape the data around the access pattern, not the domain.",AUTHORED,
GB3_NSQ_009,NOSQL_CONCEPTS,NSQ_C09_TRANSACTIONS,NSQ_F09_LIMITED_TRANSACTIONS,NSQ_FAM09_TRANSACTIONS,NSQ_RG_TRANSACTIONS,D1,REMEMBER,mcq,What is often weaker in a NoSQL store than a relational one?,The speed of writing a single record,The number of records it can hold,The ability to store nested data,Transactions spanning several records,D,Transactions spanning several records,"Many guarantee atomicity within one document and nothing across two, which shapes the whole model.",AUTHORED,
GB3_NSQ_010,NOSQL_CONCEPTS,NSQ_C10_DEFAULT,NSQ_F10_RELATIONAL_IS_A_GOOD_DEFAULT,NSQ_FAM10_THE_DEFAULT_CHOICE,NSQ_RG_DEFAULT,D1,REMEMBER,mcq,What should the default data store usually be?,A document database,A relational database,Whatever the team knows,Whichever scales furthest,B,A relational database,"Flexible queries, real transactions, decades of tooling. Moving away from it should be a decision with evidence.",AUTHORED,
GB3_NSQ_011,NOSQL_CONCEPTS,NSQ_C08_QUERY_FIRST,NSQ_F11_WHY_QUERIES_LEAD,NSQ_FAM11_WHY_ACCESS_PATTERNS_DECIDE,NSQ_RG_QUERY_FIRST,D2,UNDERSTAND,mcq,Why does NoSQL modelling start from the queries?,The store cannot index arbitrary fields,A wrong shape cannot be rescued by a join,The queries are simpler to write down,The entities change more often than queries,B,A wrong shape cannot be rescued by a join,In SQL a new question is a new query. Here it may be a new collection and a migration of everything.,AUTHORED,
GB3_NSQ_012,NOSQL_CONCEPTS,NSQ_C06_SCHEMA,NSQ_F12_WHY_FLEXIBILITY_COSTS,NSQ_FAM12_WHY_NO_SCHEMA_HURTS,NSQ_RG_SCHEMA,D2,UNDERSTAND,mcq,What is the hidden cost of a database that accepts any shape?,The records take up more storage space,The database cannot index the fields,The queries run more slowly over time,Every reader must handle every past shape,D,Every reader must handle every past shape,Three years of format changes all still present. The migration you skipped is paid in every read path.,AUTHORED,
GB3_NSQ_013,NOSQL_CONCEPTS,NSQ_C07_DENORMAL,NSQ_F13_WHY_COPIES_DRIFT,NSQ_FAM13_WHY_DUPLICATION_COSTS,NSQ_RG_DENORMAL,D2,UNDERSTAND,mcq,What is the price of embedding a copy of a user’s name in every order?,The orders cannot be queried by name,Renaming means updating every copy,The user record becomes redundant,The orders take longer to write,B,Renaming means updating every copy,Sometimes correct — the name on a past order arguably should not change. That has to be a decision.,AUTHORED,
GB3_NSQ_014,NOSQL_CONCEPTS,NSQ_C03_KEY_VALUE,NSQ_F14_WHY_SO_FAST,NSQ_FAM14_WHY_SIMPLICITY_IS_FAST,NSQ_RG_KEY_VALUE,D2,UNDERSTAND,mcq,Why is a key-value store so fast?,It keeps all of the data in memory,It uses a more efficient storage format,It only supports the one cheap operation,It does not need to check the data,C,It only supports the one cheap operation,Speed bought by refusing to do anything else. Each capability a database adds costs some of it.,AUTHORED,
GB3_NSQ_015,NOSQL_CONCEPTS,NSQ_C09_TRANSACTIONS,NSQ_F15_WHY_IT_MATTERS,NSQ_FAM15_WHY_TRANSACTIONS_MATTER,NSQ_RG_TRANSACTIONS,D2,UNDERSTAND,mcq,Why does the lack of multi-record transactions shape the data model?,Things that change together must live together,Each write must be retried until it succeeds,Records must be written in a fixed order,The application must lock records itself,A,Things that change together must live together,"It is the strongest argument for embedding. If two things must change atomically, they need to be one document.",AUTHORED,
GB3_NSQ_016,NOSQL_CONCEPTS,NSQ_C11_SCALE,NSQ_F16_WHY_EASIER_TO_SHARD,NSQ_FAM16_WHY_HORIZONTAL_SCALING,NSQ_RG_SCALE,D2,UNDERSTAND,mcq,Why do many NoSQL stores shard more easily than relational ones?,They gave up the joins that span machines,They were designed more recently,They store less data in each record,They do not need to be consistent,A,They gave up the joins that span machines,The ease is the consequence of the restriction. Nothing about being newer makes distribution easy.,AUTHORED,
GB3_NSQ_017,NOSQL_CONCEPTS,NSQ_C12_CONSISTENCY,NSQ_F17_WHY_EVENTUAL_IS_COMMON,NSQ_FAM17_WHY_CONSISTENCY_IS_RELAXED,NSQ_RG_CONSISTENCY,D2,UNDERSTAND,mcq,Why do distributed NoSQL stores often offer eventual consistency?,Strong consistency is impossible to implement,Waiting for every copy would cost availability,It reduces the storage each copy needs,Applications rarely need accurate data,B,Waiting for every copy would cost availability,Acknowledging a write only when every replica has it makes any replica’s failure your outage.,AUTHORED,
GB3_NSQ_018,NOSQL_CONCEPTS,NSQ_C13_JOIN,NSQ_F18_WHY_APPLICATION_JOINS_HURT,NSQ_FAM18_WHY_JOINING_YOURSELF_IS_WORSE,NSQ_RG_JOIN,D2,UNDERSTAND,mcq,Why is joining in application code worse than in the database?,It is slower and you wrote the optimiser,It uses more memory in the application,It requires more lines of code to write,It cannot handle very large result sets,A,It is slower and you wrote the optimiser,"Data crosses the network to be discarded, and decades of query optimisation are replaced by your loop.",AUTHORED,
GB3_NSQ_019,NOSQL_CONCEPTS,NSQ_C14_POLYGLOT,NSQ_F19_WHY_USE_SEVERAL,NSQ_FAM19_WHY_MORE_THAN_ONE_STORE,NSQ_RG_POLYGLOT,D2,UNDERSTAND,mcq,Why might a system use both a relational and a search store?,Each answers a question the other cannot,It spreads the load across two systems,It reduces the cost of each of them,It provides a backup if one fails,A,Each answers a question the other cannot,"The price is keeping them in step, which is a real, permanent engineering cost rather than a configuration.",AUTHORED,
GB3_NSQ_020,NOSQL_CONCEPTS,NSQ_C10_DEFAULT,NSQ_F20_WHY_RELATIONAL_IS_UNDERRATED,NSQ_FAM20_WHY_SQL_STILL_WINS,NSQ_RG_DEFAULT,D2,UNDERSTAND,mcq,What does a relational database give you that is easy to undervalue?,The ability to store nested structures,The capacity to hold very large datasets,The ability to ask a question you had not planned,The speed of reading a single record,C,The ability to ask a question you had not planned,Every product gets asked an unforeseen question. SQL answers it; a model shaped for known queries may not.,AUTHORED,
GB3_NSQ_021,NOSQL_CONCEPTS,NSQ_C15_EMBED_OR_REFERENCE,NSQ_F21_WHEN_TO_EMBED,NSQ_FAM21_EMBEDDING_DECISIONS,NSQ_RG_EMBED,D3,APPLY,mcq,When should a child record be embedded rather than referenced?,When there are only a few of them,When it changes less often than the parent,When it has no identity of its own,When it is always read with its parent,D,When it is always read with its parent,"Read together, stored together. Order lines qualify; a product catalogue referenced by every order does not.",AUTHORED,
GB3_NSQ_022,NOSQL_CONCEPTS,NSQ_C16_CHOICE,NSQ_F22_PICK_A_STORE,NSQ_FAM22_CHOOSING_A_STORE,NSQ_RG_CHOICE,D3,APPLY,mcq,You need to cache computed values by an exact key. What fits?,A relational database,A graph database,A document database,A key-value store,D,A key-value store,"One access pattern, extreme speed needed, no queries. That is precisely what key-value is for.",AUTHORED,
GB3_NSQ_023,NOSQL_CONCEPTS,NSQ_C16_CHOICE,NSQ_F23_PICK_FOR_RELATIONSHIPS,NSQ_FAM23_CHOOSING_FOR_TRAVERSAL,NSQ_RG_CHOICE_GRAPH,D3,APPLY,mcq,You must find how two people are connected through any number of intermediaries. What suits?,A key-value store,A document database,A wide-column store,A graph database,D,A graph database,Unbounded traversal depth is the one thing SQL genuinely struggles with and graph stores exist for.,AUTHORED,
GB3_NSQ_024,NOSQL_CONCEPTS,NSQ_C06_SCHEMA,NSQ_F24_VALIDATE_SOMEWHERE,NSQ_FAM24_ENFORCING_A_SHAPE,NSQ_RG_SCHEMA,D3,APPLY,mcq,Your document store enforces nothing. What should the application do?,Validate the shape when reading,Accept whatever shape is provided,Record the version in each document,Validate the shape before writing,D,Validate the shape before writing,Validating on write keeps the bad data out. Validating on read means it is already in there.,AUTHORED,
GB3_NSQ_025,NOSQL_CONCEPTS,NSQ_C17_MIGRATION,NSQ_F25_HANDLE_OLD_SHAPES,NSQ_FAM25_EVOLVING_A_MODEL,NSQ_RG_MIGRATION,D3,APPLY,mcq,You change a document’s structure. What must you decide?,Whether to version the whole collection,Whether to migrate the old ones or read both,Which index to rebuild afterwards,How to lock the collection while changing,B,Whether to migrate the old ones or read both,Skipping the decision is how a collection ends up with four shapes and a reader that handles three.,AUTHORED,
GB3_NSQ_026,NOSQL_CONCEPTS,NSQ_C18_KEY_DESIGN,NSQ_F26_DESIGN_THE_KEY,NSQ_FAM26_KEY_DESIGN,NSQ_RG_KEY_DESIGN,D3,APPLY,mcq,"In a store that only fetches by key, how do you support a second access pattern?",Scan the store filtering on the field,Write a second record under a different key,Add an index on the field you need,Fetch everything and filter in code,B,Write a second record under a different key,Duplicate the data under the key you need. Writing twice is the cost of reading fast both ways.,AUTHORED,
GB3_NSQ_027,NOSQL_CONCEPTS,NSQ_C09_TRANSACTIONS,NSQ_F27_KEEP_ATOMIC_TOGETHER,NSQ_FAM27_DESIGNING_FOR_ATOMICITY,NSQ_RG_TRANSACTIONS,D3,APPLY,mcq,Two values must always change together and the store has no cross-document transactions. What do you do?,Write them in a fixed order,Retry the second write on failure,Check them with a background job,Keep them in the same document,D,Keep them in the same document,"The document becomes the transaction boundary, so atomicity requirements decide the document boundaries.",AUTHORED,
GB3_NSQ_028,NOSQL_CONCEPTS,NSQ_C19_UNBOUNDED,NSQ_F28_DO_NOT_GROW_FOREVER,NSQ_FAM28_BOUNDING_DOCUMENTS,NSQ_RG_UNBOUNDED,D3,APPLY,mcq,Should a user document embed every comment they have ever written?,"Yes, provided the comments are short","Yes, it keeps the comments easy to find",No — an unbounded array will outgrow the limit,"No, because comments belong to posts",C,No — an unbounded array will outgrow the limit,Embed bounded collections. Anything that grows without limit needs its own collection and a reference.,AUTHORED,
GB3_NSQ_029,NOSQL_CONCEPTS,NSQ_C20_INDEXES,NSQ_F29_STILL_NEED_INDEXES,NSQ_FAM29_INDEXING,NSQ_RG_INDEXES,D3,APPLY,mcq,A document store query is slow. What applies just as it would in SQL?,It probably needs a larger instance,It probably needs the data denormalised,It probably needs the results cached,It probably needs an index on that field,D,It probably needs an index on that field,Being non-relational does not repeal the need for indexes. Unindexed queries scan the collection.,AUTHORED,
GB3_NSQ_030,NOSQL_CONCEPTS,NSQ_C21_CONSISTENCY_CHOICE,NSQ_F30_CHOOSE_PER_OPERATION,NSQ_FAM30_CHOOSING_CONSISTENCY,NSQ_RG_CONSISTENCY_CHOICE,D3,APPLY,mcq,Your store lets you choose consistency per read. How should you decide?,By which replica is nearest to you,By how often that read is performed,By what a stale answer would cost there,By how large the returned data is,C,By what a stale answer would cost there,A profile picture tolerates staleness; a balance check before a withdrawal does not. It is per-operation.,AUTHORED,
GB3_NSQ_031,NOSQL_CONCEPTS,NSQ_C13_JOIN,NSQ_F31_REBUILDING_SQL,NSQ_FAM31_DIAGNOSE_A_WRONG_FIT,NSQ_RG_JOIN,D4,ANALYZE,mcq,An application reads four collections and joins them in code for every page. What does that indicate?,The collections should be indexed better,The data is relational and the store is not,The queries should be run in parallel,The results should be cached for reuse,B,The data is relational and the store is not,Reimplementing joins by hand is the clearest sign that the store choice was wrong for this data.,AUTHORED,
GB3_NSQ_032,NOSQL_CONCEPTS,NSQ_C06_SCHEMA,NSQ_F32_FIVE_SHAPES,NSQ_FAM32_DIAGNOSE_SHAPE_DRIFT,NSQ_RG_SCHEMA,D4,ANALYZE,mcq,A collection contains documents in five different shapes. How did that happen?,The validation rules were removed,The documents were imported badly,The format changed and nothing migrated,Several applications write to it,C,The format changed and nothing migrated,Flexibility used as a substitute for migration. Every reader now carries the history of the format.,AUTHORED,
GB3_NSQ_033,NOSQL_CONCEPTS,NSQ_C19_UNBOUNDED,NSQ_F33_DOCUMENT_TOO_BIG,NSQ_FAM33_DIAGNOSE_A_SIZE_LIMIT,NSQ_RG_UNBOUNDED,D4,ANALYZE,mcq,Writes to some user documents began failing after two years. What is the likely cause?,The documents were never being indexed,The users have too many active sessions,An embedded array grew past the size limit,The collection exceeded its record count,C,An embedded array grew past the size limit,"It works for every user until it does not, and only for the most active ones. A slow-motion design error.",AUTHORED,
GB3_NSQ_034,NOSQL_CONCEPTS,NSQ_C07_DENORMAL,NSQ_F34_COPIES_DISAGREE,NSQ_FAM34_DIAGNOSE_DRIFTED_COPIES,NSQ_RG_DENORMAL,D4,ANALYZE,mcq,A user’s name appears differently in two places. What went wrong?,One embedded copy was not updated,The name was written in two formats,The read went to two different replicas,The user changed it between the reads,A,One embedded copy was not updated,"The permanent cost of denormalisation: somebody must update every copy, and one path always gets missed.",AUTHORED,
GB3_NSQ_035,NOSQL_CONCEPTS,NSQ_C08_QUERY_FIRST,NSQ_F35_UNPLANNED_QUERY,NSQ_FAM35_DIAGNOSE_A_MODEL_LIMIT,NSQ_RG_QUERY_FIRST,D4,ANALYZE,mcq,The business asks a new question and answering it needs a full scan. What does that reveal?,The store cannot answer analytical questions,The collection has grown larger than planned,The indexes were never properly maintained,The model was shaped for the old queries only,D,The model was shaped for the old queries only,"The cost of query-first modelling. It is a real trade, and it arrives as a surprise about eighteen months in.",AUTHORED,
GB3_NSQ_036,NOSQL_CONCEPTS,NSQ_C09_TRANSACTIONS,NSQ_F36_PARTIAL_WRITE,NSQ_FAM36_DIAGNOSE_INCONSISTENT_WRITES,NSQ_RG_TRANSACTIONS,D4,ANALYZE,mcq,Two related documents are sometimes inconsistent after a failure. Why?,The two writes were not atomic together,The application retried only one of them,The replication lagged between them,The writes were applied out of order,A,The two writes were not atomic together,"Without a cross-document transaction, a crash between the two writes leaves exactly this state.",AUTHORED,
GB3_NSQ_037,NOSQL_CONCEPTS,NSQ_C18_KEY_DESIGN,NSQ_F37_HOT_KEY,NSQ_FAM37_DIAGNOSE_A_HOT_PARTITION,NSQ_RG_KEY_DESIGN,D4,ANALYZE,mcq,One partition of a distributed store is overwhelmed and the rest are idle. What caused it?,The other partitions have failed,The partitions were sized differently,The routing layer is not balancing,The key sends related writes to one place,D,The key sends related writes to one place,"Keying by date sends every write today to one partition. The key must spread the traffic, not just the data.",AUTHORED,
GB3_NSQ_038,NOSQL_CONCEPTS,NSQ_C22_CHOSEN_BADLY,NSQ_F38_CHOSEN_FOR_FASHION,NSQ_FAM38_DIAGNOSE_A_BAD_CHOICE,NSQ_RG_CHOSEN,D4,ANALYZE,mcq,A team chose a document store for data that is highly relational. What will they experience?,Slower writes than a relational store,Manual joins and consistency problems,A hard limit on how much they can store,An inability to index their fields,B,Manual joins and consistency problems,"They will rebuild the parts of a relational database they threw away, more slowly and with more bugs.",AUTHORED,
GB3_NSQ_039,NOSQL_CONCEPTS,NSQ_C12_CONSISTENCY,NSQ_F39_STALE_SURPRISE,NSQ_FAM39_DIAGNOSE_A_STALE_READ,NSQ_RG_CONSISTENCY,D4,ANALYZE,mcq,A write succeeds and an immediate read does not see it. Is this a bug?,"Not necessarily, since the read itself may have failed",Not necessarily — it may be the documented behaviour,"Yes, a successful write must be readable","Yes, the write was not actually committed",B,Not necessarily — it may be the documented behaviour,Eventual consistency behaving as promised. The bug is the code that assumed otherwise.,AUTHORED,
GB3_NSQ_040,NOSQL_CONCEPTS,NSQ_C14_POLYGLOT,NSQ_F40_STORES_OUT_OF_STEP,NSQ_FAM40_DIAGNOSE_SYNC_FAILURE,NSQ_RG_POLYGLOT,D4,ANALYZE,mcq,Search results include products that were deleted weeks ago. What has failed?,The process keeping the two stores in step,The search store ran out of capacity,The search index needs to be rebuilt,The deletion did not save correctly,A,The process keeping the two stores in step,"Two stores means a synchronisation pipeline, and that pipeline is a component that can fail silently.",AUTHORED,
GB3_NSQ_041,NOSQL_CONCEPTS,NSQ_C10_DEFAULT,NSQ_F41_WHY_NOT_RELATIONAL,NSQ_FAM41_JUDGING_THE_CHOICE,NSQ_RG_DEFAULT,D5,EVALUATE,mcq,What question should be answered before choosing a non-relational store?,Which store scales the furthest,What can a relational one not do here,Which store the team has used before,Which store is most popular right now,B,What can a relational one not do here,"A specific limitation you have hit or will hit. Without one, the answer is the boring, capable default.",AUTHORED,
GB3_NSQ_042,NOSQL_CONCEPTS,NSQ_C23_REVERSIBILITY,NSQ_F42_HARD_TO_CHANGE,NSQ_FAM42_JUDGING_REVERSIBILITY,NSQ_RG_REVERSIBILITY,D5,EVALUATE,mcq,Why does the data store choice deserve more care than most?,It decides which language you can use,It is among the hardest things to change later,It determines the cost of the infrastructure,It affects how the team writes their code,B,It is among the hardest things to change later,A framework can be replaced over a quarter. A store holding years of production data usually cannot.,AUTHORED,
GB3_NSQ_043,NOSQL_CONCEPTS,NSQ_C14_POLYGLOT,NSQ_F43_COST_OF_TWO,NSQ_FAM43_JUDGING_MULTIPLE_STORES,NSQ_RG_POLYGLOT,D5,EVALUATE,mcq,What is the real cost of adding a second data store?,The team having to learn a new system,The licensing and hosting of the second,The extra latency of two round trips,A permanent job keeping them consistent,D,A permanent job keeping them consistent,All four are real; the synchronisation is the one that produces incidents for as long as the system exists.,AUTHORED,
GB3_NSQ_044,NOSQL_CONCEPTS,NSQ_C24_SCALE_CLAIM,NSQ_F44_DO_YOU_NEED_IT,NSQ_FAM44_JUDGING_SCALE_CLAIMS,NSQ_RG_SCALE_CLAIM,D5,EVALUATE,mcq,A store is chosen because it scales to billions of records. What should you check?,Whether the cost scales proportionally,Whether it also scales reads that far,Whether the benchmark was independent,Whether you will ever have that many,D,Whether you will ever have that many,Most systems have millions of rows and are choosing a store designed for a problem they will never have.,AUTHORED,
GB3_NSQ_045,NOSQL_CONCEPTS,NSQ_C06_SCHEMA,NSQ_F45_FLEXIBILITY_IS_A_LOAN,NSQ_FAM45_JUDGING_FLEXIBILITY,NSQ_RG_SCHEMA,D5,EVALUATE,mcq,How should you think about schema flexibility?,As a way to move faster permanently,As a benefit with no real downside,As a cost deferred rather than removed,As a reason to skip data modelling,C,As a cost deferred rather than removed,"The migration you did not write becomes a condition in every reader, and it is there for as long as the data is.",AUTHORED,
GB3_NSQ_046,NOSQL_CONCEPTS,NSQ_C25_MODERN_SQL,NSQ_F46_SQL_HAS_MOVED,NSQ_FAM46_JUDGING_THE_COMPARISON,NSQ_RG_MODERN_SQL,D5,EVALUATE,mcq,"Why is ""use NoSQL for nested data"" weaker advice than it was?",Relational stores now handle documents well,Applications now flatten their data,Nested data has become less common,Document stores have got slower,A,Relational stores now handle documents well,JSON columns with indexing let you keep transactions and joins and still store a document where one fits.,AUTHORED,
GB3_NSQ_047,NOSQL_CONCEPTS,NSQ_C16_CHOICE,NSQ_F47_FIT_THE_SHAPE,NSQ_FAM47_JUDGING_FIT,NSQ_RG_CHOICE_FIT,D5,EVALUATE,mcq,What should drive the choice between store families?,The scale the system may one day reach,The operational cost of running each,The shape of the data and how it is read,The familiarity of the engineering team,C,The shape of the data and how it is read,All four matter. Shape and access pattern are the ones that make a store either effortless or a fight.,AUTHORED,
GB3_NSQ_048,NOSQL_CONCEPTS,NSQ_C12_CONSISTENCY,NSQ_F48_WHO_DECIDES_STALENESS,NSQ_FAM48_JUDGING_CONSISTENCY_CHOICE,NSQ_RG_CONSISTENCY_JUDGE,D5,EVALUATE,mcq,Who should decide whether eventual consistency is acceptable?,Whoever operates the database cluster,Whoever understands what a stale answer costs,The engineers building the data layer,Whichever the chosen store makes easiest,B,Whoever understands what a stale answer costs,"It is a product decision presented as a technical one, and the cost differs enormously per field.",AUTHORED,
GB3_NSQ_049,NOSQL_CONCEPTS,NSQ_C22_CHOSEN_BADLY,NSQ_F49_MIGRATING_AWAY,NSQ_FAM49_JUDGING_A_RECOVERY,NSQ_RG_CHOSEN,D5,EVALUATE,mcq,You realise the store was the wrong choice. What is the honest assessment?,Moving is straightforward with good tooling,Staying is better than any migration,Moving should wait until it fails outright,Moving is expensive and may still be right,D,Moving is expensive and may still be right,"Data migrations are among the most expensive projects there are, and sometimes the cheaper option anyway.",AUTHORED,
GB3_NSQ_050,NOSQL_CONCEPTS,NSQ_C08_QUERY_FIRST,NSQ_F50_THE_REVERSAL,NSQ_FAM50_JUDGING_THE_WHOLE,NSQ_RG_QUERY_FIRST,D5,EVALUATE,mcq,What is the biggest mental shift when moving from relational modelling?,You stop needing to think about indexes,You can store much more data cheaply,"You design for the reads, not the entities",You no longer have to plan the schema,C,"You design for the reads, not the entities",Normalise then query becomes list the queries then shape the data. Everything else in this file follows from it.,AUTHORED,
GB3_TDB_001,TECHNICAL_DEBT,TDB_C01_DEFINITION,TDB_F01_WHAT_IT_IS,TDB_FAM01_DEFINITION,TDB_RG_DEFINITION,D1,REMEMBER,mcq,What is technical debt?,Old code using outdated techniques,Any code that is poorly written,Work that was left unfinished,A shortcut taken now that costs more later,D,A shortcut taken now that costs more later,"Borrowing time. Like a loan, it can be a sensible decision and it accrues interest either way.",AUTHORED,
GB3_TDB_002,TECHNICAL_DEBT,TDB_C02_DELIBERATE,TDB_F02_TWO_KINDS,TDB_FAM02_DELIBERATE_OR_ACCIDENTAL,TDB_RG_DELIBERATE,D1,REMEMBER,mcq,What is the difference between deliberate and accidental debt?,"One is recorded, the other is forgotten","One is in the code, the other in the design","One was a decision, the other was not noticed","One is repaid quickly, the other never is",C,"One was a decision, the other was not noticed",Deliberate debt is engineering. Accidental debt is just a mistake nobody has found yet.,AUTHORED,
GB3_TDB_003,TECHNICAL_DEBT,TDB_C03_INTEREST,TDB_F03_WHAT_INTEREST_IS,TDB_FAM03_INTEREST,TDB_RG_INTEREST,D1,REMEMBER,mcq,What is the interest on technical debt?,The extra effort every future change costs,The time it would take to fix it now,The number of defects it has caused,The amount of code that must change,A,The extra effort every future change costs,"Paid on every change, forever, until the principal is repaid. That recurrence is the whole metaphor.",AUTHORED,
GB3_TDB_004,TECHNICAL_DEBT,TDB_C04_NOT_ALL_DEBT,TDB_F04_MESS_IS_NOT_DEBT,TDB_FAM04_WHAT_IT_IS_NOT,TDB_RG_NOT_DEBT,D1,REMEMBER,mcq,Is all badly written code technical debt?,"Yes, if it slows future development","No, only untested code counts","Yes, any poor code counts as debt",No — some of it is simply careless work,D,No — some of it is simply careless work,Debt implies something was bought with it. Calling incompetence debt makes it sound like a strategy.,AUTHORED,
GB3_TDB_005,TECHNICAL_DEBT,TDB_C05_WHERE,TDB_F05_NOT_ONLY_CODE,TDB_FAM05_WHERE_DEBT_LIVES,TDB_RG_WHERE,D1,REMEMBER,mcq,Where can technical debt exist besides the code?,Only in the parts nobody maintains,Only in the oldest parts of the system,Only in the code and its documentation,"In the tests, the data and the infrastructure",D,"In the tests, the data and the infrastructure",A schema nobody can change and a deployment only one person understands are both debt.,AUTHORED,
GB3_TDB_006,TECHNICAL_DEBT,TDB_C06_RECORD,TDB_F06_WRITE_IT_DOWN,TDB_FAM06_RECORDING_DEBT,TDB_RG_RECORD,D1,REMEMBER,mcq,What should happen when a shortcut is taken deliberately?,It gets approved by a senior engineer,It gets marked with a comment in code,It gets written down with the reason,It gets fixed in the following sprint,C,It gets written down with the reason,"Unrecorded debt becomes invisible, and invisible debt looks to the next reader like a deliberate design.",AUTHORED,
GB3_TDB_007,TECHNICAL_DEBT,TDB_C07_SYMPTOMS,TDB_F07_HOW_IT_SHOWS,TDB_FAM07_SYMPTOMS,TDB_RG_SYMPTOMS,D1,REMEMBER,mcq,How does technical debt usually make itself felt?,The team writes fewer new features,The application runs more slowly,Small changes take longer than they should,The code fails its quality checks,C,Small changes take longer than they should,Delivery slowing without anybody being able to point at a cause is the classic presentation.,AUTHORED,
GB3_TDB_008,TECHNICAL_DEBT,TDB_C08_REPAY,TDB_F08_HOW_TO_REPAY,TDB_FAM08_REPAYMENT,TDB_RG_REPAY,D1,REMEMBER,mcq,How is technical debt usually repaid?,By a dedicated project to clean it up,By improving the area you are working in,By documenting how it currently works,By rewriting the affected component,B,By improving the area you are working in,Attached to the work that needs it. Standalone cleanup projects are the first thing cut under pressure.,AUTHORED,
GB3_TDB_009,TECHNICAL_DEBT,TDB_C09_ARGUMENT,TDB_F09_SPEAK_IN_DELIVERY,TDB_FAM09_MAKING_THE_CASE,TDB_RG_ARGUMENT,D1,REMEMBER,mcq,How should debt be described to somebody outside engineering?,In terms of the code quality problems,In terms of how long it has existed,In terms of the principles being violated,In terms of what future work will cost,D,In terms of what future work will cost,"They can act on delivery time. They cannot act on ""the coupling is too high"".",AUTHORED,
GB3_TDB_010,TECHNICAL_DEBT,TDB_C10_ACCEPTABLE,TDB_F10_SOME_IS_FINE,TDB_FAM10_LIVING_WITH_IT,TDB_RG_ACCEPTABLE,D1,REMEMBER,mcq,Should a team aim for zero technical debt?,"No, but only in the early stages","Yes, debt always costs more than it saves","Yes, if the team has the time available",No — some is the price of shipping,D,No — some is the price of shipping,A company with no debt has probably shipped too slowly. The goal is knowing what you owe.,AUTHORED,
GB3_TDB_011,TECHNICAL_DEBT,TDB_C03_INTEREST,TDB_F11_WHY_INTEREST_DECIDES,TDB_FAM11_WHY_INTEREST_MATTERS_MOST,TDB_RG_INTEREST,D2,UNDERSTAND,mcq,Why is the interest more important than the size of the mess?,Interest grows faster than the principal,The principal cannot usually be repaid,Interest is easier to measure precisely,A mess nobody touches costs nothing,D,A mess nobody touches costs nothing,Awful code in a file untouched for four years is not urgent. A small tangle in a hot file is.,AUTHORED,
GB3_TDB_012,TECHNICAL_DEBT,TDB_C02_DELIBERATE,TDB_F12_WHY_DELIBERATE_IS_DIFFERENT,TDB_FAM12_WHY_INTENT_MATTERS,TDB_RG_DELIBERATE,D2,UNDERSTAND,mcq,Why does it matter whether debt was taken on deliberately?,Only the deliberate kind can be planned for,The accidental kind costs more interest,The deliberate kind is less serious,The deliberate kind is easier to repair,A,Only the deliberate kind can be planned for,"You know it exists, why, and roughly what repaying costs. Accidental debt is discovered, usually late.",AUTHORED,
GB3_TDB_013,TECHNICAL_DEBT,TDB_C11_COMPOUND,TDB_F13_WHY_IT_ACCELERATES,TDB_FAM13_WHY_DEBT_COMPOUNDS,TDB_RG_COMPOUND,D2,UNDERSTAND,mcq,Why does debt tend to get worse rather than stay level?,The language and tools move on,New work is built on top of the shortcut,Nobody remembers why it was taken,The original authors leave the team,B,New work is built on top of the shortcut,Each thing built on a bad foundation makes the foundation more expensive to change. That is compounding.,AUTHORED,
GB3_TDB_014,TECHNICAL_DEBT,TDB_C09_ARGUMENT,TDB_F14_WHY_AESTHETICS_FAIL,TDB_FAM14_WHY_THE_QUALITY_ARGUMENT_LOSES,TDB_RG_ARGUMENT,D2,UNDERSTAND,mcq,"Why does ""the code is bad"" fail as an argument for cleanup time?",It cannot be verified by anybody outside,It gives nobody a reason to choose it over features,It suggests the team wrote the code badly,It is usually an exaggeration of the problem,B,It gives nobody a reason to choose it over features,"A business decision needs a comparison. ""Three days becomes one"" competes with a feature; ""bad code"" does not.",AUTHORED,
GB3_TDB_015,TECHNICAL_DEBT,TDB_C08_REPAY,TDB_F15_WHY_ATTACHED_WORK_SURVIVES,TDB_FAM15_WHY_CLEANUP_PROJECTS_DIE,TDB_RG_REPAY,D2,UNDERSTAND,mcq,Why do dedicated cleanup sprints rarely happen?,They require the whole team to be free,They are harder to estimate accurately,They produce nothing users can see,They are the easiest thing to postpone,D,They are the easiest thing to postpone,"Both the first and last are true, and together they mean it is postponed every quarter, indefinitely.",AUTHORED,
GB3_TDB_016,TECHNICAL_DEBT,TDB_C12_MORALE,TDB_F16_WHY_PEOPLE_LEAVE,TDB_FAM16_WHY_DEBT_COSTS_PEOPLE,TDB_RG_MORALE,D2,UNDERSTAND,mcq,What cost of technical debt is often left out of the argument?,The tests take longer to run each month,Good engineers leave codebases they dread,The documentation becomes inaccurate,The infrastructure bill grows over time,B,Good engineers leave codebases they dread,"Recruitment and onboarding cost more than most cleanups, and nobody attributes it to the codebase.",AUTHORED,
GB3_TDB_017,TECHNICAL_DEBT,TDB_C13_METAPHOR_LIMITS,TDB_F17_WHERE_IT_BREAKS,TDB_FAM17_WHERE_THE_METAPHOR_FAILS,TDB_RG_METAPHOR,D2,UNDERSTAND,mcq,Where does the debt metaphor break down?,The debt can never actually be repaid,The debt was not borrowed from anybody,The interest is charged only occasionally,You cannot see the balance or the rate,D,You cannot see the balance or the rate,"A bank sends a statement. Technical debt has no balance, no rate and no due date, which is why it is ignored.",AUTHORED,
GB3_TDB_018,TECHNICAL_DEBT,TDB_C14_SPEED,TDB_F18_WHY_IT_FEELS_FASTER,TDB_FAM18_WHY_SHORTCUTS_ARE_TEMPTING,TDB_RG_SPEED,D2,UNDERSTAND,mcq,Why is taking on debt genuinely tempting?,The shortcut is usually the simpler design,The proper solution is often unclear,The saving is immediate and the cost is later,The saving is larger than the eventual cost,C,The saving is immediate and the cost is later,"Timing, not size. Everything about debt follows from the benefit arriving before the bill.",AUTHORED,
GB3_TDB_019,TECHNICAL_DEBT,TDB_C15_BANKRUPTCY,TDB_F19_WHEN_IT_BECOMES_TERMINAL,TDB_FAM19_WHY_IT_CAN_BECOME_FATAL,TDB_RG_BANKRUPTCY,D2,UNDERSTAND,mcq,What does it look like when debt becomes unmanageable?,Every change risks breaking something unrelated,The team spends time discussing quality,New engineers take longer to onboard,The codebase grows past a certain size,A,Every change risks breaking something unrelated,"When the team cannot predict the effect of a change, feature work has effectively stopped.",AUTHORED,
GB3_TDB_020,TECHNICAL_DEBT,TDB_C16_TESTS,TDB_F20_WHY_TESTS_ARE_THE_LEVER,TDB_FAM20_WHY_TESTS_CHANGE_THINGS,TDB_RG_TESTS,D2,UNDERSTAND,mcq,Why is missing test coverage a particularly expensive kind of debt?,It makes repaying every other debt riskier,It slows down the release process,It makes the code harder to read,It allows more defects to reach production,A,It makes repaying every other debt riskier,"It is the debt that blocks repayment of the others, which is why it compounds faster than it looks.",AUTHORED,
GB3_TDB_021,TECHNICAL_DEBT,TDB_C17_PRIORITISE,TDB_F21_WHICH_TO_PAY,TDB_FAM21_PRIORITISING_REPAYMENT,TDB_RG_PRIORITISE,D3,APPLY,mcq,Which debt should be repaid first?,The one the team dislikes most,The one in the area you change most,The one that has existed the longest,The one that is largest in size,B,The one in the area you change most,"Interest, not principal. Repayment pays back only where you keep paying the interest.",AUTHORED,
GB3_TDB_022,TECHNICAL_DEBT,TDB_C09_ARGUMENT,TDB_F22_WRITE_THE_SENTENCE,TDB_FAM22_ARGUING_FOR_TIME,TDB_RG_ARGUMENT,D3,APPLY,mcq,How do you ask for time to fix a slow area of the code?,Show how long the debt has existed,Explain the design problems in detail,Quantify what changes there cost today,Describe what good code would look like,C,Quantify what changes there cost today,"""Every change here takes three days; two weeks of work makes it one."" That is an investment case.",AUTHORED,
GB3_TDB_023,TECHNICAL_DEBT,TDB_C02_DELIBERATE,TDB_F23_TAKE_IT_PROPERLY,TDB_FAM23_BORROWING_WELL,TDB_RG_DELIBERATE,D3,APPLY,mcq,You must take a shortcut to meet a launch date. What makes it responsible?,Adding a comment beside the affected code,Getting the whole team to agree to it,Recording what it is and what it will cost,Choosing the smallest possible shortcut,C,Recording what it is and what it will cost,A ticket with the reason and the estimate. The comment helps whoever finds it; the ticket is visible before.,AUTHORED,
GB3_TDB_024,TECHNICAL_DEBT,TDB_C08_REPAY,TDB_F24_PAY_AS_YOU_GO,TDB_FAM24_CONTINUOUS_REPAYMENT,TDB_RG_REPAY,D3,APPLY,mcq,What is the most sustainable way to reduce debt?,Allocate a fixed share of each sprint,Fix whatever the tooling reports,Run a cleanup project each quarter,Improve each area as you work in it,D,Improve each area as you work in it,"The work is justified by the feature that needed it, so it is never the thing that gets cut.",AUTHORED,
GB3_TDB_025,TECHNICAL_DEBT,TDB_C18_MEASURE,TDB_F25_WHAT_TO_MEASURE,TDB_FAM25_MEASURING_DEBT,TDB_RG_MEASURE,D3,APPLY,mcq,What is the most useful evidence that debt is hurting you?,How long similar changes take over time,How many warnings the linter produces,How much of the code lacks tests,How old the average file is,A,How long similar changes take over time,Delivery time is the thing debt actually damages. The static measures correlate weakly at best.,AUTHORED,
GB3_TDB_026,TECHNICAL_DEBT,TDB_C19_BOUNDARY,TDB_F26_CONTAIN_IT,TDB_FAM26_CONTAINING_DEBT,TDB_RG_BOUNDARY,D3,APPLY,mcq,You cannot fix a bad component now. What can you do cheaply?,Document how it currently behaves,Put a clean interface in front of it,Add tests covering its behaviour,Mark it as deprecated in the code,B,Put a clean interface in front of it,"Containment. New code depends on the interface, so the mess stops spreading and can be replaced later.",AUTHORED,
GB3_TDB_027,TECHNICAL_DEBT,TDB_C16_TESTS,TDB_F27_TESTS_FIRST,TDB_FAM27_ENABLING_REPAYMENT,TDB_RG_TESTS,D3,APPLY,mcq,You want to repay debt in an untested area. What comes first?,A rewrite of the worst function,A plan for the new structure,Tests describing what it does now,Agreement from the code owner,C,Tests describing what it does now,"Without them you cannot tell repayment from breakage, and the repayment becomes the riskier option.",AUTHORED,
GB3_TDB_028,TECHNICAL_DEBT,TDB_C20_SAY_NO,TDB_F28_WHEN_TO_LEAVE_IT,TDB_FAM28_CHOOSING_NOT_TO_FIX,TDB_RG_SAY_NO,D3,APPLY,mcq,A component is badly written and is being retired in three months. What do you do?,Add tests around it,Repay the worst of it,Leave it alone,Refactor it while you can,C,Leave it alone,The interest stops in three months. Repaying a loan that is about to be written off is wasted effort.,AUTHORED,
GB3_TDB_029,TECHNICAL_DEBT,TDB_C06_RECORD,TDB_F29_KEEP_A_REGISTER,TDB_FAM29_TRACKING_DEBT,TDB_RG_RECORD,D3,APPLY,mcq,How should known debt be tracked?,In a separate register the team keeps,In comments where the debt lives,In the architecture documentation,In the same backlog as everything else,D,In the same backlog as everything else,A separate list is a list nobody prioritises against. In the backlog it competes and sometimes wins.,AUTHORED,
GB3_TDB_030,TECHNICAL_DEBT,TDB_C21_NEW_JOINER,TDB_F30_LISTEN_TO_THEM,TDB_FAM30_FINDING_DEBT,TDB_RG_NEW_JOINER,D3,APPLY,mcq,Who is best placed to notice debt the team has stopped seeing?,Whoever reviews the most pull requests,The engineer who has been there longest,The person who wrote the original code,Somebody who joined in the last month,D,Somebody who joined in the last month,"Their confusion is data, and it expires within about six weeks as they normalise to it like everybody else.",AUTHORED,
GB3_TDB_031,TECHNICAL_DEBT,TDB_C07_SYMPTOMS,TDB_F31_ESTIMATES_GROWING,TDB_FAM31_DIAGNOSE_SLOWING_DELIVERY,TDB_RG_SYMPTOMS,D4,ANALYZE,mcq,The same kind of feature takes three times longer than it did two years ago. What does that suggest?,Accumulated interest on unrepaid debt,The features have become more complex,The team has become less productive,The estimates were too low before,A,Accumulated interest on unrepaid debt,Comparable work taking longer over time is the clearest measurable signal debt produces.,AUTHORED,
GB3_TDB_032,TECHNICAL_DEBT,TDB_C04_NOT_ALL_DEBT,TDB_F32_LAUNDERING_CARELESSNESS,TDB_FAM32_DIAGNOSE_A_MISUSED_TERM,TDB_RG_NOT_DEBT,D4,ANALYZE,mcq,"A team calls every piece of poor code ""technical debt"". What does that obscure?",That some of it is in old code,That some of it bought nothing at all,That some of it is more urgent,That some of it cannot be fixed,B,That some of it bought nothing at all,"Debt implies a trade was made. Where none was, the conversation should be about how the work is done.",AUTHORED,
GB3_TDB_033,TECHNICAL_DEBT,TDB_C06_RECORD,TDB_F33_FORGOTTEN_SHORTCUT,TDB_FAM33_DIAGNOSE_INVISIBLE_DEBT,TDB_RG_RECORD,D4,ANALYZE,mcq,A shortcut from two years ago is now treated as the intended design. How?,The shortcut turned out to work well,The original author has left the team,The code was never reviewed properly,Nobody recorded that it was temporary,D,Nobody recorded that it was temporary,Undocumented debt becomes architecture. The next engineer copies the pattern because it looks deliberate.,AUTHORED,
GB3_TDB_034,TECHNICAL_DEBT,TDB_C22_CLEANUP_FAILED,TDB_F34_THE_SPRINT_NEVER_CAME,TDB_FAM34_DIAGNOSE_A_FAILED_PLAN,TDB_RG_CLEANUP,D4,ANALYZE,mcq,A team has planned a cleanup sprint for six quarters running. What is the real problem?,Detached cleanup always loses to features,The cleanup is too large to schedule,The team is not disciplined enough,Management does not value quality,A,Detached cleanup always loses to features,Structural rather than a failure of will. Work with no user-visible outcome loses every prioritisation.,AUTHORED,
GB3_TDB_035,TECHNICAL_DEBT,TDB_C15_BANKRUPTCY,TDB_F35_AFRAID_TO_CHANGE,TDB_FAM35_DIAGNOSE_PARALYSIS,TDB_RG_BANKRUPTCY,D4,ANALYZE,mcq,Engineers avoid touching one module even when it needs changing. What has happened?,The module is owned by another team,The module has no documentation,The module is written in an old style,The risk of changing it exceeds the benefit,D,The risk of changing it exceeds the benefit,"Fear is the most reliable indicator of severe debt, and it is usually absent from any dashboard.",AUTHORED,
GB3_TDB_036,TECHNICAL_DEBT,TDB_C11_COMPOUND,TDB_F36_COPIED_THE_PATTERN,TDB_FAM36_DIAGNOSE_SPREAD,TDB_RG_COMPOUND,D4,ANALYZE,mcq,A bad pattern now appears in eleven places. How did that happen?,The linter did not detect the pattern,Each author copied the existing example,The pattern was recommended by a lead,The reviewers were not paying attention,B,Each author copied the existing example,Existing code is the strongest documentation there is. Debt propagates by being the nearest example.,AUTHORED,
GB3_TDB_037,TECHNICAL_DEBT,TDB_C23_REWRITE,TDB_F37_THE_REWRITE_TRAP,TDB_FAM37_DIAGNOSE_A_REWRITE_DECISION,TDB_RG_REWRITE,D4,ANALYZE,mcq,A team proposes rewriting rather than repaying. What is the usual outcome?,It succeeds but costs more than planned,It removes the debt and delivers faster,It takes far longer and rediscovers old bugs,It fails because the team lacks skill,C,It takes far longer and rediscovers old bugs,Every odd branch in the old code was a bug somebody hit. A rewrite discards the record and meets them again.,AUTHORED,
GB3_TDB_038,TECHNICAL_DEBT,TDB_C18_MEASURE,TDB_F38_METRIC_GAMED,TDB_FAM38_DIAGNOSE_A_BAD_METRIC,TDB_RG_MEASURE,D4,ANALYZE,mcq,A team is measured on a code quality score and delivery has not improved. Why?,The tool reports too many false results,The score was set at the wrong level,The team is working around the score,The score does not measure what slows them,D,The score does not measure what slows them,Complexity scores and coverage percentages correlate weakly with the thing that actually costs time.,AUTHORED,
GB3_TDB_039,TECHNICAL_DEBT,TDB_C24_DEPENDENCY_DEBT,TDB_F39_TOO_OLD_TO_UPGRADE,TDB_FAM39_DIAGNOSE_DEPENDENCY_DEBT,TDB_RG_DEPENDENCY,D4,ANALYZE,mcq,A framework is four major versions behind and upgrading is now a project. How did it get here?,The team lacked the required skills,Each upgrade was deferred as not urgent,The framework changed too quickly,The upgrades were always breaking,B,Each upgrade was deferred as not urgent,Four cheap upgrades became one expensive one. Staying current is a form of continuous repayment.,AUTHORED,
GB3_TDB_040,TECHNICAL_DEBT,TDB_C25_PERVERSE,TDB_F40_REWARDED_FOR_SPEED,TDB_FAM40_DIAGNOSE_AN_INCENTIVE,TDB_RG_PERVERSE,D4,ANALYZE,mcq,A team consistently takes shortcuts despite knowing better. What should you examine?,Whether the deadlines are realistic,Whether the reviews are rigorous enough,Whether the team understands the risks,What the team is actually rewarded for,D,What the team is actually rewarded for,"If only shipped features are recognised, debt is the rational response. Behaviour follows the incentive.",AUTHORED,
GB3_TDB_041,TECHNICAL_DEBT,TDB_C10_ACCEPTABLE,TDB_F41_HOW_MUCH_IS_RIGHT,TDB_FAM41_JUDGING_THE_LEVEL,TDB_RG_ACCEPTABLE,D5,EVALUATE,mcq,How much technical debt should a team carry?,As little as the schedule permits,As much as they can see and manage,Whatever the previous team left them,"None, if quality is taken seriously",B,As much as they can see and manage,Visibility is the constraint. Debt you know about is a decision; debt you do not is an ambush.,AUTHORED,
GB3_TDB_042,TECHNICAL_DEBT,TDB_C26_CONTEXT,TDB_F42_STARTUP_VERSUS_ESTABLISHED,TDB_FAM42_JUDGING_BY_CONTEXT,TDB_RG_CONTEXT,D5,EVALUATE,mcq,Why might a startup rationally take on more debt than a bank?,Startups have less code to maintain,Startup engineers work more quickly,Banks have stricter quality standards,The product may not exist in a year,D,The product may not exist in a year,Interest on code that gets deleted is never paid. The right level of debt depends on the product’s odds.,AUTHORED,
GB3_TDB_043,TECHNICAL_DEBT,TDB_C23_REWRITE,TDB_F43_WHEN_REWRITE_IS_RIGHT,TDB_FAM43_JUDGING_A_REWRITE,TDB_RG_REWRITE,D5,EVALUATE,mcq,When is a rewrite genuinely the better option?,When the code is beyond understanding,When the platform underneath is going away,When the team wants newer technology,When repayment would take many months,B,When the platform underneath is going away,Incomprehensible code argues for characterisation tests. A dead platform argues for a rewrite.,AUTHORED,
GB3_TDB_044,TECHNICAL_DEBT,TDB_C27_OWNERSHIP,TDB_F44_WHOSE_DECISION,TDB_FAM44_JUDGING_WHO_DECIDES,TDB_RG_OWNERSHIP,D5,EVALUATE,mcq,Who should decide whether to take on debt for a deadline?,The product manager who owns the deadline,"The engineers, since they carry the cost",Whoever is most senior in the room,"The business, once told what it will cost",D,"The business, once told what it will cost",Engineering’s job is making the price visible. Making the trade in silence is what removes the choice.,AUTHORED,
GB3_TDB_045,TECHNICAL_DEBT,TDB_C17_PRIORITISE,TDB_F45_IGNORE_SOME_FOREVER,TDB_FAM45_JUDGING_WHAT_TO_IGNORE,TDB_RG_PRIORITISE,D5,EVALUATE,mcq,Is it acceptable never to repay some debt?,"Yes, where the interest is effectively zero","No, all debt should eventually be repaid","No, unless the code is being deleted","Yes, if the team has agreed to ignore it",A,"Yes, where the interest is effectively zero",A stable component nobody touches costs nothing to hold. Repaying it is spending for no return.,AUTHORED,
GB3_TDB_046,TECHNICAL_DEBT,TDB_C12_MORALE,TDB_F46_THE_HUMAN_COST,TDB_FAM46_JUDGING_THE_FULL_COST,TDB_RG_MORALE,D5,EVALUATE,mcq,Why should the human cost be part of the debt argument?,Losing and replacing engineers is expensive,Engineers deserve to enjoy their work,Unhappy teams produce more defects,Morale affects the quality of the code,A,Losing and replacing engineers is expensive,All four are true and the first is the one that converts into a number a business will weigh.,AUTHORED,
GB3_TDB_047,TECHNICAL_DEBT,TDB_C19_BOUNDARY,TDB_F47_CONTAIN_OR_REPAY,TDB_FAM47_JUDGING_CONTAINMENT,TDB_RG_BOUNDARY,D5,EVALUATE,mcq,When is containing debt better than repaying it?,When the code has no test coverage,When it belongs to another team,When it is stable and the spread is the risk,When the team lacks time to repay it,C,When it is stable and the spread is the risk,"An interface in front costs a day and stops it propagating, which is often the whole problem.",AUTHORED,
GB3_TDB_048,TECHNICAL_DEBT,TDB_C13_METAPHOR_LIMITS,TDB_F48_MAKE_IT_VISIBLE,TDB_FAM48_JUDGING_VISIBILITY,TDB_RG_METAPHOR,D5,EVALUATE,mcq,What is the single most useful thing a team can do about debt?,Make it visible enough to be decided about,Repay a fixed proportion every sprint,Measure it with an automated tool,Prevent any new debt from being added,A,Make it visible enough to be decided about,Invisible debt cannot be traded against anything. Visible debt is an ordinary prioritisation problem.,AUTHORED,
GB3_TDB_049,TECHNICAL_DEBT,TDB_C25_PERVERSE,TDB_F49_CHANGE_THE_INCENTIVE,TDB_FAM49_JUDGING_THE_SYSTEM,TDB_RG_PERVERSE,D5,EVALUATE,mcq,A team keeps accumulating debt despite agreeing not to. What actually changes it?,Changing what the team is measured on,Repeating the agreement more firmly,Training the team on code quality,Adding more checks to the review,A,Changing what the team is measured on,"People optimise for what is counted. If only delivered features are counted, that is what you will get.",AUTHORED,
GB3_TDB_050,TECHNICAL_DEBT,TDB_C01_DEFINITION,TDB_F50_THE_REAL_SKILL,TDB_FAM50_JUDGING_THE_WHOLE,TDB_RG_DEFINITION,D5,EVALUATE,mcq,What is the actual skill in managing technical debt?,Writing code that never needs changing,Repaying debt as quickly as possible,Knowing what you owe and choosing when to pay,Avoiding taking on any debt at all,C,Knowing what you owe and choosing when to pay,"The same skill as any borrowing. Teams get into trouble by not knowing the balance, not by having one.",AUTHORED,
GB3_LNX_001,LINUX_ADMINISTRATION,LNX_C01_PROCESS,LNX_F01_WHAT_A_PROCESS_IS,LNX_FAM01_PROCESSES,LNX_RG_PROCESS,D1,REMEMBER,mcq,What is a process?,A running program with its own resources,A service managed by the system,A program stored on the filesystem,A task scheduled to run at a time,A,A running program with its own resources,"Its own memory, its own file handles, its own identifier. One program can be many processes.",AUTHORED,
GB3_LNX_002,LINUX_ADMINISTRATION,LNX_C02_PERMISSIONS,LNX_F02_THREE_GROUPS,LNX_FAM02_PERMISSION_MODEL,LNX_RG_PERMISSIONS,D1,REMEMBER,mcq,Who do a file’s permission bits apply to?,"Its owner, its group, and everybody else",The user who created it and the root user,The user running the current process,Each user who has been granted access,A,"Its owner, its group, and everybody else",Three sets of three. Almost every permission problem is the process running as the wrong one of the three.,AUTHORED,
GB3_LNX_003,LINUX_ADMINISTRATION,LNX_C03_STREAMS,LNX_F03_THREE_STREAMS,LNX_FAM03_STANDARD_STREAMS,LNX_RG_STREAMS,D1,REMEMBER,mcq,What are the three standard streams a process has?,"Console, file and network","Read, write and append","Input, output and errors","Request, response and log",C,"Input, output and errors","Output and errors being separate is what lets you keep the results and discard the noise, or the reverse.",AUTHORED,
GB3_LNX_004,LINUX_ADMINISTRATION,LNX_C04_PIPE,LNX_F04_WHAT_A_PIPE_DOES,LNX_FAM04_PIPES,LNX_RG_PIPE,D1,REMEMBER,mcq,What does a pipe between two commands do?,Runs the second only if the first succeeds,Feeds the first one’s output into the second,Saves the output of the first to a file,Runs both of the commands at the same time,B,Feeds the first one’s output into the second,Small tools composed into a larger one. It is the idea the whole command line is built around.,AUTHORED,
GB3_LNX_005,LINUX_ADMINISTRATION,LNX_C05_SIGNAL,LNX_F05_WHAT_A_SIGNAL_IS,LNX_FAM05_SIGNALS,LNX_RG_SIGNAL,D1,REMEMBER,mcq,What is a signal?,A message telling a process something happened,A record written when a process exits,A flag set on a file being watched,A message a process sends to the kernel,A,A message telling a process something happened,Some can be handled and one cannot. That distinction is the whole of graceful versus forced shutdown.,AUTHORED,
GB3_LNX_006,LINUX_ADMINISTRATION,LNX_C06_FILESYSTEM,LNX_F06_EVERYTHING_IS_A_FILE,LNX_FAM06_FILESYSTEM_MODEL,LNX_RG_FILESYSTEM,D1,REMEMBER,mcq,"What does ""everything is a file"" mean in Linux?",All data is stored on the filesystem,Every process has a file on disk,Configuration is always in text files,Devices and sockets are read like files,D,Devices and sockets are read like files,"One interface for disks, terminals, network sockets and kernel state, which is why the tools compose so well.",AUTHORED,
GB3_LNX_007,LINUX_ADMINISTRATION,LNX_C07_SERVICE,LNX_F07_WHAT_A_SERVICE_MANAGER_DOES,LNX_FAM07_SERVICES,LNX_RG_SERVICE,D1,REMEMBER,mcq,What does a service manager do for a long-running program?,Collects the logs it writes to disk,Limits how much memory it may use,Starts it at boot and restarts it on failure,Schedules it to run at set times,C,Starts it at boot and restarts it on failure,Lifecycle. A program started from a terminal dies with the terminal; a managed service does not.,AUTHORED,
GB3_LNX_008,LINUX_ADMINISTRATION,LNX_C08_ENV,LNX_F08_ENVIRONMENT_IS_INHERITED,LNX_FAM08_ENVIRONMENT,LNX_RG_ENV,D1,REMEMBER,mcq,Where does a process get its environment variables?,From the system configuration files,From whatever started it,From the service manager only,From the user’s login profile,B,From whatever started it,Inherited from the parent. That is why a variable set in your shell is invisible to a systemd service.,AUTHORED,
GB3_LNX_009,LINUX_ADMINISTRATION,LNX_C09_RESOURCES,LNX_F09_THE_FOUR_RESOURCES,LNX_FAM09_RESOURCES,LNX_RG_RESOURCES,D1,REMEMBER,mcq,Which resources should you check when a server is unwell?,"Processes, users, files and sockets","Services, logs, cron jobs and mounts","Load, uptime, swap and temperature","Processor, memory, disk and network",D,"Processor, memory, disk and network","Four questions, in that order. Almost every server problem is one of them being exhausted.",AUTHORED,
GB3_LNX_010,LINUX_ADMINISTRATION,LNX_C10_LOGS,LNX_F10_WHERE_LOGS_LIVE,LNX_FAM10_FINDING_LOGS,LNX_RG_LOGS,D1,REMEMBER,mcq,Where do system and service logs normally go?,To the directory the service runs from,To the system journal or a log directory,To a database the system maintains,To the home directory of the service user,B,To the system journal or a log directory,Knowing the two usual places is most of being able to investigate a server you have never seen.,AUTHORED,
GB3_LNX_011,LINUX_ADMINISTRATION,LNX_C11_DELETED_OPEN,LNX_F11_WHY_SPACE_NOT_FREED,LNX_FAM11_WHY_DELETION_DOES_NOT_FREE,LNX_RG_DELETED,D2,UNDERSTAND,mcq,You delete a large log file and the disk is still full. Why?,The filesystem needs to be remounted,The deletion has not yet been flushed,The file was moved rather than removed,A process still has the file open,D,A process still has the file open,The space is freed when the last handle closes. Restarting or truncating the file is what releases it.,AUTHORED,
GB3_LNX_012,LINUX_ADMINISTRATION,LNX_C02_PERMISSIONS,LNX_F12_WHY_PERMISSION_DENIED,LNX_FAM12_WHY_ACCESS_FAILS,LNX_RG_PERMISSIONS,D2,UNDERSTAND,mcq,Your application cannot read a file you can read yourself. Why?,The path is relative to another directory,The file is locked by another process,It runs as a different user than you,The file is on a read-only filesystem,C,It runs as a different user than you,The commonest deployment surprise. Your shell is you; the service is whatever user it was configured with.,AUTHORED,
GB3_LNX_013,LINUX_ADMINISTRATION,LNX_C12_MEMORY,LNX_F13_WHY_FREE_LOOKS_LOW,LNX_FAM13_WHY_MEMORY_LOOKS_FULL,LNX_RG_MEMORY,D2,UNDERSTAND,mcq,A healthy Linux server shows almost no free memory. Is that a problem?,No — unused memory is used for caching,"Yes, a process is leaking memory","Yes, it will start swapping shortly","No, but only if swap is available",A,No — unused memory is used for caching,"Free memory is wasted memory. The figure to watch is available, which includes reclaimable cache.",AUTHORED,
GB3_LNX_014,LINUX_ADMINISTRATION,LNX_C05_SIGNAL,LNX_F14_WHY_TWO_KILLS,LNX_FAM14_WHY_SIGNALS_DIFFER,LNX_RG_SIGNAL,D2,UNDERSTAND,mcq,Why is there a polite kill and a forceful one?,One is faster than the other to deliver,One requires higher privileges to send,"One can be handled, the other cannot","One applies to services, one to processes",C,"One can be handled, the other cannot",The polite one lets a process finish its work and close its files. The forceful one gives it no chance.,AUTHORED,
GB3_LNX_015,LINUX_ADMINISTRATION,LNX_C13_LOAD,LNX_F15_WHAT_LOAD_MEANS,LNX_FAM15_WHY_LOAD_IS_MISREAD,LNX_RG_LOAD,D2,UNDERSTAND,mcq,What does the load average actually measure?,The amount of memory being consumed,The number of requests being served,Processes running or waiting to run,The percentage of processor in use,C,Processes running or waiting to run,"And it includes processes waiting on disk, so high load with idle processors usually means I/O.",AUTHORED,
GB3_LNX_016,LINUX_ADMINISTRATION,LNX_C08_ENV,LNX_F16_WHY_IT_WORKED_IN_THE_SHELL,LNX_FAM16_WHY_ENVIRONMENT_DIFFERS,LNX_RG_ENV,D2,UNDERSTAND,mcq,A command works in your shell and fails as a scheduled job. What usually differs?,The user the command runs as,The directory the command starts in,"The environment, including the search path",The permissions on the files involved,C,"The environment, including the search path","Cron runs with a minimal environment. All four can differ, and the path is the one that catches everybody.",AUTHORED,
GB3_LNX_017,LINUX_ADMINISTRATION,LNX_C14_FILE_DESCRIPTORS,LNX_F17_WHY_LIMITS_EXIST,LNX_FAM17_WHY_HANDLES_RUN_OUT,LNX_RG_DESCRIPTORS,D2,UNDERSTAND,mcq,"Why can a server fail with ""too many open files"" while the disk is fine?",The directory has reached its capacity,Each process may hold a limited number,The filesystem has run out of entries,The system has run out of memory,B,Each process may hold a limited number,"Sockets count too, so a busy network service hits it long before anything to do with actual files.",AUTHORED,
GB3_LNX_018,LINUX_ADMINISTRATION,LNX_C15_OOM,LNX_F18_WHY_PROCESSES_VANISH,LNX_FAM18_WHY_THE_KERNEL_KILLS,LNX_RG_OOM,D2,UNDERSTAND,mcq,A process disappears with nothing in its own logs. What should you suspect?,The service manager stopped it on purpose,The process exited normally and quietly,The disk filled and it could not write,The kernel killed it to reclaim memory,D,The kernel killed it to reclaim memory,"The out-of-memory killer leaves nothing in the application log, because the application was not consulted.",AUTHORED,
GB3_LNX_019,LINUX_ADMINISTRATION,LNX_C16_PATHS,LNX_F19_WHY_RELATIVE_PATHS_BREAK,LNX_FAM19_WHY_WORKING_DIRECTORY_MATTERS,LNX_RG_PATHS,D2,UNDERSTAND,mcq,Why do relative paths often break in a deployed service?,The service user has a different home,The filesystem layout differs on the server,It starts in a different directory than you do,Relative paths are not allowed for services,C,It starts in a different directory than you do,"The working directory of a managed service is whatever its unit says, which is usually not where the code is.",AUTHORED,
GB3_LNX_020,LINUX_ADMINISTRATION,LNX_C17_ROTATION,LNX_F20_WHY_LOGS_MUST_ROTATE,LNX_FAM20_WHY_LOGS_FILL_DISKS,LNX_RG_ROTATION,D2,UNDERSTAND,mcq,Why is log rotation an operational necessity?,Large files are slower to write to,An unbounded log will eventually fill the disk,Old log entries stop being accurate,Log tools cannot read very large files,B,An unbounded log will eventually fill the disk,"And a full disk takes down everything on the box, not just the thing that was writing the log.",AUTHORED,
GB3_LNX_021,LINUX_ADMINISTRATION,LNX_C09_RESOURCES,LNX_F21_THE_ORDER_OF_CHECKS,LNX_FAM21_DIAGNOSTIC_ORDER,LNX_RG_RESOURCES,D3,APPLY,mcq,A server is slow and you have shell access. What do you establish first?,What the logs are reporting,Which service is misbehaving,What changed most recently,Which resource is saturated,D,Which resource is saturated,"Resource first, then owner, then cause. Reading logs before knowing what is exhausted is a slower route.",AUTHORED,
GB3_LNX_022,LINUX_ADMINISTRATION,LNX_C18_DISK_FULL,LNX_F22_FIND_THE_SPACE,LNX_FAM22_FINDING_DISK_USAGE,LNX_RG_DISK,D3,APPLY,mcq,The disk is full. How do you find what is using it?,Check the logs for large writes,List the largest files in the system,Look at what each service stores,Work down the tree by directory size,D,Work down the tree by directory size,Top-down by directory converges in three or four steps. Searching for large files misses many small ones.,AUTHORED,
GB3_LNX_023,LINUX_ADMINISTRATION,LNX_C11_DELETED_OPEN,LNX_F23_RECLAIM_THE_SPACE,LNX_FAM23_RECLAIMING_SPACE,LNX_RG_DELETED,D3,APPLY,mcq,A deleted file is still held open by a running service. How do you get the space back?,Delete the file a second time,Wait for the kernel to reclaim it,Remount the filesystem it was on,"Restart the service, or truncate the file",D,"Restart the service, or truncate the file","Truncating through the process’s own handle frees it without a restart, which matters during an incident.",AUTHORED,
GB3_LNX_024,LINUX_ADMINISTRATION,LNX_C19_PORT,LNX_F24_WHO_HAS_THE_PORT,LNX_FAM24_PORT_CONFLICTS,LNX_RG_PORT,D3,APPLY,mcq,A service will not start because its port is in use. What do you do?,Find which process is listening on it,Wait for the port to be released,Restart the machine to clear it,Change the service to another port,A,Find which process is listening on it,Usually an old instance that did not stop. Identify it before changing anything else.,AUTHORED,
GB3_LNX_025,LINUX_ADMINISTRATION,LNX_C02_PERMISSIONS,LNX_F25_FIX_IT_PROPERLY,LNX_FAM25_FIXING_PERMISSIONS,LNX_RG_PERMISSIONS,D3,APPLY,mcq,A service cannot write to its data directory. What is the right fix?,Run the service as the root user,Make the directory writable by everybody,Give the directory to the service’s user,Move the directory somewhere writable,C,Give the directory to the service’s user,"Ownership, not 777 and not root. Both of those work and both remove a boundary you wanted.",AUTHORED,
GB3_LNX_026,LINUX_ADMINISTRATION,LNX_C07_SERVICE,LNX_F26_CHECK_THE_SERVICE,LNX_FAM26_INSPECTING_A_SERVICE,LNX_RG_SERVICE,D3,APPLY,mcq,"A managed service is not running. What tells you most, fastest?",Whether the binary exists on disk,Its status and its recent log output,Whether the machine has been restarted,Whether the port is accepting traffic,B,Its status and its recent log output,Status gives the exit code and whether it is crash-looping; the log usually gives the reason.,AUTHORED,
GB3_LNX_027,LINUX_ADMINISTRATION,LNX_C20_TAIL,LNX_F27_WATCH_THE_LOG,LNX_FAM27_WATCHING_OUTPUT,LNX_RG_TAIL,D3,APPLY,mcq,You want to see what a service logs as you reproduce a problem. What do you do?,Read the log after reproducing it,Copy the log to your own machine,Follow the log while you trigger it,Increase the log level and restart,C,Follow the log while you trigger it,Following it live ties cause to effect. Reading afterwards means finding your event among everybody else’s.,AUTHORED,
GB3_LNX_028,LINUX_ADMINISTRATION,LNX_C21_SUDO,LNX_F28_LEAST_PRIVILEGE,LNX_FAM28_RUNNING_AS_THE_RIGHT_USER,LNX_RG_SUDO,D3,APPLY,mcq,What user should an application service run as?,The account of whoever deployed it,"The root user, so nothing is blocked",A shared account used by all services,A dedicated account with only its own access,D,A dedicated account with only its own access,"A compromise of the application then reaches only what that account can reach, which should be very little.",AUTHORED,
GB3_LNX_029,LINUX_ADMINISTRATION,LNX_C22_CRON,LNX_F29_SCHEDULED_JOB_SILENCE,LNX_FAM29_SCHEDULED_JOBS,LNX_RG_CRON,D3,APPLY,mcq,What must a scheduled job always do?,Log every step that it performs,Retry itself if it does not succeed,Report its failures somewhere a person sees,Run at a time when load is low,C,Report its failures somewhere a person sees,"A job failing silently for weeks is the classic operational blind spot, and nobody is watching for it.",AUTHORED,
GB3_LNX_030,LINUX_ADMINISTRATION,LNX_C23_CHANGE,LNX_F30_RECORD_WHAT_YOU_DO,LNX_FAM30_MAKING_CHANGES_SAFELY,LNX_RG_CHANGE,D3,APPLY,mcq,You fix a server by hand during an incident. What must follow?,Documenting the command you ran,Getting the change into the configuration,Telling the team what you changed,Verifying that the fix still works,B,Getting the change into the configuration,"Otherwise the next rebuild silently undoes it, and the incident recurs with nobody knowing why.",AUTHORED,
GB3_LNX_031,LINUX_ADMINISTRATION,LNX_C13_LOAD,LNX_F31_HIGH_LOAD_IDLE_CPU,LNX_FAM31_DIAGNOSE_HIGH_LOAD,LNX_RG_LOAD,D4,ANALYZE,mcq,Load average is 40 and the processors are mostly idle. What does that mean?,Processes are waiting on disk or network,The processors are being throttled,The load figure is being misreported,Too many processes have been started,A,Processes are waiting on disk or network,"Linux counts uninterruptible waits in the load figure, so high load with idle processors points at I/O.",AUTHORED,
GB3_LNX_032,LINUX_ADMINISTRATION,LNX_C15_OOM,LNX_F32_KILLED_NOT_CRASHED,LNX_FAM32_DIAGNOSE_A_DISAPPEARANCE,LNX_RG_OOM,D4,ANALYZE,mcq,A service dies nightly with no error and no stack trace. Where do you look?,The service manager’s restart policy,"The application log, at a higher level",The scheduled jobs running at that time,"The kernel log, for an out-of-memory kill",D,"The kernel log, for an out-of-memory kill",No trace because the process was not asked. The kernel log names what it killed and why.,AUTHORED,
GB3_LNX_033,LINUX_ADMINISTRATION,LNX_C18_DISK_FULL,LNX_F33_INODES_NOT_BYTES,LNX_FAM33_DIAGNOSE_A_STRANGE_DISK_FULL,LNX_RG_DISK,D4,ANALYZE,mcq,"Writes fail with ""no space left"" and the disk shows plenty free. What else can run out?",The open file handles available,The memory used to buffer writes,The entries that track individual files,The permissions on the directory,C,The entries that track individual files,Inodes. Millions of tiny files exhaust them while using barely any of the actual space.,AUTHORED,
GB3_LNX_034,LINUX_ADMINISTRATION,LNX_C14_FILE_DESCRIPTORS,LNX_F34_LEAKING_HANDLES,LNX_FAM34_DIAGNOSE_A_HANDLE_LEAK,LNX_RG_DESCRIPTORS,D4,ANALYZE,mcq,A service works after a restart and fails after a few days with file errors. What is likely?,It opens handles and never closes them,The network connections are timing out,The disk gradually fills with its data,The memory it uses grows over time,A,It opens handles and never closes them,"Works-then-degrades-then-restart-fixes-it is the signature of a leak, and handles is a common one.",AUTHORED,
GB3_LNX_035,LINUX_ADMINISTRATION,LNX_C02_PERMISSIONS,LNX_F35_777_APPLIED,LNX_FAM35_DIAGNOSE_A_BAD_FIX,LNX_RG_PERMISSIONS,D4,ANALYZE,mcq,Somebody fixed a permission error by making everything world-writable. What is the problem?,The service will still not be able to read,The files will be owned by the wrong user,The change will be undone on reboot,Any account on the box can now alter it,D,Any account on the box can now alter it,"It works, which is why it happens. It also removes exactly the boundary that was doing its job.",AUTHORED,
GB3_LNX_036,LINUX_ADMINISTRATION,LNX_C24_CLOCK,LNX_F36_TIME_DRIFT,LNX_FAM36_DIAGNOSE_TIME_PROBLEMS,LNX_RG_CLOCK,D4,ANALYZE,mcq,Authentication against another system began failing on one server only. What is worth checking?,Whether its clock has drifted,Whether its packages were updated,Whether its certificates expired,Whether its network route changed,A,Whether its clock has drifted,Token and certificate validation are time-sensitive. A few minutes of drift breaks them on that box alone.,AUTHORED,
GB3_LNX_037,LINUX_ADMINISTRATION,LNX_C08_ENV,LNX_F37_MISSING_VARIABLE,LNX_FAM37_DIAGNOSE_AN_ENVIRONMENT_GAP,LNX_RG_ENV,D4,ANALYZE,mcq,A deployed service behaves as though a configuration value is missing. What would you check?,Whether the service was restarted after,The file the value was supposed to be in,Whether the value was spelled correctly,The environment the service manager gives it,D,The environment the service manager gives it,All are worth checking. The service’s own environment is the one people assume matches their shell.,AUTHORED,
GB3_LNX_038,LINUX_ADMINISTRATION,LNX_C25_ZOMBIE,LNX_F38_PROCESSES_ACCUMULATING,LNX_FAM38_DIAGNOSE_PROCESS_BUILDUP,LNX_RG_ZOMBIE,D4,ANALYZE,mcq,The process count climbs steadily until the system stops accepting new ones. What is happening?,The processes are waiting on a shared lock,Something spawns processes and never reaps them,Each request is being handled by a process,The service manager restarts them too often,B,Something spawns processes and never reaps them,"A parent that never collects its children leaves entries behind, and the table is a finite resource.",AUTHORED,
GB3_LNX_039,LINUX_ADMINISTRATION,LNX_C17_ROTATION,LNX_F39_ROTATION_NOT_WORKING,LNX_FAM39_DIAGNOSE_A_FULL_DISK,LNX_RG_ROTATION,D4,ANALYZE,mcq,Logs are rotated nightly and the disk still filled up. What is a likely cause?,The rotation schedule did not run at all,The compressed archives were never removed,The service kept writing to the rotated file,The log volume grew faster than expected,C,The service kept writing to the rotated file,"All four happen. The first is the subtle one: without a signal to reopen, it writes to the renamed handle.",AUTHORED,
GB3_LNX_040,LINUX_ADMINISTRATION,LNX_C23_CHANGE,LNX_F40_CHANGE_LOST_ON_REBUILD,LNX_FAM40_DIAGNOSE_A_VANISHED_FIX,LNX_RG_CHANGE,D4,ANALYZE,mcq,A problem fixed last month has returned after the server was rebuilt. Why?,The underlying cause was never addressed,The fix was reverted by another engineer,The rebuild used an older configuration,The fix was made by hand and never captured,D,The fix was made by hand and never captured,Manual changes are invisible to the rebuild. Every hand fix has to make its way into the configuration.,AUTHORED,
GB3_LNX_041,LINUX_ADMINISTRATION,LNX_C26_AUTOMATION,LNX_F41_STOP_DOING_IT_BY_HAND,LNX_FAM41_JUDGING_AUTOMATION,LNX_RG_AUTOMATION,D5,EVALUATE,mcq,When should a manual server task become configuration?,When more than one person must do it,When the task becomes part of a process,When it takes longer than an hour by hand,As soon as it has to be done more than once,D,As soon as it has to be done more than once,The second time is where drift begins. After that no two servers are quite the same and nobody knows why.,AUTHORED,
GB3_LNX_042,LINUX_ADMINISTRATION,LNX_C27_DEBUG_STYLE,LNX_F42_FIND_OUT_DO_NOT_GUESS,LNX_FAM42_JUDGING_AN_APPROACH,LNX_RG_DEBUG_STYLE,D5,EVALUATE,mcq,What separates effective server debugging from ineffective?,Measuring before changing anything,Knowing more commands by heart,Reading every log from the beginning,Restarting things in the right order,A,Measuring before changing anything,Restart-and-hope sometimes works and teaches nothing. The commands can be looked up; the sequence cannot.,AUTHORED,
GB3_LNX_043,LINUX_ADMINISTRATION,LNX_C28_CATTLE,LNX_F43_REPLACE_NOT_REPAIR,LNX_FAM43_JUDGING_SERVER_LIFECYCLE,LNX_RG_CATTLE,D5,EVALUATE,mcq,A server has drifted from its intended state. What is usually best?,Document the differences and keep it,Compare it against a working server,Find each difference and correct it,Rebuild it from the known configuration,D,Rebuild it from the known configuration,Replacement is faster and leaves a server you can reason about. Repair leaves one you merely hope about.,AUTHORED,
GB3_LNX_044,LINUX_ADMINISTRATION,LNX_C21_SUDO,LNX_F44_WHEN_ROOT_IS_WRONG,LNX_FAM44_JUDGING_PRIVILEGE,LNX_RG_SUDO,D5,EVALUATE,mcq,Why is running everything as root a poor default?,Root is blocked by most systems now,Root cannot be audited properly,Any mistake or compromise is unbounded,Root is slower for most operations,C,Any mistake or compromise is unbounded,Both a typo and an exploit go as far as they possibly can. Limiting the account bounds both.,AUTHORED,
GB3_LNX_045,LINUX_ADMINISTRATION,LNX_C29_CONTAINERS,LNX_F45_STILL_NEED_THIS,LNX_FAM45_JUDGING_RELEVANCE,LNX_RG_CONTAINERS,D5,EVALUATE,mcq,Does using containers remove the need to understand Linux?,"No, but only for the people who deploy",No — a container is Linux processes and permissions,"Yes, except when building the base images","Yes, the platform handles the operating system",B,No — a container is Linux processes and permissions,"Every container question in this bank — signals, users, file handles — is a Linux question underneath.",AUTHORED,
GB3_LNX_046,LINUX_ADMINISTRATION,LNX_C30_INCIDENT,LNX_F46_RESTART_FIRST,LNX_FAM46_JUDGING_INCIDENT_ACTIONS,LNX_RG_INCIDENT,D5,EVALUATE,mcq,"During an outage, is restarting the service before investigating acceptable?","Yes, if you capture the state first","Yes, restarting is always the priority","No, unless the restart is automated","No, the cause must be found first",A,"Yes, if you capture the state first","Restore service, but take the logs and a snapshot of the state, or the cause goes with the restart.",AUTHORED,
GB3_LNX_047,LINUX_ADMINISTRATION,LNX_C26_AUTOMATION,LNX_F47_SCRIPTS_ARE_CODE,LNX_FAM47_JUDGING_SCRIPT_QUALITY,LNX_RG_AUTOMATION,D5,EVALUATE,mcq,How should an operations script be treated?,As a convenience nobody else will run,"As production code, reviewed and versioned",As a temporary tool to be discarded,As documentation of a manual process,B,"As production code, reviewed and versioned",A script that deletes the wrong directory does it faster than a person. It deserves the same care as any code.,AUTHORED,
GB3_LNX_048,LINUX_ADMINISTRATION,LNX_C31_CAPACITY,LNX_F48_WATCH_THE_TREND,LNX_FAM48_JUDGING_CAPACITY,LNX_RG_CAPACITY,D5,EVALUATE,mcq,What is more useful than knowing the disk is 60% full?,Knowing when it was last cleaned up,Knowing the total size of the disk,Knowing which files occupy the space,Knowing how fast that figure is rising,D,Knowing how fast that figure is rising,A rate gives you a date. A percentage only tells you where you are on a journey of unknown speed.,AUTHORED,
GB3_LNX_049,LINUX_ADMINISTRATION,LNX_C27_DEBUG_STYLE,LNX_F49_WRITE_IT_DOWN_AFTER,LNX_FAM49_JUDGING_THE_FOLLOW_UP,LNX_RG_DEBUG_STYLE,D5,EVALUATE,mcq,You solved an obscure server problem after two hours. What is worth ten more minutes?,Testing that it cannot recur,Adding an alert for that condition,Writing down how you found it,Explaining it to the whole team,C,Writing down how you found it,All four help. The write-up is what makes the next occurrence ten minutes instead of two hours.,AUTHORED,
GB3_LNX_050,LINUX_ADMINISTRATION,LNX_C09_RESOURCES,LNX_F50_THE_MODEL,LNX_FAM50_JUDGING_THE_WHOLE,LNX_RG_RESOURCES,D5,EVALUATE,mcq,What is worth learning here that outlasts any particular command?,The configuration of the service manager,The layout of the standard directories,The syntax of the most useful commands,"The model of processes, files and resources",D,"The model of processes, files and resources",Commands change between distributions and decades. The model explains every one of them.,AUTHORED,
GB3_DEP2_001,DEPENDENCY_MANAGEMENT,DPM_C01_WHAT,DPM_F01_WHAT_A_DEPENDENCY_IS,DPM_FAM01_DEFINITION,DPM_RG_WHAT,D1,REMEMBER,mcq,What are you taking on when you add a package?,"Its code, for as long as you use it","Its code, its bugs and its future changes",A tested solution to a known problem,A reduction in the code you maintain,B,"Its code, its bugs and its future changes","Adoption, not borrowing. Its advisories become your advisories on the day they are published.",AUTHORED,
GB3_DEP2_002,DEPENDENCY_MANAGEMENT,DPM_C02_LOCK,DPM_F02_WHAT_A_LOCK_FILE_IS,DPM_FAM02_LOCK_FILES,DPM_RG_LOCK,D1,REMEMBER,mcq,What does a lock file record?,The versions the project will accept,The exact versions that were installed,The packages the project depends on,The order the packages are loaded in,B,The exact versions that were installed,"Exact, including everything pulled in indirectly. The manifest says what you want; this says what you got.",AUTHORED,
GB3_DEP2_003,DEPENDENCY_MANAGEMENT,DPM_C03_TRANSITIVE,DPM_F03_INDIRECT_DEPENDENCIES,DPM_FAM03_TRANSITIVE,DPM_RG_TRANSITIVE,D1,REMEMBER,mcq,What is a transitive dependency?,One your dependencies brought with them,One that changes between installs,One that is optional to install,One used only during development,A,One your dependencies brought with them,Adding one package often installs eighty. You are responsible for all of them and chose only the first.,AUTHORED,
GB3_DEP2_004,DEPENDENCY_MANAGEMENT,DPM_C04_SEMVER,DPM_F04_WHAT_THE_NUMBERS_MEAN,DPM_FAM04_VERSION_NUMBERS,DPM_RG_SEMVER,D1,REMEMBER,mcq,"In semantic versioning, what does a change to the first number mean?",A change to the supported platforms,A significant new set of features,Something that may break your code,A rewrite of the whole package,C,Something that may break your code,"Major means breaking. It is a promise the maintainer makes, and one they sometimes get wrong.",AUTHORED,
GB3_DEP2_005,DEPENDENCY_MANAGEMENT,DPM_C05_PIN,DPM_F05_WHAT_PINNING_IS,DPM_FAM05_PINNING,DPM_RG_PIN,D1,REMEMBER,mcq,What does pinning a version achieve?,The package is checked for security,The same version installs every time,The package cannot be updated at all,The package is downloaded more quickly,B,The same version installs every time,"Predictability. Without it, two installs a week apart can produce two different applications.",AUTHORED,
GB3_DEP2_006,DEPENDENCY_MANAGEMENT,DPM_C06_DEV_DEPS,DPM_F06_WHY_SEPARATE,DPM_FAM06_DEV_VERSUS_RUNTIME,DPM_RG_DEV_DEPS,D1,REMEMBER,mcq,Why separate development dependencies from runtime ones?,Development ones change more frequently,Development ones are less trustworthy,Only the runtime ones ship to production,Runtime ones must be pinned exactly,C,Only the runtime ones ship to production,A smaller shipped set is a smaller attack surface and a smaller image. Test tools do not belong in production.,AUTHORED,
GB3_DEP2_007,DEPENDENCY_MANAGEMENT,DPM_C07_ADVISORY,DPM_F07_WHAT_AN_ADVISORY_IS,DPM_FAM07_ADVISORIES,DPM_RG_ADVISORY,D1,REMEMBER,mcq,What is a security advisory for a package?,"A published flaw, with versions affected",A warning that the package is outdated,A notice that the package is unmaintained,A recommendation to use an alternative,A,"A published flaw, with versions affected","Published means attackers have it too. The clock starts when it is announced, not when you read it.",AUTHORED,
GB3_DEP2_008,DEPENDENCY_MANAGEMENT,DPM_C08_INVENTORY,DPM_F08_KNOW_WHAT_YOU_SHIP,DPM_FAM08_INVENTORY,DPM_RG_INVENTORY,D1,REMEMBER,mcq,Why keep a list of everything your application includes?,To know how large the application will be,To check the licences are all compatible,To answer quickly whether an advisory affects you,To reduce the number of packages used,C,To answer quickly whether an advisory affects you,"When a serious flaw is announced, ""are we affected"" should take minutes rather than an afternoon.",AUTHORED,
GB3_DEP2_009,DEPENDENCY_MANAGEMENT,DPM_C09_LICENCE,DPM_F09_LICENCES_MATTER,DPM_FAM09_LICENSING,DPM_RG_LICENCE,D1,REMEMBER,mcq,Why does a package’s licence matter?,It determines whether it can be modified,It affects how the package is supported,It can place obligations on your own code,It decides whether it can be redistributed,C,It can place obligations on your own code,"Some require you to publish your source if you distribute. That is a business constraint, not a detail.",AUTHORED,
GB3_DEP2_010,DEPENDENCY_MANAGEMENT,DPM_C10_BUILD_OR_BUY,DPM_F10_THE_CHOICE,DPM_FAM10_ADOPT_OR_WRITE,DPM_RG_BUILD_BUY,D1,REMEMBER,mcq,What are you comparing when deciding whether to add a package?,The size of the package against your code,Writing it once against maintaining it forever,The quality of its code against your own,The time to install against the time to write,B,Writing it once against maintaining it forever,"A twenty-line utility is usually cheaper to write than to adopt, upgrade and audit for five years.",AUTHORED,
GB3_DEP2_011,DEPENDENCY_MANAGEMENT,DPM_C02_LOCK,DPM_F11_WHY_COMMIT_THE_LOCK,DPM_FAM11_WHY_LOCK_FILES_ARE_COMMITTED,DPM_RG_LOCK,D2,UNDERSTAND,mcq,Why is the lock file committed to the repository?,So the install runs more quickly,So the versions can be reviewed,So the manifest can stay flexible,So every machine builds the same thing,D,So every machine builds the same thing,"Without it, your laptop, the build server and production can each resolve a different set of versions.",AUTHORED,
GB3_DEP2_012,DEPENDENCY_MANAGEMENT,DPM_C11_NEVER_UPDATE,DPM_F12_WHY_STALENESS_COSTS,DPM_FAM12_WHY_NOT_UPDATING_HURTS,DPM_RG_STALE,D2,UNDERSTAND,mcq,Why is never updating dependencies a costly choice?,Known flaws accumulate and upgrades get harder,Old versions stop being downloadable,The team falls behind on new features,Newer versions run faster than old ones,A,Known flaws accumulate and upgrades get harder,Both halves compound. Four deferred upgrades become one project nobody can schedule.,AUTHORED,
GB3_DEP2_013,DEPENDENCY_MANAGEMENT,DPM_C12_ALWAYS_LATEST,DPM_F13_WHY_BLIND_UPDATES_HURT,DPM_FAM13_WHY_UPDATING_BLINDLY_HURTS,DPM_RG_LATEST,D2,UNDERSTAND,mcq,Why is always taking the newest version also risky?,You ship whatever was published last night,Updates take time away from features,Newer versions have more dependencies,The newest version is the least tested,A,You ship whatever was published last night,Including a compromised release. Several real supply-chain attacks worked exactly this way.,AUTHORED,
GB3_DEP2_014,DEPENDENCY_MANAGEMENT,DPM_C03_TRANSITIVE,DPM_F14_WHY_THE_TREE_MATTERS,DPM_FAM14_WHY_INDIRECT_ONES_COUNT,DPM_RG_TRANSITIVE,D2,UNDERSTAND,mcq,Why do indirect dependencies deserve the same attention as direct ones?,They are chosen by somebody else entirely,They are usually smaller and less tested,They are updated less often than direct ones,Their code runs with the same privileges,D,Their code runs with the same privileges,The runtime does not distinguish. A flaw eight levels deep runs in your process just the same.,AUTHORED,
GB3_DEP2_015,DEPENDENCY_MANAGEMENT,DPM_C04_SEMVER,DPM_F15_WHY_SEMVER_IS_A_PROMISE,DPM_FAM15_WHY_VERSIONS_CAN_MISLEAD,DPM_RG_SEMVER,D2,UNDERSTAND,mcq,Why can a patch release still break your build?,"The versioning is a convention, not a guarantee",Your code may depend on the old bug,Patch releases may add new features,The package manager resolves it differently,A,"The versioning is a convention, not a guarantee",Both the first and third happen. The version number is the maintainer’s opinion about their own change.,AUTHORED,
GB3_DEP2_016,DEPENDENCY_MANAGEMENT,DPM_C13_SUPPLY_CHAIN,DPM_F16_WHY_IT_IS_AN_ATTACK_ROUTE,DPM_FAM16_WHY_PACKAGES_ARE_TARGETED,DPM_RG_SUPPLY_CHAIN,D2,UNDERSTAND,mcq,Why are package registries an attractive target?,One package reaches thousands of applications,Registries have weaker security than companies,Package code is rarely reviewed by anybody,Packages are installed with full privileges,A,One package reaches thousands of applications,Leverage. Compromising one popular package is worth more than compromising any single company.,AUTHORED,
GB3_DEP2_017,DEPENDENCY_MANAGEMENT,DPM_C14_ABANDONED,DPM_F17_WHY_MAINTENANCE_MATTERS,DPM_FAM17_WHY_ACTIVE_MAINTENANCE_MATTERS,DPM_RG_ABANDONED,D2,UNDERSTAND,mcq,Why does it matter whether a package is still maintained?,It will become slower over time,Nobody will fix its next security flaw,It will stop working with new versions,It will be removed from the registry,B,Nobody will fix its next security flaw,"An unmaintained package with an advisory leaves you forking it, replacing it, or shipping the flaw.",AUTHORED,
GB3_DEP2_018,DEPENDENCY_MANAGEMENT,DPM_C15_TRIVIAL,DPM_F18_WHY_SMALL_PACKAGES_COST,DPM_FAM18_WHY_TINY_DEPENDENCIES_ARE_NOT_FREE,DPM_RG_TRIVIAL,D2,UNDERSTAND,mcq,Why is a package containing five lines of code not free?,It is more likely to be unmaintained,It will be larger once installed than expected,It carries the same ongoing overhead as a large one,It cannot be audited as easily as your own,C,It carries the same ongoing overhead as a large one,"Advisories, upgrades, licence checks, an entry in the tree. The overhead is per package, not per line.",AUTHORED,
GB3_DEP2_019,DEPENDENCY_MANAGEMENT,DPM_C16_VERSION_CONFLICT,DPM_F19_WHY_CONFLICTS_HAPPEN,DPM_FAM19_WHY_VERSIONS_CLASH,DPM_RG_CONFLICT,D2,UNDERSTAND,mcq,Why can two packages be impossible to install together?,They provide the same functionality twice,They need incompatible versions of a third,They were built for different platforms,They use incompatible licence terms,B,They need incompatible versions of a third,"The diamond problem. Some ecosystems allow two copies to coexist and some cannot, which decides how bad it is.",AUTHORED,
GB3_DEP2_020,DEPENDENCY_MANAGEMENT,DPM_C17_REPRODUCIBLE,DPM_F20_WHY_CI_MUST_USE_THE_LOCK,DPM_FAM20_WHY_THE_BUILD_MUST_MATCH,DPM_RG_REPRODUCIBLE,D2,UNDERSTAND,mcq,Why should a build install strictly from the lock file?,Otherwise the cache cannot be reused,Otherwise the manifest becomes inaccurate,Otherwise the install takes much longer,Otherwise it is not testing what you will ship,D,Otherwise it is not testing what you will ship,A build that resolves fresh versions has tested a different application from the one being deployed.,AUTHORED,
GB3_DEP2_021,DEPENDENCY_MANAGEMENT,DPM_C18_POLICY,DPM_F21_PIN_AND_SCAN,DPM_FAM21_SETTING_A_POLICY,DPM_RG_POLICY,D3,APPLY,mcq,What combination keeps dependencies stable and safe?,Flexible ranges with a weekly update,Flexible ranges with a stable registry,Pinned versions plus regular advisory checks,Pinned versions reviewed once a year,C,Pinned versions plus regular advisory checks,Pinning stops surprises; scanning stops the pin quietly becoming a known hole you are choosing to keep.,AUTHORED,
GB3_DEP2_022,DEPENDENCY_MANAGEMENT,DPM_C19_EVALUATE,DPM_F22_WHAT_TO_CHECK_BEFORE_ADDING,DPM_FAM22_EVALUATING_A_PACKAGE,DPM_RG_EVALUATE,D3,APPLY,mcq,What should you check before adopting a package?,"Whether it is maintained, and what it pulls in",Whether it is popular on the registry,Whether it has the features you need,Whether its documentation is complete,A,"Whether it is maintained, and what it pulls in","Recent commits, open advisories, and the size of the tree it brings. Popularity is weak evidence of all three.",AUTHORED,
GB3_DEP2_023,DEPENDENCY_MANAGEMENT,DPM_C20_UPGRADE,DPM_F23_UPGRADE_IN_SMALL_STEPS,DPM_FAM23_UPGRADING,DPM_RG_UPGRADE,D3,APPLY,mcq,How should a large set of outdated packages be brought current?,"A few at a time, testing in between",In order of how far behind they are,Only the ones with known advisories,"All at once, then fix what breaks",A,"A few at a time, testing in between",Updating forty packages at once means any failure has forty suspects. Small batches keep the cause obvious.,AUTHORED,
GB3_DEP2_024,DEPENDENCY_MANAGEMENT,DPM_C21_AUTOMATION,DPM_F24_AUTOMATED_UPDATES,DPM_FAM24_AUTOMATING_UPDATES,DPM_RG_AUTOMATION,D3,APPLY,mcq,What makes automated dependency updates safe to accept?,A test suite you trust to catch breakage,A review of every proposed change,A delay before the update is merged,A rule that only patches are accepted,A,A test suite you trust to catch breakage,"Without tests, automated updates are automated risk. With them, most of this work stops being work.",AUTHORED,
GB3_DEP2_025,DEPENDENCY_MANAGEMENT,DPM_C07_ADVISORY,DPM_F25_RESPOND_TO_AN_ADVISORY,DPM_FAM25_RESPONDING_TO_ADVISORIES,DPM_RG_ADVISORY,D3,APPLY,mcq,A critical advisory is published for a package you use. What do you establish first?,How long the flaw has been present,Which other packages depend on it,Whether a patched version exists,Whether your usage reaches the flawed code,D,Whether your usage reaches the flawed code,"Many advisories affect a function you never call. Reachability decides between ""tonight"" and ""next sprint"".",AUTHORED,
GB3_DEP2_026,DEPENDENCY_MANAGEMENT,DPM_C10_BUILD_OR_BUY,DPM_F26_WRITE_IT_YOURSELF,DPM_FAM26_CHOOSING_NOT_TO_ADOPT,DPM_RG_BUILD_BUY,D3,APPLY,mcq,You need a function that formats a date one particular way. What is usually right?,Add a small formatting package,Write the few lines yourself,Add the largest date library,Copy the code from a package,B,Write the few lines yourself,Trivial and stable is where writing wins. Time zones and calendars are where a library earns its place.,AUTHORED,
GB3_DEP2_027,DEPENDENCY_MANAGEMENT,DPM_C14_ABANDONED,DPM_F27_WHAT_TO_DO_ABOUT_IT,DPM_FAM27_HANDLING_ABANDONMENT,DPM_RG_ABANDONED,D3,APPLY,mcq,A dependency has had no commits for three years. What should you do?,Remove it and write the code inline,Plan a replacement before you are forced to,Fork it and maintain it yourself now,Keep it until something actually breaks,B,Plan a replacement before you are forced to,Migrating on your own schedule is far cheaper than migrating during an unpatched critical advisory.,AUTHORED,
GB3_DEP2_028,DEPENDENCY_MANAGEMENT,DPM_C22_ISOLATE,DPM_F28_WRAP_IT,DPM_FAM28_CONTAINING_A_DEPENDENCY,DPM_RG_ISOLATE,D3,APPLY,mcq,How do you make a dependency cheap to replace later?,Limit it to one part of the system,Use it behind an interface of your own,Document everywhere it is used,Pin it to a single fixed version,B,Use it behind an interface of your own,The same reasoning as keeping a framework at the edge. Replacing it then touches one file rather than ninety.,AUTHORED,
GB3_DEP2_029,DEPENDENCY_MANAGEMENT,DPM_C23_PRUNE,DPM_F29_REMOVE_UNUSED,DPM_FAM29_REMOVING_DEPENDENCIES,DPM_RG_PRUNE,D3,APPLY,mcq,Why remove a package nothing imports any more?,It still carries advisories and upgrade work,It confuses new members of the team,It makes the install slower than needed,It takes up space in the repository,A,It still carries advisories and upgrade work,You are doing maintenance work for code you do not run. Removal is one of the cheapest wins available.,AUTHORED,
GB3_DEP2_030,DEPENDENCY_MANAGEMENT,DPM_C13_SUPPLY_CHAIN,DPM_F30_VERIFY_WHAT_YOU_INSTALL,DPM_FAM30_PROTECTING_THE_SUPPLY_CHAIN,DPM_RG_SUPPLY_CHAIN,D3,APPLY,mcq,What reduces the risk of a compromised package reaching production?,Installing packages as a limited user,Installing from a mirror of the registry,Installing only what the lock file records,Reviewing the code of each package,C,Installing only what the lock file records,"The lock file records integrity hashes, so a substituted package fails the install rather than shipping.",AUTHORED,
GB3_DEP2_031,DEPENDENCY_MANAGEMENT,DPM_C02_LOCK,DPM_F31_WORKS_ON_ONE_MACHINE,DPM_FAM31_DIAGNOSE_A_VERSION_DIFFERENCE,DPM_RG_LOCK,D4,ANALYZE,mcq,A build passes on one developer’s machine and fails on another. What would you check?,Whether both pulled the latest code,Whether both are on the same platform,Whether both have the same tools installed,Whether both installed from the lock file,D,Whether both installed from the lock file,"All are possible. Different resolved versions is the one that produces a confusing, intermittent difference.",AUTHORED,
GB3_DEP2_032,DEPENDENCY_MANAGEMENT,DPM_C11_NEVER_UPDATE,DPM_F32_UPGRADE_IS_NOW_A_PROJECT,DPM_FAM32_DIAGNOSE_ACCUMULATED_STALENESS,DPM_RG_STALE,D4,ANALYZE,mcq,A framework is four major versions behind and the upgrade needs a quarter. How did it get here?,The framework released breaking changes too fast,Each individual upgrade was deferred as optional,The upgrades were blocked by other packages,The team lacked the expertise to upgrade it,B,Each individual upgrade was deferred as optional,Four manageable upgrades compounded into one nobody can fit into a sprint. A classic deferred cost.,AUTHORED,
GB3_DEP2_033,DEPENDENCY_MANAGEMENT,DPM_C16_VERSION_CONFLICT,DPM_F33_CANNOT_RESOLVE,DPM_FAM33_DIAGNOSE_A_CONFLICT,DPM_RG_CONFLICT,D4,ANALYZE,mcq,Adding a new package makes the install fail to resolve. What is happening?,The lock file has become corrupted,Two packages need incompatible versions of one,The package manager needs upgrading,The new package is not on the registry,B,Two packages need incompatible versions of one,The resolver cannot satisfy both constraints. Usually one of the two must be upgraded or replaced.,AUTHORED,
GB3_DEP2_034,DEPENDENCY_MANAGEMENT,DPM_C12_ALWAYS_LATEST,DPM_F34_BROKE_OVERNIGHT,DPM_FAM34_DIAGNOSE_AN_UNEXPECTED_CHANGE,DPM_RG_LATEST,D4,ANALYZE,mcq,A build that passed yesterday fails today with no code change. What should you suspect?,The build machine was reconfigured,A dependency resolved to a new version,The registry is returning errors,A test became flaky over time,B,A dependency resolved to a new version,Only possible if something is unpinned. It is also the strongest argument for committing the lock file.,AUTHORED,
GB3_DEP2_035,DEPENDENCY_MANAGEMENT,DPM_C03_TRANSITIVE,DPM_F35_FLAW_DEEP_IN_THE_TREE,DPM_FAM35_DIAGNOSE_AN_INDIRECT_FLAW,DPM_RG_TRANSITIVE,D4,ANALYZE,mcq,A scanner reports a flaw in a package you never installed directly. What do you do?,"Ignore it, since you did not add it",Install a patched version directly,Find which dependency pulls it in,Remove the scanner’s false positive,C,Find which dependency pulls it in,Either upgrade the parent or override the version. Ignoring it is choosing to ship a known flaw.,AUTHORED,
GB3_DEP2_036,DEPENDENCY_MANAGEMENT,DPM_C24_BLOAT,DPM_F36_ENORMOUS_TREE,DPM_FAM36_DIAGNOSE_TREE_SIZE,DPM_RG_BLOAT,D4,ANALYZE,mcq,A project with twelve direct dependencies installs nine hundred packages. What does that mean?,The direct dependencies are poorly chosen,The lock file has grown out of date,You are responsible for nine hundred packages,The package manager is installing duplicates,C,You are responsible for nine hundred packages,Every one of them runs in your process and appears in your advisory reports. You chose twelve of them.,AUTHORED,
GB3_DEP2_037,DEPENDENCY_MANAGEMENT,DPM_C09_LICENCE,DPM_F37_LICENCE_SURPRISE,DPM_FAM37_DIAGNOSE_A_LICENCE_PROBLEM,DPM_RG_LICENCE,D4,ANALYZE,mcq,Legal blocks a release over a package licence nobody had reviewed. When should this have surfaced?,When the product was first designed,When the package was last upgraded,During the release review process,"Automatically, when it was first added",D,"Automatically, when it was first added","A licence check in the pipeline catches it in the pull request, when removing it costs an hour.",AUTHORED,
GB3_DEP2_038,DEPENDENCY_MANAGEMENT,DPM_C25_INSTALL_SCRIPTS,DPM_F38_CODE_RUNS_ON_INSTALL,DPM_FAM38_DIAGNOSE_INSTALL_TIME_RISK,DPM_RG_INSTALL,D4,ANALYZE,mcq,Why is installing a package already a security event in some ecosystems?,Packages are resolved from a public registry,Packages can run scripts during installation,Packages are written to your filesystem,Packages are downloaded over the network,B,Packages can run scripts during installation,The malicious code does not wait to be imported. It runs on your machine or your build server at install.,AUTHORED,
GB3_DEP2_039,DEPENDENCY_MANAGEMENT,DPM_C26_TYPO,DPM_F39_WRONG_NAME,DPM_FAM39_DIAGNOSE_A_NAME_ATTACK,DPM_RG_TYPO,D4,ANALYZE,mcq,A package with a name one letter different from a popular one appears in your tree. What is it?,Probably a deliberately misnamed attack,Probably a fork by another maintainer,Probably an older name for the same thing,Probably a mirror of the real package,A,Probably a deliberately misnamed attack,"Typosquatting. It relies on a single mistyped install, and by then the install script has already run.",AUTHORED,
GB3_DEP2_040,DEPENDENCY_MANAGEMENT,DPM_C27_IGNORED_SCANNER,DPM_F40_ALERTS_IGNORED,DPM_FAM40_DIAGNOSE_IGNORED_WARNINGS,DPM_RG_IGNORED,D4,ANALYZE,mcq,A team has four hundred open dependency alerts and reads none of them. What went wrong?,The team has too many dependencies,The alerts were sent to the wrong place,The scanner was configured too sensitively,Nothing separated the urgent from the noise,D,Nothing separated the urgent from the noise,"Same failure as any noisy channel. Filter by reachability and severity, or the whole signal is lost.",AUTHORED,
GB3_DEP2_041,DEPENDENCY_MANAGEMENT,DPM_C10_BUILD_OR_BUY,DPM_F41_WHEN_TO_ADOPT,DPM_FAM41_JUDGING_ADOPTION,DPM_RG_BUILD_BUY,D5,EVALUATE,mcq,When is adding a dependency clearly the right call?,When the problem is deep and easy to get wrong,When the package saves a day of writing,When the team lacks time to write it,When the package is widely used already,A,When the problem is deep and easy to get wrong,"Cryptography, time zones, parsers. Where the domain is full of traps, somebody else’s decade of bug fixes wins.",AUTHORED,
GB3_DEP2_042,DEPENDENCY_MANAGEMENT,DPM_C28_RESPONSIBILITY,DPM_F42_IT_IS_YOUR_CODE_NOW,DPM_FAM42_JUDGING_OWNERSHIP,DPM_RG_RESPONSIBILITY,D5,EVALUATE,mcq,A dependency causes an outage in your product. Whose problem is it?,"The maintainer’s, who wrote the flaw",Shared between you and the maintainer,"The registry’s, for distributing it",Yours — you chose to ship it,D,Yours — you chose to ship it,Your customers have no relationship with an unpaid maintainer. Adopting it made it yours.,AUTHORED,
GB3_DEP2_043,DEPENDENCY_MANAGEMENT,DPM_C20_UPGRADE,DPM_F43_HOW_OFTEN,DPM_FAM43_JUDGING_UPGRADE_CADENCE,DPM_RG_UPGRADE,D5,EVALUATE,mcq,How often should a project update its dependencies?,Whenever an advisory forces the issue,Whenever a new version is published,Often enough that each update stays small,"Once per release cycle, in a batch",C,Often enough that each update stays small,Frequency is chosen to keep the individual upgrade cheap. That is the only variable you actually control.,AUTHORED,
GB3_DEP2_044,DEPENDENCY_MANAGEMENT,DPM_C24_BLOAT,DPM_F44_FEWER_IS_BETTER,DPM_FAM44_JUDGING_TREE_SIZE,DPM_RG_BLOAT,D5,EVALUATE,mcq,Why is a smaller dependency tree worth something on its own?,Smaller applications when deployed,Faster installation on every machine,Fewer conflicts between the versions,"Less to audit, upgrade and be exposed by",D,"Less to audit, upgrade and be exposed by",All four are real; the first is the one that recurs every month for as long as the project exists.,AUTHORED,
GB3_DEP2_045,DEPENDENCY_MANAGEMENT,DPM_C07_ADVISORY,DPM_F45_HOW_URGENT,DPM_FAM45_JUDGING_URGENCY,DPM_RG_ADVISORY,D5,EVALUATE,mcq,What makes one advisory more urgent than another with the same severity?,How widely the package is used,Whether an attacker can actually reach it,How many packages depend on it,How long the flaw has been public,B,Whether an attacker can actually reach it,A critical flaw in a function you never call is lower priority than a moderate one on your login path.,AUTHORED,
GB3_DEP2_046,DEPENDENCY_MANAGEMENT,DPM_C29_FORK,DPM_F46_WHEN_TO_FORK,DPM_FAM46_JUDGING_A_FORK,DPM_RG_FORK,D5,EVALUATE,mcq,When is forking an abandoned dependency the right answer?,When replacing it costs more than maintaining it,When the maintainer refuses your changes,When you need a feature it does not have,When it has an unpatched security flaw,A,When replacing it costs more than maintaining it,A fork is a permanent commitment to maintain somebody else’s code. Occasionally still the cheapest option.,AUTHORED,
GB3_DEP2_047,DEPENDENCY_MANAGEMENT,DPM_C21_AUTOMATION,DPM_F47_AUTOMATION_NEEDS_TRUST,DPM_FAM47_JUDGING_AUTOMATION,DPM_RG_AUTOMATION,D5,EVALUATE,mcq,What must exist before automated dependency updates are a good idea?,A reviewer assigned to each update,A test suite the team actually believes,A schedule for when they are merged,A policy on which updates to accept,B,A test suite the team actually believes,"Without it, automation converts a manual risk into a continuous one that nobody is looking at.",AUTHORED,
GB3_DEP2_048,DEPENDENCY_MANAGEMENT,DPM_C22_ISOLATE,DPM_F48_WHICH_TO_WRAP,DPM_FAM48_JUDGING_ISOLATION,DPM_RG_ISOLATE,D5,EVALUATE,mcq,Which dependencies are worth hiding behind your own interface?,The ones you might realistically replace,The ones used in the most places,The ones with the largest trees,The ones least likely to be maintained,A,The ones you might realistically replace,Wrapping everything is its own cost. Wrap what is plausibly temporary; use the rest directly.,AUTHORED,
GB3_DEP2_049,DEPENDENCY_MANAGEMENT,DPM_C13_SUPPLY_CHAIN,DPM_F49_HOW_MUCH_PARANOIA,DPM_FAM49_JUDGING_SUPPLY_CHAIN_EFFORT,DPM_RG_SUPPLY_CHAIN,D5,EVALUATE,mcq,How much supply-chain protection is proportionate?,As much as the tooling makes convenient,As much as the largest companies use,Enough to satisfy the audit requirements,Enough for what your application can reach,D,Enough for what your application can reach,A build that can deploy to production deserves more care than a static site generator.,AUTHORED,
GB3_DEP2_050,DEPENDENCY_MANAGEMENT,DPM_C01_WHAT,DPM_F50_THE_QUESTION,DPM_FAM50_JUDGING_THE_WHOLE,DPM_RG_WHAT,D5,EVALUATE,mcq,What question should be asked before every `install` command?,Am I willing to own this for years,Does this do everything I need,Is this the most popular option,Is there a smaller alternative,A,Am I willing to own this for years,"The install takes four seconds. The ownership lasts as long as the product, and that is the actual decision.",AUTHORED,
GB3_PRD_001,PRODUCTION_ENGINEERING,PRD_C01_PRIORITY,PRD_F01_RESTORE_FIRST,PRD_FAM01_INCIDENT_PRIORITY,PRD_RG_PRIORITY,D1,REMEMBER,mcq,What comes first during an outage?,Telling the customers what happened,Finding out what caused the failure,Recording the state for later analysis,Getting the service working again,D,Getting the service working again,"Restore, then investigate. The diagnosis is more interesting and the users are waiting for the service.",AUTHORED,
GB3_PRD_002,PRODUCTION_ENGINEERING,PRD_C02_ONCALL,PRD_F02_WHAT_ONCALL_IS,PRD_FAM02_ON_CALL,PRD_RG_ONCALL,D1,REMEMBER,mcq,What is the purpose of an on-call rota?,Alerts are seen within working hours,Somebody is always able to respond,The work is shared out evenly,Each service has an owner assigned,B,Somebody is always able to respond,"A known person who can act. Without one, an alert at 2am waits until somebody happens to look.",AUTHORED,
GB3_PRD_003,PRODUCTION_ENGINEERING,PRD_C03_RUNBOOK,PRD_F03_WHAT_A_RUNBOOK_IS,PRD_FAM03_RUNBOOKS,PRD_RG_RUNBOOK,D1,REMEMBER,mcq,What does a runbook give the person responding?,A description of how the system works,What to check and what to do about it,A record of previous similar incidents,A list of who else can be contacted,B,What to check and what to do about it,Written for somebody half awake who has never seen this service. That is the standard it must meet.,AUTHORED,
GB3_PRD_004,PRODUCTION_ENGINEERING,PRD_C04_POSTMORTEM,PRD_F04_WHAT_IT_IS_FOR,PRD_FAM04_POSTMORTEMS,PRD_RG_POSTMORTEM,D1,REMEMBER,mcq,What is an incident review for?,Establishing who made the mistake,Recording the timeline for the record,Reporting the impact to the business,Finding what in the system allowed it,D,Finding what in the system allowed it,"The system, not the person. A review that names a culprit has usually stopped before the useful part.",AUTHORED,
GB3_PRD_005,PRODUCTION_ENGINEERING,PRD_C05_BLAMELESS,PRD_F05_WHY_NO_BLAME,PRD_FAM05_BLAMELESSNESS,PRD_RG_BLAMELESS,D1,REMEMBER,mcq,Why are incident reviews conducted without blame?,Mistakes are rarely anybody’s fault,Blame is unpleasant for the team,"Blame reduces reporting, not mistakes",The cause is usually a technical one,C,"Blame reduces reporting, not mistakes",A practical technique rather than a kindness. Punished teams hide problems and the gap stays open.,AUTHORED,
GB3_PRD_006,PRODUCTION_ENGINEERING,PRD_C06_SEVERITY,PRD_F06_WHY_CLASSIFY,PRD_FAM06_SEVERITY,PRD_RG_SEVERITY,D1,REMEMBER,mcq,Why classify an incident’s severity early?,It determines what the review will cover,It decides who is involved and how fast,It records the impact for reporting,It tells the customers what to expect,B,It decides who is involved and how fast,Severity is a routing decision. Everything that happens next depends on getting it roughly right quickly.,AUTHORED,
GB3_PRD_007,PRODUCTION_ENGINEERING,PRD_C07_COMMS,PRD_F07_TELL_PEOPLE,PRD_FAM07_COMMUNICATION,PRD_RG_COMMS,D1,REMEMBER,mcq,"During an incident, who should be updating the people affected?","Nobody, until it has been resolved",Somebody who is not fixing it,Whoever noticed the problem first,The engineer doing the investigation,B,Somebody who is not fixing it,"Separating the roles keeps the person fixing it fixing it, and keeps the updates flowing.",AUTHORED,
GB3_PRD_008,PRODUCTION_ENGINEERING,PRD_C08_TOIL,PRD_F08_WHAT_TOIL_IS,PRD_FAM08_TOIL,PRD_RG_TOIL,D1,REMEMBER,mcq,What is toil in an operations context?,Work that takes longer than expected,Work nobody on the team wants to do,Work that happens outside office hours,Manual repeated work that could be automated,D,Manual repeated work that could be automated,"It grows with the system rather than with the value delivered, which is why it has its own name.",AUTHORED,
GB3_PRD_009,PRODUCTION_ENGINEERING,PRD_C09_CHANGE,PRD_F09_MOST_INCIDENTS_FOLLOW_CHANGE,PRD_FAM09_CHANGE_AS_CAUSE,PRD_RG_CHANGE,D1,REMEMBER,mcq,What causes most production incidents?,An external service going down,Hardware failing unexpectedly,Traffic exceeding the capacity,A change that was recently made,D,A change that was recently made,"Which is why ""what changed?"" is the first diagnostic question, and why deploy markers are worth having.",AUTHORED,
GB3_PRD_010,PRODUCTION_ENGINEERING,PRD_C10_BACKUP,PRD_F10_UNTESTED_BACKUP,PRD_FAM10_BACKUPS,PRD_RG_BACKUP,D1,REMEMBER,mcq,What is an untested backup?,A slow but reliable last resort,A reasonable precaution to have,"A hope, rather than a recovery plan",A requirement for most compliance,C,"A hope, rather than a recovery plan","Backups that have never been restored fail at restore time surprisingly often, and always at the worst moment.",AUTHORED,
GB3_PRD_011,PRODUCTION_ENGINEERING,PRD_C01_PRIORITY,PRD_F11_WHY_RESTORE_FIRST,PRD_FAM11_WHY_SERVICE_BEFORE_CAUSE,PRD_RG_PRIORITY,D2,UNDERSTAND,mcq,Why is understanding the cause not the first priority?,The users are affected for the whole investigation,The cause may never be fully determined,The cause is usually obvious afterwards,The investigation needs a calm environment,A,The users are affected for the whole investigation,"Every minute of diagnosis is a minute of outage. Capture what you need, restore, then take your time.",AUTHORED,
GB3_PRD_012,PRODUCTION_ENGINEERING,PRD_C05_BLAMELESS,PRD_F12_WHY_BLAME_BACKFIRES,PRD_FAM12_WHY_BLAME_HIDES_PROBLEMS,PRD_RG_BLAMELESS,D2,UNDERSTAND,mcq,What happens to a team that punishes those who cause incidents?,The incident rate falls significantly,Problems get hidden rather than reported,People become more careful over time,The reviews become shorter and clearer,B,Problems get hidden rather than reported,"You lose the near-misses, which are the cheapest information about the failure you have not had yet.",AUTHORED,
GB3_PRD_013,PRODUCTION_ENGINEERING,PRD_C11_HUMAN_ERROR,PRD_F13_WHY_NOT_A_ROOT_CAUSE,PRD_FAM13_WHY_HUMAN_ERROR_EXPLAINS_NOTHING,PRD_RG_HUMAN_ERROR,D2,UNDERSTAND,mcq,"Why is ""human error"" a poor conclusion for a review?",It stops before asking what allowed it,It suggests the person was careless,It is rarely the actual explanation,It cannot be acted on by the business,A,It stops before asking what allowed it,"The useful question is why one mistyped command could do that at all, and what now prevents it.",AUTHORED,
GB3_PRD_014,PRODUCTION_ENGINEERING,PRD_C03_RUNBOOK,PRD_F14_WHY_WRITTEN_DOWN,PRD_FAM14_WHY_RUNBOOKS_MATTER,PRD_RG_RUNBOOK,D2,UNDERSTAND,mcq,Why does knowledge in one engineer’s head not count?,They cannot explain it under pressure,They may remember it incorrectly,They may leave the company later,They will be unavailable when it matters,D,They will be unavailable when it matters,"Asleep, on holiday, or the one on call is somebody else. Undocumented knowledge is unavailable knowledge.",AUTHORED,
GB3_PRD_015,PRODUCTION_ENGINEERING,PRD_C08_TOIL,PRD_F15_WHY_TOIL_IS_DANGEROUS,PRD_FAM15_WHY_MANUAL_WORK_SCALES_BADLY,PRD_RG_TOIL,D2,UNDERSTAND,mcq,Why does manual operational work become a problem?,It is far more error-prone than automation is,It costs more in engineering salary,It is unpleasant and reduces morale,It grows with the system and crowds out improvement,D,It grows with the system and crowds out improvement,All four are true. The first is the one that traps a team: no capacity left to remove the work.,AUTHORED,
GB3_PRD_016,PRODUCTION_ENGINEERING,PRD_C09_CHANGE,PRD_F16_WHY_ASK_WHAT_CHANGED,PRD_FAM16_WHY_CHANGE_IS_THE_FIRST_SUSPECT,PRD_RG_CHANGE,D2,UNDERSTAND,mcq,"Why is ""what changed?"" the most efficient first question?",Changes are the easiest thing to reverse,Changes are always recorded somewhere,A system that worked yesterday was altered,Changes are the only controllable factor,C,A system that worked yesterday was altered,"Deploys, configuration, feature flags, dependencies, data volume. Something moved, and that is where to look.",AUTHORED,
GB3_PRD_017,PRODUCTION_ENGINEERING,PRD_C12_RECOVERY_TIME,PRD_F17_WHY_MTTR_MATTERS,PRD_FAM17_WHY_RECOVERY_IS_THE_LEVER,PRD_RG_RECOVERY,D2,UNDERSTAND,mcq,Why do mature teams focus on recovery time more than failure rate?,Recovery time is easier to measure reliably,Failure rate depends on factors outside control,Failures cannot be eliminated but can be made brief,Users only notice outages that last a while,C,Failures cannot be eliminated but can be made brief,You can halve the cost of a failure far more reliably than you can halve how often one happens.,AUTHORED,
GB3_PRD_018,PRODUCTION_ENGINEERING,PRD_C13_DRILLS,PRD_F18_WHY_PRACTISE,PRD_FAM18_WHY_REHEARSAL_HELPS,PRD_RG_DRILLS,D2,UNDERSTAND,mcq,Why practise failure deliberately?,It finds bugs that testing cannot reach,It demonstrates the system is reliable,It keeps the team’s skills current,The first attempt should not be during an outage,D,The first attempt should not be during an outage,"Failover, restore and rollback are all procedures. An unpractised procedure is a document, not a capability.",AUTHORED,
GB3_PRD_019,PRODUCTION_ENGINEERING,PRD_C14_PRODUCTION_IS_DIFFERENT,PRD_F19_WHY_STAGING_IS_NOT_ENOUGH,PRD_FAM19_WHY_PRODUCTION_SURPRISES,PRD_RG_PRODUCTION,D2,UNDERSTAND,mcq,Why do problems appear in production that staging never showed?,Production has more configuration,Staging is tested less thoroughly,Production runs on different hardware,"Real data, real traffic and real concurrency",D,"Real data, real traffic and real concurrency","No staging environment reproduces the volume, the variety of input, or the timing of real users.",AUTHORED,
GB3_PRD_020,PRODUCTION_ENGINEERING,PRD_C15_ACTIONS,PRD_F20_WHY_REVIEWS_FAIL,PRD_FAM20_WHY_FOLLOW_UP_MATTERS,PRD_RG_ACTIONS,D2,UNDERSTAND,mcq,Why do some teams hold reviews and keep having the same incident?,The reviews were not detailed enough,The actions were never actually done,The cause was identified incorrectly,The wrong people attended the review,B,The actions were never actually done,"A review producing unowned actions in a document is a meeting. Tracked, prioritised work is the output.",AUTHORED,
GB3_PRD_021,PRODUCTION_ENGINEERING,PRD_C01_PRIORITY,PRD_F21_CAPTURE_THEN_RESTART,PRD_FAM21_ACTING_IN_AN_INCIDENT,PRD_RG_PRIORITY,D3,APPLY,mcq,Restarting will fix the outage and destroy the evidence. What do you do?,"Investigate first, then restart",Restart at once and investigate later,"Capture what you can, then restart",Restart one instance and keep the rest,C,"Capture what you can, then restart","A minute of logs, memory and process state buys the whole investigation and costs a minute of outage.",AUTHORED,
GB3_PRD_022,PRODUCTION_ENGINEERING,PRD_C09_CHANGE,PRD_F22_ROLL_BACK_FIRST,PRD_FAM22_RESPONDING_TO_A_BAD_RELEASE,PRD_RG_CHANGE,D3,APPLY,mcq,An outage began minutes after a deployment. What is the first action?,Check whether other things changed,"Roll back, then work out why",Deploy a fix for the likely cause,Read the logs of the new version,B,"Roll back, then work out why",Correlation this tight is good enough to act on. Fixing forward under pressure is how you get two incidents.,AUTHORED,
GB3_PRD_023,PRODUCTION_ENGINEERING,PRD_C16_ROLES,PRD_F23_ASSIGN_A_LEAD,PRD_FAM23_ORGANISING_A_RESPONSE,PRD_RG_ROLES,D3,APPLY,mcq,Six engineers have joined the incident call. What does it need?,Everybody investigating in parallel,The most senior person taking over,A split into two separate calls,One person coordinating who does what,D,One person coordinating who does what,"Without a coordinator, six people investigate the same thing and nobody is talking to the customers.",AUTHORED,
GB3_PRD_024,PRODUCTION_ENGINEERING,PRD_C03_RUNBOOK,PRD_F24_WRITE_A_USEFUL_ONE,PRD_FAM24_WRITING_A_RUNBOOK,PRD_RG_RUNBOOK,D3,APPLY,mcq,What makes a runbook genuinely useful at three in the morning?,A thorough explanation of the system,The history of previous occurrences,A diagram of the components involved,"Concrete steps, with the commands to run",D,"Concrete steps, with the commands to run","Somebody half awake needs ""run this, look at that, if X then Y"" — not an architecture document.",AUTHORED,
GB3_PRD_025,PRODUCTION_ENGINEERING,PRD_C04_POSTMORTEM,PRD_F25_ASK_WHY_REPEATEDLY,PRD_FAM25_CONDUCTING_A_REVIEW,PRD_RG_POSTMORTEM,D3,APPLY,mcq,"A review concludes ""the config was wrong"". What should happen next?",Ask why nothing caught the wrong config,Add the config to the review checklist,Identify who made the configuration change,Correct the config and close the review,A,Ask why nothing caught the wrong config,The first answer is never the useful one. Keep asking until you reach something you can change structurally.,AUTHORED,
GB3_PRD_026,PRODUCTION_ENGINEERING,PRD_C10_BACKUP,PRD_F26_TEST_THE_RESTORE,PRD_FAM26_VERIFYING_RECOVERY,PRD_RG_BACKUP,D3,APPLY,mcq,How do you know your backups work?,By storing copies in two locations,By checking the backup job succeeded,By verifying the file sizes look right,By restoring from one on a schedule,D,By restoring from one on a schedule,A successful backup job proves a file was written. Only a restore proves the data comes back.,AUTHORED,
GB3_PRD_027,PRODUCTION_ENGINEERING,PRD_C07_COMMS,PRD_F27_WHAT_TO_SAY,PRD_FAM27_COMMUNICATING_DURING,PRD_RG_COMMS,D3,APPLY,mcq,What should a status update during an outage contain?,The steps the team is currently taking,"What is affected, and when you will update again",An apology and an expected resolution time,The technical cause as currently understood,B,"What is affected, and when you will update again",Impact and the next update time. Promising a resolution time you cannot keep makes the next hour worse.,AUTHORED,
GB3_PRD_028,PRODUCTION_ENGINEERING,PRD_C08_TOIL,PRD_F28_AUTOMATE_THE_REPEAT,PRD_FAM28_REDUCING_TOIL,PRD_RG_TOIL,D3,APPLY,mcq,The same manual fix has been applied four times this month. What should follow?,Adding an alert for the condition,Training several more people to apply it,"Removing the need for the fix, or automating it",Documenting the fix more thoroughly,C,"Removing the need for the fix, or automating it",Four times a month means it will be forty times a year. The fix has become the problem.,AUTHORED,
GB3_PRD_029,PRODUCTION_ENGINEERING,PRD_C17_RISKY_CHANGE,PRD_F29_HANDLE_WITH_CARE,PRD_FAM29_MAKING_RISKY_CHANGES,PRD_RG_RISKY,D3,APPLY,mcq,You must make a change that cannot easily be undone. What do you arrange first?,"A tested way back, and somebody watching",A detailed plan of the steps involved,A quiet period with little traffic,Approval from a senior engineer,A,"A tested way back, and somebody watching","For irreversible changes the plan matters less than the recovery, because the plan is where you find out.",AUTHORED,
GB3_PRD_030,PRODUCTION_ENGINEERING,PRD_C15_ACTIONS,PRD_F30_TRACK_THE_ACTIONS,PRD_FAM30_FOLLOWING_UP,PRD_RG_ACTIONS,D3,APPLY,mcq,What should a review’s follow-up actions look like?,A list in the incident review document,A section in the engineering handbook,"Tickets with owners, in the normal backlog",Agreements recorded in the team channel,C,"Tickets with owners, in the normal backlog",Anywhere other than the backlog is a place they quietly do not happen.,AUTHORED,
GB3_PRD_031,PRODUCTION_ENGINEERING,PRD_C02_ONCALL,PRD_F31_BURNOUT,PRD_FAM31_DIAGNOSE_ON_CALL_LOAD,PRD_RG_ONCALL,D4,ANALYZE,mcq,On-call engineers are woken four times a night and people are leaving. What is the real problem?,The system is not reliable enough to be on call for,The alerts are configured too sensitively,The team needs better incident training,The rota does not have enough people on it,A,The system is not reliable enough to be on call for,Adding people to the rota shares the damage. The load itself is the thing that has to come down.,AUTHORED,
GB3_PRD_032,PRODUCTION_ENGINEERING,PRD_C15_ACTIONS,PRD_F32_SAME_INCIDENT_AGAIN,PRD_FAM32_DIAGNOSE_A_REPEAT,PRD_RG_ACTIONS,D4,ANALYZE,mcq,The same incident has occurred three times with a review after each. What has failed?,The cause has been misidentified,The actions are not being prioritised,The system is inherently unreliable,The reviews are not thorough enough,B,The actions are not being prioritised,Reviews producing actions nobody schedules are theatre. The third occurrence is the evidence.,AUTHORED,
GB3_PRD_033,PRODUCTION_ENGINEERING,PRD_C05_BLAMELESS,PRD_F33_NOBODY_REPORTS,PRD_FAM33_DIAGNOSE_A_SILENT_TEAM,PRD_RG_BLAMELESS,D4,ANALYZE,mcq,Near-misses are never reported in a team. What does that suggest?,The system rarely comes close to failing,Reporting has a cost people are avoiding,The team does not notice the near-misses,The reporting process is too cumbersome,B,Reporting has a cost people are avoiding,"Near-misses happen constantly. Zero reports is information about the culture, not about the system.",AUTHORED,
GB3_PRD_034,PRODUCTION_ENGINEERING,PRD_C18_HERO,PRD_F34_ONE_PERSON_KNOWS,PRD_FAM34_DIAGNOSE_A_SINGLE_EXPERT,PRD_RG_HERO,D4,ANALYZE,mcq,Every serious incident is resolved by the same engineer. What is the risk?,The team cannot operate without them,The incidents are not being prevented,Others are not learning the systems,That engineer will become overworked,A,The team cannot operate without them,All four are true. The first is the one that becomes a crisis the week they resign or fall ill.,AUTHORED,
GB3_PRD_035,PRODUCTION_ENGINEERING,PRD_C10_BACKUP,PRD_F35_RESTORE_FAILED,PRD_FAM35_DIAGNOSE_A_FAILED_RESTORE,PRD_RG_BACKUP,D4,ANALYZE,mcq,Backups ran nightly for two years and the restore failed. How is that possible?,The backups were stored incorrectly,Nobody had ever tried restoring one,The backup job reported false success,The data format changed over time,B,Nobody had ever tried restoring one,Any of the last three could be the mechanism. The first is why none of them was ever discovered.,AUTHORED,
GB3_PRD_036,PRODUCTION_ENGINEERING,PRD_C19_DOCS_STALE,PRD_F36_RUNBOOK_WRONG,PRD_FAM36_DIAGNOSE_A_STALE_RUNBOOK,PRD_RG_DOCS,D4,ANALYZE,mcq,The runbook’s commands no longer work. What does that make it?,"Worse than nothing, since it wastes time",A reasonable starting point to adapt,A document that needs reviewing soon,A record of how it used to work,A,"Worse than nothing, since it wastes time",At 3am a wrong runbook sends somebody down a dead end while the outage continues.,AUTHORED,
GB3_PRD_037,PRODUCTION_ENGINEERING,PRD_C20_CHANGE_FREEZE,PRD_F37_FREEZE_MAKES_IT_WORSE,PRD_FAM37_DIAGNOSE_A_FREEZE,PRD_RG_FREEZE,D4,ANALYZE,mcq,"After a freeze, the first release causes a large incident. Why?",The freeze allowed problems to accumulate,The team was out of practice at deploying,The release was rushed after the freeze,Weeks of changes went out together,D,Weeks of changes went out together,A freeze does not remove risk; it batches it. The release afterwards is the largest one of the year.,AUTHORED,
GB3_PRD_038,PRODUCTION_ENGINEERING,PRD_C21_NO_OWNER,PRD_F38_NOBODY_OWNS_IT,PRD_FAM38_DIAGNOSE_UNOWNED_SERVICES,PRD_RG_OWNER,D4,ANALYZE,mcq,A failing service turns out to have no owning team. What follows?,The service should probably be removed,The incident will be harder to review,It will take longer to fix this time,Nobody was watching it or patching it,D,Nobody was watching it or patching it,"Unowned means unmonitored, unpatched and undocumented. The outage is the first time anybody looked.",AUTHORED,
GB3_PRD_039,PRODUCTION_ENGINEERING,PRD_C22_ALERT_GAP,PRD_F39_CUSTOMER_TOLD_US,PRD_FAM39_DIAGNOSE_A_DETECTION_GAP,PRD_RG_ALERT_GAP,D4,ANALYZE,mcq,A customer reported the outage before any alert fired. What should the review focus on?,Why the customer was affected at all,Why the fix took as long as it did,Why nothing detected it first,Why the customer had to contact support,C,Why nothing detected it first,"Detection is the part monitoring can fix, and finding out from a customer is the clearest possible gap.",AUTHORED,
GB3_PRD_040,PRODUCTION_ENGINEERING,PRD_C23_PANIC,PRD_F40_MADE_IT_WORSE,PRD_FAM40_DIAGNOSE_A_BAD_RESPONSE,PRD_RG_PANIC,D4,ANALYZE,mcq,"During an incident, several rapid changes made things worse. What was missing?","One change at a time, observed before the next",Approval before each change was made,A complete diagnosis before any action,A more experienced engineer in charge,A,"One change at a time, observed before the next","Four simultaneous changes mean you cannot tell which helped, which hurt, or how to get back.",AUTHORED,
GB3_PRD_041,PRODUCTION_ENGINEERING,PRD_C24_RELIABILITY_TARGET,PRD_F41_HOW_RELIABLE,PRD_FAM41_JUDGING_THE_TARGET,PRD_RG_TARGET,D5,EVALUATE,mcq,How reliable should a service be?,As reliable as it can possibly be made,As reliable as the competitors are,As reliable as the users expect it to be,As reliable as the business will pay for,D,As reliable as the business will pay for,Each additional nine costs several times the last. Choosing the target is choosing what to spend.,AUTHORED,
GB3_PRD_042,PRODUCTION_ENGINEERING,PRD_C11_HUMAN_ERROR,PRD_F42_DESIGN_OUT_THE_MISTAKE,PRD_FAM42_JUDGING_THE_FIX,PRD_RG_HUMAN_ERROR,D5,EVALUATE,mcq,An engineer deleted the wrong database. What is the most useful outcome?,Training the team on the correct procedure,Requiring two people for destructive operations,Adding the step to the deployment checklist,Making that command impossible to run by accident,D,Making that command impossible to run by accident,The second is also good. Both change the system; training changes one person for about a month.,AUTHORED,
GB3_PRD_043,PRODUCTION_ENGINEERING,PRD_C20_CHANGE_FREEZE,PRD_F43_FREEZE_OR_NOT,PRD_FAM43_JUDGING_A_FREEZE,PRD_RG_FREEZE,D5,EVALUATE,mcq,Is a change freeze before a busy period a good idea?,"No, it prevents urgent fixes being made","Yes, provided it is short and planned","Yes, fewer changes means fewer incidents","Sometimes, but it batches the risk it defers",D,"Sometimes, but it batches the risk it defers",It buys stability during the window and pays for it with an unusually large release afterwards.,AUTHORED,
GB3_PRD_044,PRODUCTION_ENGINEERING,PRD_C25_HONESTY,PRD_F44_TELL_THE_TRUTH,PRD_FAM44_JUDGING_DISCLOSURE,PRD_RG_HONESTY,D5,EVALUATE,mcq,How much should you tell customers about an incident’s cause?,Enough that they can trust your account of it,"Everything, including the internal detail",Whatever the support team is comfortable with,"As little as possible, to avoid alarm",A,Enough that they can trust your account of it,"Vague statements destroy more trust than the outage. A specific, honest account usually repairs it.",AUTHORED,
GB3_PRD_045,PRODUCTION_ENGINEERING,PRD_C12_RECOVERY_TIME,PRD_F45_INVEST_IN_RECOVERY,PRD_FAM45_JUDGING_WHERE_TO_INVEST,PRD_RG_RECOVERY,D5,EVALUATE,mcq,"With a week to improve reliability, where would it go furthest?",Making recovery from failure faster,Adding redundancy to the weakest part,Preventing the most recent failure,Improving the test coverage further,A,Making recovery from failure faster,"Recovery improvements apply to every future failure, including the kinds nobody has thought of.",AUTHORED,
GB3_PRD_046,PRODUCTION_ENGINEERING,PRD_C26_DEV_OPERATES,PRD_F46_WHO_CARRIES_THE_PAGER,PRD_FAM46_JUDGING_OWNERSHIP_MODEL,PRD_RG_DEV_OPS,D5,EVALUATE,mcq,What changes when the team that writes a service also operates it?,They need fewer operations specialists,They write more documentation for it,They respond to incidents more quickly,They feel the cost of their own decisions,D,They feel the cost of their own decisions,Being woken by your own missing timeout is the most effective design feedback there is.,AUTHORED,
GB3_PRD_047,PRODUCTION_ENGINEERING,PRD_C13_DRILLS,PRD_F47_BREAK_IT_ON_PURPOSE,PRD_FAM47_JUDGING_DELIBERATE_FAILURE,PRD_RG_DRILLS,D5,EVALUATE,mcq,Is deliberately failing part of production ever justified?,"No, production should never be risked","No, staging should be used instead","Yes, but only outside business hours","Yes, when you control it and are watching",D,"Yes, when you control it and are watching",A failure at a chosen moment with the team present is far cheaper than the same failure at 4am.,AUTHORED,
GB3_PRD_048,PRODUCTION_ENGINEERING,PRD_C08_TOIL,PRD_F48_WHEN_TO_AUTOMATE,PRD_FAM48_JUDGING_AUTOMATION_VALUE,PRD_RG_TOIL,D5,EVALUATE,mcq,Which manual task is most worth automating?,The one that takes the longest to perform,The one the team complains about most,The frequent one that is easy to get wrong,The one only one person knows how to do,C,The frequent one that is easy to get wrong,Frequency times error rate. A fiddly annual task may be safer as a checklist than as a script.,AUTHORED,
GB3_PRD_049,PRODUCTION_ENGINEERING,PRD_C04_POSTMORTEM,PRD_F49_WHICH_INCIDENTS_TO_REVIEW,PRD_FAM49_JUDGING_WHAT_TO_REVIEW,PRD_RG_POSTMORTEM,D5,EVALUATE,mcq,Which incidents deserve a full review?,Those that could teach you something new,Those that affected paying customers,Those that lasted more than an hour,Those that reached the highest severity,A,Those that could teach you something new,A brief outage revealing an unknown failure mode is worth more than a long one everybody understood.,AUTHORED,
GB3_PRD_050,PRODUCTION_ENGINEERING,PRD_C01_PRIORITY,PRD_F50_THE_MINDSET,PRD_FAM50_JUDGING_THE_WHOLE,PRD_RG_PRIORITY,D5,EVALUATE,mcq,What distinguishes someone good in production?,They know the system in the most detail,They respond to incidents most quickly,They write the most reliable code,They assume it will break and prepare for that,D,They assume it will break and prepare for that,"Rollbacks, runbooks, alerts, drills, backups tested. All of it is preparation for a failure you cannot prevent.",AUTHORED,
GB3_TWR_001,TECHNICAL_WRITING,TWR_C01_READER,TWR_F01_DECIDE_THE_READER,TWR_FAM01_AUDIENCE,TWR_RG_READER,D1,REMEMBER,mcq,What should you establish before writing anything technical?,How long the document should be,What you know about the subject,Who will read it and what they need,Which format the team prefers,C,Who will read it and what they need,Every other decision follows from it. A document written for everybody is written for nobody.,AUTHORED,
GB3_TWR_002,TECHNICAL_WRITING,TWR_C02_STRUCTURE,TWR_F02_CONCLUSION_FIRST,TWR_FAM02_ORDER,TWR_RG_STRUCTURE,D1,REMEMBER,mcq,Where should the main point of a technical document go?,At the beginning,In a summary section,After the background,"At the end, as a conclusion",A,At the beginning,"Readers skim and stop. Put the answer first and the reasoning after it, not the other way round.",AUTHORED,
GB3_TWR_003,TECHNICAL_WRITING,TWR_C03_EXAMPLE,TWR_F03_SHOW_ONE,TWR_FAM03_EXAMPLES,TWR_RG_EXAMPLE,D1,REMEMBER,mcq,What do most readers of technical documentation want first?,An explanation of the design,A working example they can copy,A complete list of the options,A description of the interface,B,A working example they can copy,People start from an example and read the reference when it breaks. Reference-only documentation is a wall.,AUTHORED,
GB3_TWR_004,TECHNICAL_WRITING,TWR_C04_BREVITY,TWR_F04_SHORTER_IS_READ,TWR_FAM04_LENGTH,TWR_RG_BREVITY,D1,REMEMBER,mcq,Why does length matter in technical writing?,Long documents take longer to review,Long documents are harder to search,A long document is less likely to be read,Short documents are easier to translate,C,A long document is less likely to be read,An unread thorough document has helped nobody. Being read is a property the writing has to earn.,AUTHORED,
GB3_TWR_005,TECHNICAL_WRITING,TWR_C05_DRIFT,TWR_F05_WRONG_IS_WORSE,TWR_FAM05_ACCURACY,TWR_RG_DRIFT,D1,REMEMBER,mcq,What is worse than missing documentation?,Documentation that is hard to find,Documentation written for the wrong reader,Documentation that is too detailed,Documentation that is no longer true,D,Documentation that is no longer true,Missing documentation makes somebody read the code. Wrong documentation gets followed confidently.,AUTHORED,
GB3_TWR_006,TECHNICAL_WRITING,TWR_C06_WHY,TWR_F06_RECORD_THE_REASON,TWR_FAM06_EXPLAINING_WHY,TWR_RG_WHY,D1,REMEMBER,mcq,What does the code fail to tell a future reader?,What the function returns,Why it was done this way,Which parts are most used,How the pieces fit together,B,Why it was done this way,The code is the what and the how. Only a comment or a record can carry the why.,AUTHORED,
GB3_TWR_007,TECHNICAL_WRITING,TWR_C07_PLAIN,TWR_F07_SIMPLE_WORDS,TWR_FAM07_PLAIN_LANGUAGE,TWR_RG_PLAIN,D1,REMEMBER,mcq,Why prefer plain words over technical vocabulary where both work?,More readers understand it immediately,It sounds more professional to readers,It makes the document shorter overall,It is easier for tools to process,A,More readers understand it immediately,"Jargon signals membership and costs comprehension. Use it where it is precise, not where it is decorative.",AUTHORED,
GB3_TWR_008,TECHNICAL_WRITING,TWR_C08_SCANNABLE,TWR_F08_HEADINGS_AND_LISTS,TWR_FAM08_SCANNABILITY,TWR_RG_SCANNABLE,D1,REMEMBER,mcq,Why do headings and lists matter?,Readers scan before they read,They make the document look organised,They help with automated indexing,They break up long blocks of text,A,Readers scan before they read,"Nobody reads a technical document start to finish. They look for their part, and structure is what finds it.",AUTHORED,
GB3_TWR_009,TECHNICAL_WRITING,TWR_C09_KINDS,TWR_F09_DIFFERENT_DOCUMENTS,TWR_FAM09_DOCUMENT_TYPES,TWR_RG_KINDS,D1,REMEMBER,mcq,Why are a tutorial and a reference different documents?,They cover different parts of the system,They serve readers in different situations,They are written by different people,They are updated at different times,B,They serve readers in different situations,"One is for somebody learning, one for somebody checking. Merging them serves neither situation well.",AUTHORED,
GB3_TWR_010,TECHNICAL_WRITING,TWR_C10_ACTION,TWR_F10_WHAT_TO_DO,TWR_FAM10_ACTIONABILITY,TWR_RG_ACTION,D1,REMEMBER,mcq,What should a reader be able to do after reading?,Find the related documents easily,Understand the design decisions made,The thing they came to the document for,Explain the system to somebody else,C,The thing they came to the document for,That is the whole test. Everything not serving it is length the reader pays for and does not use.,AUTHORED,
GB3_TWR_011,TECHNICAL_WRITING,TWR_C02_STRUCTURE,TWR_F11_WHY_NOT_CHRONOLOGICAL,TWR_FAM11_WHY_ORDER_MATTERS,TWR_RG_STRUCTURE,D2,UNDERSTAND,mcq,Why is writing in the order you discovered things a mistake?,The order is hard to reconstruct accurately,It makes the document longer than needed,"The reader wants the answer, not the journey",It reveals how much time was spent,C,"The reader wants the answer, not the journey","Your investigation order is about you. The reader’s order is answer first, then only as much reasoning as they need.",AUTHORED,
GB3_TWR_012,TECHNICAL_WRITING,TWR_C11_CURSE,TWR_F12_WHY_EXPERTS_WRITE_BADLY,TWR_FAM12_WHY_KNOWING_TOO_MUCH_HURTS,TWR_RG_CURSE,D2,UNDERSTAND,mcq,Why do experts often write documentation that beginners cannot use?,They write for their peers by habit,They find the basics too tedious to write,They cannot see what they already assume,They have forgotten the exact details,C,They cannot see what they already assume,The curse of knowledge. The missing step is invisible precisely because the author cannot un-know it.,AUTHORED,
GB3_TWR_013,TECHNICAL_WRITING,TWR_C05_DRIFT,TWR_F13_WHY_DOCS_ROT,TWR_FAM13_WHY_ACCURACY_DECAYS,TWR_RG_DRIFT,D2,UNDERSTAND,mcq,Why does documentation drift out of date?,Nobody has been assigned to maintain it,The code changes and nothing forces it to follow,It becomes too long to keep reviewing,It is written in a separate system,B,The code changes and nothing forces it to follow,Nothing fails when a document becomes wrong. That absence of feedback is why it needs a deliberate answer.,AUTHORED,
GB3_TWR_014,TECHNICAL_WRITING,TWR_C06_WHY,TWR_F14_WHY_THE_REASON_SURVIVES,TWR_FAM14_WHY_RATIONALE_MATTERS,TWR_RG_WHY,D2,UNDERSTAND,mcq,Why is a comment saying why more valuable than one saying what?,The what can be worked out by tools,The reason changes less over time,The code already says what it does,The reason is shorter to write down,C,The code already says what it does,A comment restating the code is noise that goes stale. A comment explaining a constraint stops it being removed.,AUTHORED,
GB3_TWR_015,TECHNICAL_WRITING,TWR_C04_BREVITY,TWR_F15_WHY_CUTTING_IS_HARD,TWR_FAM15_WHY_EDITING_MATTERS,TWR_RG_BREVITY,D2,UNDERSTAND,mcq,Why is the second draft usually much better?,The structure becomes clearer to you,You can cut what the reader does not need,You remember more of the detail,The first draft contains more errors,B,You can cut what the reader does not need,The first draft is you working out what you think. The second is written for somebody else.,AUTHORED,
GB3_TWR_016,TECHNICAL_WRITING,TWR_C12_GENERATED,TWR_F16_WHY_GENERATE_WHERE_YOU_CAN,TWR_FAM16_WHY_AUTOMATION_HELPS,TWR_RG_GENERATED,D2,UNDERSTAND,mcq,Why generate reference documentation from the code where possible?,It cannot drift away from what is true,It covers more of the interface,It produces a more consistent format,It takes less effort than writing it,A,It cannot drift away from what is true,The only reliable defence against drift is removing the possibility of the two disagreeing.,AUTHORED,
GB3_TWR_017,TECHNICAL_WRITING,TWR_C13_CONTEXT,TWR_F17_WHY_STATE_THE_OBVIOUS,TWR_FAM17_WHY_CONTEXT_IS_NEEDED,TWR_RG_CONTEXT,D2,UNDERSTAND,mcq,Why say at the start what the document is about?,The reader arrived from somewhere unknown,It is a convention readers expect,It makes the document easier to search,It helps the author stay on topic,A,The reader arrived from somewhere unknown,"Most readers arrive mid-document from a search result, with none of the context you assumed.",AUTHORED,
GB3_TWR_018,TECHNICAL_WRITING,TWR_C14_AMBIGUITY,TWR_F18_WHY_PRECISION_MATTERS,TWR_FAM18_WHY_VAGUENESS_COSTS,TWR_RG_AMBIGUITY,D2,UNDERSTAND,mcq,"Why is ""the service should handle this quickly"" a poor sentence?",It uses passive rather than active voice,It is longer than it needs to be,Two readers will act on it differently,It does not say which service is meant,C,Two readers will act on it differently,Quickly is a number nobody wrote down. Ambiguity in a technical document is a decision deferred.,AUTHORED,
GB3_TWR_019,TECHNICAL_WRITING,TWR_C15_WRITING_TO_THINK,TWR_F19_WHY_WRITING_CLARIFIES,TWR_FAM19_WHY_WRITING_HELPS_THE_AUTHOR,TWR_RG_THINK,D2,UNDERSTAND,mcq,What does writing a design down do for the author?,It demonstrates the work that was done,It records the decisions for later review,It makes the design easier to present,It exposes the parts not yet thought through,D,It exposes the parts not yet thought through,A vague idea survives in your head and collapses in a paragraph. That collapse is the point of writing it.,AUTHORED,
GB3_TWR_020,TECHNICAL_WRITING,TWR_C16_ASYNC,TWR_F20_WHY_WRITING_SCALES,TWR_FAM20_WHY_WRITTEN_BEATS_SPOKEN,TWR_RG_ASYNC,D2,UNDERSTAND,mcq,Why does written communication matter more as a team grows?,People work in different time zones,"One explanation can reach everybody, later",Meetings become harder to arrange,Written messages are more precise,B,"One explanation can reach everybody, later",Explaining something eight times is eight hours. Writing it once serves those eight and the next twenty.,AUTHORED,
GB3_TWR_021,TECHNICAL_WRITING,TWR_C01_READER,TWR_F21_WRITE_FOR_ONE_PERSON,TWR_FAM21_CHOOSING_AN_AUDIENCE,TWR_RG_READER,D3,APPLY,mcq,A document must serve both new joiners and experts. What is usually best?,"Write two, each for one reader",Write for the expert and add a glossary,Write one with optional deep sections,Write one at an intermediate level,A,"Write two, each for one reader",One document at a compromise level frustrates the beginner and bores the expert. Two short ones beat one long one.,AUTHORED,
GB3_TWR_022,TECHNICAL_WRITING,TWR_C17_README,TWR_F22_WHAT_A_README_NEEDS,TWR_FAM22_WRITING_A_README,TWR_RG_README,D3,APPLY,mcq,What must a project’s README answer first?,How the architecture is organised,Who maintains it and how to contact them,What the coding conventions are,"What this is, and how to run it",D,"What this is, and how to run it",Somebody has just arrived and wants it running. Everything else can be a link from there.,AUTHORED,
GB3_TWR_023,TECHNICAL_WRITING,TWR_C18_PR,TWR_F23_WHAT_A_PR_DESCRIPTION_NEEDS,TWR_FAM23_WRITING_FOR_REVIEW,TWR_RG_PR,D3,APPLY,mcq,What should a pull request description give the reviewer?,A summary of every file that changed,The ticket number and the branch name,"Why the change was needed, and what to look at",A description of how the code works,C,"Why the change was needed, and what to look at",The diff already shows what changed. Only you can supply the reason and where the risk is.,AUTHORED,
GB3_TWR_024,TECHNICAL_WRITING,TWR_C19_INCIDENT_DOC,TWR_F24_WRITE_UP_AN_INCIDENT,TWR_FAM24_WRITING_AN_INCIDENT_REPORT,TWR_RG_INCIDENT,D3,APPLY,mcq,What makes an incident write-up useful a year later?,The names of everybody who responded,A minute-by-minute timeline of events,The full text of the alerts received,"The signals, the cause and what changed after",D,"The signals, the cause and what changed after",The reader in a year wants to recognise the symptoms and know what was done. Not the transcript.,AUTHORED,
GB3_TWR_025,TECHNICAL_WRITING,TWR_C14_AMBIGUITY,TWR_F25_PUT_A_NUMBER_ON_IT,TWR_FAM25_BEING_PRECISE,TWR_RG_AMBIGUITY,D3,APPLY,mcq,"How do you fix ""the page should load fast""?",Compare it to the current page,"State a time, and for which users",Say it should feel responsive,Reference the industry standard,B,"State a time, and for which users","Under 500ms for the 95th percentile. Now it can be designed for, tested, and disagreed with productively.",AUTHORED,
GB3_TWR_026,TECHNICAL_WRITING,TWR_C03_EXAMPLE,TWR_F26_MAKE_IT_COPYABLE,TWR_FAM26_WRITING_EXAMPLES,TWR_RG_EXAMPLE,D3,APPLY,mcq,What makes a documentation example genuinely useful?,It demonstrates several options at once,"It runs as written, with no gaps to fill",It is short enough to read at a glance,It matches the style of the codebase,B,"It runs as written, with no gaps to fill","An example with ""..."" in the middle sends the reader back to the reference they were trying to avoid.",AUTHORED,
GB3_TWR_027,TECHNICAL_WRITING,TWR_C12_GENERATED,TWR_F27_WHAT_TO_HAND_WRITE,TWR_FAM27_CHOOSING_WHAT_TO_MAINTAIN,TWR_RG_GENERATED,D3,APPLY,mcq,Which documentation is worth maintaining by hand?,The parts explaining why and how to start,The description of each function’s behaviour,The catalogue of the error codes,The list of every available parameter,A,The parts explaining why and how to start,"Generate the mechanical parts. Hand-write only what a generator cannot know, and keep it short enough to keep true.",AUTHORED,
GB3_TWR_028,TECHNICAL_WRITING,TWR_C20_REVIEW,TWR_F28_TEST_IT_ON_SOMEBODY,TWR_FAM28_TESTING_A_DOCUMENT,TWR_RG_REVIEW,D3,APPLY,mcq,How do you find out whether a setup guide works?,Ask a colleague to review the text,Watch somebody follow it without helping,Check each command still runs,Read it through carefully yourself,B,Watch somebody follow it without helping,Watching them get stuck is the only way to see the step you could not know you had left out.,AUTHORED,
GB3_TWR_029,TECHNICAL_WRITING,TWR_C21_LOCATION,TWR_F29_KEEP_IT_NEAR,TWR_FAM29_WHERE_DOCS_LIVE,TWR_RG_LOCATION,D3,APPLY,mcq,Where should documentation about a component live?,In a shared documentation platform,In the ticket that created it,"Beside the code, in the same repository",In the team’s knowledge base,C,"Beside the code, in the same repository","It is then changed in the same pull request, reviewed by the same person, and found by whoever opens the code.",AUTHORED,
GB3_TWR_030,TECHNICAL_WRITING,TWR_C22_DECISION_RECORD,TWR_F30_RECORD_A_DECISION,TWR_FAM30_RECORDING_DECISIONS,TWR_RG_DECISION,D3,APPLY,mcq,What belongs in a record of a technical decision?,"The context, the options, the choice, the consequences",The discussion and who supported what,"The problem, and the solution that was adopted",The final design and how to implement it,A,"The context, the options, the choice, the consequences",The rejected options are the most valuable part. Without them the next person re-argues a settled case.,AUTHORED,
GB3_TWR_031,TECHNICAL_WRITING,TWR_C11_CURSE,TWR_F31_MISSING_STEP,TWR_FAM31_DIAGNOSE_A_GAP,TWR_RG_CURSE,D4,ANALYZE,mcq,Every new joiner gets stuck at the same point in the setup guide. What does that tell you?,A step the author assumed is missing,The new joiners lack the right background,The guide is too long to follow carefully,The setup process is genuinely difficult,A,A step the author assumed is missing,"Everybody stopping in the same place is a document defect, and it has a precise location.",AUTHORED,
GB3_TWR_032,TECHNICAL_WRITING,TWR_C05_DRIFT,TWR_F32_FOLLOWED_WRONG_DOCS,TWR_FAM32_DIAGNOSE_STALE_DOCS,TWR_RG_DRIFT,D4,ANALYZE,mcq,Somebody broke production following the documented procedure. Where does responsibility sit?,With the process that allowed the change,With the person who did not verify it,With whoever changed the system last,With the document that was left wrong,D,With the document that was left wrong,Following the documentation is the behaviour you want. Punishing it teaches people to ignore the docs.,AUTHORED,
GB3_TWR_033,TECHNICAL_WRITING,TWR_C02_STRUCTURE,TWR_F33_BURIED_CONCLUSION,TWR_FAM33_DIAGNOSE_A_BURIED_POINT,TWR_RG_STRUCTURE,D4,ANALYZE,mcq,A design document was read by everybody and nobody noticed its main risk. Why?,It was not marked as important,It was written too technically,It was in a paragraph near the end,It was longer than people expected,C,It was in a paragraph near the end,"Readers stop partway. Anything that must be seen goes in the first screen, not the twelfth.",AUTHORED,
GB3_TWR_034,TECHNICAL_WRITING,TWR_C04_BREVITY,TWR_F34_TOO_LONG_TO_READ,TWR_FAM34_DIAGNOSE_LENGTH,TWR_RG_BREVITY,D4,ANALYZE,mcq,A forty-page design document received two comments. What went wrong?,It was longer than anybody would review,The document was circulated too widely,The reviewers were not given enough time,The design was too complex to critique,A,It was longer than anybody would review,"Thoroughness that prevents review has bought nothing. A two-page version gets argued with, which is the point.",AUTHORED,
GB3_TWR_035,TECHNICAL_WRITING,TWR_C06_WHY,TWR_F35_CONSTRAINT_REMOVED,TWR_FAM35_DIAGNOSE_A_LOST_REASON,TWR_RG_WHY,D4,ANALYZE,mcq,A strange-looking piece of code was tidied up and an old bug returned. What was missing?,A comment saying why it was written that way,A test covering the behaviour it protected,A review by somebody who knew the history,A record of the original bug being fixed,A,A comment saying why it was written that way,A test would also have caught it. The comment is what stops a reasonable person removing it in the first place.,AUTHORED,
GB3_TWR_036,TECHNICAL_WRITING,TWR_C23_NOISE_COMMENTS,TWR_F36_RESTATING_THE_CODE,TWR_FAM36_DIAGNOSE_USELESS_COMMENTS,TWR_RG_NOISE,D4,ANALYZE,mcq,A file has a comment on every line restating what it does. What is the cost?,They slow down the code review,They go stale and hide the useful ones,They make the file longer to read,They duplicate the documentation,B,They go stale and hide the useful ones,"Nobody updates a comment restating an obvious line, so within a year several of them are lies.",AUTHORED,
GB3_TWR_037,TECHNICAL_WRITING,TWR_C24_FINDABILITY,TWR_F37_EXISTS_BUT_UNFOUND,TWR_FAM37_DIAGNOSE_FINDABILITY,TWR_RG_FINDABILITY,D4,ANALYZE,mcq,A question is asked in chat weekly and the answer is documented. What is the problem?,The document is not accurate any more,The document cannot be found when needed,The document is too long to be useful,The document is in the wrong format,B,The document cannot be found when needed,"Written and unfindable is the same as unwritten, and it feels more frustrating to the person who wrote it.",AUTHORED,
GB3_TWR_038,TECHNICAL_WRITING,TWR_C25_PASSIVE,TWR_F38_WHO_DOES_WHAT,TWR_FAM38_DIAGNOSE_UNCLEAR_ACTORS,TWR_RG_PASSIVE,D4,ANALYZE,mcq,"A runbook says ""the certificate is renewed monthly"". What is unclear?",Which certificate is being referred to,Why the renewal happens monthly,Whether a person or a system does it,How long the renewal takes to run,C,Whether a person or a system does it,"Everybody assumes automation. In an operational document, name the actor for every step.",AUTHORED,
GB3_TWR_039,TECHNICAL_WRITING,TWR_C09_KINDS,TWR_F39_MIXED_PURPOSES,TWR_FAM39_DIAGNOSE_A_MIXED_DOCUMENT,TWR_RG_KINDS,D4,ANALYZE,mcq,"A document is part tutorial, part reference and part design rationale. What is the effect?",The three sections contradict each other,The document is too long for anybody to finish,Every reader wades through two thirds they do not want,The document becomes harder to keep current,C,Every reader wades through two thirds they do not want,Each reader arrives in one situation. Serving three in one document taxes all of them.,AUTHORED,
GB3_TWR_040,TECHNICAL_WRITING,TWR_C26_NO_DOCS,TWR_F40_ONLY_IN_HEADS,TWR_FAM40_DIAGNOSE_UNDOCUMENTED_KNOWLEDGE,TWR_RG_NO_DOCS,D4,ANALYZE,mcq,Onboarding takes three months because everything must be explained in person. What is the cost?,New joiners learn the system inaccurately,The knowledge is lost when people leave,The team cannot grow beyond a size,Every joiner costs the team weeks of time,D,Every joiner costs the team weeks of time,"All four follow. The first is the one that shows up as a number: written once, it serves everybody after.",AUTHORED,
GB3_TWR_041,TECHNICAL_WRITING,TWR_C27_WORTH_IT,TWR_F41_WHAT_TO_WRITE,TWR_FAM41_JUDGING_WHAT_DESERVES_WRITING,TWR_RG_WORTH,D5,EVALUATE,mcq,What is most worth writing down?,The parts that are hardest to understand,What somebody would otherwise have to ask,Everything about how the system works,The decisions the team has made,B,What somebody would otherwise have to ask,"Questions asked more than twice are a specification for a document, and they arrive for free.",AUTHORED,
GB3_TWR_042,TECHNICAL_WRITING,TWR_C05_DRIFT,TWR_F42_LESS_BUT_TRUE,TWR_FAM42_JUDGING_COVERAGE,TWR_RG_DRIFT,D5,EVALUATE,mcq,Would you rather have thorough documentation or accurate documentation?,"Thorough, with a note about accuracy","Accurate, but only for the core parts","Accurate, even if it covers much less","Thorough, since gaps cost time",C,"Accurate, even if it covers much less",A small true document is trusted and used. A large drifting one is eventually ignored entirely.,AUTHORED,
GB3_TWR_043,TECHNICAL_WRITING,TWR_C28_TIME,TWR_F43_WHEN_TO_WRITE,TWR_FAM43_JUDGING_TIMING,TWR_RG_TIME,D5,EVALUATE,mcq,When is the best time to write documentation for a feature?,"Before starting, as a specification",When somebody first asks about it,After it has shipped and settled down,"While building it, as part of the work",D,"While building it, as part of the work","Afterwards it competes with the next feature and loses. As part of the work, it ships with the work.",AUTHORED,
GB3_TWR_044,TECHNICAL_WRITING,TWR_C15_WRITING_TO_THINK,TWR_F44_WRITE_BEFORE_BUILDING,TWR_FAM44_JUDGING_DESIGN_DOCS,TWR_RG_THINK,D5,EVALUATE,mcq,Why is a short design document worth writing before a large change?,It demonstrates the work was planned,It helps estimate how long it will take,It creates a record for future readers,Disagreement is cheaper before the code exists,D,Disagreement is cheaper before the code exists,Two pages that provoke an argument save two weeks. That is the entire economic case for design documents.,AUTHORED,
GB3_TWR_045,TECHNICAL_WRITING,TWR_C29_CAREER,TWR_F45_WRITING_AS_INFLUENCE,TWR_FAM45_JUDGING_ITS_VALUE,TWR_RG_CAREER,D5,EVALUATE,mcq,Why does writing well matter increasingly as an engineer becomes more senior?,Senior engineers work more remotely,It is assessed in promotion processes,Senior engineers write more documentation,Influence beyond your own hands requires it,D,Influence beyond your own hands requires it,"Past a point your effect on a system is mostly the arguments you made to other people, in writing.",AUTHORED,
GB3_TWR_046,TECHNICAL_WRITING,TWR_C27_WORTH_IT,TWR_F46_WHEN_NOT_TO_WRITE,TWR_FAM46_JUDGING_WHEN_TO_SKIP,TWR_RG_WORTH,D5,EVALUATE,mcq,When is writing documentation not worth it?,When the code is reasonably self-explanatory,When the team is too busy to maintain it,When only one person uses the component,When the thing will change or be removed soon,D,When the thing will change or be removed soon,"Documentation has a maintenance cost. For something being replaced next month, that cost buys nothing.",AUTHORED,
GB3_TWR_047,TECHNICAL_WRITING,TWR_C20_REVIEW,TWR_F47_TREAT_IT_LIKE_CODE,TWR_FAM47_JUDGING_THE_PROCESS,TWR_RG_REVIEW,D5,EVALUATE,mcq,What keeps documentation accurate over years?,A scheduled review of all the documents,Changing it in the same review as the code,A note recording when it was last checked,An owner assigned to each document,B,Changing it in the same review as the code,Coupling the two is the only mechanism that scales. Everything else relies on somebody remembering.,AUTHORED,
GB3_TWR_048,TECHNICAL_WRITING,TWR_C30_TONE,TWR_F48_WRITE_FOR_A_STRANGER,TWR_FAM48_JUDGING_TONE,TWR_RG_TONE,D5,EVALUATE,mcq,"Why avoid words like ""simply"" and ""obviously"" in a guide?",A stuck reader is told the fault is theirs,They make the tone sound condescending,They are imprecise and hard to translate,They add length without adding meaning,A,A stuck reader is told the fault is theirs,If it were obvious they would not be reading. The word adds nothing and costs the reader confidence.,AUTHORED,
GB3_TWR_049,TECHNICAL_WRITING,TWR_C24_FINDABILITY,TWR_F49_ONE_PLACE,TWR_FAM49_JUDGING_ORGANISATION,TWR_RG_FINDABILITY,D5,EVALUATE,mcq,What is the problem with documenting the same thing in three places?,It makes searching return noise,Readers cannot tell which is official,Two of them will become wrong,It wastes the author’s effort,C,Two of them will become wrong,"Only one gets updated. The other two remain, confident and wrong, indistinguishable from the real one.",AUTHORED,
GB3_TWR_050,TECHNICAL_WRITING,TWR_C10_ACTION,TWR_F50_THE_TEST,TWR_FAM50_JUDGING_THE_WHOLE,TWR_RG_ACTION,D5,EVALUATE,mcq,What is the test of any piece of technical writing?,Does it cover the subject thoroughly,Did the reader get what they came for,Is it well organised and clearly written,Is everything in it accurate and complete,B,Did the reader get what they came for,Accuracy and structure are means to it. A perfectly accurate document nobody could use has failed.,AUTHORED,
GB3_COM_001,COMMUNICATION,COM_C01_AUDIENCE,COM_F01_ADJUST_TO_THE_LISTENER,COM_FAM01_AUDIENCE,COM_RG_AUDIENCE,D1,REMEMBER,mcq,What should change when you explain the same problem to a manager rather than an engineer?,The amount of time you spend on it,The level of detail and what you lead with,The confidence with which you say it,The accuracy of what you are describing,B,The level of detail and what you lead with,"Same truth, different sentence. The manager needs impact and options; the engineer needs the mechanism.",AUTHORED,
GB3_COM_002,COMMUNICATION,COM_C02_BAD_NEWS,COM_F02_EARLY_AND_PLAIN,COM_FAM02_DELIVERING_BAD_NEWS,COM_RG_BAD_NEWS,D1,REMEMBER,mcq,When should you report that a deadline is at risk?,As soon as you believe it is,When you are certain it will slip,Once you have tried to recover it,At the next scheduled update,A,As soon as you believe it is,Early news leaves options open. The same news a week later is an announcement rather than a decision.,AUTHORED,
GB3_COM_003,COMMUNICATION,COM_C03_ASKING,COM_F03_HOW_TO_ASK,COM_FAM03_ASKING_FOR_HELP,COM_RG_ASKING,D1,REMEMBER,mcq,What makes a request for help easy to answer?,"What you tried, and what you expected",An apology for taking up their time,The urgency of the problem for you,A full description of the whole system,A,"What you tried, and what you expected","It shows where you are stuck, so the helper can start there rather than at the beginning.",AUTHORED,
GB3_COM_004,COMMUNICATION,COM_C04_DISAGREE,COM_F04_START_FROM_THE_GOAL,COM_FAM04_DISAGREEMENT,COM_RG_DISAGREE,D1,REMEMBER,mcq,What should a technical disagreement begin with?,Establishing who has the final decision,Agreeing on what you are both trying to achieve,Understanding the other person’s proposal,Stating your position as clearly as possible,B,Agreeing on what you are both trying to achieve,"Most disagreements turn out to be about different goals, and that is unresolvable until it is noticed.",AUTHORED,
GB3_COM_005,COMMUNICATION,COM_C05_REVIEW_GIVE,COM_F05_COMMENT_ON_THE_CODE,COM_FAM05_GIVING_REVIEW,COM_RG_REVIEW_GIVE,D1,REMEMBER,mcq,What should a code review comment be about?,"The code, not the person who wrote it",The standard the team has agreed,The risk the change introduces,The improvement you would prefer,A,"The code, not the person who wrote it","""This function does X"" rather than ""you have written X"". A small distinction that changes how it is received.",AUTHORED,
GB3_COM_006,COMMUNICATION,COM_C06_LISTENING,COM_F06_CHECK_YOU_UNDERSTOOD,COM_FAM06_LISTENING,COM_RG_LISTENING,D1,REMEMBER,mcq,How do you confirm you have understood somebody?,Agree with their conclusion,Say it back in your own words,Take notes on what they said,Ask whether they have finished,B,Say it back in your own words,It costs ten seconds and catches the misunderstanding before it becomes a week of the wrong work.,AUTHORED,
GB3_COM_007,COMMUNICATION,COM_C07_ESTIMATE,COM_F07_ESTIMATES_ARE_RANGES,COM_FAM07_ESTIMATING_ALOUD,COM_RG_ESTIMATE,D1,REMEMBER,mcq,How should an estimate be communicated?,As a single date to be committed to,"As a range, with what it assumes",As the latest it might reasonably take,As the earliest it could be finished,B,"As a range, with what it assumes","A single number is heard as a promise. A range with assumptions is heard as information, which is what it is.",AUTHORED,
GB3_COM_008,COMMUNICATION,COM_C08_JARGON,COM_F08_MATCH_THE_VOCABULARY,COM_FAM08_VOCABULARY,COM_RG_JARGON,D1,REMEMBER,mcq,Why avoid technical vocabulary with a non-technical listener?,They stop following and often will not say,It takes longer to explain each term,The terms may not translate precisely,It can appear as though you are showing off,A,They stop following and often will not say,People rarely interrupt to admit they are lost. You lose them silently and find out much later.,AUTHORED,
GB3_COM_009,COMMUNICATION,COM_C09_WRITTEN_VERSUS_SPOKEN,COM_F09_WHEN_TO_TALK,COM_FAM09_CHOOSING_A_CHANNEL,COM_RG_CHANNEL,D1,REMEMBER,mcq,When is a conversation better than a written thread?,When the topic is complicated,When a decision must be made,When several people are involved,When the misunderstanding is growing,D,When the misunderstanding is growing,Two people talking past each other in writing will keep doing it. Five minutes on a call resolves it.,AUTHORED,
GB3_COM_010,COMMUNICATION,COM_C10_STATUS,COM_F10_WHAT_AN_UPDATE_CONTAINS,COM_FAM10_STATUS_UPDATES,COM_RG_STATUS,D1,REMEMBER,mcq,What does a useful status update contain?,The percentage of the work completed,A list of everything done since last time,"Where it stands, what is blocking, what is next",The hours spent on each part of it,C,"Where it stands, what is blocking, what is next","The blockers are the part the reader can act on, and the part most people leave out.",AUTHORED,
GB3_COM_011,COMMUNICATION,COM_C02_BAD_NEWS,COM_F11_WHY_DELAY_MAKES_IT_WORSE,COM_FAM11_WHY_EARLY_IS_BETTER,COM_RG_BAD_NEWS,D2,UNDERSTAND,mcq,Why does delaying bad news make it worse?,It suggests you were hiding something,People react badly to being told late,The problem itself usually gets larger,The options available shrink as time passes,D,The options available shrink as time passes,Four weeks out you can cut scope or add help. Four days out the only option left is to slip.,AUTHORED,
GB3_COM_012,COMMUNICATION,COM_C01_AUDIENCE,COM_F12_WHY_DETAIL_FAILS,COM_FAM12_WHY_WRONG_LEVEL_LOSES_PEOPLE,COM_RG_AUDIENCE,D2,UNDERSTAND,mcq,Why does giving a manager the technical detail often fail?,They do not have the background to follow,They cannot extract the decision they must make,They are not interested in the mechanism,They will misunderstand the explanation,B,They cannot extract the decision they must make,The detail is accurate and unusable. What they need is the choice in front of them and its consequences.,AUTHORED,
GB3_COM_013,COMMUNICATION,COM_C11_ASSUMED_CONTEXT,COM_F13_WHY_CONTEXT_IS_MISSING,COM_FAM13_WHY_PEOPLE_TALK_PAST_EACH_OTHER,COM_RG_CONTEXT,D2,UNDERSTAND,mcq,Why do two engineers often disagree without noticing they agree?,Each assumes context the other does not have,Each is using the terminology differently,Each wants a different outcome entirely,Each has invested in their own solution,A,Each assumes context the other does not have,Stating the assumptions out loud resolves a surprising share of technical arguments in under a minute.,AUTHORED,
GB3_COM_014,COMMUNICATION,COM_C05_REVIEW_GIVE,COM_F14_WHY_TONE_CHANGES_OUTCOMES,COM_FAM14_WHY_REVIEW_TONE_MATTERS,COM_RG_REVIEW_GIVE,D2,UNDERSTAND,mcq,Why does the tone of a review comment affect the code?,Authors ignore comments they dislike,A defensive author argues instead of fixing,Tone affects how quickly it is read,Harsh comments are less clearly worded,B,A defensive author argues instead of fixing,The goal is a change to the code. Anything that makes the author defend rather than reconsider has failed.,AUTHORED,
GB3_COM_015,COMMUNICATION,COM_C12_SILENCE,COM_F15_WHY_SILENCE_IS_COSTLY,COM_FAM15_WHY_NOT_SPEAKING_UP_COSTS,COM_RG_SILENCE,D2,UNDERSTAND,mcq,Why does a junior engineer’s silence in a design discussion cost the team?,Their perspective differs from the others,They learn less than they otherwise would,The question they did not ask was a real gap,The team assumes they agree with the design,C,The question they did not ask was a real gap,"""I do not understand why we need this"" is frequently the most useful sentence in the room.",AUTHORED,
GB3_COM_016,COMMUNICATION,COM_C07_ESTIMATE,COM_F16_WHY_NUMBERS_BECOME_PROMISES,COM_FAM16_WHY_ESTIMATES_HARDEN,COM_RG_ESTIMATE,D2,UNDERSTAND,mcq,"Why is a casual ""about two days"" dangerous?",It is usually an underestimate,It cannot be revised once said,It is repeated onward as a commitment,It is given without enough thought,C,It is repeated onward as a commitment,"By the time it reaches a customer it has lost the word ""about"". State the uncertainty where it is created.",AUTHORED,
GB3_COM_017,COMMUNICATION,COM_C13_DISAGREE_AND_COMMIT,COM_F17_WHY_COMMIT_AFTER_LOSING,COM_FAM17_WHY_YOU_BACK_THE_DECISION,COM_RG_COMMIT,D2,UNDERSTAND,mcq,Why support a decision you argued against?,Your objection has already been recorded,The decision may turn out to be correct,Continued disagreement badly damages the team,A half-executed decision fails for the wrong reason,D,A half-executed decision fails for the wrong reason,Half-hearted execution makes the outcome uninformative. Nobody learns whether the decision was wrong.,AUTHORED,
GB3_COM_018,COMMUNICATION,COM_C14_REVIEW_RECEIVE,COM_F18_WHY_TAKING_REVIEW_IS_HARD,COM_FAM18_WHY_CRITICISM_STINGS,COM_RG_REVIEW_RECEIVE,D2,UNDERSTAND,mcq,Why is receiving code review harder than it should be?,The author knows more about the context,Comments arrive after the work is finished,Reviewers are often unnecessarily blunt,People read comments on their work as on themselves,D,People read comments on their work as on themselves,"Knowing that is most of managing it. The comment is about a function, and it will be rewritten many times.",AUTHORED,
GB3_COM_019,COMMUNICATION,COM_C15_MEETINGS,COM_F19_WHY_MEETINGS_FAIL,COM_FAM19_WHY_MEETINGS_WASTE_TIME,COM_RG_MEETINGS,D2,UNDERSTAND,mcq,Why do technical meetings often achieve nothing?,They were scheduled for too long,Nobody stated what decision was needed,The right people were not present,Too many people were invited to them,B,Nobody stated what decision was needed,"Without a decision to reach, a meeting becomes a discussion, and a discussion has no end condition.",AUTHORED,
GB3_COM_020,COMMUNICATION,COM_C16_PUSHBACK,COM_F20_WHY_SAYING_NO_IS_A_SKILL,COM_FAM20_WHY_REFUSAL_NEEDS_CARE,COM_RG_PUSHBACK,D2,UNDERSTAND,mcq,"Why is ""no, because it is bad practice"" a weak refusal?",It suggests you did not consider it,It gives the other person nothing to weigh,It cites an authority rather than a reason,It sounds inflexible to the listener,B,It gives the other person nothing to weigh,"""That would mean X, which costs Y"" is a trade they can evaluate. Best practice is an assertion.",AUTHORED,
GB3_COM_021,COMMUNICATION,COM_C01_AUDIENCE,COM_F21_EXPLAIN_TO_A_MANAGER,COM_FAM21_EXPLAINING_UPWARD,COM_RG_AUDIENCE,D3,APPLY,mcq,You must explain a technical risk to somebody who does not code. What do you lead with?,What you propose to do about it,"What could happen, and what it would cost",How likely it is in percentage terms,The technical mechanism behind the risk,B,"What could happen, and what it would cost","Consequence first. The proposal comes second, once they know what they are buying with it.",AUTHORED,
GB3_COM_022,COMMUNICATION,COM_C03_ASKING,COM_F22_WRITE_A_GOOD_QUESTION,COM_FAM22_ASKING_WELL,COM_RG_ASKING,D3,APPLY,mcq,You have been stuck for two hours. What should your message contain?,A request for somebody to look at it with you,"The goal, the attempts, and the exact error",A description of how the system works,An explanation of why it is urgent,B,"The goal, the attempts, and the exact error","Often writing those three things solves it before you send the message, which is a known and useful effect.",AUTHORED,
GB3_COM_023,COMMUNICATION,COM_C05_REVIEW_GIVE,COM_F23_PHRASE_A_COMMENT,COM_FAM23_WRITING_REVIEW_COMMENTS,COM_RG_REVIEW_GIVE,D3,APPLY,mcq,You think a function should be split. How do you phrase the comment?,Point to the standard that requires it,Suggest it as an optional improvement,"Say what it would improve, and ask",State that it needs to be split up,C,"Say what it would improve, and ask",The author may know something you do not. A reason plus a question gets a better outcome than an instruction.,AUTHORED,
GB3_COM_024,COMMUNICATION,COM_C04_DISAGREE,COM_F24_SAY_WHAT_WOULD_CHANGE_YOUR_MIND,COM_FAM24_ARGUING_PRODUCTIVELY,COM_RG_DISAGREE,D3,APPLY,mcq,A technical argument is going in circles. What breaks the loop?,Stating what evidence would change your mind,Agreeing to revisit it another time,Asking a third person to decide it,Restating your position more clearly,A,Stating what evidence would change your mind,"It converts opinion into something testable, and it frequently reveals that nothing would — which is also useful.",AUTHORED,
GB3_COM_025,COMMUNICATION,COM_C02_BAD_NEWS,COM_F25_HOW_TO_SAY_IT,COM_FAM25_DELIVERING_A_SLIP,COM_RG_BAD_NEWS,D3,APPLY,mcq,You must tell your manager a project will be two weeks late. What do you bring?,The earliest date you might still make,A detailed account of what went wrong,An apology and a plan to catch up,"The new date, the reason, and the options",D,"The new date, the reason, and the options","Cut scope, add people, accept the date. Bringing the options makes it a decision rather than a complaint.",AUTHORED,
GB3_COM_026,COMMUNICATION,COM_C15_MEETINGS,COM_F26_STATE_THE_DECISION,COM_FAM26_RUNNING_A_DISCUSSION,COM_RG_MEETINGS,D3,APPLY,mcq,You are calling a technical discussion. What must the invitation say?,What topics will be covered,What must be decided by the end,How long it is expected to take,What people should read first,B,What must be decided by the end,A stated decision gives the meeting an end condition and tells people whether they need to be there.,AUTHORED,
GB3_COM_027,COMMUNICATION,COM_C17_EXPLAIN_SIMPLY,COM_F27_USE_AN_ANALOGY,COM_FAM27_EXPLAINING_CONCEPTS,COM_RG_EXPLAIN,D3,APPLY,mcq,How do you explain a caching problem to a non-technical colleague?,With a diagram of the components,With something familiar that behaves the same way,With the business consequence only,With a simplified version of the real mechanism,B,With something familiar that behaves the same way,A good analogy carries the shape of the problem. Say where it breaks down and it does no harm.,AUTHORED,
GB3_COM_028,COMMUNICATION,COM_C14_REVIEW_RECEIVE,COM_F28_RESPOND_WELL,COM_FAM28_RECEIVING_REVIEW,COM_RG_REVIEW_RECEIVE,D3,APPLY,mcq,A reviewer has misunderstood your code. How do you respond?,"Explain, and consider making it clearer",Ask another reviewer for an opinion,Explain why their reading is incorrect,Change the code to match their reading,A,"Explain, and consider making it clearer",One competent reader misreading it is evidence. The next one is not going to have your explanation.,AUTHORED,
GB3_COM_029,COMMUNICATION,COM_C16_PUSHBACK,COM_F29_PUSH_BACK_WITH_A_TRADE,COM_FAM29_PUSHING_BACK,COM_RG_PUSHBACK,D3,APPLY,mcq,You are asked to add a feature you think is a mistake. What is the strongest response?,"Agree, but record your objection clearly",Explain that it conflicts with sound design principles,"Describe what it would cost, and offer an alternative",Ask who requested it and why,C,"Describe what it would cost, and offer an alternative","Cost and an alternative turns refusal into a choice. They may still choose it, and now they chose it knowingly.",AUTHORED,
GB3_COM_030,COMMUNICATION,COM_C18_REMOTE,COM_F30_OVER_COMMUNICATE,COM_FAM30_WORKING_REMOTELY,COM_RG_REMOTE,D3,APPLY,mcq,What changes when a team works across time zones?,People need to respond more quickly,Decisions take longer to reach,More has to be written down and shared,Meetings become more important,C,More has to be written down and shared,Nobody can tap you on the shoulder. Anything not written is unavailable for most of the working day.,AUTHORED,
GB3_COM_031,COMMUNICATION,COM_C02_BAD_NEWS,COM_F31_EVERYBODY_KNEW,COM_FAM31_DIAGNOSE_A_LATE_DISCLOSURE,COM_RG_BAD_NEWS,D4,ANALYZE,mcq,A project fails and it emerges the team knew six weeks earlier. What does that indicate?,The warning signs were ambiguous,Something made reporting it feel unsafe,The team hoped to recover the schedule,Nobody was certain enough to say it,B,Something made reporting it feel unsafe,All four are reasons people give. The first is the one a team can actually do something about.,AUTHORED,
GB3_COM_032,COMMUNICATION,COM_C11_ASSUMED_CONTEXT,COM_F32_BUILT_THE_WRONG_THING,COM_FAM32_DIAGNOSE_A_MISUNDERSTANDING,COM_RG_CONTEXT,D4,ANALYZE,mcq,Two weeks of work turns out to solve the wrong problem. What was missing at the start?,A written specification of the requirement,A checkpoint partway through the work,A clearer explanation from the requester,Saying back what was understood before starting,D,Saying back what was understood before starting,"Thirty seconds of ""so what you need is..."" at the start. The cheapest error-detection available.",AUTHORED,
GB3_COM_033,COMMUNICATION,COM_C05_REVIEW_GIVE,COM_F33_REVIEW_BECAME_A_FIGHT,COM_FAM33_DIAGNOSE_A_BAD_REVIEW,COM_RG_REVIEW_GIVE,D4,ANALYZE,mcq,A pull request has forty comments and the author has become defensive. What went wrong?,The reviewer was not clear enough,The volume and tone made it feel like an attack,The author is not receptive to feedback,The code genuinely had many problems,B,The volume and tone made it feel like an attack,Forty comments is a conversation that should have happened before the code. The medium was wrong.,AUTHORED,
GB3_COM_034,COMMUNICATION,COM_C08_JARGON,COM_F34_LOST_THE_ROOM,COM_FAM34_DIAGNOSE_A_LOST_AUDIENCE,COM_RG_JARGON,D4,ANALYZE,mcq,A presentation gets no questions at all. What is the most likely explanation?,There was no time left for questions,The explanation was completely clear,People stopped following early on,The audience was not interested,C,People stopped following early on,Silence is rarely comprehension. People who followed have questions; people who are lost do not.,AUTHORED,
GB3_COM_035,COMMUNICATION,COM_C07_ESTIMATE,COM_F35_ESTIMATE_BECAME_A_DEADLINE,COM_FAM35_DIAGNOSE_AN_ESTIMATE_PROBLEM,COM_RG_ESTIMATE,D4,ANALYZE,mcq,A rough guess is now a date promised to a customer. Where did it go wrong?,The customer was told before it was checked,The uncertainty was not stated when it was given,The manager should have asked for confirmation,The estimate was too low to begin with,B,The uncertainty was not stated when it was given,Uncertainty is stripped at every retelling. It has to be attached firmly enough to survive the journey.,AUTHORED,
GB3_COM_036,COMMUNICATION,COM_C19_CHANNEL_MISMATCH,COM_F36_THREAD_WENT_WRONG,COM_FAM36_DIAGNOSE_A_CHANNEL_CHOICE,COM_RG_CHANNEL_MISMATCH,D4,ANALYZE,mcq,A written disagreement has run to sixty messages and grown sharper. What should have happened?,A third party should have been asked in,Somebody should have moved it to a call,Somebody should have made a decision,The thread should have been summarised,B,Somebody should have moved it to a call,Text strips tone and rewards the last word. Two people escalating in writing will keep escalating.,AUTHORED,
GB3_COM_037,COMMUNICATION,COM_C12_SILENCE,COM_F37_NOBODY_OBJECTED,COM_FAM37_DIAGNOSE_FALSE_AGREEMENT,COM_RG_SILENCE,D4,ANALYZE,mcq,A design was agreed with no objections and half the team disliked it. What happened?,Agreement was assumed from silence,The design was explained too quickly,People changed their minds afterwards,The team defers to the senior engineer,A,Agreement was assumed from silence,Silence is not consent. Asking each person directly is the difference between agreement and non-objection.,AUTHORED,
GB3_COM_038,COMMUNICATION,COM_C20_STATUS_DRIFT,COM_F38_GREEN_UNTIL_RED,COM_FAM38_DIAGNOSE_STATUS_REPORTING,COM_RG_STATUS_DRIFT,D4,ANALYZE,mcq,"A project reported ""on track"" for eight weeks and then slipped by a month. What does that pattern show?",The reporting period was too infrequent,The original estimate was far too low,The delay was caused by a late surprise,The status was optimism rather than measurement,D,The status was optimism rather than measurement,Real progress degrades gradually. A status that is green until it is red was never measuring anything.,AUTHORED,
GB3_COM_039,COMMUNICATION,COM_C21_ASSUMED_EXPERTISE,COM_F39_TALKED_DOWN,COM_FAM39_DIAGNOSE_CONDESCENSION,COM_RG_EXPERTISE,D4,ANALYZE,mcq,A colleague stops asking you questions after a few exchanges. What might have happened?,They found the answers elsewhere,They no longer need your help,They prefer to work things out alone,Your answers made asking feel costly,D,Your answers made asking feel costly,"Sighing, ""obviously"", or an answer pitched too high. People stop asking long before they say why.",AUTHORED,
GB3_COM_040,COMMUNICATION,COM_C13_DISAGREE_AND_COMMIT,COM_F40_UNDERMINING_AFTERWARDS,COM_FAM40_DIAGNOSE_A_HALF_COMMITMENT,COM_RG_COMMIT,D4,ANALYZE,mcq,An engineer who lost an argument keeps mentioning it during the work. What is the cost?,The engineer becomes harder to work with,The approach cannot be fairly evaluated,The decision may be reversed too late,The team spends time relitigating it,B,The approach cannot be fairly evaluated,"All four. The first matters most: if it fails, nobody learns whether the decision or the execution was wrong.",AUTHORED,
GB3_COM_041,COMMUNICATION,COM_C22_INFLUENCE,COM_F41_WHY_IT_MATTERS_MORE,COM_FAM41_JUDGING_ITS_IMPORTANCE,COM_RG_INFLUENCE,D5,EVALUATE,mcq,Why does communication matter more as an engineer becomes more senior?,They work with more stakeholders,They attend more meetings than before,Their impact is mostly through other people,They write less code themselves,C,Their impact is mostly through other people,Past a point your effect on the system is the arguments you made and the people you convinced.,AUTHORED,
GB3_COM_042,COMMUNICATION,COM_C13_DISAGREE_AND_COMMIT,COM_F42_WHEN_TO_KEEP_ARGUING,COM_FAM42_JUDGING_WHEN_TO_PERSIST,COM_RG_COMMIT,D5,EVALUATE,mcq,When should you keep pressing after a decision has gone against you?,When the consequence would be serious and irreversible,When you have genuinely new arguments to make,When the decision was made too quickly,When others privately agree with you,A,When the consequence would be serious and irreversible,"Safety, data loss, legal exposure. For a preference about structure, commit and let the outcome teach.",AUTHORED,
GB3_COM_043,COMMUNICATION,COM_C23_HONESTY,COM_F43_SAY_YOU_DO_NOT_KNOW,COM_FAM43_JUDGING_CANDOUR,COM_RG_HONESTY,D5,EVALUATE,mcq,You are asked something in a meeting and you do not know. What is best?,"Say so, and say when you will find out",Explain what you do know instead,"Give your best guess, clearly labelled",Offer to discuss it after the meeting,A,"Say so, and say when you will find out",A guess that gets acted on is worse than a pause. Saying so also makes your confident answers worth more.,AUTHORED,
GB3_COM_044,COMMUNICATION,COM_C24_SAFETY,COM_F44_MAKE_IT_SAFE_TO_SPEAK,COM_FAM44_JUDGING_TEAM_CULTURE,COM_RG_SAFETY,D5,EVALUATE,mcq,What most improves the quality of a team’s technical decisions?,People feeling able to disagree openly,Better documentation of the options,More experienced engineers on the team,A clearer process for making decisions,A,People feeling able to disagree openly,The best available information is useless if the person holding it does not feel able to say it.,AUTHORED,
GB3_COM_045,COMMUNICATION,COM_C09_WRITTEN_VERSUS_SPOKEN,COM_F45_WRITE_AFTER_TALKING,COM_FAM45_JUDGING_THE_COMBINATION,COM_RG_CHANNEL,D5,EVALUATE,mcq,A decision was reached in a conversation. What should follow?,A meeting to confirm the decision,A short written summary to the others,"Nothing, if everybody agreed to it",A ticket describing the work involved,B,A short written summary to the others,"Otherwise it exists only for the people in the room, and is reopened by everybody who was not.",AUTHORED,
GB3_COM_046,COMMUNICATION,COM_C25_JUNIOR,COM_F46_HELPING_SOMEONE_LEARN,COM_FAM46_JUDGING_HOW_TO_HELP,COM_RG_JUNIOR,D5,EVALUATE,mcq,A junior engineer is stuck. What is usually the most useful response?,Tell them which area to look in,Ask what they have ruled out and why,Show them the solution directly,Point them at the documentation,B,Ask what they have ruled out and why,It teaches the method and often surfaces the wrong assumption faster than handing over the answer.,AUTHORED,
GB3_COM_047,COMMUNICATION,COM_C16_PUSHBACK,COM_F47_PICK_YOUR_BATTLES,COM_FAM47_JUDGING_WHAT_TO_CONTEST,COM_RG_PUSHBACK,D5,EVALUATE,mcq,Which disagreements are worth spending your credibility on?,The ones that are expensive to reverse,The ones about your own area of work,The ones where you are most confident,The ones others also disagree with,A,The ones that are expensive to reverse,Credibility is finite. Spending it on a naming convention leaves none for the data model.,AUTHORED,
GB3_COM_048,COMMUNICATION,COM_C26_ASSUMPTION_OF_GOOD_FAITH,COM_F48_ASSUME_A_REASON,COM_FAM48_JUDGING_OTHERS_WORK,COM_RG_GOOD_FAITH,D5,EVALUATE,mcq,You find code that looks obviously wrong. What is the productive assumption?,The author did not know any better,There was a reason you cannot see yet,It was written under time pressure,It has never been reviewed properly,B,There was a reason you cannot see yet,"Often there is one, and asking finds it. Assuming incompetence is how you remove a constraint that mattered.",AUTHORED,
GB3_COM_049,COMMUNICATION,COM_C01_AUDIENCE,COM_F49_THE_HARDEST_AUDIENCE,COM_FAM49_JUDGING_DIFFICULTY,COM_RG_AUDIENCE,D5,EVALUATE,mcq,Which audience is hardest for most engineers?,Engineers on a different team entirely,Engineers more senior than themselves,"People who need the decision, not the detail",Customers reporting a problem,C,"People who need the decision, not the detail","Compressing accurately requires knowing which detail can be dropped, which is harder than knowing it all.",AUTHORED,
GB3_COM_050,COMMUNICATION,COM_C06_LISTENING,COM_F50_THE_CORE_SKILL,COM_FAM50_JUDGING_THE_WHOLE,COM_RG_LISTENING,D5,EVALUATE,mcq,What underlies most of good technical communication?,Knowing what the other person needs,Explaining things in a clear order,Using precise technical language,Being confident about your position,A,Knowing what the other person needs,"Audience, tone, level, channel, timing. Every decision in this file is answered by that one question.",AUTHORED,
GB3_BHV_001,BEHAVIORAL_INTERVIEW,BHV_C01_PURPOSE,BHV_F01_WHAT_IS_BEING_ASSESSED,BHV_FAM01_PURPOSE,BHV_RG_PURPOSE,D1,REMEMBER,mcq,What is a behavioural interview trying to find out?,How well you can present yourself,Whether your personality fits the team,How you have actually behaved before,What you know about the company,C,How you have actually behaved before,Past behaviour as evidence about future behaviour. That is why the questions ask for specific occasions.,AUTHORED,
GB3_BHV_002,BEHAVIORAL_INTERVIEW,BHV_C02_STRUCTURE,BHV_F02_THE_FOUR_PARTS,BHV_FAM02_ANSWER_STRUCTURE,BHV_RG_STRUCTURE,D1,REMEMBER,mcq,What does a well-structured answer cover?,"The challenge, the effort, and the lesson","The background, the team, and the outcome","The situation, your task, your actions, the result","The problem, the solution, and the technology",C,"The situation, your task, your actions, the result","Situation, task, action, result. The structure exists so the interviewer can find the evidence quickly.",AUTHORED,
GB3_BHV_003,BEHAVIORAL_INTERVIEW,BHV_C03_I_NOT_WE,BHV_F03_SAY_WHAT_YOU_DID,BHV_FAM03_OWNERSHIP_OF_THE_STORY,BHV_RG_I_NOT_WE,D1,REMEMBER,mcq,"Why is an answer full of ""we"" a problem?",It sounds like you are avoiding credit,It gives no evidence about you,It makes the story harder to follow,It suggests you cannot work alone,B,It gives no evidence about you,"The interviewer is hiring one person. An answer with no ""I"" in it has told them nothing about that person.",AUTHORED,
GB3_BHV_004,BEHAVIORAL_INTERVIEW,BHV_C04_SPECIFIC,BHV_F04_ONE_OCCASION,BHV_FAM04_SPECIFICITY,BHV_RG_SPECIFIC,D1,REMEMBER,mcq,"""Tell me about a time you..."" is asking for what?",The most impressive example you have,A summary of your relevant experience,How you generally approach such things,"One particular occasion, with details",D,"One particular occasion, with details",One occasion. Answering in general terms is the commonest way to fail a question you could have passed.,AUTHORED,
GB3_BHV_005,BEHAVIORAL_INTERVIEW,BHV_C05_RESULT,BHV_F05_SAY_WHAT_HAPPENED,BHV_FAM05_OUTCOMES,BHV_RG_RESULT,D1,REMEMBER,mcq,What do candidates most often leave out?,The technologies they used,How long the work took them,The size of the team involved,What actually happened in the end,D,What actually happened in the end,"The story stops at ""and then I built it"". The result is the part that says whether it worked.",AUTHORED,
GB3_BHV_006,BEHAVIORAL_INTERVIEW,BHV_C06_FAILURE,BHV_F06_REAL_FAILURES,BHV_FAM06_FAILURE_QUESTIONS,BHV_RG_FAILURE,D1,REMEMBER,mcq,"What should a ""tell me about a failure"" answer describe?",A failure caused by somebody else’s decision,A strength that occasionally causes problems,A small mistake with no real consequence,"A real failure, and what you changed after",D,"A real failure, and what you changed after","A disguised success is the most transparent answer in interviewing, and it wastes the question.",AUTHORED,
GB3_BHV_007,BEHAVIORAL_INTERVIEW,BHV_C07_PREPARATION,BHV_F07_HAVE_STORIES_READY,BHV_FAM07_PREPARATION,BHV_RG_PREPARATION,D1,REMEMBER,mcq,How should you prepare for behavioural questions?,Read about the company and its products,Memorise answers to the common questions,Practise speaking clearly and confidently,Have several real stories you know well,D,Have several real stories you know well,Six good stories cover most questions between them. Memorised answers break the moment you are probed.,AUTHORED,
GB3_BHV_008,BEHAVIORAL_INTERVIEW,BHV_C08_CONFLICT,BHV_F08_WHAT_CONFLICT_QUESTIONS_WANT,BHV_FAM08_CONFLICT_QUESTIONS,BHV_RG_CONFLICT,D1,REMEMBER,mcq,What is a question about disagreeing with a colleague really assessing?,Whether you avoid conflict in a team,Whether you defer to more senior people,Whether you can disagree and still work together,Whether you usually turn out to be right,C,Whether you can disagree and still work together,They are hiring somebody who will disagree with them. How you do it is the entire question.,AUTHORED,
GB3_BHV_009,BEHAVIORAL_INTERVIEW,BHV_C09_NO_EXPERIENCE,BHV_F09_WHAT_IF_YOU_HAVE_NOT,BHV_FAM09_LACKING_EXPERIENCE,BHV_RG_NO_EXPERIENCE,D1,REMEMBER,mcq,You are asked about something you have never done. What is the best response?,Describe how you would handle it,"Say so, and offer the nearest real thing",Ask for a different question instead,Find a way to answer with what you have,B,"Say so, and offer the nearest real thing",A student project or a group assignment is a real occasion. Inventing one fails the first follow-up question.,AUTHORED,
GB3_BHV_010,BEHAVIORAL_INTERVIEW,BHV_C10_LENGTH,BHV_F10_HOW_LONG,BHV_FAM10_ANSWER_LENGTH,BHV_RG_LENGTH,D1,REMEMBER,mcq,How long should a behavioural answer be?,"A couple of minutes, then let them probe","Under a minute, to respect their time",Long enough to cover every detail,As long as it takes to tell it fully,A,"A couple of minutes, then let them probe",Interviews are conversations. A six-minute monologue prevents the follow-up questions you want.,AUTHORED,
GB3_BHV_011,BEHAVIORAL_INTERVIEW,BHV_C01_PURPOSE,BHV_F11_WHY_PAST_BEHAVIOUR,BHV_FAM11_WHY_ASK_ABOUT_THE_PAST,BHV_RG_PURPOSE,D2,UNDERSTAND,mcq,Why ask what you did rather than what you would do?,Hypothetical answers are easy to give well,Past behaviour is easier to verify,Past situations are easier to describe,Hypotheticals take longer to answer,A,Hypothetical answers are easy to give well,Anybody can describe the ideal response. Only somebody who did it can describe what actually happened.,AUTHORED,
GB3_BHV_012,BEHAVIORAL_INTERVIEW,BHV_C04_SPECIFIC,BHV_F12_WHY_DETAIL_CONVINCES,BHV_FAM12_WHY_SPECIFICS_ARE_BELIEVED,BHV_RG_SPECIFIC,D2,UNDERSTAND,mcq,Why do specific numbers and constraints make an answer credible?,They make the story more interesting,They show the candidate has a good memory,They are hard to invent and easy to probe,They demonstrate technical competence,C,They are hard to invent and easy to probe,"An interviewer can ask why that number. A vague answer has nothing to ask about, which is itself a signal.",AUTHORED,
GB3_BHV_013,BEHAVIORAL_INTERVIEW,BHV_C03_I_NOT_WE,BHV_F13_WHY_THE_TEAM_IS_NOT_THE_ANSWER,BHV_FAM13_WHY_YOUR_PART_MATTERS,BHV_RG_I_NOT_WE,D2,UNDERSTAND,mcq,You describe an impressive project your team delivered. What has the interviewer learned?,That your team was capable,That you worked somewhere interesting,That you understand the technology,That you can explain a project well,A,That your team was capable,Nothing about you. Saying what you personally decided and built is the entire purpose of the question.,AUTHORED,
GB3_BHV_014,BEHAVIORAL_INTERVIEW,BHV_C06_FAILURE,BHV_F14_WHY_FAILURE_QUESTIONS_EXIST,BHV_FAM14_WHY_THEY_ASK_ABOUT_FAILURE,BHV_RG_FAILURE,D2,UNDERSTAND,mcq,What is an interviewer actually testing with a failure question?,Whether you learn from things going wrong,Whether you have taken real risks,Whether you are honest about mistakes,Whether you can handle pressure well,A,Whether you learn from things going wrong,Honesty is the entry ticket. What they are buying is somebody whose second year is better than their first.,AUTHORED,
GB3_BHV_015,BEHAVIORAL_INTERVIEW,BHV_C11_PROBING,BHV_F15_WHY_THEY_FOLLOW_UP,BHV_FAM15_WHY_FOLLOW_UP_QUESTIONS,BHV_RG_PROBING,D2,UNDERSTAND,mcq,"Why does an interviewer ask ""and why did you choose that?""",To see whether the reasoning is yours,To check the accuracy of the story,To extend the answer for more detail,To test whether you can justify it,A,To see whether the reasoning is yours,A rehearsed answer survives the first question and not the third. That is what the follow-ups are for.,AUTHORED,
GB3_BHV_016,BEHAVIORAL_INTERVIEW,BHV_C12_CULTURE_FIT,BHV_F16_WHAT_FIT_MEANS,BHV_FAM16_WHY_FIT_IS_ASKED_ABOUT,BHV_RG_FIT,D2,UNDERSTAND,mcq,What does an interviewer usually mean by whether somebody would fit?,Whether they would get on socially,Whether they are similar to the team,Whether they share the same interests,Whether they work the way this team works,D,Whether they work the way this team works,"Written communication, giving review, disagreeing openly. Working style, not personality.",AUTHORED,
GB3_BHV_017,BEHAVIORAL_INTERVIEW,BHV_C13_TWO_WAY,BHV_F17_WHY_YOUR_QUESTIONS_MATTER,BHV_FAM17_WHY_ASKING_MATTERS,BHV_RG_TWO_WAY,D2,UNDERSTAND,mcq,Why do the questions you ask count?,They fill the time at the end politely,They demonstrate you researched the company,They give the interviewer a chance to sell,They show what you care about in a job,D,They show what you care about in a job,Asking about code review and on-call says more about your seniority than most of your answers will.,AUTHORED,
GB3_BHV_018,BEHAVIORAL_INTERVIEW,BHV_C14_HONESTY,BHV_F18_WHY_EXAGGERATION_FAILS,BHV_FAM18_WHY_OVERSTATING_BACKFIRES,BHV_RG_HONESTY,D2,UNDERSTAND,mcq,Why is overstating your contribution a bad strategy?,Interviewers verify claims with references,The follow-up questions expose it quickly,It makes you sound arrogant to the panel,Other candidates will be more modest,B,The follow-up questions expose it quickly,"Two levels of ""how did you decide that?"" and the story stops having answers. It is very visible.",AUTHORED,
GB3_BHV_019,BEHAVIORAL_INTERVIEW,BHV_C15_STUDENT,BHV_F19_WHY_PROJECTS_COUNT,BHV_FAM19_WHY_STUDENT_WORK_IS_VALID,BHV_RG_STUDENT,D2,UNDERSTAND,mcq,Why is a university group project a legitimate answer?,Academic work is technically comparable,It is the only experience you can offer,The behaviour being assessed is the same,Interviewers expect less from students,C,The behaviour being assessed is the same,"Disagreement, deadlines, somebody not delivering. The situation is real and the behaviour transfers.",AUTHORED,
GB3_BHV_020,BEHAVIORAL_INTERVIEW,BHV_C16_REFLECTION,BHV_F20_WHY_WHAT_YOU_WOULD_CHANGE,BHV_FAM20_WHY_REFLECTION_SCORES,BHV_RG_REFLECTION,D2,UNDERSTAND,mcq,"Why does ""what would you do differently?"" score so heavily?",It shows how recently the work happened,It shows whether you reviewed your own work,It tests whether you can accept criticism,It reveals what went wrong in the project,B,It shows whether you reviewed your own work,Somebody with nothing to change has not thought about it since. That is the signal being read.,AUTHORED,
GB3_BHV_021,BEHAVIORAL_INTERVIEW,BHV_C02_STRUCTURE,BHV_F21_WHERE_TO_SPEND_THE_TIME,BHV_FAM21_BALANCING_AN_ANSWER,BHV_RG_STRUCTURE,D3,APPLY,mcq,Which part of an answer should take the most time?,The final result achieved,The background to the situation,The lesson you took from it,What you personally did,D,What you personally did,Most candidates spend two minutes on context and twenty seconds on their actions. It should be the reverse.,AUTHORED,
GB3_BHV_022,BEHAVIORAL_INTERVIEW,BHV_C08_CONFLICT,BHV_F22_TELL_A_CONFLICT_STORY,BHV_FAM22_ANSWERING_CONFLICT,BHV_RG_CONFLICT,D3,APPLY,mcq,What makes a good answer about disagreeing with a colleague?,That your position turned out to be correct,That you handled it without escalating,That the relationship was unaffected,How it was resolved and what happened after,D,How it was resolved and what happened after,An answer where you were right and they came round is less convincing than one where you changed your mind.,AUTHORED,
GB3_BHV_023,BEHAVIORAL_INTERVIEW,BHV_C06_FAILURE,BHV_F23_CHOOSE_A_FAILURE,BHV_FAM23_CHOOSING_A_FAILURE_STORY,BHV_RG_FAILURE,D3,APPLY,mcq,Which failure is the best one to talk about?,A real one where you changed how you work,The smallest one you can think of,One that was recovered before it mattered,One caused by circumstances outside control,A,A real one where you changed how you work,The change is the payload. Without it the answer is a confession rather than evidence.,AUTHORED,
GB3_BHV_024,BEHAVIORAL_INTERVIEW,BHV_C03_I_NOT_WE,BHV_F24_SEPARATE_YOUR_PART,BHV_FAM24_DESCRIBING_TEAM_WORK,BHV_RG_I_NOT_WE,D3,APPLY,mcq,The project was genuinely a team effort. How do you describe it?,Explain that the credit belongs to everybody,"Set the team context, then say what you owned",Focus on your contribution and omit the rest,Describe the team’s work and your role in it,B,"Set the team context, then say what you owned",Both halves. Claiming it all is dishonest; claiming none of it leaves the interviewer with nothing.,AUTHORED,
GB3_BHV_025,BEHAVIORAL_INTERVIEW,BHV_C17_NUMBERS,BHV_F25_QUANTIFY_THE_RESULT,BHV_FAM25_QUANTIFYING,BHV_RG_NUMBERS,D3,APPLY,mcq,"How do you strengthen ""I made the page load faster""?",Give the before and after figures,Explain the technique that you used,Say how long the work took you,Describe how users responded to it,A,Give the before and after figures,"Four seconds to 800ms. The number invites the follow-up question you want, which is how you did it.",AUTHORED,
GB3_BHV_026,BEHAVIORAL_INTERVIEW,BHV_C09_NO_EXPERIENCE,BHV_F26_OFFER_THE_NEAREST,BHV_FAM26_HANDLING_A_GAP,BHV_RG_NO_EXPERIENCE,D3,APPLY,mcq,You are asked about mentoring somebody and you never have. What do you say?,Describe how you would approach mentoring,Talk about being mentored by somebody else,Explain that you have not had the chance,"Say so, and offer the closest thing you did",D,"Say so, and offer the closest thing you did",Helping a classmate through a concept is the same behaviour at a smaller scale. Name it honestly and tell it.,AUTHORED,
GB3_BHV_027,BEHAVIORAL_INTERVIEW,BHV_C07_PREPARATION,BHV_F27_BUILD_THE_SET,BHV_FAM27_PREPARING_STORIES,BHV_RG_PREPARATION,D3,APPLY,mcq,What set of stories should you prepare?,One for every question you expect to be asked,One strong story you can adapt to anything,"A few covering conflict, failure, difficulty and success",The most technically impressive work that you did,C,"A few covering conflict, failure, difficulty and success","Four or five, each usable from several angles. Most behavioural questions are one of those four shapes.",AUTHORED,
GB3_BHV_028,BEHAVIORAL_INTERVIEW,BHV_C13_TWO_WAY,BHV_F28_WHAT_TO_ASK_THEM,BHV_FAM28_ASKING_QUESTIONS,BHV_RG_TWO_WAY,D3,APPLY,mcq,What is a strong question to ask an interviewer?,What a typical day in the role involves,What the company’s plans are for next year,What the progression path looks like here,How the team handles code review and releases,D,How the team handles code review and releases,"It is a real question about real working conditions, and the answer tells you something worth knowing.",AUTHORED,
GB3_BHV_029,BEHAVIORAL_INTERVIEW,BHV_C18_PRESSURE,BHV_F29_HANDLE_A_HARD_QUESTION,BHV_FAM29_UNDER_PRESSURE,BHV_RG_PRESSURE,D3,APPLY,mcq,You are asked something you have no answer for. What is best?,Ask them to move on to something else,Start talking and find an answer as you go,"Take a moment, then say honestly where you are",Redirect to a question you can answer,C,"Take a moment, then say honestly where you are",A pause reads as thinking. Talking while you search for a point reads as exactly that.,AUTHORED,
GB3_BHV_030,BEHAVIORAL_INTERVIEW,BHV_C16_REFLECTION,BHV_F30_ADD_THE_REFLECTION,BHV_FAM30_CLOSING_AN_ANSWER,BHV_RG_REFLECTION,D3,APPLY,mcq,How should a story about a successful project end?,With how the project is used today,"With the result, and what you would change",With the result and the praise received,With the technologies you learned from it,B,"With the result, and what you would change",Even on a success. It is the difference between somebody who delivered and somebody who is still improving.,AUTHORED,
GB3_BHV_031,BEHAVIORAL_INTERVIEW,BHV_C03_I_NOT_WE,BHV_F31_NO_EVIDENCE_ABOUT_YOU,BHV_FAM31_DIAGNOSE_A_TEAM_ANSWER,BHV_RG_I_NOT_WE,D4,ANALYZE,mcq,A candidate gives a polished five-minute answer and the interviewer learns nothing. Why?,It used too much technical detail,It focused on the outcome achieved,"It described the project, not their actions",It was too long for the question asked,C,"It described the project, not their actions","The commonest failure in behavioural interviewing, and it is entirely invisible to the candidate.",AUTHORED,
GB3_BHV_032,BEHAVIORAL_INTERVIEW,BHV_C04_SPECIFIC,BHV_F32_ANSWERED_IN_GENERAL,BHV_FAM32_DIAGNOSE_A_GENERAL_ANSWER,BHV_RG_SPECIFIC,D4,ANALYZE,mcq,"Asked for a time they handled a deadline, a candidate describes their general approach. What is lost?",The structure the interviewer expected,The chance to show their technical depth,Any evidence that it ever actually happened,The opportunity to mention the result,C,Any evidence that it ever actually happened,"A general approach is a belief about yourself. An occasion is evidence, and only one of them was asked for.",AUTHORED,
GB3_BHV_033,BEHAVIORAL_INTERVIEW,BHV_C06_FAILURE,BHV_F33_THE_FAKE_WEAKNESS,BHV_FAM33_DIAGNOSE_A_DISGUISED_SUCCESS,BHV_RG_FAILURE,D4,ANALYZE,mcq,"A candidate answers a weakness question with ""I care too much about quality"". What does the interviewer conclude?",They have prepared a standard answer,They have not thought about their weaknesses,They are unwilling to answer the question,They are nervous about being judged,C,They are unwilling to answer the question,"It is recognised instantly. The candidate has declined to engage, and that itself is the information.",AUTHORED,
GB3_BHV_034,BEHAVIORAL_INTERVIEW,BHV_C11_PROBING,BHV_F34_STORY_RAN_OUT,BHV_FAM34_DIAGNOSE_AN_OVERSTATED_STORY,BHV_RG_PROBING,D4,ANALYZE,mcq,A candidate’s answers become vague as the interviewer digs deeper. What does that suggest?,Their role was smaller than described,They have forgotten the details,The question moved outside their expertise,They are becoming nervous under pressure,A,Their role was smaller than described,"Somebody who did the work gets more specific as you dig, not less. The pattern is very legible.",AUTHORED,
GB3_BHV_035,BEHAVIORAL_INTERVIEW,BHV_C19_BLAMING,BHV_F35_BLAMED_EVERYBODY_ELSE,BHV_FAM35_DIAGNOSE_BLAME,BHV_RG_BLAMING,D4,ANALYZE,mcq,A candidate’s failure story is entirely about other people’s mistakes. What does that signal?,They worked in a poorly run organisation,They may not see their own part in outcomes,They were not given enough authority,They are protecting confidential detail,B,They may not see their own part in outcomes,It may all be true and it still answers nothing. An interviewer hears somebody who will blame this team too.,AUTHORED,
GB3_BHV_036,BEHAVIORAL_INTERVIEW,BHV_C10_LENGTH,BHV_F36_TALKED_TOO_LONG,BHV_FAM36_DIAGNOSE_LENGTH,BHV_RG_LENGTH,D4,ANALYZE,mcq,A candidate answers three questions in a forty-minute interview. What has that cost them?,The opportunity to ask their questions,The structure of the conversation,The interviewer’s patience with them,The chances to show a range of evidence,D,The chances to show a range of evidence,Twelve minutes on one story crowds out the four other things they could have demonstrated.,AUTHORED,
GB3_BHV_037,BEHAVIORAL_INTERVIEW,BHV_C05_RESULT,BHV_F37_NO_ENDING,BHV_FAM37_DIAGNOSE_A_MISSING_RESULT,BHV_RG_RESULT,D4,ANALYZE,mcq,A story ends with what the candidate built and nothing more. What is the interviewer left wondering?,Who else was involved in it,How long the work took,Which technologies were used,Whether it actually worked,D,Whether it actually worked,An unfinished story reads as one that did not end well. Say the result even when it is mixed.,AUTHORED,
GB3_BHV_038,BEHAVIORAL_INTERVIEW,BHV_C20_REHEARSED,BHV_F38_SOUNDS_MEMORISED,BHV_FAM38_DIAGNOSE_A_SCRIPTED_ANSWER,BHV_RG_REHEARSED,D4,ANALYZE,mcq,An answer is fluent and does not quite address the question asked. What has happened?,The candidate ran out of relevant stories,A prepared answer was used regardless,The candidate misheard the question,The question was ambiguously worded,B,A prepared answer was used regardless,Preparing stories is good; delivering one that does not fit is worse than a hesitant relevant answer.,AUTHORED,
GB3_BHV_039,BEHAVIORAL_INTERVIEW,BHV_C21_NEGATIVITY,BHV_F39_SPOKE_BADLY_OF_THEM,BHV_FAM39_DIAGNOSE_NEGATIVITY,BHV_RG_NEGATIVITY,D4,ANALYZE,mcq,A candidate is strongly critical of their previous employer. How is that read?,As a sign they have high standards,As honesty about a genuinely bad situation,As a reason they are looking to leave,As how they will describe this job later,D,As how they will describe this job later,It may well be justified. The interviewer still hears the conversation somebody will have about them.,AUTHORED,
GB3_BHV_040,BEHAVIORAL_INTERVIEW,BHV_C13_TWO_WAY,BHV_F40_NO_QUESTIONS,BHV_FAM40_DIAGNOSE_A_SILENT_CANDIDATE,BHV_RG_TWO_WAY,D4,ANALYZE,mcq,A candidate has no questions at the end. How is that usually interpreted?,As confidence that they know enough,As limited interest in the actual job,As respect for the interviewer’s time,As nervousness at the end of the process,B,As limited interest in the actual job,"Fair or not, it is read as not caring which job it is. Two prepared questions avoid it entirely.",AUTHORED,
GB3_BHV_041,BEHAVIORAL_INTERVIEW,BHV_C14_HONESTY,BHV_F41_HONESTY_IS_STRATEGIC,BHV_FAM41_JUDGING_HONESTY,BHV_RG_HONESTY,D5,EVALUATE,mcq,Why is honesty the better strategy even from self-interest?,Interviewers can always detect dishonesty,References will contradict the claims,A job won on a false picture goes badly,It is easier than maintaining a story,C,A job won on a false picture goes badly,Being hired for skills you do not have is three unpleasant months and a difficult conversation.,AUTHORED,
GB3_BHV_042,BEHAVIORAL_INTERVIEW,BHV_C22_MISMATCH,BHV_F42_NOT_THE_RIGHT_JOB,BHV_FAM42_JUDGING_FIT_BOTH_WAYS,BHV_RG_MISMATCH,D5,EVALUATE,mcq,During the interview you realise the job is not what you want. What is the sensible response?,End the interview politely and early,Mention your concerns to the interviewer,Continue as though nothing has changed,Ask the questions that would confirm it,D,Ask the questions that would confirm it,"You may be wrong, and the information is worth having. It is an assessment in both directions.",AUTHORED,
GB3_BHV_043,BEHAVIORAL_INTERVIEW,BHV_C23_NERVES,BHV_F43_NERVES_ARE_EXPECTED,BHV_FAM43_JUDGING_NERVES,BHV_RG_NERVES,D5,EVALUATE,mcq,How much do nerves count against a candidate?,Only if they affect the answers given,Little — interviewers expect and discount them,"Heavily, since the role involves pressure",Not at all in a technical interview,B,Little — interviewers expect and discount them,Every interviewer has been nervous in an interview. What counts is whether the substance comes through.,AUTHORED,
GB3_BHV_044,BEHAVIORAL_INTERVIEW,BHV_C24_WHAT_THEY_WANT,BHV_F44_WHAT_THEY_ARE_BUYING,BHV_FAM44_JUDGING_THE_DECISION,BHV_RG_WHAT_THEY_WANT,D5,EVALUATE,mcq,What is an interviewer ultimately deciding?,Whether you will stay for long enough,Whether you are better than the others,Whether they want to work with you,Whether you are technically capable,C,Whether they want to work with you,Technical ability is necessary and not the decision. The decision is about the next two years of Tuesdays.,AUTHORED,
GB3_BHV_045,BEHAVIORAL_INTERVIEW,BHV_C25_GRADUATE,BHV_F45_WHAT_THEY_EXPECT_OF_A_GRADUATE,BHV_FAM45_JUDGING_EXPECTATIONS,BHV_RG_GRADUATE,D5,EVALUATE,mcq,What does an interviewer expect from a graduate that they do not from a senior candidate?,"Evidence of learning, rather than of scale",Enthusiasm about the company,Awareness of their own limitations,Technical depth in a chosen area,A,"Evidence of learning, rather than of scale",Nobody expects you to have led a migration. They want evidence you get better quickly and notice things.,AUTHORED,
GB3_BHV_046,BEHAVIORAL_INTERVIEW,BHV_C26_UNFAIR,BHV_F46_A_BAD_INTERVIEW,BHV_FAM46_JUDGING_THE_PROCESS,BHV_RG_UNFAIR,D5,EVALUATE,mcq,An interviewer is dismissive and interrupts throughout. What is that worth knowing?,It is information about working there,It is a deliberate test of composure,It reflects how busy they are today,It means you are not being considered,A,It is information about working there,"Sometimes it is a bad day. Often it is the culture, and you have been shown it for free.",AUTHORED,
GB3_BHV_047,BEHAVIORAL_INTERVIEW,BHV_C16_REFLECTION,BHV_F47_THE_STRONGEST_SIGNAL,BHV_FAM47_JUDGING_WHAT_IMPRESSES,BHV_RG_REFLECTION,D5,EVALUATE,mcq,What single quality most reliably impresses in a behavioural interview?,Confidence and clarity when speaking,Breadth of technical experience described,Clear thinking about your own past decisions,Enthusiasm for the role being offered,C,Clear thinking about your own past decisions,Someone who can say why they chose something and what they would change now is unusual and very legible.,AUTHORED,
GB3_BHV_048,BEHAVIORAL_INTERVIEW,BHV_C27_AFTER,BHV_F48_LEARN_FROM_REJECTION,BHV_FAM48_JUDGING_A_REJECTION,BHV_RG_AFTER,D5,EVALUATE,mcq,You were rejected after a behavioural round. What is most useful to do?,Consider whether the role suited you,Ask the company for detailed feedback,Write down which answers were weak,Prepare more stories for next time,C,Write down which answers were weak,Feedback is often generic and slow. Your own notes while it is fresh are more specific and available now.,AUTHORED,
GB3_BHV_049,BEHAVIORAL_INTERVIEW,BHV_C07_PREPARATION,BHV_F49_PREPARE_WITHOUT_SCRIPTING,BHV_FAM49_JUDGING_PREPARATION,BHV_RG_PREPARATION,D5,EVALUATE,mcq,Where is the line between good preparation and over-rehearsal?,Prepare the openings and improvise the rest,Write the answers down but do not memorise,"Practise aloud, but only a few times","Know the stories, not the sentences",D,"Know the stories, not the sentences",Knowing what happened lets you answer any angle. Knowing your wording means one angle and a wall.,AUTHORED,
GB3_BHV_050,BEHAVIORAL_INTERVIEW,BHV_C01_PURPOSE,BHV_F50_THE_UNDERLYING_ADVICE,BHV_FAM50_JUDGING_THE_WHOLE,BHV_RG_PURPOSE,D5,EVALUATE,mcq,What is the durable advice underneath all of this?,Prepare thoroughly for the common questions,Present your experience as impressively as you can,"Do work worth talking about, then talk about it plainly",Learn the structure interviewers are trained on,C,"Do work worth talking about, then talk about it plainly",The technique here is only how to say it. The substance has to come from having actually done things.,AUTHORED,
GB3_MLW_001,ML_WORKFLOW,MLW_C01_SPLIT,MLW_F01_WHY_THREE_SETS,MLW_FAM01_DATA_SPLITS,MLW_RG_SPLIT,D1,REMEMBER,mcq,What are the three sets a dataset is usually split into?,"Sample, population and holdout","Training, evaluation and production","Training, validation and test","Input, output and verification",C,"Training, validation and test","Train fits the model, validation tunes it, test is looked at once. The third only works if it stays untouched.",AUTHORED,
GB3_MLW_002,ML_WORKFLOW,MLW_C02_OVERFIT,MLW_F02_WHAT_OVERFITTING_IS,MLW_FAM02_OVERFITTING,MLW_RG_OVERFIT,D1,REMEMBER,mcq,What is overfitting?,Using a model that is too complicated,Learning the training data instead of the pattern,Training the model for far too many rounds,Having too little data to learn from,B,Learning the training data instead of the pattern,"It memorises the examples, including their noise, and has learned nothing that transfers.",AUTHORED,
GB3_MLW_003,ML_WORKFLOW,MLW_C03_LEAKAGE,MLW_F03_WHAT_LEAKAGE_IS,MLW_FAM03_LEAKAGE,MLW_RG_LEAKAGE,D1,REMEMBER,mcq,What is data leakage?,The dataset containing personal information,Training data being exposed outside the team,Data being lost between the pipeline stages,The model saw information it will not have in use,D,The model saw information it will not have in use,"It produces an excellent score and a useless model, which is the worst combination available.",AUTHORED,
GB3_MLW_004,ML_WORKFLOW,MLW_C04_BASELINE,MLW_F04_WHY_A_BASELINE,MLW_FAM04_BASELINES,MLW_RG_BASELINE,D1,REMEMBER,mcq,What is a baseline in a machine learning project?,The result published in the literature,The simplest thing your model must beat,The accuracy required by the business,The performance of the first model tried,B,The simplest thing your model must beat,"Predict the most common class, or use a simple rule. Without one, no score means anything.",AUTHORED,
GB3_MLW_005,ML_WORKFLOW,MLW_C05_METRIC,MLW_F05_ACCURACY_IS_NOT_ENOUGH,MLW_FAM05_METRICS,MLW_RG_METRIC,D1,REMEMBER,mcq,Why is accuracy often a poor metric?,Predicting the common case scores well,It is harder to calculate than others,It ignores how confident the model was,It cannot be compared between models,A,Predicting the common case scores well,"One percent of transactions are fraud, so ""never fraud"" is 99% accurate and catches nothing.",AUTHORED,
GB3_MLW_006,ML_WORKFLOW,MLW_C06_DATA_WORK,MLW_F06_WHERE_TIME_GOES,MLW_FAM06_EFFORT_DISTRIBUTION,MLW_RG_DATA_WORK,D1,REMEMBER,mcq,Where does most of the time in a machine learning project go?,Training the model on the data,Deploying the model into production,Choosing and tuning the model,Getting the data into a usable state,D,Getting the data into a usable state,"Collecting, cleaning, labelling and understanding it. Students consistently expect the opposite.",AUTHORED,
GB3_MLW_007,ML_WORKFLOW,MLW_C07_FEATURES,MLW_F07_WHAT_A_FEATURE_IS,MLW_FAM07_FEATURES,MLW_RG_FEATURES,D1,REMEMBER,mcq,What is a feature?,A capability the model provides,A pattern the model discovered,An input the model learns from,A column in the original dataset,C,An input the model learns from,Often derived rather than raw. Choosing and building them is usually worth more than changing the model.,AUTHORED,
GB3_MLW_008,ML_WORKFLOW,MLW_C08_DRIFT,MLW_F08_MODELS_DECAY,MLW_FAM08_DRIFT,MLW_RG_DRIFT,D1,REMEMBER,mcq,Why does a deployed model get worse over time?,The data it stores becomes corrupt,The code becomes out of date,The model degrades as it runs,The world it was trained on changes,D,The world it was trained on changes,The model is frozen and reality moves. That is why monitoring a model is not optional.,AUTHORED,
GB3_MLW_009,ML_WORKFLOW,MLW_C09_REPRODUCIBLE,MLW_F09_RECORD_EVERYTHING,MLW_FAM09_REPRODUCIBILITY,MLW_RG_REPRODUCIBLE,D1,REMEMBER,mcq,What must be recorded to reproduce a result?,The training time and the hardware,The name of who ran the experiment,The final accuracy and the model type,"The data, the code and the settings used",D,"The data, the code and the settings used","All three, versioned. A result you cannot reproduce is an anecdote rather than a finding.",AUTHORED,
GB3_MLW_010,ML_WORKFLOW,MLW_C10_FRAMING,MLW_F10_IS_IT_AN_ML_PROBLEM,MLW_FAM10_PROBLEM_FRAMING,MLW_RG_FRAMING,D1,REMEMBER,mcq,What should you establish before building a model?,How much data you can gather,Whether a rule would do the job,What accuracy is achievable,Which algorithm suits the data,B,Whether a rule would do the job,A great many machine learning projects replace a handful of if statements that worked.,AUTHORED,
GB3_MLW_011,ML_WORKFLOW,MLW_C01_SPLIT,MLW_F11_WHY_HOLD_BACK_A_TEST_SET,MLW_FAM11_WHY_THE_TEST_SET_IS_SACRED,MLW_RG_SPLIT,D2,UNDERSTAND,mcq,Why should the test set be looked at only once?,Repeated evaluation wears the data out,Tuning against it makes it another training set,It is needed for the final report,The test set is smaller than the others,B,Tuning against it makes it another training set,"Every decision made after seeing it leaks a little into the model. After twenty, it measures nothing.",AUTHORED,
GB3_MLW_012,ML_WORKFLOW,MLW_C03_LEAKAGE,MLW_F12_WHY_LEAKAGE_IS_INVISIBLE,MLW_FAM12_WHY_LEAKAGE_IS_MISSED,MLW_RG_LEAKAGE,D2,UNDERSTAND,mcq,Why is leakage so often missed?,It affects only certain kinds of model,It only appears on large datasets,It requires special tools to detect,It shows up as an unusually good result,D,It shows up as an unusually good result,Nobody investigates a result that exceeded their hopes. Suspicion of a good number is the defence.,AUTHORED,
GB3_MLW_013,ML_WORKFLOW,MLW_C05_METRIC,MLW_F13_WHY_PRECISION_AND_RECALL,MLW_FAM13_WHY_TWO_NUMBERS,MLW_RG_METRIC,D2,UNDERSTAND,mcq,Why report both precision and recall?,"One applies to training, one to testing",They measure different kinds of data,Together they are easier to explain,Each can be made perfect at the other’s cost,D,Each can be made perfect at the other’s cost,Flag everything for perfect recall; flag one certain case for perfect precision. Either alone is gameable.,AUTHORED,
GB3_MLW_014,ML_WORKFLOW,MLW_C04_BASELINE,MLW_F14_WHY_WITHOUT_ONE_YOU_ARE_LOST,MLW_FAM14_WHY_BASELINES_MATTER,MLW_RG_BASELINE,D2,UNDERSTAND,mcq,Your model scores 87%. Is that good?,Unknowable without knowing the baseline,"No, production models need higher","Yes, provided the test set was large","Yes, that is a strong result generally",A,Unknowable without knowing the baseline,"If guessing the common class gives 86%, your model has contributed one percentage point of value.",AUTHORED,
GB3_MLW_015,ML_WORKFLOW,MLW_C02_OVERFIT,MLW_F15_WHY_THE_GAP_MATTERS,MLW_FAM15_WHY_TRAIN_TEST_GAP,MLW_RG_OVERFIT,D2,UNDERSTAND,mcq,Training accuracy is 99% and validation is 71%. What does the gap say?,The two sets came from different sources,The validation set is too small to trust,The model needs more training rounds,The model memorised rather than generalised,D,The model memorised rather than generalised,"A large gap is the definition of overfitting, and it is visible before anything reaches production.",AUTHORED,
GB3_MLW_016,ML_WORKFLOW,MLW_C11_MORE_DATA,MLW_F16_WHY_DATA_BEATS_MODEL,MLW_FAM16_WHY_DATA_MATTERS_MOST,MLW_RG_MORE_DATA,D2,UNDERSTAND,mcq,Why is more or better data usually worth more than a better model?,Data is cheaper to obtain than expertise,The model can only learn what the data contains,Larger datasets train more quickly,Models have become largely interchangeable,B,The model can only learn what the data contains,No architecture recovers a signal that is not present. Fixing the labels often beats a month of tuning.,AUTHORED,
GB3_MLW_017,ML_WORKFLOW,MLW_C12_BIAS,MLW_F17_WHY_MODELS_INHERIT_BIAS,MLW_FAM17_WHY_BIAS_APPEARS,MLW_RG_BIAS,D2,UNDERSTAND,mcq,Why can a model be unfair even with no protected attribute in the data?,The metric rewards unfair predictions,Other features stand in for it,The algorithm introduces its own bias,The training process amplifies noise,B,Other features stand in for it,Postcode carries income and ethnicity. Removing the column does not remove the information.,AUTHORED,
GB3_MLW_018,ML_WORKFLOW,MLW_C08_DRIFT,MLW_F18_WHY_MONITOR_A_MODEL,MLW_FAM18_WHY_MODELS_NEED_WATCHING,MLW_RG_DRIFT,D2,UNDERSTAND,mcq,Why is a deployed model harder to monitor than ordinary code?,Its outputs cannot be logged usefully,Its performance depends on the hardware,It produces different results each time,It degrades without ever raising an error,D,It degrades without ever raising an error,Broken code throws. A model quietly becomes 20% worse and every response still looks like a valid answer.,AUTHORED,
GB3_MLW_019,ML_WORKFLOW,MLW_C13_SPLIT_STRATEGY,MLW_F19_WHY_RANDOM_IS_WRONG_SOMETIMES,MLW_FAM19_WHY_SPLIT_STRATEGY_MATTERS,MLW_RG_SPLIT_STRATEGY,D2,UNDERSTAND,mcq,Why is a random split wrong for time-series data?,The data points are not independent,The test set would be too similar,The model would train on the future,The classes would become imbalanced,C,The model would train on the future,"Predicting Tuesday having seen Wednesday. In production you will never have that, so the score is fiction.",AUTHORED,
GB3_MLW_020,ML_WORKFLOW,MLW_C10_FRAMING,MLW_F20_WHY_FRAMING_DECIDES,MLW_FAM20_WHY_THE_QUESTION_MATTERS,MLW_RG_FRAMING,D2,UNDERSTAND,mcq,Why does how you frame the problem matter more than the model?,The wrong question cannot be answered well,Frames are harder to change than models,Framing determines the training time,The framing decides which model applies,A,The wrong question cannot be answered well,Predicting who will churn and predicting who can be retained are different problems with different uses.,AUTHORED,
GB3_MLW_021,ML_WORKFLOW,MLW_C05_METRIC,MLW_F21_CHOOSE_THE_METRIC,MLW_FAM21_CHOOSING_A_METRIC,MLW_RG_METRIC,D3,APPLY,mcq,You are detecting a rare disease. Which mistake matters more?,"Both equally, so accuracy is appropriate","Neither, so any metric will serve","A false alarm, so precision is the priority","Missing a case, so recall is the priority",D,"Missing a case, so recall is the priority",The metric follows the cost of each error. A missed diagnosis and an extra test are not comparable.,AUTHORED,
GB3_MLW_022,ML_WORKFLOW,MLW_C13_SPLIT_STRATEGY,MLW_F22_SPLIT_BY_THE_RIGHT_THING,MLW_FAM22_DESIGNING_A_SPLIT,MLW_RG_SPLIT_STRATEGY,D3,APPLY,mcq,Your data has many records per customer. How should you split it?,"By date, with the newest held back",Randomly across all of the records,"By customer, so none appears in both","Evenly, keeping the classes balanced",C,"By customer, so none appears in both","Otherwise the model recognises the customer rather than the pattern, and the score is measuring memory.",AUTHORED,
GB3_MLW_023,ML_WORKFLOW,MLW_C04_BASELINE,MLW_F23_BUILD_THE_BASELINE_FIRST,MLW_FAM23_STARTING_A_PROJECT,MLW_RG_BASELINE,D3,APPLY,mcq,What is the right first model to build?,The simplest one that produces a number,The one the team has used before,The one the literature recommends,The most powerful one available,A,The simplest one that produces a number,It exercises the whole pipeline and gives every later result something to be compared against.,AUTHORED,
GB3_MLW_024,ML_WORKFLOW,MLW_C03_LEAKAGE,MLW_F24_FIT_ON_TRAINING_ONLY,MLW_FAM24_AVOIDING_LEAKAGE,MLW_RG_LEAKAGE,D3,APPLY,mcq,You scale your features before splitting the data. What is wrong?,The features will be scaled inconsistently,The scaling should come after training,The split will no longer be random,The training set learned from the test set,D,The training set learned from the test set,"The mean and range came from all the data, including the test set. Fit the scaler on training only.",AUTHORED,
GB3_MLW_025,ML_WORKFLOW,MLW_C14_ERROR_ANALYSIS,MLW_F25_LOOK_AT_THE_MISTAKES,MLW_FAM25_ERROR_ANALYSIS,MLW_RG_ERROR_ANALYSIS,D3,APPLY,mcq,Your model is 82% accurate and you want to improve it. What do you do first?,Examine a sample of the errors by hand,Collect more data of the same kind,Tune the hyperparameters further,Try a more powerful model architecture,A,Examine a sample of the errors by hand,"Fifty misclassified examples usually reveal a pattern, and the pattern tells you which fix is worth trying.",AUTHORED,
GB3_MLW_026,ML_WORKFLOW,MLW_C09_REPRODUCIBLE,MLW_F26_TRACK_EXPERIMENTS,MLW_FAM26_TRACKING_WORK,MLW_RG_REPRODUCIBLE,D3,APPLY,mcq,You have run forty experiments. What must you have recorded?,The settings and data behind each result,The time each experiment took to run,The accuracy achieved by each of them,The order the experiments were run in,A,The settings and data behind each result,"Otherwise the best result is unrepeatable, which means it is not a result you can ship.",AUTHORED,
GB3_MLW_027,ML_WORKFLOW,MLW_C15_IMBALANCE,MLW_F27_HANDLE_RARE_CLASSES,MLW_FAM27_IMBALANCED_DATA,MLW_RG_IMBALANCE,D3,APPLY,mcq,Only 2% of your examples are positive. What must you do?,Train for more rounds on the positives,Collect more of the negative examples,Remove some of the negative examples,Choose a metric that reflects the rare class,D,Choose a metric that reflects the rare class,Resampling may help too. Getting the metric right first is what stops you celebrating a useless model.,AUTHORED,
GB3_MLW_028,ML_WORKFLOW,MLW_C16_DEPLOY,MLW_F28_SAME_FEATURES_BOTH_SIDES,MLW_FAM28_DEPLOYING_A_MODEL,MLW_RG_DEPLOY,D3,APPLY,mcq,What must be identical between training and serving?,How the features are computed,The programming language used,The hardware the model runs on,The volume of data processed,A,How the features are computed,"Training-serving skew. Two implementations of the same feature drift, and the model silently degrades.",AUTHORED,
GB3_MLW_029,ML_WORKFLOW,MLW_C08_DRIFT,MLW_F29_WATCH_THE_INPUTS,MLW_FAM29_MONITORING_A_MODEL,MLW_RG_DRIFT,D3,APPLY,mcq,What should you monitor for a model in production?,The number of predictions served,The input distribution and the outcomes,The memory the model consumes,The response time of each prediction,B,The input distribution and the outcomes,"Inputs shifting is the early warning; outcomes are the truth, and they usually arrive weeks later.",AUTHORED,
GB3_MLW_030,ML_WORKFLOW,MLW_C10_FRAMING,MLW_F30_DEFINE_THE_LABEL,MLW_FAM30_DEFINING_THE_TARGET,MLW_RG_FRAMING,D3,APPLY,mcq,You are predicting customer churn. What must be defined first?,Which customers are worth predicting for,What exactly counts as having churned,Which model will be used to predict it,How far ahead the prediction should be,B,What exactly counts as having churned,"Thirty days inactive, or cancelled, or no purchase in a quarter. Different labels, different problems.",AUTHORED,
GB3_MLW_031,ML_WORKFLOW,MLW_C03_LEAKAGE,MLW_F31_TOO_GOOD_TO_BE_TRUE,MLW_FAM31_DIAGNOSE_A_SUSPICIOUS_SCORE,MLW_RG_LEAKAGE,D4,ANALYZE,mcq,Your model scores 99.8% on a hard problem. What should you do?,Report the result and move to deployment,Assume leakage and go looking for it,Check that the model is not overfitting,Try it on a larger test set to confirm,B,Assume leakage and go looking for it,"On a genuinely hard problem, a near-perfect score is evidence of a mistake rather than of success.",AUTHORED,
GB3_MLW_032,ML_WORKFLOW,MLW_C03_LEAKAGE,MLW_F32_FEATURE_FROM_THE_FUTURE,MLW_FAM32_DIAGNOSE_A_LEAKY_FEATURE,MLW_RG_LEAKAGE,D4,ANALYZE,mcq,"A churn model uses ""account closed date"" as a feature. What is wrong?",It is a date rather than a number,It is missing for most of the customers,It correlates too strongly with the label,It is only known after the thing being predicted,D,It is only known after the thing being predicted,It will not exist at prediction time. Ask of every feature whether you would have it when you need it.,AUTHORED,
GB3_MLW_033,ML_WORKFLOW,MLW_C03_LEAKAGE,MLW_F33_DUPLICATES_ACROSS_SPLITS,MLW_FAM33_DIAGNOSE_DUPLICATE_LEAKAGE,MLW_RG_LEAKAGE,D4,ANALYZE,mcq,The dataset contains near-duplicate records and the split was random. What follows?,The training set is smaller than reported,The classes are unevenly distributed,The model has effectively seen the test data,The model will underfit the problem,C,The model has effectively seen the test data,Deduplicate before splitting. A near-duplicate on the other side of the split is the answer handed over.,AUTHORED,
GB3_MLW_034,ML_WORKFLOW,MLW_C01_SPLIT,MLW_F34_TUNED_ON_TEST,MLW_FAM34_DIAGNOSE_A_WORN_TEST_SET,MLW_RG_SPLIT,D4,ANALYZE,mcq,A team checked the test score after every change for two months. What is that score now?,A measure of how much they improved,A reliable measure of the final model,Equivalent to a validation score,"An optimistic estimate, not a held-out one",D,"An optimistic estimate, not a held-out one",Hundreds of decisions have been fitted to it by hand. Production will be worse than the number says.,AUTHORED,
GB3_MLW_035,ML_WORKFLOW,MLW_C16_DEPLOY,MLW_F35_WORSE_IN_PRODUCTION,MLW_FAM35_DIAGNOSE_A_DEPLOYMENT_GAP,MLW_RG_DEPLOY,D4,ANALYZE,mcq,A model that scored 91% offline performs far worse live. What would you check first?,Whether production traffic is larger,Whether the model was deployed correctly,Whether the model needs retraining,Whether the features are computed the same way,D,Whether the features are computed the same way,"Training-serving skew is the commonest cause, and it is invisible in every offline evaluation.",AUTHORED,
GB3_MLW_036,ML_WORKFLOW,MLW_C12_BIAS,MLW_F36_WORSE_FOR_ONE_GROUP,MLW_FAM36_DIAGNOSE_UNFAIRNESS,MLW_RG_BIAS,D4,ANALYZE,mcq,A model is 90% accurate overall and 62% for one group of users. What does that indicate?,That group is inherently harder to predict,The overall metric was computed wrongly,The model needs more training rounds,The training data under-represented that group,D,The training data under-represented that group,An aggregate number hides it completely. Evaluating per group is how you find it before your users do.,AUTHORED,
GB3_MLW_037,ML_WORKFLOW,MLW_C08_DRIFT,MLW_F37_QUIET_DEGRADATION,MLW_FAM37_DIAGNOSE_DRIFT,MLW_RG_DRIFT,D4,ANALYZE,mcq,A model deployed a year ago has never errored and business results have slowly fallen. What should you suspect?,The model is being called incorrectly,The business results have another cause,The model server needs to be restarted,The model no longer matches the current world,D,The model no longer matches the current world,"Drift produces no error and no alert. It looks like the market changing, which is partly what it is.",AUTHORED,
GB3_MLW_038,ML_WORKFLOW,MLW_C17_LABELS,MLW_F38_BAD_LABELS,MLW_FAM38_DIAGNOSE_LABEL_QUALITY,MLW_RG_LABELS,D4,ANALYZE,mcq,A model cannot exceed 70% however it is tuned. What is worth checking?,Whether the features are being scaled,Whether there is sufficient training data,Whether the labels themselves are correct,Whether the model is powerful enough,C,Whether the labels themselves are correct,"If two annotators disagree 30% of the time, no model can do better than the labels it is given.",AUTHORED,
GB3_MLW_039,ML_WORKFLOW,MLW_C18_FEEDBACK_LOOP,MLW_F39_MODEL_SHAPES_ITS_OWN_DATA,MLW_FAM39_DIAGNOSE_A_FEEDBACK_LOOP,MLW_RG_FEEDBACK,D4,ANALYZE,mcq,"A recommender is retrained on what users clicked, and its variety keeps narrowing. Why?",The model is overfitting the recent data,It only sees outcomes for what it showed,The catalogue has not been updated,Users are becoming more consistent,B,It only sees outcomes for what it showed,It never learns about what it did not recommend. The loop closes and the model trains on its own opinions.,AUTHORED,
GB3_MLW_040,ML_WORKFLOW,MLW_C09_REPRODUCIBLE,MLW_F40_CANNOT_REPRODUCE,MLW_FAM40_DIAGNOSE_IRREPRODUCIBILITY,MLW_RG_REPRODUCIBLE,D4,ANALYZE,mcq,The best result from last month cannot be reproduced. What was not captured?,The random seed used during training,The hardware the training ran on,The version of the libraries installed,The exact data and settings that produced it,D,The exact data and settings that produced it,"All of the others are part of it. Without the data version and the settings, none of them helps.",AUTHORED,
GB3_MLW_041,ML_WORKFLOW,MLW_C10_FRAMING,MLW_F41_SHOULD_YOU_BUILD_IT,MLW_FAM41_JUDGING_WHETHER_TO_BUILD,MLW_RG_FRAMING,D5,EVALUATE,mcq,When is machine learning the wrong tool?,When the rule can simply be written down,When the accuracy needed is very high,When the team has no specialist available,When the dataset has fewer than a million rows,A,When the rule can simply be written down,"A model is a way of learning a rule you cannot state. Where you can state it, state it.",AUTHORED,
GB3_MLW_042,ML_WORKFLOW,MLW_C19_COST_OF_ERRORS,MLW_F42_WHAT_A_MISTAKE_COSTS,MLW_FAM42_JUDGING_ERROR_COSTS,MLW_RG_COST,D5,EVALUATE,mcq,What should decide the threshold at which a model acts?,The relative cost of each kind of mistake,The value the model was trained with,The threshold used by similar systems,The point where accuracy is highest,A,The relative cost of each kind of mistake,A wrong film recommendation and a wrong loan refusal sit at very different points on that curve.,AUTHORED,
GB3_MLW_043,ML_WORKFLOW,MLW_C20_EXPLAINABILITY,MLW_F43_WHEN_YOU_MUST_EXPLAIN,MLW_FAM43_JUDGING_EXPLAINABILITY,MLW_RG_EXPLAIN,D5,EVALUATE,mcq,"When is a simpler, less accurate model the better choice?",When the dataset is relatively small,When the team is less experienced,When the training time needs to be shorter,When somebody must be told why the answer was that,D,When somebody must be told why the answer was that,"Lending, hiring, medicine. Two points of accuracy do not pay for being unable to justify a refusal.",AUTHORED,
GB3_MLW_044,ML_WORKFLOW,MLW_C21_HONEST_REPORTING,MLW_F44_REPORT_THE_LIMITS,MLW_FAM44_JUDGING_HOW_TO_REPORT,MLW_RG_HONEST,D5,EVALUATE,mcq,What must accompany a reported accuracy figure?,"The baseline, and where the model fails",The confidence interval of the estimate,The training time and the model size,The number of experiments that were run,A,"The baseline, and where the model fails","A number without a baseline cannot be judged, and one without known failure modes will surprise somebody.",AUTHORED,
GB3_MLW_045,ML_WORKFLOW,MLW_C06_DATA_WORK,MLW_F45_WHERE_TO_SPEND_EFFORT,MLW_FAM45_JUDGING_WHERE_TO_WORK,MLW_RG_DATA_WORK,D5,EVALUATE,mcq,You have a week to improve a model. Where does it usually go furthest?,Into the data and the features,Into tuning the hyperparameters,Into trying newer architectures,Into training for much longer,A,Into the data and the features,"Fixing labels, adding a feature that carries real signal, removing bad rows. Reliably the best return.",AUTHORED,
GB3_MLW_046,ML_WORKFLOW,MLW_C22_PRODUCTION_REALITY,MLW_F46_A_MODEL_IS_A_SYSTEM,MLW_FAM46_JUDGING_THE_WHOLE_SYSTEM,MLW_RG_PRODUCTION,D5,EVALUATE,mcq,What is usually underestimated about putting a model into production?,The accuracy the business will demand,The compute the model will need to run,The time the model takes to train,Everything around the model outweighs the model,D,Everything around the model outweighs the model,"Pipelines, feature stores, monitoring, retraining, rollback. The model is a small part of what you must run.",AUTHORED,
GB3_MLW_047,ML_WORKFLOW,MLW_C23_RETRAIN,MLW_F47_WHEN_TO_RETRAIN,MLW_FAM47_JUDGING_RETRAINING,MLW_RG_RETRAIN,D5,EVALUATE,mcq,How should you decide when to retrain a model?,"From measured drift, not a fixed schedule",When the business asks for improvements,Whenever new training data is available,"On a regular schedule, such as monthly",A,"From measured drift, not a fixed schedule",A schedule retrains when nothing changed and misses the week everything did. Measure and trigger on it.,AUTHORED,
GB3_MLW_048,ML_WORKFLOW,MLW_C12_BIAS,MLW_F48_WHOSE_RESPONSIBILITY,MLW_FAM48_JUDGING_RESPONSIBILITY,MLW_RG_BIAS,D5,EVALUATE,mcq,A model makes decisions that disadvantage a group. Whose problem is it?,The source of the biased training data,"Nobody’s, if the data was accurate",The team that built and deployed it,The business that specified the model,C,The team that built and deployed it,"""The data was like that"" is an explanation, not a defence. You chose to train on it and to ship the result.",AUTHORED,
GB3_MLW_049,ML_WORKFLOW,MLW_C24_SCEPTICISM,MLW_F49_DOUBT_GOOD_NEWS,MLW_FAM49_JUDGING_YOUR_OWN_RESULTS,MLW_RG_SCEPTICISM,D5,EVALUATE,mcq,What habit protects you most in machine learning work?,Distrusting results that exceed expectations,Trying many models before choosing one,Collecting as much data as you can,Reading the current research regularly,A,Distrusting results that exceed expectations,Nearly every serious error in this file presents as an unexpectedly good number that nobody questioned.,AUTHORED,
GB3_MLW_050,ML_WORKFLOW,MLW_C01_SPLIT,MLW_F50_THE_CORE_DISCIPLINE,MLW_FAM50_JUDGING_THE_WHOLE,MLW_RG_SPLIT,D5,EVALUATE,mcq,What is the discipline this whole workflow exists to protect?,Getting the model into production quickly,Efficient use of the available compute,Choosing the best model for the problem,Honest measurement of what the model can do,D,Honest measurement of what the model can do,"Splits, baselines, metrics, leakage checks. Every practice here exists to stop you fooling yourself.",AUTHORED,
